label,n_interests,n_projects,interests,subj_1_name,subj_1_score,subj_2_name,subj_2_score,subj_3_name,subj_3_score,subj_4_name,subj_4_score,subj_5_name,subj_5_score,project_skills
CCS,2,1,Web Development|Network & Wireless Systems,Engineering Mathematics-III,82.9,Computer Networks,78.8,Artificial Intelligence,74.3571506504586,Full Stack Development,72.2,Python,67.81329773190195,kubernetes|fullstack|react
WT,1,2,Mobile & IoT Development,Design & Analysis of Algorithms,75.9,Microcontroller & Embedded Systems,74.6,IoT,69.6,Operating Systems,69.3,Software Engineering,68.1,microcontroller|gpio|iot|sensor|esp32|wireless|mqtt
CCS,2,1,Cloud & Distributed Systems|Data Science & Analytics,C++,77.0,Microcontroller & Embedded Systems,67.9,Engineering Mathematics-III,63.9,IoT,60.8,Full Stack Development,59.6,fullstack|azure|aws|serverless|react
ML,1,3,Data Science & Analytics,Cryptography & Network Security,60.5,Digital Logic & Design,54.8,Artificial Intelligence,52.4,Data Structures and Algorithms,46.3,Database Management Systems,45.3,numpy|classification|sensor|keras|deep learning|nlp
ML,1,2,Artificial Intelligence & Machine Learning,Data Structures and Algorithms,72.2,Artificial Intelligence,68.0,Engineering Mathematics-III,66.4,Full Stack Development,65.2,Automata Theory,64.6,classification|machine learning|pytorch|mongodb|pandas|keras|deep learning|neural network|python|nlp
DWM,1,2,Data Science & Analytics,Data Structures and Algorithms,98.3,Database Management Systems,90.6,Design & Analysis of Algorithms,84.9,Cryptography & Network Security,81.5,C++,78.9,mongodb|dashboard|postgresql|etl|analytics|sql|tableau
ML,2,4,Artificial Intelligence & Machine Learning|Data Science & Analytics,Automata Theory,63.3,Design & Analysis of Algorithms,52.1,Java,49.8,Artificial Intelligence,43.0,Cryptography & Network Security,39.7,sklearn|neural network|classification|pandas|keras|deep learning|pytorch|python|nlp
ML,4,2,Artificial Intelligence & Machine Learning|Data Science & Analytics|Cloud & Distributed Systems|Mobile & IoT Development,Python,86.7,Cryptography & Network Security,78.4,Automata Theory,76.9,C++,65.2,Java,62.2,numpy|neural network|pandas|tensorflow|pytorch|regression|nlp
CCS,2,2,Cloud & Distributed Systems|Web Development,Software Engineering,73.6,Digital Logic & Design,67.4,Engineering Mathematics-IV,65.5,C++,65.4,Operating Systems,62.4,node|microcontroller|ci/cd|mongodb|docker|fullstack|azure|aws|react|cloud
DWM,1,4,Data Science & Analytics,Java,83.5,Database Management Systems,63.2,Cryptography & Network Security,62.0,Artificial Intelligence,58.4,Computer Networks,58.29288214583039,power bi|dashboard|postgresql|etl|data mining|sql|analytics|mqtt|tableau
CCS,3,2,Cloud & Distributed Systems|Web Development|Network & Wireless Systems,Microcontroller & Embedded Systems,96.11744816904805,Engineering Mathematics-IV,93.9,Software Engineering,91.9,Design & Analysis of Algorithms,89.0,Engineering Mathematics-III,88.0,node|kubernetes|ci/cd|azure|devops|fullstack|cloud
ML,2,4,Artificial Intelligence & Machine Learning|Data Science & Analytics,Artificial Intelligence,76.4,Python,70.6,Engineering Mathematics-IV,69.3,Digital Logic & Design,67.5,C++,66.4,sklearn|classification|machine learning|pytorch|tensorflow|pandas|deep learning|regression|python|nlp
ML,1,1,Artificial Intelligence & Machine Learning,Artificial Intelligence,81.2,Operating Systems,79.8,Database Management Systems,77.7,Cryptography & Network Security,77.3,Engineering Mathematics-III,75.2,sklearn|numpy|classification
CCS,3,2,Cloud & Distributed Systems|Web Development|Network & Wireless Systems,Python,87.80828213752339,Artificial Intelligence,77.95333583101313,Operating Systems,77.9,C++,72.9,Database Management Systems,71.4,kubernetes|ci/cd|dashboard|azure|devops|fullstack|cloud
ML,2,1,Data Science & Analytics|Network & Wireless Systems,Automata Theory,84.3,Artificial Intelligence,75.1,Computer Networks,72.37930149834338,Python,70.6,Data Structures and Algorithms,68.2,classification|machine learning|tensorflow|keras|python|nlp
ML,2,1,Artificial Intelligence & Machine Learning|Data Science & Analytics,Java,58.6,Data Structures and Algorithms,42.53472101680048,Database Management Systems,41.82660395900555,Cryptography & Network Security,37.2,Operating Systems,36.8,pytorch|neural network
DWM,2,3,Data Science & Analytics|Artificial Intelligence & Machine Learning,Engineering Mathematics-IV,71.2,Full Stack Development,66.44009083705555,Cryptography & Network Security,65.8,Computer Networks,65.66616847158028,Automata Theory,62.7,power bi|mongodb|dashboard|postgresql|etl|data mining|analytics|sql|pytorch
ML,2,2,Artificial Intelligence & Machine Learning|Data Science & Analytics,Java,77.5,Operating Systems,74.7,Automata Theory,68.7,Engineering Mathematics-III,61.5,Design & Analysis of Algorithms,61.5,sklearn|numpy|machine learning|keras|deep learning|pytorch|regression|python
DWM,2,2,Data Science & Analytics|Artificial Intelligence & Machine Learning,Engineering Mathematics-III,38.7,Python,36.6,Automata Theory,29.5,Data Structures and Algorithms,27.7,Digital Logic & Design,26.7,kubernetes|dashboard|etl|data mining|sql
CCS,1,2,Web Development,Data Structures and Algorithms,91.4,Computer Networks,83.3,Engineering Mathematics-IV,81.8,Database Management Systems,78.7,Python,73.8,ci/cd|aws|devops|analytics|fullstack|cloud
DWM,2,4,Data Science & Analytics|Cloud & Distributed Systems,Database Management Systems,76.9,Cryptography & Network Security,74.2,Python,73.5,Design & Analysis of Algorithms,72.8,Engineering Mathematics-III,72.1,data warehouse|dashboard|mongodb|postgresql|etl|data mining|analytics|sql
WT,2,1,Network & Wireless Systems|Mobile & IoT Development,Microcontroller & Embedded Systems,64.4,Design & Analysis of Algorithms,58.8,Automata Theory,57.7,Python,53.4,Database Management Systems,49.9,sensor|microcontroller|embedded|mqtt
CCS,2,2,Web Development|Cloud & Distributed Systems,Database Management Systems,62.67489942440593,Digital Logic & Design,57.4,Data Structures and Algorithms,55.9,Computer Networks,55.5,Automata Theory,55.3,kubernetes|ci/cd|etl|aws|devops|serverless|cloud
CCS,3,3,Web Development|Cloud & Distributed Systems|Artificial Intelligence & Machine Learning,Computer Networks,46.3,Engineering Mathematics-III,46.2,Artificial Intelligence,36.1,Software Engineering,34.9,IoT,30.6,classification|ci/cd|docker|azure|serverless|fullstack|regression|cloud|terraform
CCS,2,3,Cloud & Distributed Systems|Web Development,Java,76.7,Python,70.40772873061357,Operating Systems,51.7,Artificial Intelligence,51.15541709458503,C++,49.2,node|kubernetes|docker|fullstack|data mining|azure|devops|react|cloud|terraform
CCS,4,1,Web Development|Cloud & Distributed Systems|Network & Wireless Systems|Artificial Intelligence & Machine Learning,Operating Systems,77.4,Automata Theory,68.5,Java,68.4,Engineering Mathematics-III,65.0,Cryptography & Network Security,63.1,node|kubernetes|azure|devops|react|cloud
ML,2,4,Data Science & Analytics|Artificial Intelligence & Machine Learning,Computer Networks,89.1,Database Management Systems,73.2,Software Engineering,72.6,Microcontroller & Embedded Systems,62.4,Python,62.2,numpy|classification|pytorch|pandas|tensorflow|keras|azure|neural network|python|nlp
DWM,2,1,Data Science & Analytics|Artificial Intelligence & Machine Learning,IoT,48.6,Computer Networks,40.7,Data Structures and Algorithms,35.8,Engineering Mathematics-III,34.4,Python,32.1,power bi|node|mongodb|etl|sql|analytics|tableau
DWM,2,1,Data Science & Analytics|Web Development,Computer Networks,85.22884503357162,Database Management Systems,84.5,Automata Theory,77.5,Data Structures and Algorithms,75.5,Artificial Intelligence,72.2,power bi|data warehouse|mongodb|postgresql|sql
WT,3,2,Network & Wireless Systems|Mobile & IoT Development|Cloud & Distributed Systems,Digital Logic & Design,44.3,Operating Systems,43.4,Automata Theory,37.6,C++,28.4,Engineering Mathematics-III,26.6,iot|embedded|esp32|arduino|wireless|raspberry pi|mqtt|tableau
ML,2,1,Data Science & Analytics|Web Development,Java,87.0,Data Structures and Algorithms,77.8,Artificial Intelligence,71.9,C++,63.8,Full Stack Development,60.0,sklearn|numpy|classification|react|deep learning|pytorch|python
ML,3,3,Data Science & Analytics|Artificial Intelligence & Machine Learning|Web Development,Database Management Systems,52.26661615964616,Artificial Intelligence,43.4,Data Structures and Algorithms,38.887948325847745,Digital Logic & Design,38.4,Operating Systems,33.3,sklearn|numpy|classification|pandas|tensorflow|keras|neural network|regression|python|nlp
WT,3,2,Network & Wireless Systems|Mobile & IoT Development|Cloud & Distributed Systems,IoT,93.6,Computer Networks,88.6,Python,78.3,Digital Logic & Design,74.9,Engineering Mathematics-IV,71.6,microcontroller|gpio|iot|embedded|wireless|raspberry pi|bluetooth
ML,2,2,Artificial Intelligence & Machine Learning|Web Development,Python,62.9,Microcontroller & Embedded Systems,51.9,Database Management Systems,50.2,Data Structures and Algorithms,49.0,Digital Logic & Design,42.6,pandas|tensorflow|keras|neural network|terraform
DWM,2,1,Data Science & Analytics|Artificial Intelligence & Machine Learning,Digital Logic & Design,72.2,Database Management Systems,63.5,IoT,58.5,Full Stack Development,51.9,Java,50.8,mongodb|postgresql|etl|data mining|pytorch|tableau
WT,2,3,Mobile & IoT Development|Network & Wireless Systems,IoT,75.5,Java,71.9,Engineering Mathematics-IV,67.6,Design & Analysis of Algorithms,65.3,Digital Logic & Design,64.4,gpio|iot|sensor|embedded|mqtt
DWM,2,0,Data Science & Analytics|Web Development,Data Structures and Algorithms,98.0,C++,92.5,Computer Networks,87.82144474604661,Design & Analysis of Algorithms,87.4,Database Management Systems,85.5,
WT,3,3,Mobile & IoT Development|Network & Wireless Systems|Cloud & Distributed Systems,Design & Analysis of Algorithms,45.1,Software Engineering,42.7,Engineering Mathematics-IV,39.7,Computer Networks,35.0,Data Structures and Algorithms,32.1,microcontroller|gpio|sensor|iot|embedded|esp32|sql|wireless|arduino|raspberry pi
DWM,2,2,Data Science & Analytics|Web Development,Operating Systems,48.0,Automata Theory,46.6,Design & Analysis of Algorithms,43.4,Cryptography & Network Security,40.5,Engineering Mathematics-III,39.7,power bi|gpio|mongodb|data warehouse|postgresql|etl|data mining|sql|tableau
DWM,2,1,Data Science & Analytics|Artificial Intelligence & Machine Learning,Engineering Mathematics-IV,53.4,Python,52.8,Computer Networks,51.4,Full Stack Development,48.3,Automata Theory,47.7,mongodb|dashboard|data warehouse|data mining|sql|mqtt|tableau
ML,2,1,Data Science & Analytics|Cloud & Distributed Systems,Cryptography & Network Security,61.3,Computer Networks,59.31806733945447,Python,52.5,Engineering Mathematics-IV,48.7,Full Stack Development,47.8,pytorch|kubernetes|pandas
DWM,3,1,Web Development|Data Science & Analytics|Mobile & IoT Development,Software Engineering,76.7,Microcontroller & Embedded Systems,73.7,Database Management Systems,67.2,Data Structures and Algorithms,64.4,Artificial Intelligence,63.36890618205978,power bi|mongodb|data warehouse|docker|data mining|analytics|tableau
DWM,2,3,Data Science & Analytics|Cloud & Distributed Systems,Software Engineering,86.4,Database Management Systems,75.4,Engineering Mathematics-IV,67.4,Full Stack Development,59.7,Data Structures and Algorithms,56.5,power bi|numpy|microcontroller|mongodb|data warehouse|postgresql|etl|sql|analytics|tableau
WT,2,3,Mobile & IoT Development|Network & Wireless Systems,Design & Analysis of Algorithms,78.6,Cryptography & Network Security,78.5,Microcontroller & Embedded Systems,72.0,Data Structures and Algorithms,68.4,Engineering Mathematics-IV,66.5,gpio|sensor|iot|embedded|raspberry pi|mqtt
CCS,3,2,Cloud & Distributed Systems|Network & Wireless Systems|Mobile & IoT Development,Engineering Mathematics-IV,70.8,Full Stack Development,60.1,Operating Systems,56.9,Automata Theory,56.1,C++,51.4,kubernetes|ci/cd|sensor|aws|devops|serverless|fullstack|cloud|terraform
WT,1,2,Mobile & IoT Development,IoT,79.4,Microcontroller & Embedded Systems,71.2,Database Management Systems,66.4,Full Stack Development,65.8,Automata Theory,63.7,microcontroller|gpio|sensor|iot|esp32|raspberry pi|mqtt
ML,2,1,Data Science & Analytics|Artificial Intelligence & Machine Learning,Artificial Intelligence,88.6,Software Engineering,70.4,Operating Systems,70.1,Java,65.4,Database Management Systems,64.7,neural network|tensorflow|keras|pytorch|regression|nlp
DWM,2,3,Data Science & Analytics|Cloud & Distributed Systems,C++,71.1,Automata Theory,62.4,Python,55.4,Engineering Mathematics-IV,53.9,Microcontroller & Embedded Systems,53.61437192334101,power bi|mongodb|data warehouse|postgresql|etl|data mining|devops|analytics|sql|tableau
CCS,2,3,Cloud & Distributed Systems|Web Development,Design & Analysis of Algorithms,61.7,Python,46.3,Database Management Systems,45.5,Software Engineering,44.4,Digital Logic & Design,43.3,node|ci/cd|docker|fullstack|aws|devops|serverless|wireless|react|cloud
DWM,1,1,Data Science & Analytics,Engineering Mathematics-IV,94.4,Database Management Systems,72.7,Automata Theory,72.4,Software Engineering,69.8,Cryptography & Network Security,69.8,data warehouse|dashboard|microcontroller
CCS,3,1,Cloud & Distributed Systems|Network & Wireless Systems|Artificial Intelligence & Machine Learning,Java,79.3,Design & Analysis of Algorithms,71.5,Computer Networks,58.5,C++,57.0,Engineering Mathematics-IV,56.7,kubernetes|azure|serverless|cloud|terraform|bluetooth
WT,2,3,Mobile & IoT Development|Network & Wireless Systems,Computer Networks,84.3,Engineering Mathematics-III,82.9,Digital Logic & Design,82.3,Microcontroller & Embedded Systems,77.0,IoT,77.0,microcontroller|sensor|embedded|esp32|wireless|arduino|raspberry pi|mqtt|bluetooth
ML,1,1,Data Science & Analytics,Computer Networks,97.40079026495016,Python,89.3,Operating Systems,84.0,Engineering Mathematics-III,78.2,Cryptography & Network Security,73.7,pytorch|tensorflow|keras|deep learning|neural network|regression
CCS,2,3,Web Development|Cloud & Distributed Systems,Computer Networks,40.0,Data Structures and Algorithms,18.2,Full Stack Development,17.6,Engineering Mathematics-IV,15.0,Cryptography & Network Security,13.3,kubernetes|react|docker|azure|aws|devops|serverless|fullstack|cloud
WT,2,2,Mobile & IoT Development|Network & Wireless Systems,Data Structures and Algorithms,87.5,Microcontroller & Embedded Systems,76.4,Operating Systems,72.2,Automata Theory,72.2,Full Stack Development,71.0,microcontroller|gpio|iot|sensor|embedded|esp32|wireless|arduino|mqtt
ML,4,2,Data Science & Analytics|Artificial Intelligence & Machine Learning|Web Development|Network & Wireless Systems,Python,83.8,Computer Networks,81.3,Design & Analysis of Algorithms,79.3,Digital Logic & Design,74.4,Automata Theory,73.5,numpy|classification|tensorflow|keras|deep learning|pytorch|python|nlp
ML,5,1,Data Science & Analytics|Artificial Intelligence & Machine Learning|Web Development|Network & Wireless Systems|Cloud & Distributed Systems,Python,92.1,Artificial Intelligence,76.7,Cryptography & Network Security,61.6,Engineering Mathematics-III,59.1,Database Management Systems,55.5,sklearn|pytorch|pandas|deep learning|regression|mqtt|nlp
DWM,2,3,Data Science & Analytics|Artificial Intelligence & Machine Learning,Cryptography & Network Security,92.2,Engineering Mathematics-IV,81.9,Engineering Mathematics-III,72.7,C++,71.7,Computer Networks,63.9,power bi|data warehouse|mongodb|tensorflow|dashboard|postgresql|etl|data mining|sql|analytics
DWM,1,1,Data Science & Analytics,Python,100.0,Cryptography & Network Security,100.0,Operating Systems,97.2,Database Management Systems,97.0,C++,95.2,data warehouse|dashboard|tableau
CCS,1,3,Web Development,Full Stack Development,89.1,Digital Logic & Design,74.6,Computer Networks,71.9,Java,71.5,Software Engineering,71.0,node|kubernetes|gpio|ci/cd|data warehouse|docker|azure|fullstack
CCS,2,2,Web Development|Cloud & Distributed Systems,Automata Theory,53.5,Operating Systems,41.2,Computer Networks,40.6,Full Stack Development,39.9,Digital Logic & Design,38.9,node|kubernetes|docker|azure|aws|devops|serverless|cloud
DWM,3,2,Data Science & Analytics|Artificial Intelligence & Machine Learning|Cloud & Distributed Systems,Java,92.1,Engineering Mathematics-III,66.7,Engineering Mathematics-IV,66.4,Python,62.9,Data Structures and Algorithms,62.4,mongodb|dashboard|data mining|sql|analytics|tableau
WT,1,3,Network & Wireless Systems,Digital Logic & Design,65.2,Engineering Mathematics-III,63.0,Cryptography & Network Security,61.6,Python,51.8,Automata Theory,42.6,gpio|iot|embedded|aws|wireless|arduino|raspberry pi|bluetooth
CCS,2,1,Web Development|Data Science & Analytics,Data Structures and Algorithms,81.2,Computer Networks,76.6,Database Management Systems,76.2,Software Engineering,71.8,C++,66.4,azure|react
DWM,2,1,Data Science & Analytics|Cloud & Distributed Systems,Database Management Systems,82.4,Engineering Mathematics-IV,79.0,Data Structures and Algorithms,66.0,Automata Theory,64.1,C++,62.1,data warehouse|dashboard|sql
WT,2,1,Network & Wireless Systems|Mobile & IoT Development,Engineering Mathematics-IV,71.2,Digital Logic & Design,67.5,Database Management Systems,67.1,Microcontroller & Embedded Systems,65.6,Automata Theory,63.6,microcontroller|embedded|arduino|mqtt|bluetooth
DWM,2,2,Data Science & Analytics|Web Development,Design & Analysis of Algorithms,78.2,Computer Networks,78.1,Engineering Mathematics-IV,75.7,Data Structures and Algorithms,74.4,C++,74.4,kubernetes|data warehouse|dashboard|embedded|postgresql|etl|data mining|analytics|tableau
CCS,1,2,Web Development,Operating Systems,90.9,Design & Analysis of Algorithms,88.6,Data Structures and Algorithms,87.0,Full Stack Development,82.1,Software Engineering,77.8,ci/cd|docker|fullstack|aws|devops|react|raspberry pi
DWM,3,3,Data Science & Analytics|Web Development|Cloud & Distributed Systems,Software Engineering,83.7,Database Management Systems,65.3,C++,63.5,Cryptography & Network Security,62.9,Artificial Intelligence,61.9,power bi|data warehouse|dashboard|mongodb|etl|data mining|devops|analytics|tableau
WT,3,3,Mobile & IoT Development|Network & Wireless Systems|Cloud & Distributed Systems,Digital Logic & Design,100.0,Operating Systems,100.0,Computer Networks,100.0,Microcontroller & Embedded Systems,100.0,Design & Analysis of Algorithms,100.0,sklearn|microcontroller|tableau|gpio|iot|sensor|embedded|esp32|bluetooth
DWM,1,2,Data Science & Analytics,Engineering Mathematics-IV,100.0,Database Management Systems,100.0,Automata Theory,100.0,Artificial Intelligence,92.4,Java,92.2,mongodb|data warehouse|dashboard|etl|data mining|analytics|raspberry pi|bluetooth
DWM,1,2,Data Science & Analytics,Python,73.38489104853339,Computer Networks,69.8,Database Management Systems,66.6,Full Stack Development,66.3,Design & Analysis of Algorithms,62.6,power bi|data warehouse|postgresql|etl|sql|tableau
WT,2,2,Network & Wireless Systems|Mobile & IoT Development,Microcontroller & Embedded Systems,79.4,Full Stack Development,78.62124284885492,Computer Networks,75.48394572601131,Software Engineering,74.1,Artificial Intelligence,68.8,gpio|iot|sensor|embedded|wireless|arduino|raspberry pi|mqtt|bluetooth
CCS,2,1,Web Development|Cloud & Distributed Systems,Data Structures and Algorithms,70.4,Software Engineering,65.5,C++,59.5,Automata Theory,55.9,Python,55.305710710552745,regression|node|azure
ML,3,2,Artificial Intelligence & Machine Learning|Data Science & Analytics|Network & Wireless Systems,Software Engineering,76.8,Data Structures and Algorithms,74.5,Python,73.1,Artificial Intelligence,72.7,Engineering Mathematics-III,72.5,classification|tensorflow|pandas|deep learning|python
DWM,1,1,Data Science & Analytics,Digital Logic & Design,67.8,Database Management Systems,66.7,Design & Analysis of Algorithms,61.2,Microcontroller & Embedded Systems,59.6,Operating Systems,58.9,node|mongodb|dashboard|data warehouse|postgresql|data mining|tableau
WT,4,2,Artificial Intelligence & Machine Learning|Cloud & Distributed Systems|Network & Wireless Systems|Mobile & IoT Development,Digital Logic & Design,87.7,Data Structures and Algorithms,81.6,C++,77.0,Design & Analysis of Algorithms,75.1,IoT,72.6,microcontroller|sensor|esp32|arduino|raspberry pi|mqtt|bluetooth
CCS,2,4,Cloud & Distributed Systems|Web Development,Software Engineering,34.7,Computer Networks,27.5,Database Management Systems,25.7,Automata Theory,24.0,Data Structures and Algorithms,21.2,node|kubernetes|ci/cd|keras|etl|azure|aws|react|cloud|terraform
WT,1,2,Network & Wireless Systems,Engineering Mathematics-IV,59.1,Java,59.0,IoT,58.5,Cryptography & Network Security,57.3,Computer Networks,51.9,gpio|iot|sensor|embedded|docker|raspberry pi|mqtt
CCS,3,1,Web Development|Cloud & Distributed Systems|Network & Wireless Systems,Software Engineering,82.4,Full Stack Development,80.9,Microcontroller & Embedded Systems,80.4,Artificial Intelligence,73.6,Engineering Mathematics-IV,73.4,ci/cd|mongodb|docker|azure|devops|serverless
WT,1,0,Network & Wireless Systems,Computer Networks,100.0,IoT,93.9,Automata Theory,92.7,Operating Systems,91.3,C++,87.9,
WT,1,1,Network & Wireless Systems,Cryptography & Network Security,50.3,Database Management Systems,44.1,Microcontroller & Embedded Systems,39.8,Design & Analysis of Algorithms,34.5,Java,27.3,iot|bluetooth
WT,4,3,Network & Wireless Systems|Mobile & IoT Development|Cloud & Distributed Systems|Data Science & Analytics,Automata Theory,83.0,IoT,73.1,Microcontroller & Embedded Systems,67.6,Digital Logic & Design,67.2,Data Structures and Algorithms,66.7,microcontroller|sensor|embedded|esp32|arduino|wireless|raspberry pi|mqtt|bluetooth
DWM,2,4,Data Science & Analytics|Artificial Intelligence & Machine Learning,Data Structures and Algorithms,63.0,Java,62.1,Operating Systems,58.1,Database Management Systems,57.2,Python,55.69777844965057,kubernetes|data warehouse|dashboard|mongodb|postgresql|data mining|sql|tableau
CCS,3,0,Cloud & Distributed Systems|Web Development|Data Science & Analytics,Data Structures and Algorithms,97.9,Software Engineering,96.0,Full Stack Development,93.0,Design & Analysis of Algorithms,88.3,C++,87.7,
ML,3,1,Artificial Intelligence & Machine Learning|Data Science & Analytics|Web Development,Computer Networks,88.9,Data Structures and Algorithms,81.0,Java,80.2,Engineering Mathematics-IV,79.0,Design & Analysis of Algorithms,78.6,tensorflow|classification
DWM,2,1,Data Science & Analytics|Mobile & IoT Development,Engineering Mathematics-IV,77.0,Database Management Systems,68.6,Artificial Intelligence,67.7,Software Engineering,63.8,Cryptography & Network Security,60.4,mongodb|gpio|postgresql|sql
ML,2,1,Artificial Intelligence & Machine Learning|Data Science & Analytics,C++,68.0,Artificial Intelligence,61.7,Software Engineering,60.4,Database Management Systems,58.4,Python,56.7,sklearn|neural network|regression|python|nlp
DWM,1,1,Data Science & Analytics,Engineering Mathematics-IV,64.3,Operating Systems,48.3,Java,48.2,Engineering Mathematics-III,46.0,Artificial Intelligence,43.9,dashboard|postgresql|sql|etl
DWM,2,1,Data Science & Analytics|Cloud & Distributed Systems,Cryptography & Network Security,64.5,Engineering Mathematics-III,53.7,C++,53.5,Computer Networks,53.3,Full Stack Development,51.9,power bi|dashboard|postgresql|etl|sql|tableau
ML,1,2,Artificial Intelligence & Machine Learning,Design & Analysis of Algorithms,72.5,Python,61.7,Data Structures and Algorithms,55.8,Operating Systems,49.0,Cryptography & Network Security,48.4,numpy|classification|machine learning|ci/cd|pytorch|pandas|regression|python|tableau
WT,3,3,Network & Wireless Systems|Mobile & IoT Development|Cloud & Distributed Systems,Engineering Mathematics-III,77.2,Design & Analysis of Algorithms,75.0,IoT,73.4,Artificial Intelligence,68.0042977035577,Operating Systems,60.7,microcontroller|gpio|sensor|iot|embedded|etl|esp32|arduino|wireless|raspberry pi
ML,3,2,Artificial Intelligence & Machine Learning|Data Science & Analytics|Web Development,Operating Systems,93.6,Python,86.4,Java,78.0,Database Management Systems,77.3,Microcontroller & Embedded Systems,77.1,node|numpy|pytorch|tensorflow|regression|python|nlp
ML,2,1,Artificial Intelligence & Machine Learning|Data Science & Analytics,Full Stack Development,41.6,Software Engineering,31.3,Artificial Intelligence,29.4,Python,28.0,Cryptography & Network Security,26.7,regression|pytorch|classification|keras
WT,2,1,Mobile & IoT Development|Cloud & Distributed Systems,Database Management Systems,64.4,Digital Logic & Design,58.7,Engineering Mathematics-IV,58.2,Automata Theory,58.2,Engineering Mathematics-III,57.8,microcontroller|gpio|embedded|esp32|arduino
CCS,3,1,Web Development|Cloud & Distributed Systems|Network & Wireless Systems,Database Management Systems,57.9,Full Stack Development,49.4,Automata Theory,48.9,Java,48.2,Software Engineering,46.9,kubernetes|react|docker|etl|fullstack|cloud
ML,2,2,Artificial Intelligence & Machine Learning|Cloud & Distributed Systems,Engineering Mathematics-IV,83.2,Software Engineering,74.0,Engineering Mathematics-III,64.3,Microcontroller & Embedded Systems,61.3,Python,57.4,numpy|neural network|machine learning|tensorflow|keras|sql|pytorch|regression|python
CCS,3,1,Artificial Intelligence & Machine Learning|Cloud & Distributed Systems|Data Science & Analytics,IoT,81.0,Cryptography & Network Security,73.8,Engineering Mathematics-III,72.8,Artificial Intelligence,69.9,Data Structures and Algorithms,69.3,azure|kubernetes|aws|fullstack
ML,1,1,Artificial Intelligence & Machine Learning,Artificial Intelligence,84.8,Automata Theory,81.0,Java,76.2,Engineering Mathematics-III,73.9,Software Engineering,65.2,numpy|neural network|keras|regression|nlp
ML,2,3,Data Science & Analytics|Cloud & Distributed Systems,Software Engineering,67.5,Python,66.0,Java,63.8,Automata Theory,58.7,C++,57.5,numpy|classification|machine learning|pandas|keras|analytics|deep learning|python|nlp
CCS,2,3,Cloud & Distributed Systems|Artificial Intelligence & Machine Learning,Digital Logic & Design,53.6,Full Stack Development,51.2,Artificial Intelligence,50.2,IoT,45.6,Microcontroller & Embedded Systems,42.3,node|react|ci/cd|azure|aws|devops|serverless|fullstack|cloud
CCS,2,3,Cloud & Distributed Systems|Web Development,Full Stack Development,66.9,Automata Theory,43.2,Computer Networks,42.7,IoT,40.0,Software Engineering,35.6,node|kubernetes|pandas|postgresql|azure|aws|serverless|react|cloud|terraform
ML,4,1,Artificial Intelligence & Machine Learning|Data Science & Analytics|Cloud & Distributed Systems|Network & Wireless Systems,Cryptography & Network Security,79.0,Engineering Mathematics-III,67.9,Engineering Mathematics-IV,66.4,Python,65.5,Java,57.9,numpy|machine learning|tensorflow
DWM,2,4,Data Science & Analytics|Artificial Intelligence & Machine Learning,Full Stack Development,56.6,Python,46.9,Data Structures and Algorithms,46.8,Microcontroller & Embedded Systems,43.0,Operating Systems,42.6,data warehouse|dashboard|mongodb|postgresql|etl|keras|data mining|analytics|react|sql
WT,3,1,Mobile & IoT Development|Network & Wireless Systems|Cloud & Distributed Systems,Operating Systems,79.1,Database Management Systems,65.7,Software Engineering,52.1,Microcontroller & Embedded Systems,52.0,Engineering Mathematics-III,50.8,microcontroller|wireless|bluetooth
DWM,2,2,Data Science & Analytics|Web Development,Artificial Intelligence,70.7,Full Stack Development,58.6,Engineering Mathematics-IV,54.5,Database Management Systems,54.4,Java,45.5,power bi|mongodb|postgresql|data mining|analytics
WT,2,2,Mobile & IoT Development|Cloud & Distributed Systems,Engineering Mathematics-III,63.3,Design & Analysis of Algorithms,52.1,Automata Theory,51.0,Data Structures and Algorithms,48.9,Computer Networks,48.8,gpio|ci/cd|sensor|esp32|bluetooth
DWM,1,3,Data Science & Analytics,Database Management Systems,76.4,Artificial Intelligence,71.51161742623717,C++,61.5,Data Structures and Algorithms,59.9,Operating Systems,58.5,power bi|data warehouse|mongodb|dashboard|postgresql|etl|sql|tableau
CCS,2,2,Web Development|Cloud & Distributed Systems,Java,77.4,Artificial Intelligence,66.1,C++,65.1,Automata Theory,63.0,Engineering Mathematics-IV,62.5,react|ci/cd|docker|aws|devops|serverless|fullstack
ML,2,4,Data Science & Analytics|Artificial Intelligence & Machine Learning,IoT,85.9,Engineering Mathematics-III,85.2,Computer Networks,84.0,Artificial Intelligence,83.7,C++,81.9,sklearn|numpy|classification|gpio|pytorch|pandas|tensorflow|keras|deep learning|neural network
ML,3,3,Artificial Intelligence & Machine Learning|Data Science & Analytics|Cloud & Distributed Systems,Full Stack Development,92.61234703892188,Python,80.8,Software Engineering,78.3,Artificial Intelligence,78.1,Engineering Mathematics-III,74.9,numpy|pytorch|tensorflow|pandas|keras|deep learning|neural network
ML,2,2,Data Science & Analytics|Cloud & Distributed Systems,Engineering Mathematics-IV,75.3,Automata Theory,75.2,C++,72.7,Full Stack Development,71.7,Software Engineering,71.2,sklearn|classification|keras|deep learning|neural network|mqtt|nlp
DWM,1,1,Data Science & Analytics,Automata Theory,64.3,C++,58.2,Full Stack Development,57.5,Data Structures and Algorithms,56.8,Python,55.8,power bi|dashboard|postgresql|analytics|sql|tableau
CCS,4,4,Cloud & Distributed Systems|Web Development|Network & Wireless Systems|Artificial Intelligence & Machine Learning,Operating Systems,74.6,C++,72.8,Engineering Mathematics-III,65.6,Database Management Systems,65.0,Artificial Intelligence,60.6,kubernetes|mongodb|docker|fullstack|aws|serverless|react|cloud|terraform
DWM,2,3,Data Science & Analytics|Web Development,Design & Analysis of Algorithms,76.4,Database Management Systems,69.9,Microcontroller & Embedded Systems,67.9,Artificial Intelligence,64.6,C++,57.5,power bi|data warehouse|dashboard|sensor|mongodb|etl|data mining|sql|analytics|tableau
DWM,1,1,Data Science & Analytics,Design & Analysis of Algorithms,69.6,Python,65.6,Database Management Systems,62.8,Engineering Mathematics-IV,58.4,Automata Theory,57.2,power bi|data mining|etl
ML,2,3,Artificial Intelligence & Machine Learning|Cloud & Distributed Systems,Engineering Mathematics-III,66.7,Python,65.9,Design & Analysis of Algorithms,60.7,Automata Theory,59.1,Microcontroller & Embedded Systems,58.2,sklearn|numpy|machine learning|ci/cd|pytorch|tensorflow|keras|azure|deep learning|neural network
DWM,1,3,Data Science & Analytics,Automata Theory,68.0,Python,65.5,Software Engineering,60.2,Full Stack Development,58.7,Database Management Systems,57.3,power bi|mongodb|data warehouse|tensorflow|dashboard|postgresql|etl|data mining|sql
DWM,2,4,Data Science & Analytics|Web Development,Python,80.9,Database Management Systems,79.3,Automata Theory,78.1,Cryptography & Network Security,73.6,Computer Networks,67.5,power bi|microcontroller|data warehouse|dashboard|postgresql|keras|data mining|analytics|sql|tableau
WT,3,3,Mobile & IoT Development|Network & Wireless Systems|Data Science & Analytics,Digital Logic & Design,60.4,Microcontroller & Embedded Systems,56.9,Computer Networks,53.3,Automata Theory,51.6,IoT,49.5,microcontroller|gpio|sensor|pandas|embedded|wireless|arduino|analytics|mqtt|bluetooth
DWM,1,2,Data Science & Analytics,Cryptography & Network Security,51.3,Data Structures and Algorithms,48.9,Engineering Mathematics-IV,47.4,Python,44.6,Digital Logic & Design,41.2,power bi|mongodb|dashboard|postgresql|etl|tableau
ML,3,4,Data Science & Analytics|Artificial Intelligence & Machine Learning|Cloud & Distributed Systems,Engineering Mathematics-IV,89.8,Python,82.0,Engineering Mathematics-III,81.9,Automata Theory,80.6,Computer Networks,78.7,sklearn|numpy|classification|machine learning|tensorflow|pandas|keras|devops|deep learning|cloud
DWM,2,4,Data Science & Analytics|Artificial Intelligence & Machine Learning,Software Engineering,84.3,C++,74.7,Artificial Intelligence,71.3,Database Management Systems,70.8,Digital Logic & Design,68.8,power bi|mongodb|data warehouse|dashboard|postgresql|etl|data mining|sql|analytics|regression
ML,2,1,Artificial Intelligence & Machine Learning|Web Development,Python,73.6,Artificial Intelligence,72.3,Database Management Systems,70.0,Full Stack Development,69.2,Java,68.9,sklearn|classification|pandas|deep learning|neural network
WT,3,2,Network & Wireless Systems|Mobile & IoT Development|Data Science & Analytics,Computer Networks,92.77834370515714,Automata Theory,88.5,IoT,83.4,Database Management Systems,80.4,Design & Analysis of Algorithms,80.2,microcontroller|iot|embedded|esp32|mqtt|bluetooth
DWM,1,3,Data Science & Analytics,Automata Theory,64.0,Operating Systems,63.7,Engineering Mathematics-III,63.5,Software Engineering,62.6,Digital Logic & Design,60.9,power bi|mongodb|dashboard|data warehouse|postgresql|data mining|analytics|tableau
WT,1,2,Network & Wireless Systems,IoT,90.9,Database Management Systems,89.7,Automata Theory,87.3,Java,86.7,Operating Systems,76.1,microcontroller|sensor|iot|embedded|wireless|arduino|mqtt
WT,3,3,Mobile & IoT Development|Network & Wireless Systems|Cloud & Distributed Systems,Database Management Systems,55.9,IoT,52.7,Microcontroller & Embedded Systems,51.3,Engineering Mathematics-III,50.3,Digital Logic & Design,49.1,microcontroller|gpio|iot|esp32|wireless|arduino|raspberry pi|bluetooth
DWM,1,4,Data Science & Analytics,Engineering Mathematics-IV,84.2,Engineering Mathematics-III,82.3,Database Management Systems,77.9,Data Structures and Algorithms,75.3,Full Stack Development,72.1,power bi|mongodb|dashboard|postgresql|etl|data mining|arduino|analytics|sql|tableau
WT,1,2,Mobile & IoT Development,IoT,79.1,Cryptography & Network Security,77.0,Engineering Mathematics-III,76.9,Data Structures and Algorithms,75.9,Computer Networks,75.7,gpio|iot|embedded|esp32|arduino|raspberry pi
DWM,1,1,Data Science & Analytics,Database Management Systems,74.3,Software Engineering,66.6,Design & Analysis of Algorithms,65.7,Data Structures and Algorithms,64.6,Automata Theory,63.2,mongodb|dashboard|data warehouse|postgresql|analytics|tableau
CCS,2,3,Web Development|Cloud & Distributed Systems,Full Stack Development,88.8,Operating Systems,80.9,Python,77.11930824180962,Cryptography & Network Security,68.0,Computer Networks,67.7,kubernetes|docker|embedded|serverless|react|cloud|mqtt
CCS,2,3,Cloud & Distributed Systems|Web Development,Full Stack Development,76.2,Engineering Mathematics-IV,72.0,Operating Systems,67.3,Design & Analysis of Algorithms,63.6,Database Management Systems,60.4,node|react|docker|azure|aws|devops|serverless|fullstack|cloud
CCS,2,4,Web Development|Cloud & Distributed Systems,Full Stack Development,60.8,Engineering Mathematics-IV,57.2,Database Management Systems,55.3,Digital Logic & Design,50.4,C++,37.9,node|kubernetes|react|ci/cd|docker|azure|aws|devops|serverless|sql
WT,3,1,Mobile & IoT Development|Cloud & Distributed Systems|Data Science & Analytics,Microcontroller & Embedded Systems,71.4,Data Structures and Algorithms,58.9,Digital Logic & Design,55.0,Java,53.8,IoT,53.8,iot|sensor|embedded|fullstack|raspberry pi
CCS,2,1,Cloud & Distributed Systems|Data Science & Analytics,Engineering Mathematics-III,88.2,Database Management Systems,88.1,Operating Systems,85.5,Computer Networks,85.2,IoT,82.2,devops|docker|terraform|fullstack
CCS,2,2,Web Development|Cloud & Distributed Systems,Design & Analysis of Algorithms,71.7,Engineering Mathematics-III,65.0,Computer Networks,60.3,Artificial Intelligence,53.281107949197306,Operating Systems,52.2,node|kubernetes|react|ci/cd|fullstack|cloud
ML,2,1,Data Science & Analytics|Artificial Intelligence & Machine Learning,Cryptography & Network Security,78.6,Database Management Systems,76.4,Data Structures and Algorithms,76.1,Java,74.1,Microcontroller & Embedded Systems,70.0,pandas|keras|pytorch|python|nlp
WT,1,1,Network & Wireless Systems,Database Management Systems,64.2,IoT,61.4,Microcontroller & Embedded Systems,57.4,Design & Analysis of Algorithms,56.3,Computer Networks,50.7,microcontroller|mqtt
WT,2,2,Network & Wireless Systems|Mobile & IoT Development,Software Engineering,73.4,Data Structures and Algorithms,68.9,Operating Systems,68.0,Digital Logic & Design,63.8,Engineering Mathematics-III,61.2,gpio|embedded|keras|wireless|esp32|raspberry pi|mqtt|bluetooth
ML,1,1,Artificial Intelligence & Machine Learning,Database Management Systems,79.6419673655472,Artificial Intelligence,69.1,Data Structures and Algorithms,68.49647904739264,Operating Systems,64.1,Engineering Mathematics-IV,62.9,keras|deep learning|pytorch|cloud|regression|nlp
ML,3,2,Artificial Intelligence & Machine Learning|Data Science & Analytics|Web Development,Data Structures and Algorithms,90.5,Python,90.2,Engineering Mathematics-IV,85.7,Artificial Intelligence,83.0,Design & Analysis of Algorithms,82.2,pytorch|tensorflow|machine learning|numpy
CCS,3,2,Web Development|Cloud & Distributed Systems|Data Science & Analytics,Data Structures and Algorithms,74.0,Engineering Mathematics-IV,65.0,Computer Networks,64.2,Digital Logic & Design,59.8,Java,58.9,kubernetes|ci/cd|docker|azure|aws|devops|fullstack|cloud
DWM,2,1,Data Science & Analytics|Artificial Intelligence & Machine Learning,Python,68.8,Automata Theory,41.7,Full Stack Development,40.18739928408651,Computer Networks,37.14511123373501,Digital Logic & Design,30.5,data warehouse|analytics|etl
CCS,1,2,Cloud & Distributed Systems,Software Engineering,67.6,Computer Networks,67.53134348872246,Full Stack Development,65.0,Operating Systems,60.5,Design & Analysis of Algorithms,57.5,node|ci/cd|iot|docker|aws|devops|fullstack
WT,1,1,Mobile & IoT Development,Engineering Mathematics-IV,88.7,Database Management Systems,87.8,Java,79.4,Artificial Intelligence,78.86793257064983,Python,77.83493982667113,esp32|mqtt
CCS,2,2,Cloud & Distributed Systems|Web Development,Computer Networks,48.3,Engineering Mathematics-IV,42.9,Design & Analysis of Algorithms,30.5,Automata Theory,28.7,Database Management Systems,27.499709918721393,node|pandas|docker|serverless|react|cloud|terraform
CCS,2,1,Cloud & Distributed Systems|Web Development,Database Management Systems,79.86436034053042,Engineering Mathematics-III,77.6,Computer Networks,73.5,Operating Systems,68.9,C++,68.5,cloud|devops|react|fullstack
WT,2,2,Mobile & IoT Development|Cloud & Distributed Systems,Microcontroller & Embedded Systems,76.4,Design & Analysis of Algorithms,69.6,C++,62.9,Computer Networks,62.5,Automata Theory,60.8,microcontroller|gpio|azure|bluetooth|wireless|raspberry pi|mqtt|nlp
DWM,2,1,Data Science & Analytics|Artificial Intelligence & Machine Learning,Java,48.9,Digital Logic & Design,47.1,Data Structures and Algorithms,47.0,IoT,40.6,C++,40.5,power bi|dashboard|etl|data mining|analytics
CCS,3,2,Cloud & Distributed Systems|Web Development|Data Science & Analytics,Operating Systems,95.6,Data Structures and Algorithms,94.6,Software Engineering,92.7,Engineering Mathematics-IV,88.9,Engineering Mathematics-III,88.8,kubernetes|microcontroller|docker|devops|fullstack|cloud
DWM,2,1,Data Science & Analytics|Artificial Intelligence & Machine Learning,Database Management Systems,88.1,Computer Networks,82.20497723252744,Java,79.0,Engineering Mathematics-IV,78.9,Data Structures and Algorithms,75.0,dashboard|postgresql|sql|python|tableau
ML,1,3,Data Science & Analytics,Artificial Intelligence,90.0,Data Structures and Algorithms,89.6,IoT,89.6,Automata Theory,84.3,Software Engineering,84.0,sklearn|numpy|classification|machine learning|pytorch|tensorflow|keras|deep learning|regression|nlp
CCS,2,1,Cloud & Distributed Systems|Network & Wireless Systems,Computer Networks,55.64950921053025,Cryptography & Network Security,51.2,Database Management Systems,51.1,Design & Analysis of Algorithms,48.7,Full Stack Development,47.4,ci/cd|docker|azure|devops|serverless|fullstack
CCS,2,0,Cloud & Distributed Systems|Web Development,Design & Analysis of Algorithms,89.3,Digital Logic & Design,80.4,Full Stack Development,76.0,Cryptography & Network Security,73.8,Computer Networks,73.2,
ML,2,1,Artificial Intelligence & Machine Learning|Cloud & Distributed Systems,Artificial Intelligence,100.0,Engineering Mathematics-IV,98.2,Full Stack Development,83.2,Java,78.3,Digital Logic & Design,78.1,data warehouse|classification|python
CCS,3,2,Web Development|Data Science & Analytics|Artificial Intelligence & Machine Learning,Engineering Mathematics-IV,85.4,Computer Networks,82.39674919505549,Full Stack Development,81.8,Java,79.7,Artificial Intelligence,73.5,node|kubernetes|react|ci/cd|docker|azure|aws|fullstack|terraform
CCS,1,1,Cloud & Distributed Systems,Full Stack Development,74.8,Digital Logic & Design,73.5,Python,72.4,IoT,71.4,Cryptography & Network Security,63.2,aws|kubernetes
CCS,1,4,Web Development,Python,86.65762601864768,Computer Networks,77.2,Engineering Mathematics-IV,75.4,Cryptography & Network Security,73.2,C++,72.4,node|kubernetes|machine learning|ci/cd|fullstack|azure|devops|serverless|react|cloud
CCS,4,1,Web Development|Cloud & Distributed Systems|Network & Wireless Systems|Artificial Intelligence & Machine Learning,Design & Analysis of Algorithms,62.6,Full Stack Development,59.3,Operating Systems,58.7,Computer Networks,55.27571944984689,Cryptography & Network Security,54.9,cloud|serverless|fullstack
CCS,2,2,Cloud & Distributed Systems|Web Development,Cryptography & Network Security,73.3,Computer Networks,70.6,Operating Systems,68.7,C++,68.3,Software Engineering,66.9,kubernetes|ci/cd|aws|devops|serverless|fullstack|cloud|terraform
WT,2,1,Network & Wireless Systems|Mobile & IoT Development,Database Management Systems,58.0,Cryptography & Network Security,56.1,C++,50.1,Software Engineering,47.3,Design & Analysis of Algorithms,46.8,raspberry pi|esp32
ML,3,2,Data Science & Analytics|Artificial Intelligence & Machine Learning|Network & Wireless Systems,Engineering Mathematics-IV,80.1,Python,73.5,Design & Analysis of Algorithms,71.2,Database Management Systems,66.7,Engineering Mathematics-III,66.3,sklearn|classification|machine learning|pytorch|tensorflow|pandas|keras|neural network|python
WT,1,1,Mobile & IoT Development,Java,71.5,Engineering Mathematics-IV,68.2,Cryptography & Network Security,64.8,Python,64.4,Engineering Mathematics-III,64.1,sensor|gpio|mqtt|arduino
CCS,2,1,Cloud & Distributed Systems|Data Science & Analytics,Database Management Systems,92.59089190853278,Full Stack Development,80.8,Software Engineering,80.1,Data Structures and Algorithms,75.47851553941881,Artificial Intelligence,74.6,ci/cd|docker|react|cloud|bluetooth
ML,2,3,Data Science & Analytics|Cloud & Distributed Systems,Python,87.3,Engineering Mathematics-III,79.2,Data Structures and Algorithms,74.8,Operating Systems,70.0,Automata Theory,66.2,sklearn|numpy|classification|machine learning|keras|deep learning|pytorch
DWM,2,1,Data Science & Analytics|Web Development,Design & Analysis of Algorithms,76.6,Operating Systems,69.6,Python,62.8,Database Management Systems,61.6,Automata Theory,54.0,dashboard|sql
CCS,3,1,Web Development|Artificial Intelligence & Machine Learning|Network & Wireless Systems,C++,67.6,Full Stack Development,64.3,Java,61.4,Python,58.8,Database Management Systems,58.6,azure|data mining|devops|serverless|fullstack
DWM,2,2,Data Science & Analytics|Cloud & Distributed Systems,Computer Networks,65.5,Data Structures and Algorithms,64.9,Design & Analysis of Algorithms,62.6,Engineering Mathematics-III,59.7,Artificial Intelligence,55.5,power bi|dashboard|data mining|azure|sql|tableau
CCS,1,2,Cloud & Distributed Systems,Cryptography & Network Security,48.6,Microcontroller & Embedded Systems,34.6,Digital Logic & Design,31.6,Automata Theory,30.1,Engineering Mathematics-IV,24.2,node|kubernetes|ci/cd|sensor|mongodb|fullstack|azure|devops|react
ML,3,1,Data Science & Analytics|Artificial Intelligence & Machine Learning|Web Development,Design & Analysis of Algorithms,86.2,Software Engineering,85.8,C++,85.6,Engineering Mathematics-III,83.1,Computer Networks,82.7,pytorch|python|regression|machine learning
ML,1,3,Artificial Intelligence & Machine Learning,Design & Analysis of Algorithms,75.8,Computer Networks,64.06860319966462,Digital Logic & Design,63.7,Engineering Mathematics-III,57.0,Artificial Intelligence,55.5,sklearn|neural network|machine learning|tensorflow|pandas|keras|etl|deep learning|pytorch|regression
DWM,2,1,Data Science & Analytics|Web Development,Engineering Mathematics-III,88.2,Python,87.8,Artificial Intelligence,81.0,Cryptography & Network Security,75.8,Microcontroller & Embedded Systems,71.6,etl|nlp|tableau
ML,1,1,Artificial Intelligence & Machine Learning,Computer Networks,100.0,Artificial Intelligence,100.0,Database Management Systems,98.8,Python,98.0,Operating Systems,97.7,regression|numpy|machine learning
WT,4,1,Artificial Intelligence & Machine Learning|Cloud & Distributed Systems|Network & Wireless Systems|Mobile & IoT Development,Digital Logic & Design,59.0,IoT,57.7,Operating Systems,55.5,Computer Networks,55.0,Microcontroller & Embedded Systems,54.3,esp32|embedded|wireless|arduino
WT,2,2,Network & Wireless Systems|Mobile & IoT Development,Database Management Systems,86.3,Computer Networks,76.6,Software Engineering,71.4,Cryptography & Network Security,68.5,Engineering Mathematics-IV,68.4,gpio|sensor|embedded|arduino|mqtt|bluetooth
WT,2,2,Network & Wireless Systems|Mobile & IoT Development,Automata Theory,76.6,Artificial Intelligence,72.9017069111845,C++,69.6,Database Management Systems,67.8,Digital Logic & Design,63.6,microcontroller|gpio|iot|sensor|wireless|bluetooth
WT,2,2,Mobile & IoT Development|Network & Wireless Systems,Automata Theory,69.6,Digital Logic & Design,67.0,Engineering Mathematics-IV,66.8,Java,62.1,Engineering Mathematics-III,59.4,microcontroller|machine learning|data warehouse|embedded|wireless|esp32|raspberry pi|mqtt|bluetooth
CCS,1,3,Cloud & Distributed Systems,Computer Networks,94.2,Automata Theory,87.8,Full Stack Development,86.3,Engineering Mathematics-III,84.8,Operating Systems,83.8,node|kubernetes|react|ci/cd|docker|azure|serverless|fullstack|terraform
DWM,1,4,Data Science & Analytics,Java,56.1,Operating Systems,55.4,Data Structures and Algorithms,54.3,Microcontroller & Embedded Systems,52.8,Computer Networks,49.2,power bi|mongodb|data warehouse|dashboard|etl|data mining|wireless|analytics|tableau
WT,2,3,Network & Wireless Systems|Mobile & IoT Development,Software Engineering,91.5,Digital Logic & Design,62.3,Operating Systems,62.3,Data Structures and Algorithms,53.1,C++,52.2,sklearn|microcontroller|gpio|iot|embedded|wireless|arduino|mqtt|bluetooth
WT,1,0,Network & Wireless Systems,Computer Networks,64.9,Engineering Mathematics-IV,62.5,Microcontroller & Embedded Systems,62.5,IoT,58.5,Design & Analysis of Algorithms,56.2,
WT,4,1,Mobile & IoT Development|Network & Wireless Systems|Cloud & Distributed Systems|Data Science & Analytics,Operating Systems,81.4,Computer Networks,80.4,Engineering Mathematics-III,78.6,Software Engineering,71.8,IoT,59.5,sensor|raspberry pi|embedded|arduino
WT,2,1,Network & Wireless Systems|Mobile & IoT Development,Computer Networks,47.1,Software Engineering,46.0,Microcontroller & Embedded Systems,40.5,Artificial Intelligence,40.35415071774298,Design & Analysis of Algorithms,39.1,dashboard|raspberry pi|microcontroller
ML,2,2,Data Science & Analytics|Artificial Intelligence & Machine Learning,IoT,70.5,C++,68.5,Java,64.5,Database Management Systems,61.1,Cryptography & Network Security,60.2,numpy|classification|neural network|keras|regression|python
WT,3,2,Mobile & IoT Development|Network & Wireless Systems|Cloud & Distributed Systems,C++,72.4,Data Structures and Algorithms,65.6,Artificial Intelligence,61.3,Computer Networks,60.3,Digital Logic & Design,56.1,sensor|microcontroller|esp32|bluetooth
ML,3,2,Data Science & Analytics|Artificial Intelligence & Machine Learning|Web Development,Full Stack Development,82.4,C++,78.8,Artificial Intelligence,78.4,Java,75.3,Operating Systems,73.7,sklearn|neural network|classification|machine learning|pytorch|keras|regression|nlp
ML,2,3,Data Science & Analytics|Artificial Intelligence & Machine Learning,Full Stack Development,79.9,Computer Networks,76.7,Artificial Intelligence,73.5,Python,72.7,Data Structures and Algorithms,69.66511755558906,sklearn|numpy|classification|machine learning|tensorflow|deep learning|pytorch|python|nlp
CCS,2,1,Cloud & Distributed Systems|Network & Wireless Systems,Operating Systems,70.4,Computer Networks,69.0,Database Management Systems,66.7,Software Engineering,65.0,Automata Theory,59.3,azure|serverless|ci/cd
ML,1,1,Artificial Intelligence & Machine Learning,Cryptography & Network Security,71.6,Computer Networks,60.4,Operating Systems,55.3,Database Management Systems,51.5,Automata Theory,50.1,sklearn|classification|tensorflow|pytorch|python
DWM,3,3,Data Science & Analytics|Artificial Intelligence & Machine Learning|Cloud & Distributed Systems,Database Management Systems,84.1,Data Structures and Algorithms,78.5,Computer Networks,77.9,C++,77.4,Engineering Mathematics-IV,67.4,power bi|data warehouse|mongodb|dashboard|postgresql|etl|sql|react|tableau
DWM,2,2,Data Science & Analytics|Cloud & Distributed Systems,Full Stack Development,86.09038528435333,Data Structures and Algorithms,81.8,Computer Networks,79.75307835467149,Python,74.3,Database Management Systems,74.0,power bi|data warehouse|mongodb|postgresql|etl|data mining|sql|arduino|tableau
DWM,1,3,Data Science & Analytics,Data Structures and Algorithms,81.6,Java,77.0,Engineering Mathematics-III,76.7,Software Engineering,75.6,Engineering Mathematics-IV,75.0,power bi|data warehouse|mongodb|pandas|dashboard|postgresql|etl|data mining|sql|analytics
ML,2,3,Data Science & Analytics|Artificial Intelligence & Machine Learning,Python,66.8,Design & Analysis of Algorithms,63.2,Artificial Intelligence,60.5,Full Stack Development,59.1,Data Structures and Algorithms,48.6,classification|machine learning|pytorch|pandas|tensorflow|sql|deep learning|neural network|mqtt|python
WT,2,2,Mobile & IoT Development|Network & Wireless Systems,Computer Networks,90.4,Data Structures and Algorithms,74.1,Microcontroller & Embedded Systems,74.1,Java,66.0,IoT,66.0,microcontroller|gpio|sensor|iot|embedded|azure|wireless|arduino|mqtt
ML,2,4,Artificial Intelligence & Machine Learning|Web Development,Data Structures and Algorithms,63.2,Cryptography & Network Security,56.9,Computer Networks,49.6,Automata Theory,49.1,Artificial Intelligence,48.3,sklearn|numpy|classification|pytorch|pandas|keras|esp32|deep learning|neural network|regression
DWM,2,2,Data Science & Analytics|Web Development,Software Engineering,46.6,Data Structures and Algorithms,40.2,Engineering Mathematics-IV,35.3,Computer Networks,35.2,Digital Logic & Design,33.6,node|power bi|dashboard|postgresql|data mining|analytics
ML,3,2,Artificial Intelligence & Machine Learning|Data Science & Analytics|Cloud & Distributed Systems,Data Structures and Algorithms,84.7967411870084,Cryptography & Network Security,77.7,Database Management Systems,73.80050836083807,Automata Theory,62.5,Artificial Intelligence,57.6,numpy|classification|machine learning|mongodb|tensorflow|pandas|keras|pytorch|regression|python
WT,2,2,Mobile & IoT Development|Network & Wireless Systems,Data Structures and Algorithms,63.6,Full Stack Development,57.1,Python,54.653486745504836,Operating Systems,51.8,Artificial Intelligence,47.702781259444855,microcontroller|sensor|iot|wireless|arduino|raspberry pi|mqtt
WT,3,2,Mobile & IoT Development|Network & Wireless Systems|Cloud & Distributed Systems,Data Structures and Algorithms,59.7,Computer Networks,58.1,Design & Analysis of Algorithms,52.0,Java,49.6,Engineering Mathematics-IV,47.3,microcontroller|iot|esp32|arduino|cloud|mqtt|bluetooth
ML,2,2,Artificial Intelligence & Machine Learning|Data Science & Analytics,Engineering Mathematics-III,99.4,Operating Systems,82.3,Full Stack Development,78.8,Java,77.5,Data Structures and Algorithms,73.27076569170133,sklearn|classification|pandas|tensorflow|deep learning|pytorch|python|nlp
CCS,1,2,Web Development,Computer Networks,75.5444953500105,Database Management Systems,72.8,C++,72.4,Python,71.8,Software Engineering,69.0,node|kubernetes|ci/cd|docker|azure|aws|devops|cloud|terraform
DWM,1,4,Data Science & Analytics,Database Management Systems,73.4,Engineering Mathematics-IV,69.0,Cryptography & Network Security,67.8,Python,59.0,Data Structures and Algorithms,58.7,mongodb|data warehouse|dashboard|postgresql|etl|devops|analytics|sql|tableau
CCS,2,4,Web Development|Cloud & Distributed Systems,Python,62.7,Full Stack Development,56.2,Operating Systems,55.3,Digital Logic & Design,54.8,Java,54.4,node|ci/cd|docker|azure|aws|serverless|esp32|react|cloud|mqtt
WT,4,2,Mobile & IoT Development|Network & Wireless Systems|Cloud & Distributed Systems|Data Science & Analytics,Operating Systems,100.0,Microcontroller & Embedded Systems,85.8,IoT,84.8,Engineering Mathematics-IV,83.7,Design & Analysis of Algorithms,80.1,microcontroller|sensor|iot|embedded|esp32|mqtt
ML,3,1,Artificial Intelligence & Machine Learning|Data Science & Analytics|Cloud & Distributed Systems,Java,61.0,Data Structures and Algorithms,58.0,Engineering Mathematics-III,56.9,Artificial Intelligence,50.3,Full Stack Development,48.0,tensorflow|wireless|python
DWM,1,2,Data Science & Analytics,Data Structures and Algorithms,65.5,Artificial Intelligence,59.3,Database Management Systems,56.3,Python,53.0,Java,49.4,regression|power bi|sql|terraform
WT,2,3,Mobile & IoT Development|Data Science & Analytics,Digital Logic & Design,61.6,Computer Networks,61.0,Python,56.7,Engineering Mathematics-IV,54.5,Database Management Systems,52.0,numpy|microcontroller|iot|sensor|embedded|esp32|arduino|raspberry pi|mqtt|bluetooth
WT,3,3,Network & Wireless Systems|Mobile & IoT Development|Cloud & Distributed Systems,Cryptography & Network Security,72.8,Computer Networks,65.6,Engineering Mathematics-IV,64.6,Microcontroller & Embedded Systems,61.8,Data Structures and Algorithms,58.7,microcontroller|gpio|iot|sensor|embedded|wireless|arduino|esp32|raspberry pi|mqtt
WT,1,4,Mobile & IoT Development,IoT,52.7,Artificial Intelligence,32.2,Operating Systems,31.2,Python,30.8,Microcontroller & Embedded Systems,26.3,microcontroller|gpio|sensor|iot|embedded|aws|wireless|arduino|esp32|raspberry pi
WT,2,3,Network & Wireless Systems|Mobile & IoT Development,Digital Logic & Design,68.9,Cryptography & Network Security,57.2,Software Engineering,53.4,Microcontroller & Embedded Systems,44.9,Java,40.2,microcontroller|iot|sensor|embedded|postgresql|esp32|arduino|wireless|serverless|raspberry pi
CCS,4,3,Web Development|Cloud & Distributed Systems|Network & Wireless Systems|Artificial Intelligence & Machine Learning,Operating Systems,82.3,Engineering Mathematics-IV,80.7,Computer Networks,78.8,Full Stack Development,75.7,Cryptography & Network Security,73.2,node|ci/cd|docker|azure|wireless|serverless|fullstack|cloud
CCS,1,1,Cloud & Distributed Systems,Full Stack Development,72.2,C++,60.9,Software Engineering,58.6,Engineering Mathematics-III,52.1,Digital Logic & Design,48.0,node|kubernetes|ci/cd|docker|react|cloud
CCS,3,4,Web Development|Cloud & Distributed Systems|Artificial Intelligence & Machine Learning,Computer Networks,74.7,Database Management Systems,70.4,IoT,66.3,Python,64.7,Engineering Mathematics-IV,64.6,node|kubernetes|power bi|ci/cd|docker|fullstack|azure|devops|serverless|react
ML,2,1,Data Science & Analytics|Artificial Intelligence & Machine Learning,Design & Analysis of Algorithms,100.0,Engineering Mathematics-III,91.4,Data Structures and Algorithms,91.3,Computer Networks,91.19065155219656,Artificial Intelligence,90.6,classification|nlp
WT,3,3,Mobile & IoT Development|Network & Wireless Systems|Cloud & Distributed Systems,Engineering Mathematics-IV,100.0,Microcontroller & Embedded Systems,100.0,Cryptography & Network Security,100.0,Data Structures and Algorithms,98.7,Database Management Systems,97.3,microcontroller|gpio|embedded|aws|esp32|arduino|wireless|raspberry pi|mqtt|bluetooth
CCS,3,2,Cloud & Distributed Systems|Web Development|Data Science & Analytics,Database Management Systems,48.0,Operating Systems,34.4,Automata Theory,28.5,IoT,28.2,Cryptography & Network Security,26.1,node|docker|azure|aws|serverless|react
CCS,3,1,Web Development|Cloud & Distributed Systems|Data Science & Analytics,Software Engineering,61.2,Cryptography & Network Security,60.4,Operating Systems,52.8,Full Stack Development,52.5,Java,52.1,kubernetes|devops|serverless|fullstack|cloud|terraform
ML,3,2,Data Science & Analytics|Artificial Intelligence & Machine Learning|Web Development,Artificial Intelligence,76.3,Python,73.9,IoT,71.9,Engineering Mathematics-IV,70.5,Software Engineering,70.1,sklearn|numpy|tensorflow|pandas|docker|deep learning|pytorch|python
ML,3,4,Data Science & Analytics|Artificial Intelligence & Machine Learning|Network & Wireless Systems,Digital Logic & Design,74.7,Python,71.4,Computer Networks,70.7,Java,69.3,Engineering Mathematics-III,64.3,numpy|classification|machine learning|pytorch|tensorflow|pandas|keras|deep learning|neural network|cloud
DWM,2,3,Data Science & Analytics|Web Development,Digital Logic & Design,65.6,Data Structures and Algorithms,65.0,Cryptography & Network Security,62.2,Full Stack Development,61.0,IoT,60.0,power bi|mongodb|dashboard|data warehouse|postgresql|data mining|sql|tableau
ML,3,1,Artificial Intelligence & Machine Learning|Data Science & Analytics|Cloud & Distributed Systems,Python,28.5,Design & Analysis of Algorithms,25.5,Artificial Intelligence,22.3,Microcontroller & Embedded Systems,19.24116803786108,Java,11.9,classification|machine learning|tensorflow|keras|pytorch
WT,2,2,Mobile & IoT Development|Network & Wireless Systems,Engineering Mathematics-IV,80.3,Computer Networks,75.9654294634493,Microcontroller & Embedded Systems,68.2,Operating Systems,67.9,Full Stack Development,66.7,raspberry pi|gpio|arduino|bluetooth
DWM,1,3,Data Science & Analytics,Computer Networks,97.62575729339768,Microcontroller & Embedded Systems,96.06387628951673,Data Structures and Algorithms,95.2,Database Management Systems,91.3,Python,90.1,power bi|data warehouse|postgresql|etl|data mining|sql|tableau
DWM,1,1,Data Science & Analytics,Automata Theory,60.3,Full Stack Development,57.5,Design & Analysis of Algorithms,54.6,Data Structures and Algorithms,54.5,Software Engineering,52.7,mongodb|dashboard|gpio|data warehouse
CCS,2,1,Cloud & Distributed Systems|Web Development,Computer Networks,69.6,Database Management Systems,65.9,Software Engineering,65.8,Engineering Mathematics-III,63.9,Operating Systems,60.7,aws|cloud
WT,2,3,Network & Wireless Systems|Cloud & Distributed Systems,Microcontroller & Embedded Systems,81.2,C++,76.7,Digital Logic & Design,62.2,IoT,61.0,Computer Networks,60.377874261357945,microcontroller|gpio|iot|sensor|embedded|wireless|arduino|raspberry pi|mqtt|bluetooth
DWM,1,4,Data Science & Analytics,Data Structures and Algorithms,90.3,Java,80.4,Engineering Mathematics-III,76.0,IoT,71.5,Database Management Systems,70.7,power bi|ci/cd|mongodb|dashboard|data warehouse|docker|postgresql|etl|data mining|sql
DWM,1,1,Data Science & Analytics,Computer Networks,90.3,Data Structures and Algorithms,78.7,Cryptography & Network Security,76.7,Python,76.6,Engineering Mathematics-IV,76.0,data warehouse|dashboard|analytics|sql
CCS,2,4,Web Development|Network & Wireless Systems,Engineering Mathematics-III,70.1,Cryptography & Network Security,64.2,C++,64.1,Full Stack Development,52.4,Software Engineering,49.7,node|kubernetes|sklearn|react|ci/cd|docker|aws|serverless|fullstack|cloud
WT,2,1,Network & Wireless Systems|Mobile & IoT Development,Computer Networks,73.9,Digital Logic & Design,60.4,Data Structures and Algorithms,58.3,Microcontroller & Embedded Systems,56.9,Automata Theory,56.3,microcontroller|embedded|esp32|wireless|raspberry pi
ML,1,4,Artificial Intelligence & Machine Learning,Artificial Intelligence,78.4,Automata Theory,76.5,Data Structures and Algorithms,75.6,Design & Analysis of Algorithms,74.6,Full Stack Development,73.4,sklearn|microcontroller|classification|numpy|machine learning|tensorflow|pandas|keras|deep learning|neural network
WT,2,4,Network & Wireless Systems|Cloud & Distributed Systems,Computer Networks,61.8,Engineering Mathematics-III,58.5,Digital Logic & Design,56.3,Engineering Mathematics-IV,53.8,IoT,50.0,power bi|microcontroller|gpio|sensor|iot|pandas|esp32|raspberry pi|mqtt|bluetooth
CCS,4,1,Web Development|Data Science & Analytics|Cloud & Distributed Systems|Network & Wireless Systems,C++,74.9,Software Engineering,64.8,Database Management Systems,62.5,Digital Logic & Design,53.9,Design & Analysis of Algorithms,53.7,docker|serverless|analytics|fullstack
ML,1,2,Data Science & Analytics,Python,96.5,Artificial Intelligence,94.5,Digital Logic & Design,90.2,Design & Analysis of Algorithms,88.3,Engineering Mathematics-III,87.0,numpy|tensorflow|pandas|keras|pytorch|nlp
DWM,2,2,Data Science & Analytics|Cloud & Distributed Systems,Artificial Intelligence,37.6,C++,37.5,Database Management Systems,36.1,Cryptography & Network Security,35.3,Full Stack Development,30.7,mongodb|dashboard|iot|data warehouse|sql|tableau
ML,2,1,Artificial Intelligence & Machine Learning|Data Science & Analytics,Artificial Intelligence,75.6,Engineering Mathematics-IV,75.2,Python,70.4,Java,69.2,IoT,68.9,sklearn|tensorflow|keras|neural network|nlp
ML,2,2,Data Science & Analytics|Artificial Intelligence & Machine Learning,Engineering Mathematics-IV,80.7,Computer Networks,79.5115301411393,Data Structures and Algorithms,74.5,Cryptography & Network Security,71.0,Artificial Intelligence,65.9,microcontroller|classification|tensorflow|etl|deep learning
ML,3,2,Artificial Intelligence & Machine Learning|Data Science & Analytics|Web Development,Full Stack Development,95.91693987147669,Engineering Mathematics-III,92.9,Computer Networks,91.70126652492254,Operating Systems,91.7,Artificial Intelligence,90.3,pytorch|tensorflow|deep learning|regression|python|nlp
CCS,2,3,Cloud & Distributed Systems|Web Development,Operating Systems,62.0,Java,52.8,Computer Networks,47.4,Database Management Systems,43.7,C++,39.3,node|react|ci/cd|docker|azure|aws|devops|serverless|fullstack|cloud
ML,2,0,Artificial Intelligence & Machine Learning|Data Science & Analytics,Python,99.2,Design & Analysis of Algorithms,94.5,C++,93.6,Artificial Intelligence,91.6,Automata Theory,88.9,
WT,2,1,Network & Wireless Systems|Mobile & IoT Development,Computer Networks,86.2,IoT,85.9,Digital Logic & Design,82.4,Artificial Intelligence,73.75522416889137,Cryptography & Network Security,73.6,gpio|iot|sensor|esp32|wireless
WT,3,1,Data Science & Analytics|Network & Wireless Systems|Mobile & IoT Development,Computer Networks,91.8,Design & Analysis of Algorithms,87.6,IoT,86.8,Python,77.8,Java,67.7,sensor|raspberry pi|iot
CCS,1,3,Web Development,Full Stack Development,93.7,Computer Networks,91.3,Database Management Systems,79.9,Software Engineering,79.4,Cryptography & Network Security,75.8,kubernetes|pandas|fullstack|azure|aws|devops|react|cloud|terraform
WT,3,3,Mobile & IoT Development|Network & Wireless Systems|Cloud & Distributed Systems,Computer Networks,94.1,Software Engineering,80.0,C++,79.2,Java,76.0,Automata Theory,76.0,microcontroller|gpio|sensor|iot|docker|arduino|raspberry pi|mqtt|bluetooth
DWM,1,2,Data Science & Analytics,Automata Theory,73.6,Data Structures and Algorithms,72.6,Computer Networks,71.4,Database Management Systems,64.1,Engineering Mathematics-IV,64.0,power bi|data warehouse|dashboard|postgresql|data mining|sql|analytics|tableau
WT,2,1,Network & Wireless Systems|Cloud & Distributed Systems,IoT,76.7,Microcontroller & Embedded Systems,73.1,Engineering Mathematics-IV,70.1,Computer Networks,63.6,Database Management Systems,63.5,microcontroller|gpio|embedded|arduino|python|bluetooth
ML,2,3,Artificial Intelligence & Machine Learning|Cloud & Distributed Systems,Full Stack Development,79.3,Python,74.0,Data Structures and Algorithms,60.4,Operating Systems,58.8,C++,55.7,classification|keras|fullstack|deep learning|pytorch|regression|python
ML,2,2,Data Science & Analytics|Artificial Intelligence & Machine Learning,Engineering Mathematics-IV,81.4,Computer Networks,71.8,Automata Theory,70.5,Python,67.0,Software Engineering,64.8,numpy|machine learning|data warehouse|pandas|tensorflow|devops|pytorch|nlp
DWM,2,1,Data Science & Analytics|Web Development,Artificial Intelligence,74.15609076384115,Python,64.23599632674194,Cryptography & Network Security,63.3,Design & Analysis of Algorithms,59.6,C++,58.7,power bi|dashboard|postgresql|etl|data mining|analytics
ML,1,1,Data Science & Analytics,Engineering Mathematics-III,82.1,Java,70.0,C++,55.5,Artificial Intelligence,53.0,Automata Theory,51.5,classification|data warehouse|keras|deep learning|python|nlp
WT,2,2,Mobile & IoT Development|Cloud & Distributed Systems,Microcontroller & Embedded Systems,65.2,IoT,59.8,Computer Networks,52.9,Engineering Mathematics-IV,51.5,C++,47.2,microcontroller|iot|data warehouse|embedded|wireless|raspberry pi|mqtt|bluetooth
CCS,1,3,Web Development,Computer Networks,100.0,Software Engineering,100.0,Full Stack Development,100.0,Java,99.6,Database Management Systems,95.7,node|react|ci/cd|docker|azure|devops|serverless|fullstack|cloud|terraform
ML,1,3,Data Science & Analytics,Software Engineering,100.0,Computer Networks,97.6,Engineering Mathematics-III,97.2,Database Management Systems,93.3,Python,92.5,sklearn|numpy|neural network|machine learning|pandas|keras|deep learning|pytorch|nlp
ML,3,1,Data Science & Analytics|Web Development|Network & Wireless Systems,Artificial Intelligence,52.2,Automata Theory,50.5,Database Management Systems,45.9,Digital Logic & Design,45.9,Cryptography & Network Security,45.6,sklearn|tensorflow|nlp
ML,2,1,Data Science & Analytics|Artificial Intelligence & Machine Learning,Cryptography & Network Security,73.8,Design & Analysis of Algorithms,61.8,Engineering Mathematics-III,61.3,Python,61.0,C++,57.9,sklearn|tensorflow|pandas|pytorch|python|nlp
DWM,1,1,Data Science & Analytics,Data Structures and Algorithms,80.4,Engineering Mathematics-III,67.8,Software Engineering,67.3,Engineering Mathematics-IV,62.8,C++,60.2,data warehouse|analytics
WT,1,2,Network & Wireless Systems,Computer Networks,75.7,IoT,69.3,Automata Theory,68.7,Artificial Intelligence,67.0,Digital Logic & Design,65.6,microcontroller|gpio|sensor|wireless|arduino|raspberry pi
ML,1,3,Data Science & Analytics,Cryptography & Network Security,84.2,Data Structures and Algorithms,76.1,Artificial Intelligence,74.9,Automata Theory,73.0,Python,71.8,machine learning|sensor|tensorflow|pandas|pytorch|regression|python
ML,2,2,Artificial Intelligence & Machine Learning|Web Development,Python,100.0,Engineering Mathematics-III,96.4,Data Structures and Algorithms,96.1,Computer Networks,95.9,Artificial Intelligence,95.9,classification|machine learning|pandas|deep learning|pytorch|python|nlp
CCS,1,2,Web Development,Full Stack Development,74.3,Engineering Mathematics-IV,72.7,Java,70.3,Artificial Intelligence,68.9,Database Management Systems,67.68028318584079,node|kubernetes|azure|aws|devops|sql|fullstack
ML,2,0,Artificial Intelligence & Machine Learning|Data Science & Analytics,Operating Systems,78.6,Data Structures and Algorithms,77.3,Software Engineering,74.2,Database Management Systems,74.0,Python,71.1,
DWM,1,3,Data Science & Analytics,Computer Networks,93.70062481486912,C++,91.2,Data Structures and Algorithms,91.1,Engineering Mathematics-III,87.5,Engineering Mathematics-IV,86.6,power bi|mongodb|dashboard|postgresql|etl|data mining|analytics|sql|tableau
ML,3,3,Data Science & Analytics|Artificial Intelligence & Machine Learning|Web Development,Microcontroller & Embedded Systems,68.3,Data Structures and Algorithms,65.2,Engineering Mathematics-III,57.0,Engineering Mathematics-IV,57.0,Java,56.8,sklearn|numpy|machine learning|tensorflow|pandas|keras|arduino|deep learning|pytorch|regression
ML,3,3,Artificial Intelligence & Machine Learning|Cloud & Distributed Systems|Network & Wireless Systems,Artificial Intelligence,55.5,Digital Logic & Design,39.4,Data Structures and Algorithms,36.3,Python,31.7,Microcontroller & Embedded Systems,29.9,sklearn|numpy|classification|neural network|machine learning|data warehouse|pandas|tensorflow|deep learning|pytorch
ML,3,4,Artificial Intelligence & Machine Learning|Data Science & Analytics|Network & Wireless Systems,Automata Theory,81.9,C++,63.2,Engineering Mathematics-IV,56.1,Artificial Intelligence,55.6,Operating Systems,55.1,sklearn|numpy|classification|pytorch|tensorflow|pandas|deep learning|neural network|regression|python
CCS,3,2,Cloud & Distributed Systems|Web Development|Artificial Intelligence & Machine Learning,Database Management Systems,100.0,Software Engineering,88.6,C++,80.1,Full Stack Development,79.0,Java,72.1,kubernetes|ci/cd|docker|aws|serverless|fullstack
WT,2,1,Network & Wireless Systems|Mobile & IoT Development,Computer Networks,68.14760891524064,Java,58.3,Engineering Mathematics-III,57.1,Data Structures and Algorithms,53.7,Cryptography & Network Security,52.2,gpio|sensor|esp32|mqtt|bluetooth
CCS,2,3,Cloud & Distributed Systems|Web Development,Software Engineering,75.8,Design & Analysis of Algorithms,74.6,Cryptography & Network Security,74.6,Database Management Systems,71.8,Full Stack Development,69.6,kubernetes|ci/cd|docker|fullstack|azure|devops|react|cloud|terraform
WT,3,2,Mobile & IoT Development|Network & Wireless Systems|Data Science & Analytics,Operating Systems,69.5,Design & Analysis of Algorithms,65.9,Full Stack Development,64.0,Computer Networks,62.6,Engineering Mathematics-IV,60.7,microcontroller|embedded|arduino|raspberry pi|mqtt|terraform|bluetooth
DWM,2,2,Data Science & Analytics|Artificial Intelligence & Machine Learning,Operating Systems,69.4,Data Structures and Algorithms,64.1,Database Management Systems,61.8,Engineering Mathematics-IV,61.6,Automata Theory,59.1,power bi|data warehouse|data mining|analytics|tableau
DWM,2,3,Data Science & Analytics|Web Development,Full Stack Development,78.5,Artificial Intelligence,77.1,Engineering Mathematics-IV,77.0,C++,63.0,Database Management Systems,62.1,data warehouse|dashboard|mongodb|postgresql|etl|data mining|sql|analytics|tableau
WT,2,3,Mobile & IoT Development|Network & Wireless Systems,Data Structures and Algorithms,86.34791586450119,Automata Theory,78.2,Microcontroller & Embedded Systems,72.6,Cryptography & Network Security,70.3,Java,64.3,microcontroller|gpio|sensor|iot|pandas|embedded|postgresql|esp32|wireless|raspberry pi
DWM,1,3,Data Science & Analytics,Operating Systems,61.1,Full Stack Development,56.1,Engineering Mathematics-IV,52.3,Design & Analysis of Algorithms,50.7,Data Structures and Algorithms,45.5,power bi|gpio|data warehouse|dashboard|postgresql|etl|data mining|analytics|sql|tableau
WT,2,2,Mobile & IoT Development|Data Science & Analytics,IoT,69.7,Operating Systems,67.9,Cryptography & Network Security,67.9,C++,66.3,Java,58.2,sensor|embedded|esp32|wireless|mqtt|bluetooth
WT,2,2,Mobile & IoT Development|Cloud & Distributed Systems,Engineering Mathematics-III,79.0,Engineering Mathematics-IV,67.5,Data Structures and Algorithms,67.5,Cryptography & Network Security,67.1,Design & Analysis of Algorithms,63.2,gpio|embedded|esp32|arduino|mqtt|bluetooth
ML,3,1,Artificial Intelligence & Machine Learning|Data Science & Analytics|Web Development,Python,72.3,Engineering Mathematics-III,71.0,IoT,57.7,Full Stack Development,57.4,Design & Analysis of Algorithms,55.3,pytorch|tensorflow
ML,2,4,Data Science & Analytics|Artificial Intelligence & Machine Learning,Engineering Mathematics-IV,50.3,Digital Logic & Design,48.0,Software Engineering,47.8,Cryptography & Network Security,47.2,Artificial Intelligence,47.1,sklearn|numpy|classification|gpio|machine learning|terraform|tensorflow|deep learning|neural network|python
WT,2,1,Mobile & IoT Development|Network & Wireless Systems,IoT,88.0,Microcontroller & Embedded Systems,85.4,Operating Systems,76.7,Database Management Systems,75.4,Design & Analysis of Algorithms,75.3,sensor|gpio|mqtt|arduino
DWM,2,2,Data Science & Analytics|Cloud & Distributed Systems,Design & Analysis of Algorithms,78.6,Software Engineering,67.9,Data Structures and Algorithms,63.4,IoT,62.9,C++,53.1,power bi|mongodb|data warehouse|postgresql|sql|tableau
WT,1,2,Network & Wireless Systems,IoT,58.0,Java,56.8,Database Management Systems,56.2,Computer Networks,51.3,Design & Analysis of Algorithms,47.8,sensor|iot|embedded|wireless|esp32|raspberry pi|bluetooth
CCS,1,3,Cloud & Distributed Systems,Full Stack Development,58.7,Digital Logic & Design,46.5,Software Engineering,41.4,Computer Networks,36.0,Engineering Mathematics-III,35.4,node|kubernetes|ci/cd|dashboard|docker|postgresql|azure|aws|serverless|fullstack
WT,2,4,Mobile & IoT Development|Network & Wireless Systems,Computer Networks,100.0,Digital Logic & Design,97.3,Java,95.5,IoT,95.0,Engineering Mathematics-IV,94.7,microcontroller|gpio|sensor|iot|mongodb|embedded|pandas|wireless|esp32|arduino
CCS,2,2,Web Development|Data Science & Analytics,Full Stack Development,74.0,Operating Systems,73.7,Computer Networks,72.7,Software Engineering,67.4,Database Management Systems,62.1,node|kubernetes|react|aws|serverless|fullstack|mqtt
CCS,3,3,Web Development|Cloud & Distributed Systems|Artificial Intelligence & Machine Learning,Engineering Mathematics-IV,95.7,Computer Networks,93.1,Full Stack Development,91.7,Data Structures and Algorithms,88.95179967876518,Cryptography & Network Security,82.3,kubernetes|fullstack|azure|devops|serverless|react|cloud|terraform
WT,2,1,Mobile & IoT Development|Network & Wireless Systems,IoT,63.6,Full Stack Development,62.71241647795983,Engineering Mathematics-III,57.1,Computer Networks,56.21016382228553,Microcontroller & Embedded Systems,55.3,microcontroller|sensor|pandas|wireless|raspberry pi|mqtt
CCS,1,1,Cloud & Distributed Systems,Computer Networks,67.8,Software Engineering,62.7,Digital Logic & Design,62.1,Automata Theory,61.9,Engineering Mathematics-III,59.8,cloud|aws|serverless|react
WT,3,3,Network & Wireless Systems|Mobile & IoT Development|Cloud & Distributed Systems,Computer Networks,57.3,Python,53.1,C++,48.5,Operating Systems,46.8,Microcontroller & Embedded Systems,43.8,microcontroller|gpio|iot|sensor|data warehouse|embedded|esp32|arduino|raspberry pi|mqtt
WT,2,2,Mobile & IoT Development|Cloud & Distributed Systems,Microcontroller & Embedded Systems,79.7,Digital Logic & Design,76.7,Operating Systems,76.6,Database Management Systems,76.07822438207045,Data Structures and Algorithms,76.02903747911995,microcontroller|gpio|iot|wireless|mqtt|terraform
WT,3,2,Mobile & IoT Development|Network & Wireless Systems|Cloud & Distributed Systems,Data Structures and Algorithms,60.6,Database Management Systems,55.9,Engineering Mathematics-III,54.2,Operating Systems,49.7,Microcontroller & Embedded Systems,49.6,microcontroller|iot|sensor|arduino|raspberry pi
ML,2,4,Artificial Intelligence & Machine Learning|Data Science & Analytics,Artificial Intelligence,85.9,Python,82.1,Database Management Systems,81.2,Data Structures and Algorithms,78.3,Computer Networks,72.1,node|numpy|machine learning|pytorch|pandas|keras|deep learning|neural network|python|nlp
CCS,2,3,Cloud & Distributed Systems|Data Science & Analytics,Computer Networks,80.80588586937958,Python,80.0,Design & Analysis of Algorithms,73.0,Data Structures and Algorithms,69.8,Digital Logic & Design,64.3,classification|ci/cd|docker|azure|devops|terraform
CCS,3,1,Cloud & Distributed Systems|Network & Wireless Systems|Artificial Intelligence & Machine Learning,Engineering Mathematics-III,100.0,Software Engineering,90.3,Data Structures and Algorithms,88.6,Python,87.7,Design & Analysis of Algorithms,87.6,azure|react
DWM,1,2,Data Science & Analytics,Operating Systems,32.3,Design & Analysis of Algorithms,26.4,Engineering Mathematics-IV,22.6,Computer Networks,18.4,Cryptography & Network Security,14.4,mongodb|dashboard|postgresql|analytics|sql|tableau
ML,2,3,Data Science & Analytics|Cloud & Distributed Systems,C++,100.0,Artificial Intelligence,100.0,IoT,95.5,Database Management Systems,88.4,Computer Networks,86.1,sklearn|numpy|neural network|classification|tensorflow|keras|deep learning|regression|nlp
WT,2,1,Network & Wireless Systems|Mobile & IoT Development,Cryptography & Network Security,79.2,IoT,75.0,Engineering Mathematics-III,71.2,Computer Networks,69.5,Digital Logic & Design,67.5,gpio|sensor|embedded|wireless|mqtt
ML,3,0,Artificial Intelligence & Machine Learning|Data Science & Analytics|Cloud & Distributed Systems,Artificial Intelligence,68.4,Python,65.6,Data Structures and Algorithms,60.9,Operating Systems,60.8,Engineering Mathematics-III,47.3,
CCS,1,1,Cloud & Distributed Systems,Full Stack Development,70.4,Software Engineering,68.2,Python,68.2,Operating Systems,66.7,C++,65.7,azure|serverless|terraform
CCS,1,2,Web Development,Computer Networks,72.3,Cryptography & Network Security,71.9,Software Engineering,61.1,Design & Analysis of Algorithms,60.4,C++,57.2,node|ci/cd|docker|azure|aws|devops|serverless|react|cloud
ML,2,1,Data Science & Analytics|Artificial Intelligence & Machine Learning,Python,76.3,Database Management Systems,75.8,Engineering Mathematics-IV,60.5,Operating Systems,59.3,Java,58.8,pytorch|bluetooth|keras
WT,2,2,Mobile & IoT Development|Network & Wireless Systems,Computer Networks,70.7,Digital Logic & Design,69.8,Database Management Systems,61.9,Microcontroller & Embedded Systems,61.9,Artificial Intelligence,58.570377037308376,microcontroller|gpio|ci/cd|iot|sensor|wireless|arduino
DWM,1,3,Data Science & Analytics,Python,88.4,Full Stack Development,83.2,Engineering Mathematics-III,81.4,Automata Theory,80.9,Software Engineering,78.9,power bi|gpio|mongodb|data warehouse|etl|analytics|sql|tableau
CCS,3,1,Web Development|Cloud & Distributed Systems|Data Science & Analytics,Cryptography & Network Security,79.9,Digital Logic & Design,72.9,Engineering Mathematics-III,69.6,Python,65.1,Software Engineering,65.0,node|ci/cd|postgresql|azure|fullstack|terraform
DWM,1,2,Data Science & Analytics,Engineering Mathematics-IV,87.3,Digital Logic & Design,62.8,Data Structures and Algorithms,62.7,Artificial Intelligence,59.7,Cryptography & Network Security,59.6,power bi|data warehouse|dashboard|postgresql|sql
WT,1,2,Mobile & IoT Development,Data Structures and Algorithms,95.63094680530999,IoT,81.5,Digital Logic & Design,77.9,Microcontroller & Embedded Systems,73.3,Computer Networks,73.2,microcontroller|embedded|esp32|sql|arduino|raspberry pi|mqtt
CCS,2,3,Cloud & Distributed Systems|Web Development,IoT,56.8,Operating Systems,49.8,Engineering Mathematics-III,40.6,Engineering Mathematics-IV,39.5,Computer Networks,36.6,ci/cd|docker|azure|aws|react|raspberry pi|terraform
WT,2,4,Mobile & IoT Development|Cloud & Distributed Systems,Digital Logic & Design,66.5,Computer Networks,64.0,Operating Systems,62.6,Design & Analysis of Algorithms,50.5,Data Structures and Algorithms,49.1,microcontroller|gpio|sensor|mongodb|docker|embedded|esp32|arduino|raspberry pi|mqtt
ML,2,3,Artificial Intelligence & Machine Learning|Cloud & Distributed Systems,Engineering Mathematics-IV,81.5,Java,77.6,Operating Systems,66.4,Database Management Systems,62.0,Data Structures and Algorithms,61.0,sklearn|classification|machine learning|pytorch|pandas|tensorflow|keras|regression|python|nlp
ML,3,3,Data Science & Analytics|Artificial Intelligence & Machine Learning|Web Development,Artificial Intelligence,76.4,Database Management Systems,76.3,Python,73.2,Java,69.5,Engineering Mathematics-IV,67.3,sklearn|node|pandas|tensorflow|keras|serverless|deep learning|pytorch|python|nlp
ML,2,2,Data Science & Analytics|Artificial Intelligence & Machine Learning,Cryptography & Network Security,79.8,Data Structures and Algorithms,78.3,Full Stack Development,77.65604345359672,Artificial Intelligence,76.0,Automata Theory,72.1,sklearn|numpy|dashboard|pandas|tensorflow|keras|pytorch
WT,1,2,Mobile & IoT Development,Database Management Systems,100.0,Digital Logic & Design,100.0,Computer Networks,100.0,C++,100.0,Java,100.0,microcontroller|gpio|wireless|raspberry pi|mqtt
WT,3,2,Web Development|Cloud & Distributed Systems|Network & Wireless Systems,Operating Systems,71.5,Database Management Systems,68.9,Computer Networks,68.3,Artificial Intelligence,67.1,Microcontroller & Embedded Systems,65.8,iot|esp32|arduino|regression|raspberry pi|bluetooth
DWM,2,3,Data Science & Analytics|Cloud & Distributed Systems,Microcontroller & Embedded Systems,82.73655809697092,Data Structures and Algorithms,78.0,Database Management Systems,77.8,Digital Logic & Design,67.6,Artificial Intelligence,67.1,power bi|data warehouse|dashboard|mongodb|postgresql|etl|data mining|sql|analytics|raspberry pi
DWM,1,3,Data Science & Analytics,C++,91.8,Artificial Intelligence,89.10902936793768,Data Structures and Algorithms,84.8,Operating Systems,82.3,Software Engineering,80.0,mongodb|dashboard|data warehouse|sensor|postgresql|etl|data mining|sql|analytics|tableau
DWM,1,2,Data Science & Analytics,Database Management Systems,88.2,Java,83.9,C++,82.5,Engineering Mathematics-IV,77.3,Full Stack Development,76.8,power bi|mongodb|dashboard|data warehouse|postgresql|etl|keras|analytics|sql|raspberry pi
CCS,2,2,Cloud & Distributed Systems|Web Development,Full Stack Development,100.0,Computer Networks,98.6,Python,95.7,Automata Theory,95.1,Software Engineering,94.1,node|azure|devops|serverless|sql|react|cloud|terraform
DWM,1,3,Data Science & Analytics,Artificial Intelligence,93.7,Data Structures and Algorithms,92.1,Operating Systems,90.8,Software Engineering,87.1,Java,83.7,mongodb|data warehouse|dashboard|postgresql|etl|data mining|analytics|tableau
ML,3,4,Artificial Intelligence & Machine Learning|Data Science & Analytics|Cloud & Distributed Systems,Database Management Systems,64.1,Artificial Intelligence,62.5,Java,55.1,Software Engineering,55.0,Python,53.2,sklearn|power bi|numpy|neural network|react|machine learning|tensorflow|pandas|deep learning|pytorch
CCS,2,3,Web Development|Cloud & Distributed Systems,Full Stack Development,79.1,Java,72.8,Operating Systems,69.6,Python,66.7,Database Management Systems,62.8,node|kubernetes|react|ci/cd|dashboard|docker|aws|devops|serverless|fullstack
CCS,2,4,Cloud & Distributed Systems|Web Development,Full Stack Development,57.7,Java,53.2,Computer Networks,43.4,Python,40.4,Cryptography & Network Security,40.3,node|kubernetes|react|ci/cd|data warehouse|docker|aws|devops|serverless|fullstack
WT,2,1,Mobile & IoT Development|Network & Wireless Systems,Artificial Intelligence,72.8,Microcontroller & Embedded Systems,58.1,Operating Systems,58.0,IoT,58.0,Engineering Mathematics-III,56.3,microcontroller|embedded|mqtt
WT,2,2,Network & Wireless Systems|Cloud & Distributed Systems,IoT,70.9,Operating Systems,58.1,Microcontroller & Embedded Systems,56.8,Data Structures and Algorithms,55.15691906868284,C++,53.0,sensor|embedded|wireless|arduino|mqtt|bluetooth
DWM,1,2,Data Science & Analytics,Artificial Intelligence,50.8,Full Stack Development,39.3,Design & Analysis of Algorithms,32.3,Engineering Mathematics-IV,31.9,Microcontroller & Embedded Systems,24.8,power bi|mongodb|dashboard|data warehouse|data mining|cloud
DWM,1,1,Data Science & Analytics,Data Structures and Algorithms,73.0,Python,69.8,Microcontroller & Embedded Systems,66.3,Database Management Systems,63.0,Operating Systems,62.2,power bi|data warehouse|mongodb|data mining|tableau
DWM,2,3,Data Science & Analytics|Web Development,Artificial Intelligence,69.1,Operating Systems,58.0,Database Management Systems,57.7,Full Stack Development,53.6,Automata Theory,52.0,power bi|mongodb|dashboard|data warehouse|etl|data mining|bluetooth|sql|analytics|tableau
ML,1,3,Data Science & Analytics,Database Management Systems,81.5,Engineering Mathematics-III,74.3,C++,73.9,Computer Networks,71.74488225023855,Data Structures and Algorithms,69.5,sklearn|classification|machine learning|pandas|keras|arduino|neural network|regression|python
ML,2,1,Artificial Intelligence & Machine Learning|Cloud & Distributed Systems,Software Engineering,81.9,Artificial Intelligence,78.1,Database Management Systems,77.2,Automata Theory,75.7,Computer Networks,72.3,pytorch|pandas|classification|deep learning
ML,1,2,Artificial Intelligence & Machine Learning,Java,72.1,Data Structures and Algorithms,52.0,Computer Networks,50.7,Engineering Mathematics-III,46.9,Artificial Intelligence,45.4,classification|machine learning|pandas|tensorflow|neural network|regression
CCS,2,2,Web Development|Cloud & Distributed Systems,Database Management Systems,78.4,Engineering Mathematics-III,66.9,Computer Networks,66.6,Operating Systems,61.3,Artificial Intelligence,59.1,node|kubernetes|ci/cd|docker|azure|aws|devops
DWM,1,4,Data Science & Analytics,Engineering Mathematics-IV,63.7,Engineering Mathematics-III,53.2,Cryptography & Network Security,48.9,Java,47.0,Database Management Systems,46.3,power bi|mongodb|dashboard|data warehouse|postgresql|etl|data mining|sql|analytics|tableau
ML,3,2,Artificial Intelligence & Machine Learning|Data Science & Analytics|Web Development,Python,55.8,Engineering Mathematics-III,53.8,Operating Systems,50.6,Design & Analysis of Algorithms,43.6,C++,43.4,sklearn|neural network|classification|deep learning|regression|python|nlp
CCS,2,2,Web Development|Data Science & Analytics,Automata Theory,64.3,Engineering Mathematics-IV,56.9,C++,47.3,Engineering Mathematics-III,47.1,Data Structures and Algorithms,46.1,node|ci/cd|iot|docker|devops|serverless|cloud|terraform
ML,3,1,Artificial Intelligence & Machine Learning|Data Science & Analytics|Web Development,Automata Theory,69.6,Cryptography & Network Security,65.3,C++,62.7,Design & Analysis of Algorithms,61.1,Java,60.1,regression|mqtt|python|keras
DWM,2,2,Data Science & Analytics|Web Development,Data Structures and Algorithms,89.1,Engineering Mathematics-III,88.9,Artificial Intelligence,85.0,Software Engineering,84.6,Microcontroller & Embedded Systems,79.2,power bi|data warehouse|postgresql|etl|data mining|sql|analytics|tableau
ML,3,1,Data Science & Analytics|Artificial Intelligence & Machine Learning|Network & Wireless Systems,Computer Networks,72.6,Engineering Mathematics-III,72.1,Operating Systems,64.3,Software Engineering,63.8,Digital Logic & Design,61.5,machine learning|keras|deep learning|pytorch|nlp
CCS,1,1,Web Development,Computer Networks,66.4,Cryptography & Network Security,65.5,Full Stack Development,65.1,Database Management Systems,56.2,Data Structures and Algorithms,55.8,power bi|kubernetes|ci/cd|aws|serverless|react
DWM,1,2,Data Science & Analytics,Python,79.2,Artificial Intelligence,74.4,Data Structures and Algorithms,74.0,Cryptography & Network Security,72.7,Software Engineering,72.3,kubernetes|mongodb|data warehouse|etl|data mining|sql|tableau
ML,1,0,Data Science & Analytics,IoT,64.4,Artificial Intelligence,63.2,Software Engineering,62.9,Engineering Mathematics-IV,61.4,Digital Logic & Design,54.7,
ML,2,2,Artificial Intelligence & Machine Learning|Data Science & Analytics,Python,66.8,Digital Logic & Design,62.3,Operating Systems,56.3,Artificial Intelligence,54.2,Engineering Mathematics-III,48.8,numpy|classification|neural network|machine learning|tensorflow|deep learning|pytorch|nlp
CCS,3,2,Cloud & Distributed Systems|Web Development|Data Science & Analytics,Full Stack Development,49.4,Java,48.1,Digital Logic & Design,42.6,Engineering Mathematics-III,41.1,Operating Systems,34.2,node|ci/cd|data warehouse|devops|react
ML,3,4,Data Science & Analytics|Artificial Intelligence & Machine Learning|Network & Wireless Systems,Python,100.0,Data Structures and Algorithms,96.9,Automata Theory,95.8,Java,95.6,Artificial Intelligence,95.0,sklearn|numpy|classification|neural network|machine learning|pytorch|pandas|keras|regression|python
WT,1,2,Mobile & IoT Development,IoT,75.9,Microcontroller & Embedded Systems,70.4,Cryptography & Network Security,69.2,C++,68.5,Full Stack Development,66.46630195384779,microcontroller|gpio|esp32|arduino|raspberry pi|mqtt|bluetooth
CCS,3,3,Web Development|Cloud & Distributed Systems|Artificial Intelligence & Machine Learning,Operating Systems,69.0,Digital Logic & Design,61.4,Design & Analysis of Algorithms,61.4,Computer Networks,61.2,Database Management Systems,59.994170650415555,kubernetes|microcontroller|ci/cd|data warehouse|docker|keras|azure|devops|serverless|fullstack
WT,1,1,Network & Wireless Systems,Automata Theory,57.7,Database Management Systems,52.8,Python,51.8,C++,51.3,Design & Analysis of Algorithms,49.4,microcontroller|sensor|iot|embedded|raspberry pi|bluetooth
WT,4,3,Network & Wireless Systems|Mobile & IoT Development|Cloud & Distributed Systems|Data Science & Analytics,IoT,56.8,Microcontroller & Embedded Systems,56.4,Data Structures and Algorithms,50.574940466339015,Database Management Systems,50.14195955330532,Engineering Mathematics-IV,50.0,microcontroller|gpio|sensor|embedded|etl|esp32|wireless|raspberry pi|mqtt|bluetooth
DWM,2,1,Data Science & Analytics|Web Development,Python,70.52132586437915,Artificial Intelligence,63.73462047483231,Database Management Systems,62.5,Operating Systems,54.4,Microcontroller & Embedded Systems,52.1,data warehouse|postgresql|etl|analytics|sql
DWM,1,2,Data Science & Analytics,Database Management Systems,97.8,Full Stack Development,91.4,Engineering Mathematics-III,90.1,C++,89.2,Software Engineering,88.5,sklearn|power bi|data warehouse|etl|sql|analytics
DWM,2,3,Data Science & Analytics|Artificial Intelligence & Machine Learning,Artificial Intelligence,64.3,Engineering Mathematics-IV,62.0,Microcontroller & Embedded Systems,60.0,Automata Theory,59.9,Database Management Systems,51.6,sklearn|mongodb|dashboard|data warehouse|etl|data mining|sql|neural network|tableau
DWM,2,3,Data Science & Analytics|Artificial Intelligence & Machine Learning,Computer Networks,62.4,Design & Analysis of Algorithms,54.2,Full Stack Development,53.1,Engineering Mathematics-IV,50.5,Microcontroller & Embedded Systems,50.3,power bi|data warehouse|mongodb|dashboard|postgresql|etl|data mining|analytics|sql|raspberry pi
CCS,2,3,Cloud & Distributed Systems|Artificial Intelligence & Machine Learning,Full Stack Development,93.4,Computer Networks,92.0,Python,85.0,IoT,82.9,Operating Systems,80.2,node|kubernetes|machine learning|mongodb|azure|aws|devops|serverless|react|terraform
CCS,3,1,Web Development|Cloud & Distributed Systems|Data Science & Analytics,Operating Systems,73.3,Computer Networks,69.7,Software Engineering,61.8,Cryptography & Network Security,60.2,C++,58.8,kubernetes|ci/cd|docker|azure|react|raspberry pi|terraform
DWM,1,3,Data Science & Analytics,Database Management Systems,61.9,Computer Networks,55.8,Data Structures and Algorithms,54.4,Operating Systems,54.1,Engineering Mathematics-IV,50.8,power bi|mongodb|dashboard|postgresql|etl|aws|wireless|sql|tableau
WT,2,1,Network & Wireless Systems|Cloud & Distributed Systems,Data Structures and Algorithms,81.8,Engineering Mathematics-IV,80.2,IoT,77.4,Digital Logic & Design,77.0,Microcontroller & Embedded Systems,73.3,gpio|sensor|embedded|wireless|raspberry pi|bluetooth
ML,2,4,Artificial Intelligence & Machine Learning|Data Science & Analytics,Data Structures and Algorithms,75.19544737715634,Design & Analysis of Algorithms,64.0,Database Management Systems,54.48926177543351,Artificial Intelligence,52.9,Operating Systems,51.6,sklearn|numpy|classification|pytorch|pandas|tensorflow|keras|deep learning|neural network|regression
CCS,2,1,Web Development|Artificial Intelligence & Machine Learning,Software Engineering,82.1,Full Stack Development,81.2,IoT,79.9,Engineering Mathematics-III,78.7,Computer Networks,78.3,kubernetes|docker|devops
CCS,3,0,Cloud & Distributed Systems|Web Development|Network & Wireless Systems,Full Stack Development,79.6,Digital Logic & Design,72.1,Database Management Systems,68.1,Automata Theory,68.0,Computer Networks,66.9,
WT,1,3,Network & Wireless Systems,Digital Logic & Design,100.0,Computer Networks,100.0,Microcontroller & Embedded Systems,100.0,Design & Analysis of Algorithms,89.8,IoT,88.3,kubernetes|gpio|iot|embedded|esp32|wireless|arduino|mqtt|bluetooth
DWM,1,1,Data Science & Analytics,Data Structures and Algorithms,60.6,Software Engineering,56.4,Python,56.2,Design & Analysis of Algorithms,53.7,Java,52.2,power bi|classification|postgresql|analytics
DWM,1,4,Data Science & Analytics,Python,71.6,Database Management Systems,64.9,Data Structures and Algorithms,64.3,Microcontroller & Embedded Systems,53.7,Engineering Mathematics-III,50.5,power bi|data warehouse|mongodb|dashboard|postgresql|etl|data mining|analytics|tableau
DWM,2,1,Data Science & Analytics|Web Development,C++,97.1,Data Structures and Algorithms,97.0,Database Management Systems,96.5,Cryptography & Network Security,93.2,Computer Networks,84.5,power bi|data warehouse|postgresql|etl|sql|tableau
DWM,1,3,Data Science & Analytics,Automata Theory,72.1,Data Structures and Algorithms,69.4,Cryptography & Network Security,68.9,Artificial Intelligence,61.4,C++,57.8,power bi|data warehouse|dashboard|mongodb|postgresql|etl|sql|tableau
ML,1,4,Artificial Intelligence & Machine Learning,Database Management Systems,95.7,C++,89.4,Automata Theory,87.1,IoT,83.6,Artificial Intelligence,82.4,sklearn|numpy|classification|machine learning|sensor|tensorflow|keras|neural network|python|nlp
WT,3,1,Network & Wireless Systems|Mobile & IoT Development|Cloud & Distributed Systems,Digital Logic & Design,78.8,Computer Networks,63.0,IoT,59.1,Artificial Intelligence,50.8,C++,50.4,microcontroller|machine learning|iot|embedded|wireless|arduino|bluetooth
CCS,2,2,Cloud & Distributed Systems|Web Development,Cryptography & Network Security,61.7,Computer Networks,61.22848314962636,Software Engineering,54.2,Database Management Systems,52.1,Full Stack Development,52.0,node|kubernetes|ci/cd|docker|azure|devops
WT,3,2,Network & Wireless Systems|Mobile & IoT Development|Data Science & Analytics,IoT,82.7,Microcontroller & Embedded Systems,80.0,Digital Logic & Design,78.8,Computer Networks,72.2,Database Management Systems,71.4,microcontroller|gpio|iot|sensor|arduino|regression|mqtt|bluetooth
WT,1,3,Mobile & IoT Development,Engineering Mathematics-IV,86.3,Database Management Systems,74.6,Full Stack Development,73.9,IoT,71.6,Computer Networks,70.2,microcontroller|gpio|iot|sensor|pytorch|raspberry pi|bluetooth
DWM,3,2,Data Science & Analytics|Web Development|Cloud & Distributed Systems,Cryptography & Network Security,86.9,Database Management Systems,79.7,Artificial Intelligence,70.7,Computer Networks,60.5,Data Structures and Algorithms,60.1,power bi|mongodb|data warehouse|postgresql|etl|data mining|analytics
DWM,2,4,Data Science & Analytics|Web Development,Data Structures and Algorithms,68.9,Microcontroller & Embedded Systems,61.9,Design & Analysis of Algorithms,61.1,Full Stack Development,60.7,Automata Theory,58.1,power bi|classification|mongodb|dashboard|data warehouse|postgresql|etl|data mining|sql|analytics
ML,2,4,Artificial Intelligence & Machine Learning|Data Science & Analytics,Database Management Systems,83.2,Microcontroller & Embedded Systems,83.16718772543572,Cryptography & Network Security,82.6,Artificial Intelligence,81.9,Java,79.0,classification|neural network|machine learning|pytorch|tensorflow|pandas|fullstack|sql|deep learning|regression
DWM,2,3,Data Science & Analytics|Artificial Intelligence & Machine Learning,Design & Analysis of Algorithms,80.8,Java,69.4,Computer Networks,63.1,C++,63.0,Data Structures and Algorithms,61.9,power bi|dashboard|postgresql|etl|data mining|sql|analytics
ML,3,2,Artificial Intelligence & Machine Learning|Data Science & Analytics|Network & Wireless Systems,Automata Theory,89.8,Operating Systems,87.6,Artificial Intelligence,85.7,Python,83.9,Java,83.4,numpy|classification|machine learning|deep learning|neural network|regression|nlp
CCS,2,1,Web Development|Cloud & Distributed Systems,Design & Analysis of Algorithms,88.7,C++,80.3,Operating Systems,80.1,Digital Logic & Design,78.3,Cryptography & Network Security,78.0,kubernetes|fullstack|azure|devops|react
CCS,2,1,Cloud & Distributed Systems|Web Development,Engineering Mathematics-III,98.5,Database Management Systems,94.0,Python,91.4,Cryptography & Network Security,87.4,IoT,83.6,kubernetes|ci/cd|aws|serverless|cloud
CCS,4,3,Cloud & Distributed Systems|Web Development|Data Science & Analytics|Artificial Intelligence & Machine Learning,Full Stack Development,59.6,Computer Networks,52.71260904973156,Engineering Mathematics-III,48.4,Engineering Mathematics-IV,47.3,Microcontroller & Embedded Systems,45.519720652235684,node|kubernetes|tensorflow|aws|serverless|react|cloud|terraform
DWM,1,2,Data Science & Analytics,Java,69.9,Cryptography & Network Security,69.5,Database Management Systems,66.8,Engineering Mathematics-III,66.0,Artificial Intelligence,63.6,power bi|data warehouse|dashboard|mongodb|postgresql|data mining|sql|tableau
CCS,3,2,Cloud & Distributed Systems|Web Development|Data Science & Analytics,Automata Theory,82.4,Computer Networks,79.3,Full Stack Development,78.0,C++,77.2,Data Structures and Algorithms,74.7,node|kubernetes|embedded|docker|fullstack|devops|serverless|esp32|react|cloud
CCS,2,4,Cloud & Distributed Systems|Artificial Intelligence & Machine Learning,Operating Systems,97.3,Cryptography & Network Security,93.5,Database Management Systems,93.1,Full Stack Development,91.7,Engineering Mathematics-III,89.5,node|kubernetes|ci/cd|azure|devops|serverless|fullstack|cloud|terraform
DWM,2,1,Data Science & Analytics|Web Development,Engineering Mathematics-IV,100.0,Database Management Systems,100.0,Software Engineering,100.0,Cryptography & Network Security,97.0,Full Stack Development,97.0,data warehouse|etl
WT,2,3,Mobile & IoT Development|Cloud & Distributed Systems,Microcontroller & Embedded Systems,86.0,Full Stack Development,79.7,C++,78.4,Operating Systems,76.2,Automata Theory,74.3,microcontroller|iot|sensor|embedded|wireless|esp32|arduino|raspberry pi|mqtt|bluetooth
WT,3,3,Mobile & IoT Development|Network & Wireless Systems|Cloud & Distributed Systems,Engineering Mathematics-III,44.3,Microcontroller & Embedded Systems,43.2,Computer Networks,43.0,IoT,40.2,Data Structures and Algorithms,36.2,microcontroller|react|sensor|iot|embedded|esp32|arduino|wireless|mqtt|bluetooth
ML,4,1,Artificial Intelligence & Machine Learning|Data Science & Analytics|Cloud & Distributed Systems|Network & Wireless Systems,Engineering Mathematics-III,81.4,Artificial Intelligence,78.9,Cryptography & Network Security,76.9,Python,75.9,Design & Analysis of Algorithms,74.8,neural network|numpy
WT,4,1,Web Development|Cloud & Distributed Systems|Network & Wireless Systems|Mobile & IoT Development,Database Management Systems,74.4,Computer Networks,62.8,Python,60.5,Digital Logic & Design,59.9,Java,53.0,pytorch|microcontroller|gpio|arduino
DWM,2,1,Data Science & Analytics|Cloud & Distributed Systems,Data Structures and Algorithms,89.3,Database Management Systems,79.5,Engineering Mathematics-IV,75.6,Java,74.6,Artificial Intelligence,72.5,power bi|dashboard|postgresql|sql
DWM,1,2,Data Science & Analytics,Operating Systems,96.4,Computer Networks,93.7,Engineering Mathematics-IV,92.4,Java,91.9,Engineering Mathematics-III,90.3,power bi|data warehouse|dashboard|postgresql|data mining|analytics|sql|tableau
ML,4,1,Artificial Intelligence & Machine Learning|Data Science & Analytics|Web Development|Network & Wireless Systems,Artificial Intelligence,100.0,Operating Systems,95.3,Full Stack Development,95.2,Java,94.2,Engineering Mathematics-III,93.3,machine learning|tensorflow|keras|regression|python|nlp
DWM,2,2,Data Science & Analytics|Artificial Intelligence & Machine Learning,Full Stack Development,79.38795157050154,Engineering Mathematics-IV,69.2,Software Engineering,68.7,Python,67.4,Database Management Systems,66.6,power bi|data warehouse|dashboard|postgresql|etl|data mining|sql|fullstack|tableau
CCS,3,3,Cloud & Distributed Systems|Web Development|Data Science & Analytics,Database Management Systems,58.0,Full Stack Development,45.3,Operating Systems,44.9,Computer Networks,44.7,IoT,42.2,node|kubernetes|ci/cd|docker|deep learning|fullstack|azure|aws|devops|sql
DWM,2,1,Data Science & Analytics|Cloud & Distributed Systems,Database Management Systems,80.0,Operating Systems,79.5,Data Structures and Algorithms,69.3,Full Stack Development,67.14082969592526,Computer Networks,66.3405108485404,data warehouse|dashboard|postgresql|data mining|tableau
DWM,1,0,Data Science & Analytics,Full Stack Development,88.7,Python,87.42724447054073,Java,84.4,Engineering Mathematics-III,82.9,Computer Networks,82.4,
WT,4,1,Web Development|Cloud & Distributed Systems|Network & Wireless Systems|Mobile & IoT Development,Java,75.3,Microcontroller & Embedded Systems,71.9,Digital Logic & Design,64.2,Design & Analysis of Algorithms,58.9,C++,50.8,sensor|arduino
ML,2,0,Data Science & Analytics|Artificial Intelligence & Machine Learning,Java,100.0,Full Stack Development,97.59942359738265,Data Structures and Algorithms,89.4,Engineering Mathematics-IV,87.9,Digital Logic & Design,87.6,
ML,4,2,Data Science & Analytics|Artificial Intelligence & Machine Learning|Cloud & Distributed Systems|Network & Wireless Systems,Database Management Systems,71.7,Data Structures and Algorithms,63.7,Python,62.9,Automata Theory,62.1,Java,61.2,sklearn|classification|tensorflow|keras|neural network|python|nlp
DWM,2,0,Data Science & Analytics|Cloud & Distributed Systems,Artificial Intelligence,73.0,Data Structures and Algorithms,72.5,Cryptography & Network Security,70.1,Database Management Systems,66.6,Digital Logic & Design,66.4,
CCS,3,2,Web Development|Cloud & Distributed Systems|Data Science & Analytics,Digital Logic & Design,51.7,Full Stack Development,48.1,Design & Analysis of Algorithms,43.4,Data Structures and Algorithms,42.8,Microcontroller & Embedded Systems,41.7,azure|kubernetes|devops|mqtt
ML,2,1,Artificial Intelligence & Machine Learning|Data Science & Analytics,C++,62.9,Engineering Mathematics-IV,56.9,Python,51.5,Database Management Systems,49.3,Cryptography & Network Security,46.4,numpy|classification|keras|arduino|nlp
DWM,1,4,Data Science & Analytics,Java,86.7,Cryptography & Network Security,73.7,Engineering Mathematics-IV,67.1,Computer Networks,66.0,Operating Systems,65.6,data warehouse|dashboard|mongodb|postgresql|etl|data mining|wireless|sql|analytics|tableau
WT,1,2,Mobile & IoT Development,IoT,68.7,Java,63.5,Automata Theory,61.4,Digital Logic & Design,61.2,Software Engineering,59.7,iot|sensor|embedded|esp32|arduino|wireless
WT,3,0,Network & Wireless Systems|Mobile & IoT Development|Cloud & Distributed Systems,Computer Networks,58.37726591736305,Software Engineering,50.2,Cryptography & Network Security,50.0,Database Management Systems,48.9,Full Stack Development,46.92413860234436,
CCS,3,2,Web Development|Cloud & Distributed Systems|Data Science & Analytics,Full Stack Development,60.5,Digital Logic & Design,60.3,Java,57.2,Cryptography & Network Security,56.7,Engineering Mathematics-IV,54.1,node|kubernetes|react|ci/cd|docker|aws|fullstack|terraform
CCS,3,4,Web Development|Cloud & Distributed Systems|Network & Wireless Systems,Computer Networks,81.9,Design & Analysis of Algorithms,77.0,Full Stack Development,74.6,Cryptography & Network Security,71.3,Microcontroller & Embedded Systems,69.1,node|kubernetes|microcontroller|react|ci/cd|docker|azure|aws|devops|fullstack
DWM,1,2,Data Science & Analytics,Computer Networks,96.5,Operating Systems,93.9,Data Structures and Algorithms,88.0,Cryptography & Network Security,87.2,Database Management Systems,86.5,power bi|dashboard|postgresql|etl|sql
WT,3,2,Network & Wireless Systems|Mobile & IoT Development|Cloud & Distributed Systems,IoT,100.0,Software Engineering,96.7,C++,95.1,Computer Networks,93.9,Design & Analysis of Algorithms,91.6,sensor|iot|embedded|esp32|analytics|raspberry pi|mqtt|bluetooth
ML,2,1,Data Science & Analytics|Network & Wireless Systems,Python,52.9,Engineering Mathematics-III,40.4,Engineering Mathematics-IV,36.7,Operating Systems,34.3,Microcontroller & Embedded Systems,34.2,pandas|classification
WT,2,3,Mobile & IoT Development|Cloud & Distributed Systems,Computer Networks,83.9,IoT,76.8,Engineering Mathematics-IV,75.5,Microcontroller & Embedded Systems,72.7,Full Stack Development,72.6,node|microcontroller|gpio|iot|sensor|embedded|esp32|arduino|wireless|raspberry pi
WT,3,2,Mobile & IoT Development|Network & Wireless Systems|Cloud & Distributed Systems,Computer Networks,85.3,Operating Systems,79.7,IoT,77.7,Microcontroller & Embedded Systems,73.6,Digital Logic & Design,72.4,gpio|iot|sensor|dashboard|embedded|arduino
ML,3,2,Data Science & Analytics|Artificial Intelligence & Machine Learning|Web Development,Data Structures and Algorithms,69.8,Digital Logic & Design,62.9,C++,58.8,Operating Systems,54.2,Software Engineering,52.5,sklearn|numpy|tensorflow|keras|deep learning|pytorch|regression|nlp
ML,1,3,Data Science & Analytics,Full Stack Development,57.4279583553651,Computer Networks,49.48482158214155,Data Structures and Algorithms,46.5,Python,45.3,Operating Systems,40.1,numpy|classification|machine learning|pytorch|pandas|keras|deep learning|regression|python|nlp
WT,2,3,Network & Wireless Systems|Data Science & Analytics,IoT,88.4,Microcontroller & Embedded Systems,80.7,Design & Analysis of Algorithms,80.6,Digital Logic & Design,80.5,Engineering Mathematics-III,75.5,microcontroller|gpio|iot|sensor|embedded|wireless|arduino|raspberry pi|mqtt|bluetooth
CCS,2,4,Web Development|Artificial Intelligence & Machine Learning,Software Engineering,100.0,C++,100.0,Database Management Systems,94.7,Cryptography & Network Security,94.5,Automata Theory,92.0,node|kubernetes|classification|ci/cd|docker|azure|aws|devops|serverless|react
DWM,1,4,Data Science & Analytics,Cryptography & Network Security,69.4,Full Stack Development,68.5,Software Engineering,66.2,Design & Analysis of Algorithms,65.5,Engineering Mathematics-III,61.4,power bi|ci/cd|data warehouse|mongodb|dashboard|postgresql|etl|data mining|analytics|arduino
WT,2,4,Mobile & IoT Development|Network & Wireless Systems,Java,65.0,Digital Logic & Design,64.4,IoT,63.8,Artificial Intelligence,60.9,Automata Theory,59.2,microcontroller|gpio|iot|sensor|etl|azure|wireless|esp32|arduino|raspberry pi
ML,1,2,Data Science & Analytics,Data Structures and Algorithms,75.4,Python,69.3,Software Engineering,66.0,Design & Analysis of Algorithms,60.0,Engineering Mathematics-IV,59.1,numpy|machine learning|neural network|regression|nlp
ML,2,1,Artificial Intelligence & Machine Learning|Data Science & Analytics,Cryptography & Network Security,81.8,Java,80.4,Engineering Mathematics-IV,80.1,Data Structures and Algorithms,80.0,Python,78.6,sklearn|numpy|keras|sql|pytorch
DWM,1,1,Data Science & Analytics,Cryptography & Network Security,80.5,Database Management Systems,62.5,Data Structures and Algorithms,62.0,Java,60.8,Automata Theory,58.4,power bi|sensor|dashboard|sql|analytics|tableau
ML,3,3,Artificial Intelligence & Machine Learning|Data Science & Analytics|Web Development,Artificial Intelligence,59.8,Database Management Systems,48.9,Automata Theory,44.8,Java,44.7,Operating Systems,43.4,sklearn|classification|machine learning|pytorch|tensorflow|pandas|deep learning|neural network|regression|python
DWM,2,1,Data Science & Analytics|Web Development,Engineering Mathematics-IV,64.3,Design & Analysis of Algorithms,58.1,Engineering Mathematics-III,51.3,Computer Networks,47.8,Artificial Intelligence,46.9,data warehouse|mongodb|etl|sql|analytics|tableau
WT,2,2,Mobile & IoT Development|Network & Wireless Systems,Operating Systems,87.2,Java,85.2,Microcontroller & Embedded Systems,82.4,Automata Theory,81.1,IoT,78.7,classification|gpio|iot|sensor|esp32|arduino|wireless|mqtt|bluetooth
DWM,1,3,Data Science & Analytics,Cryptography & Network Security,74.9,Java,71.8,Database Management Systems,71.5,Engineering Mathematics-III,63.8,Data Structures and Algorithms,59.1,power bi|mongodb|dashboard|postgresql|etl|data mining|tableau
DWM,1,2,Data Science & Analytics,Python,78.6,Engineering Mathematics-III,74.2,Software Engineering,73.1,Artificial Intelligence,69.8,Database Management Systems,68.8,power bi|mongodb|dashboard|data warehouse|postgresql|analytics|sql
CCS,2,2,Web Development|Network & Wireless Systems,Computer Networks,74.4,Data Structures and Algorithms,67.0,Python,65.94536109537049,Operating Systems,61.4,Software Engineering,61.0,kubernetes|docker|azure|serverless|fullstack|terraform
ML,1,3,Artificial Intelligence & Machine Learning,Data Structures and Algorithms,73.2,Engineering Mathematics-III,71.2,Artificial Intelligence,69.7,Java,69.0,Database Management Systems,67.3,sklearn|classification|gpio|pytorch|data warehouse|pandas|tensorflow|keras|deep learning|neural network
ML,2,1,Data Science & Analytics|Artificial Intelligence & Machine Learning,Engineering Mathematics-III,78.0,Full Stack Development,76.4,Microcontroller & Embedded Systems,74.50464606276067,Software Engineering,73.8,Automata Theory,69.3,machine learning|keras|azure|deep learning|pytorch|nlp
WT,2,2,Mobile & IoT Development|Network & Wireless Systems,Computer Networks,79.2,Design & Analysis of Algorithms,78.9,Engineering Mathematics-IV,76.9,Database Management Systems,70.6,Artificial Intelligence,66.3,gpio|sensor|embedded|data mining|wireless|raspberry pi|mqtt|bluetooth
ML,2,2,Artificial Intelligence & Machine Learning|Web Development,Data Structures and Algorithms,59.6,Operating Systems,58.0,Digital Logic & Design,52.8,Automata Theory,48.3,Microcontroller & Embedded Systems,42.0,numpy|pytorch|pandas|keras|neural network|nlp
DWM,2,4,Data Science & Analytics|Web Development,Design & Analysis of Algorithms,68.5,Database Management Systems,59.1,Engineering Mathematics-IV,51.1,C++,50.0,Cryptography & Network Security,47.2,power bi|data warehouse|mongodb|dashboard|postgresql|etl|data mining|analytics|tableau
DWM,2,3,Data Science & Analytics|Web Development,Data Structures and Algorithms,89.3,Engineering Mathematics-IV,84.7,Full Stack Development,81.3,Database Management Systems,78.6,Computer Networks,78.2,power bi|data warehouse|postgresql|etl|sql|analytics|tableau
CCS,2,2,Cloud & Distributed Systems|Network & Wireless Systems,Engineering Mathematics-IV,69.0,Microcontroller & Embedded Systems,68.7,Artificial Intelligence,59.3,Database Management Systems,58.5,Engineering Mathematics-III,58.4,pandas|docker|react|cloud|terraform
CCS,1,2,Cloud & Distributed Systems,Java,69.4,Digital Logic & Design,65.2,Operating Systems,65.0,Computer Networks,63.6,Database Management Systems,58.5,kubernetes|ci/cd|docker|fullstack|azure|serverless|react|cloud
CCS,2,2,Web Development|Network & Wireless Systems,C++,66.4,Operating Systems,52.3,Microcontroller & Embedded Systems,51.5,Engineering Mathematics-IV,50.0,IoT,47.5,node|kubernetes|react|ci/cd|docker|azure|devops|sql|fullstack|cloud
WT,2,3,Network & Wireless Systems|Mobile & IoT Development,Computer Networks,60.2,Operating Systems,57.7,Engineering Mathematics-III,39.6,Digital Logic & Design,33.7,Design & Analysis of Algorithms,31.6,microcontroller|gpio|sensor|iot|embedded|data mining|wireless|esp32|raspberry pi|mqtt
DWM,1,2,Data Science & Analytics,Operating Systems,60.9,Digital Logic & Design,53.5,Automata Theory,42.3,Computer Networks,40.9,Java,40.1,power bi|data warehouse|postgresql|etl|data mining|analytics
WT,2,2,Mobile & IoT Development|Network & Wireless Systems,Microcontroller & Embedded Systems,86.1,Design & Analysis of Algorithms,85.8,Operating Systems,75.9,Cryptography & Network Security,71.0,Python,69.22738836389337,microcontroller|classification|gpio|sensor|iot|esp32|arduino|wireless|raspberry pi|bluetooth
WT,1,4,Mobile & IoT Development,Digital Logic & Design,100.0,IoT,100.0,Java,89.5,Data Structures and Algorithms,87.3,Operating Systems,86.9,microcontroller|gpio|iot|sensor|pandas|embedded|wireless|arduino|raspberry pi|mqtt
CCS,2,3,Web Development|Data Science & Analytics,Computer Networks,94.4,C++,93.9,Python,89.4,Full Stack Development,89.1,Microcontroller & Embedded Systems,87.6,kubernetes|ci/cd|docker|azure|aws|devops|fullstack|cloud
WT,2,3,Mobile & IoT Development|Cloud & Distributed Systems,Digital Logic & Design,54.0,Microcontroller & Embedded Systems,48.8,IoT,47.3,Java,41.3,Computer Networks,33.7,microcontroller|gpio|sensor|iot|embedded|esp32|arduino|serverless|raspberry pi|bluetooth
DWM,1,2,Data Science & Analytics,Engineering Mathematics-IV,76.7,Design & Analysis of Algorithms,71.6,Data Structures and Algorithms,69.6,Artificial Intelligence,68.5,Java,67.6,power bi|kubernetes|mongodb|dashboard|etl|analytics|tableau
ML,2,2,Data Science & Analytics|Artificial Intelligence & Machine Learning,Software Engineering,99.3,Database Management Systems,98.0,Data Structures and Algorithms,97.7,Python,95.5,C++,93.4,numpy|classification|machine learning|pytorch|pandas|embedded|tensorflow|deep learning|neural network
ML,1,2,Artificial Intelligence & Machine Learning,Engineering Mathematics-III,69.4,Artificial Intelligence,59.1,Database Management Systems,58.0,Design & Analysis of Algorithms,48.3,C++,47.5,sklearn|machine learning|tensorflow|pandas|deep learning|regression|cloud|nlp
CCS,4,4,Cloud & Distributed Systems|Web Development|Network & Wireless Systems|Artificial Intelligence & Machine Learning,Operating Systems,51.2,Microcontroller & Embedded Systems,40.5,Artificial Intelligence,39.2,Full Stack Development,36.0,Cryptography & Network Security,35.6,kubernetes|react|terraform|ci/cd|docker|azure|aws|devops|serverless|fullstack
DWM,2,2,Data Science & Analytics|Artificial Intelligence & Machine Learning,Database Management Systems,90.3,Data Structures and Algorithms,84.8,Java,77.2,Engineering Mathematics-III,73.9,Engineering Mathematics-IV,73.1,data warehouse|data mining|postgresql|etl
CCS,2,2,Web Development|Data Science & Analytics,C++,81.2,Cryptography & Network Security,80.1,Computer Networks,74.6,Data Structures and Algorithms,73.7,IoT,71.3,kubernetes|react|ci/cd|aws|serverless|fullstack
ML,1,2,Data Science & Analytics,Engineering Mathematics-III,58.8,Full Stack Development,54.5,Data Structures and Algorithms,50.7,Database Management Systems,48.2,Software Engineering,44.5,sklearn|neural network|machine learning|dashboard|tensorflow|pandas|keras|regression|python
CCS,1,0,Cloud & Distributed Systems,Artificial Intelligence,87.89207498435003,Python,80.62589553968272,Cryptography & Network Security,79.8,Design & Analysis of Algorithms,74.4,Data Structures and Algorithms,74.2,
ML,1,4,Data Science & Analytics,Python,80.1,Engineering Mathematics-IV,70.9,Software Engineering,68.3,Artificial Intelligence,66.8,Java,62.9,sklearn|classification|react|data warehouse|pytorch|pandas|tensorflow|keras|deep learning|regression
WT,2,3,Network & Wireless Systems|Mobile & IoT Development,Engineering Mathematics-III,37.6,Automata Theory,34.0,Cryptography & Network Security,33.3,Microcontroller & Embedded Systems,31.4,Computer Networks,30.8,microcontroller|gpio|sensor|iot|embedded|wireless|arduino|pytorch|raspberry pi
CCS,2,3,Cloud & Distributed Systems|Network & Wireless Systems,Design & Analysis of Algorithms,64.3,Engineering Mathematics-III,60.1,Database Management Systems,59.3,Software Engineering,57.7,Data Structures and Algorithms,53.6,node|ci/cd|docker|fullstack|aws|devops|serverless|deep learning|cloud|terraform
ML,2,2,Data Science & Analytics|Cloud & Distributed Systems,Engineering Mathematics-III,91.6,Cryptography & Network Security,85.8,Data Structures and Algorithms,81.8,Engineering Mathematics-IV,80.6,Computer Networks,79.1,numpy|gpio|iot|pandas|deep learning|regression|nlp
DWM,2,1,Data Science & Analytics|Artificial Intelligence & Machine Learning,Database Management Systems,80.2,Software Engineering,71.8,C++,64.6,Computer Networks,63.5,Automata Theory,63.4,power bi|analytics|etl
ML,3,3,Data Science & Analytics|Artificial Intelligence & Machine Learning|Cloud & Distributed Systems,Computer Networks,100.0,Python,94.5,Operating Systems,90.7,Data Structures and Algorithms,90.3,Full Stack Development,88.7,numpy|classification|machine learning|pytorch|mongodb|pandas|tensorflow|sql|deep learning|neural network
DWM,2,3,Data Science & Analytics|Artificial Intelligence & Machine Learning,Data Structures and Algorithms,100.0,Full Stack Development,100.0,Java,98.0,Artificial Intelligence,97.1,C++,96.6,power bi|mongodb|dashboard|data warehouse|postgresql|sql|analytics
CCS,1,1,Web Development,Cryptography & Network Security,80.7,Python,78.1,Database Management Systems,70.43019655610703,Design & Analysis of Algorithms,70.2,Data Structures and Algorithms,69.9,tensorflow|azure|devops|react|cloud
WT,3,3,Mobile & IoT Development|Network & Wireless Systems|Data Science & Analytics,Design & Analysis of Algorithms,92.3,Microcontroller & Embedded Systems,85.7,Computer Networks,85.2,Java,81.3,IoT,80.3,microcontroller|gpio|iot|sensor|embedded|docker|esp32|arduino|bluetooth
CCS,1,2,Cloud & Distributed Systems,Digital Logic & Design,73.0,Computer Networks,72.0,C++,68.7,Full Stack Development,68.0,Engineering Mathematics-III,65.9,node|kubernetes|docker|azure|devops|terraform
WT,3,2,Network & Wireless Systems|Mobile & IoT Development|Cloud & Distributed Systems,Software Engineering,81.6,Database Management Systems,78.6,Digital Logic & Design,77.7,Computer Networks,75.2,IoT,74.2,sensor|embedded|etl|esp32|wireless|raspberry pi|bluetooth
DWM,2,2,Data Science & Analytics|Web Development,Data Structures and Algorithms,85.3,Java,75.3,Full Stack Development,73.5,Python,69.8,Automata Theory,68.8,power bi|mongodb|data warehouse|analytics|sql
WT,3,2,Network & Wireless Systems|Mobile & IoT Development|Data Science & Analytics,Design & Analysis of Algorithms,63.9,IoT,62.4,Java,59.1,Artificial Intelligence,58.0,Automata Theory,56.3,iot|esp32|raspberry pi|mqtt|bluetooth
WT,2,3,Mobile & IoT Development|Network & Wireless Systems,IoT,87.3,Microcontroller & Embedded Systems,77.0,Operating Systems,75.4,Database Management Systems,71.6,Digital Logic & Design,70.9,gpio|data warehouse|sensor|embedded|azure|wireless|arduino|deep learning|esp32|raspberry pi
WT,1,1,Network & Wireless Systems,Engineering Mathematics-III,100.0,Database Management Systems,100.0,Operating Systems,100.0,Computer Networks,100.0,Automata Theory,100.0,iot|wireless|esp32|arduino|mqtt|bluetooth
ML,2,3,Artificial Intelligence & Machine Learning|Network & Wireless Systems,Engineering Mathematics-III,51.6,Data Structures and Algorithms,51.3,Artificial Intelligence,49.6,Automata Theory,48.7,Engineering Mathematics-IV,47.8,classification|neural network|machine learning|terraform|pandas|tensorflow|regression|python|nlp
WT,2,1,Mobile & IoT Development|Network & Wireless Systems,Computer Networks,58.1,Artificial Intelligence,58.1,IoT,57.7,Digital Logic & Design,57.5,Operating Systems,55.4,microcontroller|gpio|iot|embedded|wireless|esp32
ML,2,1,Artificial Intelligence & Machine Learning|Data Science & Analytics,Full Stack Development,72.94590718210915,Artificial Intelligence,58.1,Data Structures and Algorithms,53.7,Computer Networks,45.96326293475418,Python,45.9,neural network|sklearn|classification
CCS,1,3,Web Development,Computer Networks,97.2,Software Engineering,96.6,Microcontroller & Embedded Systems,93.1,Database Management Systems,92.6,Full Stack Development,85.8,node|react|ci/cd|docker|azure|aws|serverless|fullstack|cloud|terraform
WT,2,1,Network & Wireless Systems|Mobile & IoT Development,Operating Systems,58.9,Digital Logic & Design,47.5,Artificial Intelligence,45.8,Engineering Mathematics-III,43.5,IoT,40.5,microcontroller|keras|esp32|arduino|raspberry pi
ML,3,2,Data Science & Analytics|Artificial Intelligence & Machine Learning|Web Development,Computer Networks,62.6,Python,56.0,Engineering Mathematics-IV,53.4,Software Engineering,51.3,Data Structures and Algorithms,50.1,numpy|classification|machine learning|pandas|tensorflow|keras|neural network
CCS,1,3,Cloud & Distributed Systems,Operating Systems,89.2,Full Stack Development,82.1,Software Engineering,77.3,Engineering Mathematics-IV,76.2,Database Management Systems,73.5,node|kubernetes|react|docker|devops|serverless|fullstack|neural network|cloud|terraform
ML,1,4,Artificial Intelligence & Machine Learning,Artificial Intelligence,86.0,Engineering Mathematics-III,84.7,Python,77.1,Database Management Systems,75.4,Cryptography & Network Security,74.2,numpy|neural network|classification|machine learning|tensorflow|keras|serverless|deep learning|pytorch|python
WT,1,1,Mobile & IoT Development,C++,55.6,Java,52.7,Microcontroller & Embedded Systems,45.6,Cryptography & Network Security,33.2,Data Structures and Algorithms,28.9,iot|raspberry pi|wireless|fullstack
DWM,1,1,Data Science & Analytics,Design & Analysis of Algorithms,62.1,Artificial Intelligence,61.2,Computer Networks,55.4,Python,51.6,Full Stack Development,50.8,mongodb|dashboard|etl|arduino|analytics
WT,3,3,Network & Wireless Systems|Mobile & IoT Development|Cloud & Distributed Systems,IoT,56.3,Digital Logic & Design,54.3,Operating Systems,44.3,Microcontroller & Embedded Systems,43.9,C++,42.9,microcontroller|gpio|sensor|embedded|wireless|esp32|arduino|raspberry pi|mqtt
ML,2,2,Data Science & Analytics|Artificial Intelligence & Machine Learning,C++,87.1,Microcontroller & Embedded Systems,85.0,Python,84.8,Data Structures and Algorithms,82.8,Engineering Mathematics-III,82.5,sklearn|numpy|classification|pytorch|mongodb|tensorflow|neural network|python|nlp
DWM,1,2,Data Science & Analytics,Artificial Intelligence,76.9,Operating Systems,74.9,Database Management Systems,69.9,Java,65.9,Digital Logic & Design,63.0,power bi|data warehouse|mongodb|postgresql|data mining|sql|analytics
DWM,2,1,Data Science & Analytics|Artificial Intelligence & Machine Learning,Artificial Intelligence,94.3,Database Management Systems,93.1,Cryptography & Network Security,92.6,Engineering Mathematics-IV,91.8,Full Stack Development,87.49666528699142,data mining|dashboard|tableau
DWM,2,1,Data Science & Analytics|Cloud & Distributed Systems,Operating Systems,71.5,Java,68.6,Data Structures and Algorithms,67.8,Engineering Mathematics-III,63.0,Full Stack Development,62.0,dashboard|etl|data mining|sql|analytics|tableau
ML,1,3,Artificial Intelligence & Machine Learning,Design & Analysis of Algorithms,82.4,Engineering Mathematics-IV,75.6,Data Structures and Algorithms,73.5,Cryptography & Network Security,69.7,Engineering Mathematics-III,68.2,classification|pytorch|pandas|keras|esp32|neural network|regression|nlp
DWM,1,2,Data Science & Analytics,Artificial Intelligence,53.7,Computer Networks,50.61061134220277,Full Stack Development,48.78021147261554,Database Management Systems,42.1,Microcontroller & Embedded Systems,41.3,power bi|data warehouse|dashboard|postgresql|analytics|sql|mqtt|tableau
CCS,1,3,Cloud & Distributed Systems,Engineering Mathematics-III,89.8,Automata Theory,85.5,Engineering Mathematics-IV,83.0,Design & Analysis of Algorithms,82.3,Database Management Systems,81.7,fullstack|azure|aws|devops|serverless|analytics|react|terraform
ML,2,1,Artificial Intelligence & Machine Learning|Data Science & Analytics,Engineering Mathematics-III,27.2,C++,23.3,Python,23.0,Database Management Systems,20.1,Engineering Mathematics-IV,11.3,sklearn|numpy|neural network|data warehouse|keras|pytorch
CCS,3,4,Web Development|Cloud & Distributed Systems|Data Science & Analytics,Database Management Systems,66.23002101742756,Operating Systems,61.4,Data Structures and Algorithms,56.90215471701767,Cryptography & Network Security,55.8,Software Engineering,45.1,node|kubernetes|ci/cd|docker|azure|aws|devops|react|cloud|terraform
WT,2,1,Mobile & IoT Development|Cloud & Distributed Systems,Artificial Intelligence,82.35984823657029,Cryptography & Network Security,69.3,Data Structures and Algorithms,64.2,Design & Analysis of Algorithms,61.6,Computer Networks,60.6,sql|wireless|mqtt
DWM,2,2,Data Science & Analytics|Web Development,Data Structures and Algorithms,97.4,Full Stack Development,74.7,C++,71.6,Python,68.2,Database Management Systems,68.1,power bi|dashboard|etl|data mining|analytics|tableau
DWM,3,2,Data Science & Analytics|Artificial Intelligence & Machine Learning|Cloud & Distributed Systems,Cryptography & Network Security,64.8,Operating Systems,62.9,Engineering Mathematics-IV,62.3,Automata Theory,61.3,Python,59.9,data warehouse|dashboard|postgresql|sql|tableau
DWM,2,4,Data Science & Analytics|Web Development,Data Structures and Algorithms,84.1,Python,82.0,Engineering Mathematics-IV,81.4,Computer Networks,78.6,Artificial Intelligence,76.8,power bi|mongodb|dashboard|data warehouse|postgresql|etl|data mining|analytics|sql|tableau
ML,4,1,Artificial Intelligence & Machine Learning|Data Science & Analytics|Web Development|Network & Wireless Systems,Automata Theory,90.6,Engineering Mathematics-IV,66.1,Data Structures and Algorithms,66.1,Cryptography & Network Security,66.1,Computer Networks,65.8,numpy|classification|machine learning|mongodb|deep learning|pytorch|python
DWM,1,1,Data Science & Analytics,Computer Networks,69.12624083139976,Full Stack Development,57.6783564227151,Data Structures and Algorithms,54.0,Database Management Systems,53.6,Python,53.3,data warehouse|cloud|tableau
ML,1,3,Artificial Intelligence & Machine Learning,Artificial Intelligence,58.8,Data Structures and Algorithms,58.5,Microcontroller & Embedded Systems,56.1,Java,53.3,Full Stack Development,51.3,sklearn|numpy|machine learning|tensorflow|pandas|keras|neural network|cloud|regression|python
DWM,2,2,Data Science & Analytics|Web Development,Digital Logic & Design,54.8,Database Management Systems,46.6,Operating Systems,43.5,Cryptography & Network Security,42.1,Automata Theory,36.1,power bi|data warehouse|mongodb|etl|data mining|devops|sql
WT,2,3,Network & Wireless Systems|Mobile & IoT Development,Software Engineering,55.2,Microcontroller & Embedded Systems,54.1,IoT,52.6,C++,43.2,Automata Theory,41.3,gpio|ci/cd|sensor|iot|embedded|arduino|mqtt|tableau
DWM,2,2,Data Science & Analytics|Web Development,Database Management Systems,67.9,Engineering Mathematics-IV,62.3,Python,61.3,Artificial Intelligence,54.2,Design & Analysis of Algorithms,52.3,postgresql|analytics|tableau
DWM,1,1,Data Science & Analytics,Java,77.2,Database Management Systems,71.9,Cryptography & Network Security,60.5,Engineering Mathematics-III,59.6,Operating Systems,59.1,data mining|postgresql|power bi|data warehouse
WT,3,2,Mobile & IoT Development|Network & Wireless Systems|Data Science & Analytics,Computer Networks,77.9,IoT,76.4,Data Structures and Algorithms,61.4,Cryptography & Network Security,59.0,Artificial Intelligence,56.7,gpio|iot|embedded|wireless|arduino|esp32|raspberry pi|bluetooth
WT,2,3,Mobile & IoT Development|Cloud & Distributed Systems,IoT,75.5,Python,67.6,Digital Logic & Design,67.3,Microcontroller & Embedded Systems,66.8,Cryptography & Network Security,66.7,microcontroller|iot|dashboard|embedded|esp32|arduino|wireless|raspberry pi|bluetooth
DWM,2,2,Data Science & Analytics|Web Development,Python,81.4,Cryptography & Network Security,75.2,Digital Logic & Design,58.9,Java,56.5,Artificial Intelligence,53.4,data warehouse|postgresql|etl|data mining|analytics
CCS,2,1,Web Development|Cloud & Distributed Systems,Data Structures and Algorithms,85.0,Microcontroller & Embedded Systems,72.2,Computer Networks,69.0,Full Stack Development,68.8,Software Engineering,65.1,docker|devops
ML,1,1,Data Science & Analytics,Artificial Intelligence,100.0,Python,99.4,C++,95.1,Database Management Systems,94.1,Cryptography & Network Security,93.1,microcontroller|classification|deep learning|nlp
DWM,1,1,Data Science & Analytics,Artificial Intelligence,62.0,Python,51.0,Computer Networks,50.7,Java,49.2,Data Structures and Algorithms,46.6,mongodb|data warehouse|dashboard|postgresql|etl|analytics
DWM,1,2,Data Science & Analytics,Software Engineering,87.9,Automata Theory,67.1,Digital Logic & Design,66.5,Engineering Mathematics-IV,63.7,Microcontroller & Embedded Systems,61.331057316911235,power bi|mongodb|postgresql|etl|data mining|analytics|tableau
ML,3,4,Artificial Intelligence & Machine Learning|Data Science & Analytics|Network & Wireless Systems,C++,65.6,Database Management Systems,64.0,Engineering Mathematics-III,61.7,Microcontroller & Embedded Systems,58.55842540737554,Digital Logic & Design,56.0,power bi|numpy|classification|machine learning|sensor|tensorflow|pandas|keras|deep learning|neural network
DWM,2,2,Data Science & Analytics|Cloud & Distributed Systems,Database Management Systems,100.0,Operating Systems,100.0,Microcontroller & Embedded Systems,100.0,Design & Analysis of Algorithms,100.0,Full Stack Development,99.52153764245577,power bi|ci/cd|etl|analytics|sql
ML,3,2,Artificial Intelligence & Machine Learning|Data Science & Analytics|Cloud & Distributed Systems,Software Engineering,62.3,Data Structures and Algorithms,62.2,Database Management Systems,62.1,Python,59.9,Full Stack Development,57.4,mongodb|tensorflow|keras|neural network|nlp
ML,2,2,Artificial Intelligence & Machine Learning|Data Science & Analytics,Artificial Intelligence,71.2,Data Structures and Algorithms,66.1,Automata Theory,66.0,Engineering Mathematics-III,65.0,Engineering Mathematics-IV,62.1,sklearn|machine learning|pytorch|tensorflow|keras|deep learning|neural network|regression|python|nlp
ML,3,2,Data Science & Analytics|Artificial Intelligence & Machine Learning|Web Development,C++,87.0,Artificial Intelligence,86.2,Database Management Systems,84.3,Python,82.6,Data Structures and Algorithms,82.3,tensorflow|pandas|keras|deep learning|regression|python
CCS,2,1,Web Development|Data Science & Analytics,Operating Systems,79.4,Full Stack Development,72.4,Automata Theory,63.2,Python,60.5,Engineering Mathematics-III,54.6,node|etl|devops|serverless|fullstack
CCS,3,3,Cloud & Distributed Systems|Web Development|Network & Wireless Systems,Database Management Systems,72.9,Operating Systems,54.1,Software Engineering,51.8,Python,45.3,Java,42.6,node|kubernetes|ci/cd|docker|azure|devops|react|cloud
DWM,1,2,Data Science & Analytics,Artificial Intelligence,70.89263213412683,Python,70.32861890844268,Database Management Systems,69.1,Cryptography & Network Security,64.0,Engineering Mathematics-IV,58.5,power bi|data warehouse|dashboard|etl|data mining
ML,3,1,Artificial Intelligence & Machine Learning|Data Science & Analytics|Web Development,Engineering Mathematics-IV,93.7,Full Stack Development,72.45327568337251,Python,67.1,Artificial Intelligence,66.0,Digital Logic & Design,64.2,sklearn|keras|deep learning|neural network|python
WT,3,2,Mobile & IoT Development|Network & Wireless Systems|Cloud & Distributed Systems,Computer Networks,59.3,Microcontroller & Embedded Systems,57.5,Engineering Mathematics-IV,52.2,C++,41.0,Cryptography & Network Security,39.4,microcontroller|iot|embedded|raspberry pi|mqtt
WT,1,1,Network & Wireless Systems,Engineering Mathematics-III,57.7,Computer Networks,41.6,IoT,32.4,Digital Logic & Design,32.0,Python,27.4,gpio|embedded|esp32|arduino|raspberry pi
CCS,3,2,Cloud & Distributed Systems|Web Development|Data Science & Analytics,Computer Networks,84.09461193595047,Automata Theory,71.6,Operating Systems,69.0,Data Structures and Algorithms,68.4,Software Engineering,65.2,node|kubernetes|react|ci/cd|docker|serverless|fullstack
DWM,1,1,Data Science & Analytics,Full Stack Development,80.8,Engineering Mathematics-III,79.3,Data Structures and Algorithms,78.6,IoT,76.1,Engineering Mathematics-IV,73.0,mongodb|postgresql|etl|analytics|tableau
ML,3,3,Data Science & Analytics|Artificial Intelligence & Machine Learning|Cloud & Distributed Systems,Engineering Mathematics-III,82.3,Engineering Mathematics-IV,80.5,Artificial Intelligence,78.5,Java,77.3,Microcontroller & Embedded Systems,76.8,numpy|classification|machine learning|pytorch|pandas|tensorflow|keras|deep learning|regression|python
CCS,2,2,Cloud & Distributed Systems|Data Science & Analytics,Engineering Mathematics-IV,60.3,Engineering Mathematics-III,58.8,Full Stack Development,57.7,Automata Theory,56.9,Microcontroller & Embedded Systems,56.2,ci/cd|docker|azure|devops|python|terraform
DWM,1,3,Data Science & Analytics,Data Structures and Algorithms,93.8,Operating Systems,93.1,Computer Networks,92.0,Database Management Systems,91.9,Artificial Intelligence,91.7,power bi|mongodb|dashboard|data warehouse|postgresql|etl|data mining|sql|tableau
DWM,1,3,Data Science & Analytics,Database Management Systems,71.9,IoT,71.2,Computer Networks,71.04659841085683,Java,67.6,Automata Theory,66.8,power bi|mongodb|data warehouse|dashboard|postgresql|etl|analytics|sql|tableau
WT,2,3,Mobile & IoT Development|Data Science & Analytics,Data Structures and Algorithms,75.98968621745495,Database Management Systems,74.76170140804888,Microcontroller & Embedded Systems,70.5,Cryptography & Network Security,63.1,Operating Systems,62.0,microcontroller|gpio|iot|esp32|arduino|wireless|raspberry pi|bluetooth
ML,1,1,Data Science & Analytics,Microcontroller & Embedded Systems,77.42857713708099,Design & Analysis of Algorithms,75.5,Python,69.9,Cryptography & Network Security,67.6,Artificial Intelligence,67.3,pandas|classification|nlp
WT,2,4,Mobile & IoT Development|Network & Wireless Systems,Automata Theory,95.4,Data Structures and Algorithms,88.6,Engineering Mathematics-IV,88.4,C++,85.2,Computer Networks,83.3,gpio|iot|sensor|embedded|aws|esp32|wireless|raspberry pi|mqtt
CCS,3,0,Web Development|Cloud & Distributed Systems|Network & Wireless Systems,Data Structures and Algorithms,68.96950512395644,Operating Systems,68.2,Full Stack Development,62.7,Software Engineering,61.0,Java,60.2,
ML,3,3,Artificial Intelligence & Machine Learning|Data Science & Analytics|Network & Wireless Systems,Operating Systems,79.5,C++,73.4,Engineering Mathematics-IV,73.1,Full Stack Development,73.1,Cryptography & Network Security,71.3,numpy|pytorch|pandas|regression|tableau
DWM,1,0,Data Science & Analytics,Java,76.9,Artificial Intelligence,71.2,Database Management Systems,70.6,Computer Networks,70.6,Software Engineering,68.9,
WT,4,2,Mobile & IoT Development|Network & Wireless Systems|Cloud & Distributed Systems|Data Science & Analytics,Computer Networks,37.2,Database Management Systems,35.8,Python,32.8,Engineering Mathematics-IV,24.6,Operating Systems,23.8,microcontroller|sensor|embedded|etl|wireless|esp32|raspberry pi|mqtt|bluetooth
DWM,3,2,Web Development|Data Science & Analytics|Cloud & Distributed Systems,Database Management Systems,68.2,Software Engineering,58.0,Digital Logic & Design,57.2,Operating Systems,47.5,Engineering Mathematics-III,46.7,power bi|microcontroller|data warehouse|mongodb|dashboard|sql|analytics|tableau
WT,3,2,Network & Wireless Systems|Mobile & IoT Development|Data Science & Analytics,Artificial Intelligence,83.2,IoT,76.4,C++,73.9,Cryptography & Network Security,65.4,Automata Theory,64.2,gpio|sensor|iot|data warehouse|embedded|wireless|esp32|regression|raspberry pi|mqtt
WT,2,2,Network & Wireless Systems|Mobile & IoT Development,Engineering Mathematics-IV,71.3,Cryptography & Network Security,65.3,Python,62.6,Data Structures and Algorithms,59.2,C++,57.9,sensor|mongodb|embedded|arduino|bluetooth
WT,3,1,Mobile & IoT Development|Network & Wireless Systems|Cloud & Distributed Systems,Artificial Intelligence,79.4,Computer Networks,71.46442608554122,Automata Theory,60.6,Full Stack Development,60.34859665960904,Operating Systems,58.8,iot|wireless|arduino|sensor
WT,2,1,Mobile & IoT Development|Network & Wireless Systems,IoT,71.8,Automata Theory,69.9,Microcontroller & Embedded Systems,67.0,C++,66.1,Software Engineering,65.5,microcontroller|iot|embedded|wireless|bluetooth
ML,2,3,Data Science & Analytics|Artificial Intelligence & Machine Learning,Software Engineering,70.4,Data Structures and Algorithms,66.3,Database Management Systems,62.7,Design & Analysis of Algorithms,59.2,Full Stack Development,57.5,node|sklearn|numpy|neural network|machine learning|tensorflow|devops|deep learning|regression|python
DWM,1,2,Data Science & Analytics,Cryptography & Network Security,47.8,Design & Analysis of Algorithms,23.6,Database Management Systems,21.4,Python,21.2,Data Structures and Algorithms,20.6,power bi|data warehouse|postgresql|etl|analytics|sql|tableau
ML,1,0,Artificial Intelligence & Machine Learning,Artificial Intelligence,66.0,Cryptography & Network Security,65.4,Python,63.4,Automata Theory,62.1,Operating Systems,58.8,
ML,1,3,Data Science & Analytics,Cryptography & Network Security,81.9,Full Stack Development,81.1,Operating Systems,80.3,Automata Theory,78.7,Engineering Mathematics-III,78.3,sklearn|classification|pytorch|keras|deep learning|neural network|regression|python|nlp
CCS,2,1,Cloud & Distributed Systems|Web Development,Python,100.0,Computer Networks,99.0,Software Engineering,99.0,Operating Systems,94.8,Automata Theory,92.7,kubernetes|docker|azure|aws|serverless|fullstack
DWM,1,4,Data Science & Analytics,Design & Analysis of Algorithms,87.6,Data Structures and Algorithms,86.7,Database Management Systems,85.9,Python,85.5,Software Engineering,81.5,power bi|classification|mongodb|dashboard|data warehouse|etl|data mining|wireless|sql|analytics
WT,1,2,Network & Wireless Systems,Digital Logic & Design,100.0,Python,100.0,IoT,100.0,Full Stack Development,98.7,Operating Systems,98.2,microcontroller|gpio|iot|sensor|embedded|wireless|raspberry pi|mqtt|python|bluetooth
DWM,1,4,Data Science & Analytics,Data Structures and Algorithms,85.3,Engineering Mathematics-IV,81.0,Cryptography & Network Security,72.3,Digital Logic & Design,71.9,Operating Systems,71.6,power bi|mongodb|data warehouse|data mining|sql|analytics|tableau
DWM,3,1,Data Science & Analytics|Web Development|Cloud & Distributed Systems,Data Structures and Algorithms,66.3,Digital Logic & Design,53.2,Engineering Mathematics-IV,50.7,Artificial Intelligence,46.5,Python,44.7,power bi|ci/cd|mongodb|dashboard|postgresql|sql|tableau
ML,1,2,Artificial Intelligence & Machine Learning,Database Management Systems,56.4,Software Engineering,55.7,Python,52.9,Data Structures and Algorithms,45.9,Artificial Intelligence,45.6,sklearn|numpy|neural network|pandas|keras|azure|regression
DWM,2,1,Data Science & Analytics|Artificial Intelligence & Machine Learning,Engineering Mathematics-IV,91.5,Software Engineering,86.9,C++,82.9,Engineering Mathematics-III,82.8,Operating Systems,81.8,data warehouse|mongodb
DWM,3,2,Data Science & Analytics|Web Development|Cloud & Distributed Systems,Artificial Intelligence,88.86324651937166,Operating Systems,77.5,Digital Logic & Design,72.0,IoT,69.0,Data Structures and Algorithms,66.5,power bi|data warehouse|dashboard|mongodb|postgresql|etl|data mining|analytics|mqtt
CCS,1,4,Web Development,Database Management Systems,87.7333526468723,Full Stack Development,84.3,Engineering Mathematics-IV,83.2,Data Structures and Algorithms,83.10840688833306,Software Engineering,77.6,node|kubernetes|react|ci/cd|docker|data mining|aws|azure|devops|serverless
ML,3,2,Data Science & Analytics|Cloud & Distributed Systems|Network & Wireless Systems,Engineering Mathematics-III,59.8,Cryptography & Network Security,59.2,Artificial Intelligence,53.9,Data Structures and Algorithms,53.4,Operating Systems,48.8,machine learning|keras|deep learning|pytorch|nlp
DWM,2,3,Data Science & Analytics|Artificial Intelligence & Machine Learning,Python,80.8,Data Structures and Algorithms,80.5,Cryptography & Network Security,80.2,Full Stack Development,68.8,IoT,67.1,power bi|data warehouse|mongodb|docker|postgresql|etl|data mining|sql|analytics|tableau
CCS,3,2,Cloud & Distributed Systems|Web Development|Data Science & Analytics,Automata Theory,72.6,Digital Logic & Design,67.2,Engineering Mathematics-IV,64.2,Database Management Systems,62.5,Design & Analysis of Algorithms,62.0,node|kubernetes|azure|serverless|terraform
CCS,2,3,Cloud & Distributed Systems|Web Development,Computer Networks,65.0,C++,64.4,Full Stack Development,57.5,Operating Systems,57.1,Automata Theory,48.9,node|kubernetes|machine learning|ci/cd|docker|azure|aws|devops|serverless|regression
WT,3,2,Network & Wireless Systems|Cloud & Distributed Systems|Data Science & Analytics,Python,100.0,C++,100.0,IoT,100.0,Software Engineering,99.3,Database Management Systems,98.0,gpio|iot|sensor|esp32|arduino|wireless|raspberry pi|bluetooth
ML,1,2,Artificial Intelligence & Machine Learning,Artificial Intelligence,85.6,Python,83.7,Java,81.4,Cryptography & Network Security,80.9,Engineering Mathematics-IV,74.7,sklearn|numpy|classification|pytorch|pandas|keras|deep learning|regression
ML,2,2,Data Science & Analytics|Artificial Intelligence & Machine Learning,Cryptography & Network Security,71.5,Database Management Systems,61.05058434512275,Artificial Intelligence,59.8,Java,59.0,Software Engineering,58.2,neural network|classification|machine learning|sensor|pytorch|keras|regression|python|nlp
ML,3,1,Data Science & Analytics|Artificial Intelligence & Machine Learning|Web Development,Python,85.7,Artificial Intelligence,81.0,Software Engineering,80.4,Automata Theory,73.9,Data Structures and Algorithms,73.5,pandas|deep learning|neural network|python|nlp
CCS,3,2,Cloud & Distributed Systems|Web Development|Artificial Intelligence & Machine Learning,Engineering Mathematics-IV,60.6,Computer Networks,58.51858346192616,Full Stack Development,57.1,Database Management Systems,49.5,Cryptography & Network Security,49.5,kubernetes|react|docker|devops|fullstack|cloud
ML,3,0,Data Science & Analytics|Web Development|Network & Wireless Systems,Design & Analysis of Algorithms,69.0,Computer Networks,60.8,C++,60.0,Full Stack Development,57.8,Digital Logic & Design,57.2,
ML,2,2,Artificial Intelligence & Machine Learning|Data Science & Analytics,Python,73.9,IoT,52.0,Data Structures and Algorithms,50.0,Database Management Systems,43.4,Engineering Mathematics-IV,42.1,machine learning|tensorflow|pytorch|regression|python
CCS,3,1,Cloud & Distributed Systems|Web Development|Network & Wireless Systems,Automata Theory,94.2,Engineering Mathematics-IV,67.4,Software Engineering,60.5,Engineering Mathematics-III,57.6,Operating Systems,54.6,node|kubernetes|ci/cd|serverless|react|terraform
CCS,2,4,Web Development|Data Science & Analytics,Python,49.5,Design & Analysis of Algorithms,48.5,Java,44.8,Engineering Mathematics-IV,35.8,Automata Theory,32.7,kubernetes|classification|ci/cd|docker|etl|fullstack|aws|devops|react|cloud
CCS,3,3,Web Development|Cloud & Distributed Systems|Network & Wireless Systems,Full Stack Development,79.0,Python,59.5,Data Structures and Algorithms,58.8,Engineering Mathematics-III,43.6,Cryptography & Network Security,42.8,node|kubernetes|react|ci/cd|etl|azure|devops|serverless|fullstack|terraform
WT,2,3,Mobile & IoT Development|Network & Wireless Systems,Computer Networks,84.59352008919251,IoT,82.6,Digital Logic & Design,78.1,Operating Systems,77.4,Full Stack Development,77.15040298820898,microcontroller|gpio|sensor|iot|embedded|esp32|wireless|neural network|raspberry pi|mqtt
CCS,3,0,Cloud & Distributed Systems|Web Development|Artificial Intelligence & Machine Learning,Computer Networks,97.7854641221461,Full Stack Development,94.6,Software Engineering,89.6,Digital Logic & Design,89.5,Automata Theory,83.6,
DWM,2,1,Data Science & Analytics|Web Development,Data Structures and Algorithms,95.6,Database Management Systems,89.1,Automata Theory,78.3,Design & Analysis of Algorithms,77.5,Digital Logic & Design,75.9,power bi|data warehouse|dashboard|mqtt|tableau
ML,4,4,Artificial Intelligence & Machine Learning|Data Science & Analytics|Web Development|Network & Wireless Systems,Python,94.4,Engineering Mathematics-III,88.5,Full Stack Development,83.0,Operating Systems,82.1,Data Structures and Algorithms,81.1,sklearn|numpy|neural network|classification|machine learning|pandas|keras|deep learning|regression|python
DWM,1,0,Data Science & Analytics,Full Stack Development,45.0,Design & Analysis of Algorithms,39.7,Data Structures and Algorithms,39.0,Engineering Mathematics-IV,35.7,Java,35.7,
CCS,3,1,Cloud & Distributed Systems|Web Development|Network & Wireless Systems,Data Structures and Algorithms,98.8,Engineering Mathematics-III,91.0,Computer Networks,83.5,Software Engineering,82.2,Digital Logic & Design,81.8,node|azure|aws|data mining|serverless|fullstack|cloud
ML,1,1,Artificial Intelligence & Machine Learning,Design & Analysis of Algorithms,65.8,Full Stack Development,63.2,Engineering Mathematics-IV,62.9,Cryptography & Network Security,60.1,Software Engineering,56.2,sklearn|machine learning|pandas|deep learning|regression|python
ML,3,1,Artificial Intelligence & Machine Learning|Data Science & Analytics|Cloud & Distributed Systems,Data Structures and Algorithms,100.0,Automata Theory,100.0,Artificial Intelligence,100.0,Cryptography & Network Security,100.0,Engineering Mathematics-III,98.8,sklearn|keras|deep learning|regression|python
CCS,1,1,Web Development,Python,93.7,Full Stack Development,71.5,Database Management Systems,70.7,Data Structures and Algorithms,69.5,Computer Networks,68.0,azure|ci/cd
ML,2,3,Data Science & Analytics|Artificial Intelligence & Machine Learning,Engineering Mathematics-III,68.8,Software Engineering,56.7,Computer Networks,54.7,Python,52.4,Automata Theory,51.5,sklearn|numpy|neural network|machine learning|tensorflow|keras|aws|pytorch|python|nlp
ML,2,1,Artificial Intelligence & Machine Learning|Cloud & Distributed Systems,Artificial Intelligence,75.7,Engineering Mathematics-III,75.6,Python,75.3,Full Stack Development,70.8,Data Structures and Algorithms,70.2,machine learning|nlp
ML,2,0,Artificial Intelligence & Machine Learning|Network & Wireless Systems,Full Stack Development,64.6,Database Management Systems,57.3,Engineering Mathematics-III,47.0,Data Structures and Algorithms,46.3,Python,46.2,
WT,2,1,Data Science & Analytics|Mobile & IoT Development,IoT,62.2,Cryptography & Network Security,53.4,Digital Logic & Design,53.3,Operating Systems,52.8,Database Management Systems,52.5,microcontroller|esp32|wireless|mqtt|bluetooth
ML,2,1,Data Science & Analytics|Artificial Intelligence & Machine Learning,Full Stack Development,84.3,Engineering Mathematics-IV,81.8,Artificial Intelligence,79.8,C++,75.7,Automata Theory,75.1,numpy|classification|tensorflow|keras|pytorch|nlp
DWM,1,4,Data Science & Analytics,Database Management Systems,100.0,Software Engineering,100.0,Python,100.0,Artificial Intelligence,100.0,Cryptography & Network Security,100.0,power bi|mongodb|data warehouse|dashboard|etl|data mining|sql|analytics|pytorch|tableau
ML,2,2,Artificial Intelligence & Machine Learning|Data Science & Analytics,Computer Networks,87.0785089921901,Cryptography & Network Security,76.4,C++,74.7,Artificial Intelligence,73.4,Automata Theory,70.7,sklearn|numpy|neural network|machine learning|pandas|tensorflow|keras|sql|pytorch
WT,3,2,Network & Wireless Systems|Mobile & IoT Development|Data Science & Analytics,Java,48.0,Data Structures and Algorithms,42.8,Python,41.2,Digital Logic & Design,40.3,Engineering Mathematics-IV,37.6,gpio|iot|wireless|arduino|sql|mqtt
ML,3,3,Artificial Intelligence & Machine Learning|Data Science & Analytics|Cloud & Distributed Systems,Python,74.3,Operating Systems,65.7,Design & Analysis of Algorithms,63.3,Cryptography & Network Security,62.7,Engineering Mathematics-III,56.2,sklearn|numpy|classification|neural network|machine learning|pandas|tensorflow|pytorch
ML,2,2,Data Science & Analytics|Cloud & Distributed Systems,Computer Networks,80.33327048532281,Design & Analysis of Algorithms,78.2,Full Stack Development,76.11308191155138,Python,75.8,Cryptography & Network Security,73.7,sklearn|neural network|classification|machine learning|tensorflow|keras|regression|nlp
ML,1,1,Data Science & Analytics,Full Stack Development,67.7,Engineering Mathematics-IV,56.5,Cryptography & Network Security,54.3,Computer Networks,53.8,C++,53.8,sklearn|machine learning|tensorflow|deep learning|pytorch|nlp
ML,3,1,Data Science & Analytics|Artificial Intelligence & Machine Learning|Cloud & Distributed Systems,Database Management Systems,100.0,Operating Systems,94.4,Full Stack Development,93.8,Engineering Mathematics-III,88.1,Engineering Mathematics-IV,86.8,regression|tensorflow|esp32
CCS,1,3,Web Development,Design & Analysis of Algorithms,65.4,Operating Systems,58.9,Computer Networks,58.3,Full Stack Development,57.9,IoT,57.8,kubernetes|ci/cd|docker|postgresql|azure|aws|serverless|fullstack|cloud
WT,2,1,Network & Wireless Systems|Mobile & IoT Development,Engineering Mathematics-III,74.6,Computer Networks,64.9,Database Management Systems,64.0,Microcontroller & Embedded Systems,62.9,Operating Systems,62.6,sensor|embedded|nlp|wireless|arduino|raspberry pi|bluetooth
WT,1,2,Mobile & IoT Development,Digital Logic & Design,39.8,IoT,38.7,Automata Theory,36.0,C++,35.1,Database Management Systems,31.7,microcontroller|iot|embedded|wireless|arduino|react
ML,3,1,Data Science & Analytics|Artificial Intelligence & Machine Learning|Cloud & Distributed Systems,Full Stack Development,100.0,Computer Networks,85.3,Artificial Intelligence,83.0,Data Structures and Algorithms,81.3,Cryptography & Network Security,74.9,neural network|nlp
CCS,3,2,Web Development|Cloud & Distributed Systems|Data Science & Analytics,Full Stack Development,100.0,Python,94.6,Java,90.9,Software Engineering,88.6,Database Management Systems,77.4,node|kubernetes|ci/cd|docker|devops|serverless|terraform
ML,2,1,Artificial Intelligence & Machine Learning|Network & Wireless Systems,Data Structures and Algorithms,100.0,Artificial Intelligence,97.8,Python,81.9,Microcontroller & Embedded Systems,79.0,Digital Logic & Design,76.7,keras|nlp
DWM,2,1,Data Science & Analytics|Web Development,Engineering Mathematics-IV,100.0,Engineering Mathematics-III,94.8,Operating Systems,90.9,Full Stack Development,86.5,Data Structures and Algorithms,86.4,data mining|dashboard|sql|analytics
ML,2,2,Data Science & Analytics|Artificial Intelligence & Machine Learning,Data Structures and Algorithms,96.76681228791628,Cryptography & Network Security,94.8,Java,92.5,Artificial Intelligence,92.0,Full Stack Development,91.1,node|numpy|pytorch|neural network|python
ML,1,1,Data Science & Analytics,Software Engineering,66.3,Data Structures and Algorithms,65.6,Artificial Intelligence,57.1,Full Stack Development,54.5,Python,53.8,neural network|tensorflow|microcontroller|machine learning
WT,3,2,Network & Wireless Systems|Mobile & IoT Development|Cloud & Distributed Systems,Computer Networks,78.0,Design & Analysis of Algorithms,71.4,IoT,61.4,Operating Systems,58.6,Cryptography & Network Security,51.9,iot|azure|esp32|raspberry pi|mqtt|bluetooth
DWM,3,2,Data Science & Analytics|Artificial Intelligence & Machine Learning|Cloud & Distributed Systems,Operating Systems,57.4,Database Management Systems,43.2,Java,42.6,Automata Theory,35.3,Engineering Mathematics-IV,32.3,power bi|mongodb|data warehouse|dashboard|etl|data mining|azure|sql
WT,2,3,Mobile & IoT Development|Network & Wireless Systems,IoT,67.9,Full Stack Development,64.1,Data Structures and Algorithms,63.478169877388474,Engineering Mathematics-III,57.1,Engineering Mathematics-IV,57.0,microcontroller|gpio|iot|keras|esp32|wireless|arduino|raspberry pi|mqtt|bluetooth
WT,1,2,Network & Wireless Systems,Operating Systems,76.3,IoT,63.8,Digital Logic & Design,63.7,Java,63.2,Microcontroller & Embedded Systems,61.3,iot|sensor|wireless|arduino|bluetooth
CCS,3,4,Web Development|Cloud & Distributed Systems|Artificial Intelligence & Machine Learning,Artificial Intelligence,84.1,Computer Networks,81.1,Microcontroller & Embedded Systems,77.5,Automata Theory,77.5,Cryptography & Network Security,76.7,node|kubernetes|ci/cd|docker|azure|aws|devops|serverless|fullstack|cloud
CCS,3,1,Web Development|Cloud & Distributed Systems|Data Science & Analytics,Full Stack Development,78.0,Python,73.14419034429628,Software Engineering,67.4,Automata Theory,57.4,C++,57.1,kubernetes|terraform
ML,4,3,Artificial Intelligence & Machine Learning|Data Science & Analytics|Web Development|Network & Wireless Systems,Python,66.6,C++,57.7,Engineering Mathematics-III,54.5,Cryptography & Network Security,53.9,Database Management Systems,53.2,sklearn|numpy|machine learning|pytorch|tensorflow|pandas|postgresql|keras|deep learning|regression
ML,1,3,Data Science & Analytics,Data Structures and Algorithms,76.6,C++,74.5,Automata Theory,71.0,Operating Systems,59.4,Engineering Mathematics-IV,57.1,sklearn|numpy|classification|machine learning|pandas|keras|analytics|deep learning|neural network|python
ML,2,2,Data Science & Analytics|Artificial Intelligence & Machine Learning,Data Structures and Algorithms,51.6,Engineering Mathematics-III,50.6,Java,46.0,Digital Logic & Design,43.3,Operating Systems,34.0,sklearn|numpy|classification|pytorch|tensorflow|pandas|deep learning|regression
DWM,3,2,Web Development|Data Science & Analytics|Mobile & IoT Development,Operating Systems,59.1,C++,52.2,IoT,51.6,Computer Networks,50.8,Software Engineering,49.7,power bi|data warehouse|dashboard|mongodb|postgresql|data mining|analytics|tableau
CCS,1,0,Cloud & Distributed Systems,Computer Networks,77.84497482568287,Full Stack Development,66.9,C++,61.4,Operating Systems,53.9,Design & Analysis of Algorithms,52.4,
WT,2,1,Network & Wireless Systems|Mobile & IoT Development,IoT,83.3,Computer Networks,81.6,Operating Systems,80.1,Digital Logic & Design,75.0,Engineering Mathematics-IV,70.4,sensor|raspberry pi
DWM,1,1,Data Science & Analytics,Data Structures and Algorithms,83.3,Python,71.1,Database Management Systems,70.5,Artificial Intelligence,70.0,C++,69.0,data mining|numpy|sql|tableau
WT,3,3,Mobile & IoT Development|Network & Wireless Systems|Cloud & Distributed Systems,Software Engineering,100.0,Computer Networks,99.8,Microcontroller & Embedded Systems,98.5,Operating Systems,98.0,Automata Theory,95.8,gpio|iot|sensor|wireless|arduino|neural network|mqtt|bluetooth
WT,3,4,Network & Wireless Systems|Mobile & IoT Development|Cloud & Distributed Systems,Engineering Mathematics-III,66.3,Engineering Mathematics-IV,66.3,Digital Logic & Design,61.7,Database Management Systems,60.6,Design & Analysis of Algorithms,59.7,power bi|microcontroller|gpio|sensor|iot|tensorflow|embedded|aws|esp32|wireless
ML,2,4,Artificial Intelligence & Machine Learning|Data Science & Analytics,Artificial Intelligence,98.3,Engineering Mathematics-III,85.3,Data Structures and Algorithms,84.3,Automata Theory,83.0,Python,82.9,sklearn|numpy|classification|tableau|pytorch|tensorflow|pandas|keras|deep learning|regression
ML,2,1,Data Science & Analytics|Artificial Intelligence & Machine Learning,Digital Logic & Design,78.8,Data Structures and Algorithms,78.1,Engineering Mathematics-IV,76.1,Java,75.3,Automata Theory,70.8,classification|machine learning|tensorflow|keras|deep learning
DWM,3,3,Data Science & Analytics|Web Development|Cloud & Distributed Systems,Database Management Systems,52.9,Software Engineering,50.8,Operating Systems,49.7,IoT,43.8,Engineering Mathematics-IV,43.5,mongodb|data warehouse|etl|data mining|sql|analytics|tableau
WT,2,3,Network & Wireless Systems|Cloud & Distributed Systems,Microcontroller & Embedded Systems,77.5,IoT,73.5,Software Engineering,65.7,Design & Analysis of Algorithms,62.6,Data Structures and Algorithms,60.5517755106793,power bi|microcontroller|gpio|sensor|iot|wireless|arduino|raspberry pi|bluetooth
ML,1,2,Artificial Intelligence & Machine Learning,Engineering Mathematics-III,77.0,Computer Networks,72.4,Full Stack Development,69.4,Microcontroller & Embedded Systems,68.3,Data Structures and Algorithms,68.1,tensorflow|keras|neural network|python|nlp
WT,3,2,Network & Wireless Systems|Cloud & Distributed Systems|Data Science & Analytics,Digital Logic & Design,46.9,Automata Theory,40.6,Engineering Mathematics-IV,37.5,Design & Analysis of Algorithms,32.2,Operating Systems,31.3,gpio|ci/cd|sensor|iot|wireless|esp32|arduino|mqtt|bluetooth
DWM,2,0,Data Science & Analytics|Artificial Intelligence & Machine Learning,Python,90.77449492188427,Design & Analysis of Algorithms,78.6,Database Management Systems,71.1,Software Engineering,67.9,Cryptography & Network Security,65.5,
ML,2,1,Artificial Intelligence & Machine Learning|Data Science & Analytics,Engineering Mathematics-III,76.6,Operating Systems,69.7,Automata Theory,67.7,Computer Networks,67.6,Cryptography & Network Security,64.5,neural network|dashboard|regression|python|nlp
DWM,2,3,Data Science & Analytics|Web Development,Software Engineering,79.1,C++,78.1,Data Structures and Algorithms,75.4,Automata Theory,75.0,Computer Networks,74.7,power bi|mongodb|dashboard|embedded|etl|azure|sql|analytics|tableau
DWM,1,1,Data Science & Analytics,Software Engineering,65.8,C++,61.7,Design & Analysis of Algorithms,55.8,Automata Theory,53.3,Full Stack Development,53.2,power bi|mongodb|tensorflow|postgresql|tableau
WT,3,1,Network & Wireless Systems|Mobile & IoT Development|Cloud & Distributed Systems,Microcontroller & Embedded Systems,67.2,Data Structures and Algorithms,58.7,Database Management Systems,57.2,Java,56.9,IoT,56.8,microcontroller|gpio|sensor|raspberry pi|bluetooth
CCS,3,3,Web Development|Cloud & Distributed Systems|Network & Wireless Systems,Software Engineering,56.9,Engineering Mathematics-III,56.2,IoT,55.2,Python,53.567515045848175,Full Stack Development,52.1,kubernetes|ci/cd|fullstack|azure|aws|devops|react|cloud|mqtt
ML,2,1,Artificial Intelligence & Machine Learning|Mobile & IoT Development,Python,86.1,Design & Analysis of Algorithms,78.9,Automata Theory,77.3,Engineering Mathematics-IV,70.4,Full Stack Development,69.8,regression|tensorflow|sql|keras
ML,2,1,Artificial Intelligence & Machine Learning|Cloud & Distributed Systems,Software Engineering,100.0,Full Stack Development,100.0,Design & Analysis of Algorithms,96.5,Java,94.2,Computer Networks,92.96091857155933,sklearn|numpy|neural network|keras|regression|terraform
WT,2,2,Network & Wireless Systems|Cloud & Distributed Systems,Microcontroller & Embedded Systems,43.2,Computer Networks,40.1,Automata Theory,29.3,IoT,28.5,Full Stack Development,26.6,microcontroller|iot|embedded|esp32|arduino
CCS,2,3,Cloud & Distributed Systems|Network & Wireless Systems,Java,52.4,Database Management Systems,48.6,Computer Networks,45.7,Automata Theory,36.5,Engineering Mathematics-IV,36.0,node|ci/cd|data mining|aws|serverless|react|terraform
WT,3,1,Network & Wireless Systems|Mobile & IoT Development|Cloud & Distributed Systems,Computer Networks,63.2,Java,63.2,Automata Theory,62.9,Digital Logic & Design,61.2,Microcontroller & Embedded Systems,58.0,microcontroller|sensor|wireless|neural network|raspberry pi|mqtt|bluetooth
DWM,3,1,Data Science & Analytics|Artificial Intelligence & Machine Learning|Cloud & Distributed Systems,Engineering Mathematics-IV,89.2,Automata Theory,77.6,C++,77.0,Microcontroller & Embedded Systems,76.70696056893284,Design & Analysis of Algorithms,75.6,mongodb|data warehouse|data mining|analytics|tableau
DWM,2,3,Data Science & Analytics|Cloud & Distributed Systems,Full Stack Development,95.0,Engineering Mathematics-III,94.2,Engineering Mathematics-IV,94.2,Artificial Intelligence,93.8,C++,93.5,power bi|kubernetes|mongodb|data warehouse|dashboard|etl|data mining|sql|tableau
WT,3,2,Mobile & IoT Development|Network & Wireless Systems|Data Science & Analytics,Digital Logic & Design,70.1,Engineering Mathematics-IV,63.5,Design & Analysis of Algorithms,62.9,Computer Networks,62.2,Python,57.1,sensor|iot|embedded|wireless|esp32|arduino|raspberry pi|bluetooth
WT,1,3,Network & Wireless Systems,C++,50.0,Computer Networks,47.8,Software Engineering,44.3,Database Management Systems,36.5,Microcontroller & Embedded Systems,35.3,gpio|iot|sensor|embedded|wireless|arduino|esp32|raspberry pi
WT,2,4,Network & Wireless Systems|Mobile & IoT Development,Engineering Mathematics-III,54.5,Automata Theory,51.2,Microcontroller & Embedded Systems,49.2,Java,47.1,Software Engineering,46.9,power bi|microcontroller|gpio|iot|sensor|embedded|azure|esp32|wireless|arduino
CCS,2,1,Cloud & Distributed Systems|Web Development,Engineering Mathematics-IV,53.9,Design & Analysis of Algorithms,43.7,Computer Networks,37.70939066059834,Microcontroller & Embedded Systems,34.46800120737344,Operating Systems,32.0,azure|aws|devops|fullstack
DWM,1,2,Data Science & Analytics,Database Management Systems,77.2,Engineering Mathematics-IV,74.0,Automata Theory,65.9,Engineering Mathematics-III,65.8,Operating Systems,64.5,power bi|mongodb|dashboard|data mining|sql|tableau
CCS,3,2,Web Development|Cloud & Distributed Systems|Network & Wireless Systems,Cryptography & Network Security,72.2,Java,60.9,Digital Logic & Design,59.9,Software Engineering,57.9,IoT,57.4,node|kubernetes|ci/cd|aws|devops|serverless|react|mqtt|terraform
DWM,1,1,Data Science & Analytics,Python,79.2,Engineering Mathematics-III,72.0,Database Management Systems,66.4,Data Structures and Algorithms,60.5,Software Engineering,59.7,power bi|mongodb|data warehouse|etl|data mining|sql
WT,3,1,Network & Wireless Systems|Mobile & IoT Development|Cloud & Distributed Systems,Microcontroller & Embedded Systems,65.5,Software Engineering,59.6,C++,58.4,Engineering Mathematics-IV,54.8,IoT,54.4,sensor|esp32|arduino|raspberry pi|mqtt
CCS,2,2,Web Development|Data Science & Analytics,Java,76.4,Engineering Mathematics-IV,70.8,C++,70.7,Database Management Systems,68.55493003950383,Python,68.5,react|docker|azure|aws|devops|serverless|fullstack
DWM,1,3,Data Science & Analytics,C++,86.2,Database Management Systems,78.7,Computer Networks,76.04181101042377,Data Structures and Algorithms,75.4,Java,74.4,power bi|dashboard|postgresql|etl|data mining|devops|sql
CCS,2,4,Cloud & Distributed Systems|Artificial Intelligence & Machine Learning,Software Engineering,96.8,Operating Systems,80.0,Digital Logic & Design,76.5,C++,75.9,Engineering Mathematics-IV,70.0,node|kubernetes|react|ci/cd|docker|etl|azure|devops|fullstack|pytorch
DWM,2,4,Data Science & Analytics|Web Development,IoT,61.7,Python,47.9,Full Stack Development,42.7,Cryptography & Network Security,41.5,Database Management Systems,36.0,power bi|sklearn|mongodb|dashboard|data warehouse|postgresql|etl|data mining|sql|analytics
WT,4,2,Mobile & IoT Development|Network & Wireless Systems|Cloud & Distributed Systems|Data Science & Analytics,Microcontroller & Embedded Systems,44.0,Digital Logic & Design,38.2,IoT,38.0,Computer Networks,34.6,Software Engineering,29.4,microcontroller|gpio|iot|postgresql|esp32|wireless|mqtt
DWM,3,3,Data Science & Analytics|Artificial Intelligence & Machine Learning|Cloud & Distributed Systems,Design & Analysis of Algorithms,70.5,Operating Systems,64.8,Python,64.6,Full Stack Development,60.1,Digital Logic & Design,56.0,sklearn|power bi|classification|mongodb|dashboard|etl|data mining|analytics|tableau
CCS,4,2,Web Development|Cloud & Distributed Systems|Network & Wireless Systems|Artificial Intelligence & Machine Learning,IoT,64.4,Database Management Systems,64.0,Computer Networks,63.8,Full Stack Development,58.5,C++,56.3,kubernetes|ci/cd|docker|devops|serverless|react
CCS,3,2,Cloud & Distributed Systems|Web Development|Network & Wireless Systems,Data Structures and Algorithms,69.2,Design & Analysis of Algorithms,62.4,Engineering Mathematics-III,52.3,C++,52.2,Full Stack Development,51.0,node|kubernetes|ci/cd|docker|azure|devops|serverless
CCS,3,1,Cloud & Distributed Systems|Web Development|Network & Wireless Systems,Computer Networks,74.51893800170312,Digital Logic & Design,69.1,Software Engineering,68.4,Python,66.4,Operating Systems,65.8,machine learning|terraform|fullstack
WT,3,2,Artificial Intelligence & Machine Learning|Network & Wireless Systems|Mobile & IoT Development,Automata Theory,94.2,C++,85.2,Operating Systems,81.5,Software Engineering,80.3,Computer Networks,80.0,microcontroller|iot|embedded|esp32|wireless|raspberry pi|mqtt|bluetooth
DWM,3,2,Data Science & Analytics|Web Development|Cloud & Distributed Systems,Data Structures and Algorithms,81.7,Database Management Systems,80.4,Java,70.2,IoT,67.7,Cryptography & Network Security,65.3,mongodb|dashboard|postgresql|sql|tableau
DWM,2,1,Web Development|Data Science & Analytics,Engineering Mathematics-IV,81.8,Database Management Systems,77.1,C++,62.5,IoT,56.5,Python,51.2,power bi|mongodb|data warehouse|data mining|sql|tableau
DWM,1,2,Data Science & Analytics,Database Management Systems,70.7,IoT,56.4,Design & Analysis of Algorithms,55.1,Automata Theory,53.9,Artificial Intelligence,52.5,power bi|machine learning|data warehouse|dashboard|postgresql|etl|data mining|sql|tableau
CCS,2,3,Web Development|Cloud & Distributed Systems,Computer Networks,64.2,IoT,61.4,Full Stack Development,52.4,Java,46.5,Microcontroller & Embedded Systems,43.8,node|kubernetes|docker|azure|aws|devops|serverless|react|cloud|terraform
WT,2,1,Network & Wireless Systems|Mobile & IoT Development,Java,79.4,Data Structures and Algorithms,60.4,Digital Logic & Design,54.7,Computer Networks,54.0,Design & Analysis of Algorithms,53.4,node|microcontroller|gpio|sensor|iot|raspberry pi|bluetooth
WT,1,2,Mobile & IoT Development,Data Structures and Algorithms,68.15554055271703,Cryptography & Network Security,57.7,Database Management Systems,50.17879404860213,Computer Networks,47.5,Artificial Intelligence,46.9,microcontroller|gpio|sensor|iot|embedded|raspberry pi|mqtt
ML,1,2,Artificial Intelligence & Machine Learning,Python,100.0,Cryptography & Network Security,97.7,Computer Networks,96.7,Data Structures and Algorithms,96.3,Database Management Systems,92.7,sklearn|machine learning|tensorflow|pandas|neural network|nlp
CCS,2,3,Web Development|Cloud & Distributed Systems,Computer Networks,88.1,Full Stack Development,77.3,Automata Theory,77.0,Operating Systems,76.6,IoT,74.2,node|kubernetes|ci/cd|docker|aws|devops|serverless|fullstack|terraform
WT,1,2,Mobile & IoT Development,Automata Theory,86.4,Digital Logic & Design,85.3,Software Engineering,83.8,Database Management Systems,81.5,Microcontroller & Embedded Systems,80.8,microcontroller|iot|sensor|wireless|arduino|sql|mqtt|bluetooth
CCS,1,0,Web Development,Data Structures and Algorithms,100.0,Operating Systems,100.0,Full Stack Development,100.0,Software Engineering,96.0,Engineering Mathematics-IV,95.1,
ML,1,4,Data Science & Analytics,Python,65.5,Artificial Intelligence,62.4,Design & Analysis of Algorithms,55.5,Engineering Mathematics-III,55.2,Java,50.0,sklearn|classification|neural network|tensorflow|keras|deep learning|regression|python|nlp
DWM,3,2,Data Science & Analytics|Artificial Intelligence & Machine Learning|Cloud & Distributed Systems,Database Management Systems,88.4,Java,74.6,Artificial Intelligence,73.0,Engineering Mathematics-IV,72.9,Operating Systems,72.8,power bi|mongodb|postgresql|etl|data mining|sql
DWM,1,4,Data Science & Analytics,Database Management Systems,91.8,C++,90.4,Software Engineering,83.9,Engineering Mathematics-III,83.5,Automata Theory,81.4,power bi|data warehouse|dashboard|mongodb|postgresql|etl|data mining|sql|pytorch|tableau
DWM,1,2,Data Science & Analytics,Engineering Mathematics-IV,93.0,Database Management Systems,86.7,Full Stack Development,84.5,Design & Analysis of Algorithms,83.8,Engineering Mathematics-III,79.2,power bi|mongodb|dashboard|data warehouse|docker|postgresql|analytics|sql
ML,2,3,Artificial Intelligence & Machine Learning|Data Science & Analytics,Python,53.9,Data Structures and Algorithms,48.8,Engineering Mathematics-III,48.6,Automata Theory,48.4,Design & Analysis of Algorithms,47.9,sklearn|numpy|classification|machine learning|tensorflow|keras|deep learning|regression|python|nlp
ML,2,1,Artificial Intelligence & Machine Learning|Cloud & Distributed Systems,Digital Logic & Design,67.7,IoT,49.9,Python,48.4,Database Management Systems,47.6,Java,45.3,sklearn|neural network|keras|pytorch|python|bluetooth
WT,1,1,Mobile & IoT Development,Data Structures and Algorithms,84.9,Operating Systems,84.5,Microcontroller & Embedded Systems,83.5,Java,83.4,Automata Theory,76.5,gpio|esp32|arduino|mqtt|bluetooth
CCS,2,3,Cloud & Distributed Systems|Web Development,Full Stack Development,100.0,Automata Theory,90.7,Engineering Mathematics-III,89.1,Database Management Systems,88.3,Computer Networks,88.0,kubernetes|ci/cd|docker|azure|aws|devops|esp32|serverless|react|cloud
WT,2,2,Mobile & IoT Development|Network & Wireless Systems,Computer Networks,44.7,Engineering Mathematics-III,41.7,Database Management Systems,38.5,Digital Logic & Design,37.7,Python,36.31735120643981,gpio|iot|sensor|embedded|esp32|wireless|raspberry pi|mqtt
CCS,3,2,Cloud & Distributed Systems|Web Development|Data Science & Analytics,Database Management Systems,79.2,Computer Networks,76.8,Engineering Mathematics-IV,73.1,Java,71.6,Software Engineering,67.3,node|sklearn|ci/cd|azure|aws|devops|react|cloud|terraform
ML,2,2,Artificial Intelligence & Machine Learning|Data Science & Analytics,Operating Systems,73.6,C++,66.7,Engineering Mathematics-III,64.7,Python,54.6,Digital Logic & Design,54.3,sklearn|numpy|neural network|classification|machine learning|tensorflow|keras|devops|regression|python
WT,2,3,Network & Wireless Systems|Cloud & Distributed Systems,Computer Networks,66.1,IoT,65.2,Python,64.2,Cryptography & Network Security,59.5,C++,56.0,gpio|sensor|iot|embedded|arduino
WT,1,2,Network & Wireless Systems,Cryptography & Network Security,67.4,IoT,66.4,Data Structures and Algorithms,64.7,C++,59.2,Microcontroller & Embedded Systems,58.6,microcontroller|gpio|iot|sensor|esp32|wireless|mqtt|bluetooth
WT,3,1,Network & Wireless Systems|Mobile & IoT Development|Cloud & Distributed Systems,IoT,42.7,Automata Theory,42.5,Engineering Mathematics-III,37.7,Data Structures and Algorithms,37.333841210376654,Operating Systems,36.3,microcontroller|sensor|azure|esp32|raspberry pi|mqtt
ML,4,4,Artificial Intelligence & Machine Learning|Data Science & Analytics|Cloud & Distributed Systems|Network & Wireless Systems,Engineering Mathematics-III,67.0,Artificial Intelligence,61.7,Computer Networks,58.2,Microcontroller & Embedded Systems,52.2,Operating Systems,47.7,sklearn|numpy|classification|neural network|machine learning|pandas|keras|wireless|deep learning|regression
DWM,2,3,Data Science & Analytics|Web Development,Software Engineering,68.5,C++,67.4,Microcontroller & Embedded Systems,64.1,Artificial Intelligence,60.8,Python,57.6,power bi|data warehouse|dashboard|mongodb|postgresql|etl|data mining|sql|analytics
CCS,3,3,Cloud & Distributed Systems|Data Science & Analytics|Artificial Intelligence & Machine Learning,Full Stack Development,84.7,Computer Networks,78.8,Software Engineering,72.5,Data Structures and Algorithms,70.1,Automata Theory,62.5,azure|aws|analytics|react|cloud|tableau
CCS,2,3,Cloud & Distributed Systems|Data Science & Analytics,Full Stack Development,61.3,Operating Systems,59.7,Database Management Systems,45.7,Computer Networks,45.6,Engineering Mathematics-IV,45.4,node|kubernetes|gpio|ci/cd|azure|devops|serverless|analytics|react|cloud
CCS,2,1,Cloud & Distributed Systems|Web Development,Python,80.9,Database Management Systems,78.1,Operating Systems,74.4,Computer Networks,73.8,Full Stack Development,73.3,aws|docker|fullstack
CCS,2,1,Web Development|Cloud & Distributed Systems,Design & Analysis of Algorithms,84.9,Database Management Systems,80.01590954180568,Operating Systems,78.0,Cryptography & Network Security,72.2,C++,70.4,aws|terraform
WT,2,1,Mobile & IoT Development|Network & Wireless Systems,Python,85.4,IoT,85.2,Database Management Systems,76.6,Computer Networks,72.9,Microcontroller & Embedded Systems,70.4,raspberry pi|microcontroller|esp32|gpio
WT,2,2,Mobile & IoT Development|Network & Wireless Systems,Digital Logic & Design,89.3,Design & Analysis of Algorithms,86.4,Cryptography & Network Security,82.9,Operating Systems,80.7,C++,80.3,kubernetes|microcontroller|iot|embedded|wireless|raspberry pi|bluetooth
DWM,1,3,Data Science & Analytics,Design & Analysis of Algorithms,63.1,Engineering Mathematics-IV,61.1,Digital Logic & Design,57.5,Full Stack Development,55.8,Artificial Intelligence,55.0,power bi|machine learning|data warehouse|dashboard|mongodb|postgresql|etl|sql|analytics|cloud
CCS,2,2,Web Development|Data Science & Analytics,Full Stack Development,82.4,Data Structures and Algorithms,81.8,IoT,81.3,Operating Systems,74.0,Python,73.4,docker|fullstack|azure|aws|devops|react|terraform
ML,2,1,Artificial Intelligence & Machine Learning|Cloud & Distributed Systems,Engineering Mathematics-III,79.6,Data Structures and Algorithms,74.5,Database Management Systems,73.3,Software Engineering,68.6,Design & Analysis of Algorithms,66.7,regression|nlp
ML,1,1,Data Science & Analytics,Data Structures and Algorithms,89.4,Software Engineering,86.3,Automata Theory,84.7,Python,82.5,Microcontroller & Embedded Systems,81.8,regression|classification|nlp
DWM,1,1,Data Science & Analytics,Software Engineering,80.7,Automata Theory,79.0,Full Stack Development,78.82061995668658,Data Structures and Algorithms,77.9,Cryptography & Network Security,67.6,power bi|postgresql|sql|tableau
ML,2,3,Artificial Intelligence & Machine Learning|Data Science & Analytics,Engineering Mathematics-III,58.4,Design & Analysis of Algorithms,44.0,Digital Logic & Design,42.2,Java,40.4,Full Stack Development,40.1,sklearn|neural network|pytorch|tensorflow|etl|deep learning|regression|python|nlp
DWM,1,3,Data Science & Analytics,Python,100.0,Artificial Intelligence,88.71600653380366,C++,84.9,Engineering Mathematics-IV,76.9,Microcontroller & Embedded Systems,76.2,power bi|machine learning|dashboard|postgresql|etl|data mining|analytics|sql
ML,1,1,Data Science & Analytics,Data Structures and Algorithms,44.8,Cryptography & Network Security,43.7,C++,39.6,Artificial Intelligence,34.4,Full Stack Development,29.3,neural network|classification|machine learning|regression|python|nlp
DWM,1,1,Data Science & Analytics,Python,62.7,Data Structures and Algorithms,50.1,Artificial Intelligence,47.8,Digital Logic & Design,47.2,Operating Systems,45.2,mongodb|data warehouse|sensor|etl|tableau
WT,3,1,Mobile & IoT Development|Network & Wireless Systems|Cloud & Distributed Systems,Artificial Intelligence,84.31008821035876,IoT,82.8,Microcontroller & Embedded Systems,81.1,Software Engineering,81.0,C++,79.2,raspberry pi|bluetooth
ML,3,2,Data Science & Analytics|Cloud & Distributed Systems|Network & Wireless Systems,Database Management Systems,81.7,Engineering Mathematics-III,79.2,Computer Networks,78.52843456502717,Artificial Intelligence,74.1,Engineering Mathematics-IV,66.0,numpy|machine learning|pytorch|tensorflow|pandas|sql|deep learning|regression|python|nlp
DWM,1,4,Data Science & Analytics,Automata Theory,60.6,Database Management Systems,43.3,Design & Analysis of Algorithms,39.2,Operating Systems,37.4,Digital Logic & Design,30.6,power bi|ci/cd|mongodb|dashboard|data warehouse|postgresql|etl|data mining|analytics|sql
DWM,2,2,Data Science & Analytics|Artificial Intelligence & Machine Learning,Python,53.98569458004536,Database Management Systems,53.7,Engineering Mathematics-IV,47.4,Java,42.5,Digital Logic & Design,42.3,power bi|data warehouse|dashboard|postgresql|etl|analytics|sql
CCS,2,2,Cloud & Distributed Systems|Web Development,Computer Networks,83.43330965076231,Engineering Mathematics-IV,77.3,Database Management Systems,74.9,Software Engineering,70.7,Full Stack Development,70.4,ci/cd|fullstack|azure|react|terraform
ML,1,1,Artificial Intelligence & Machine Learning,Cryptography & Network Security,47.6,Python,46.9,Software Engineering,39.8,Java,34.7,C++,33.1,tensorflow|classification
WT,2,2,Network & Wireless Systems|Mobile & IoT Development,Cryptography & Network Security,61.6,Engineering Mathematics-III,58.0,Automata Theory,56.9,Digital Logic & Design,56.3,IoT,53.7,microcontroller|sensor|wireless|raspberry pi|bluetooth
WT,2,1,Network & Wireless Systems|Mobile & IoT Development,IoT,78.1,Microcontroller & Embedded Systems,65.7,Engineering Mathematics-IV,59.2,Database Management Systems,58.8,Computer Networks,58.6,sensor|embedded|esp32|arduino|mqtt|bluetooth
WT,3,1,Mobile & IoT Development|Network & Wireless Systems|Cloud & Distributed Systems,IoT,62.4,Engineering Mathematics-IV,59.7,C++,57.3,Data Structures and Algorithms,51.3,Operating Systems,47.1,microcontroller|gpio
DWM,1,3,Data Science & Analytics,Database Management Systems,83.5,Full Stack Development,80.8,Java,78.7,Cryptography & Network Security,76.0,Operating Systems,74.2,power bi|data warehouse|dashboard|postgresql|data mining|azure|sql|analytics|tableau
CCS,2,4,Cloud & Distributed Systems|Data Science & Analytics,Full Stack Development,85.8,Engineering Mathematics-III,71.2,Software Engineering,69.5,Computer Networks,68.2,Database Management Systems,61.5,node|kubernetes|react|ci/cd|raspberry pi|docker|postgresql|azure|aws|devops
ML,2,1,Data Science & Analytics|Artificial Intelligence & Machine Learning,Database Management Systems,94.5,Software Engineering,90.8,Java,89.6,Digital Logic & Design,89.5,Python,87.3,neural network|numpy|classification|deep learning
WT,1,3,Mobile & IoT Development,Engineering Mathematics-III,50.5,Computer Networks,48.2,IoT,45.9,C++,41.7,Design & Analysis of Algorithms,41.7,microcontroller|iot|embedded|esp32|arduino|wireless|raspberry pi|mqtt
CCS,3,3,Cloud & Distributed Systems|Web Development|Data Science & Analytics,Computer Networks,83.7,Python,82.3,Software Engineering,80.2,Java,78.7,Database Management Systems,74.4,kubernetes|ci/cd|raspberry pi|aws|devops|serverless|react|cloud|terraform
CCS,3,3,Cloud & Distributed Systems|Web Development|Artificial Intelligence & Machine Learning,Database Management Systems,47.7,Artificial Intelligence,42.6,Software Engineering,41.3,Design & Analysis of Algorithms,41.3,Operating Systems,39.9,node|ci/cd|docker|fullstack|azure|aws|serverless|react
CCS,3,1,Cloud & Distributed Systems|Web Development|Artificial Intelligence & Machine Learning,Artificial Intelligence,75.7,Python,73.4,Engineering Mathematics-III,64.6,Operating Systems,62.7,Automata Theory,62.3,node|kubernetes|azure|devops|terraform
CCS,1,4,Web Development,Python,51.7,Full Stack Development,45.5,Operating Systems,42.1,Engineering Mathematics-IV,40.9,Database Management Systems,36.7,node|kubernetes|python|react|docker|aws|devops|sql|fullstack|cloud
DWM,2,3,Data Science & Analytics|Cloud & Distributed Systems,Cryptography & Network Security,84.4,Engineering Mathematics-IV,80.1,Python,77.8,Database Management Systems,77.0,C++,76.4,power bi|iot|dashboard|postgresql|etl|data mining|sql|cloud|tableau
DWM,1,3,Data Science & Analytics,Full Stack Development,92.7,Java,89.0,Computer Networks,86.3,Engineering Mathematics-III,83.0,Engineering Mathematics-IV,82.9,power bi|data warehouse|dashboard|mongodb|etl|sql|pytorch
WT,2,1,Network & Wireless Systems|Mobile & IoT Development,Microcontroller & Embedded Systems,71.9,Java,66.3,Automata Theory,59.6,Data Structures and Algorithms,58.8,Engineering Mathematics-III,56.3,iot|embedded|machine learning|sensor
WT,2,0,Network & Wireless Systems|Mobile & IoT Development,Operating Systems,77.0,Computer Networks,75.1,Full Stack Development,73.7,Software Engineering,67.2,Design & Analysis of Algorithms,65.9,
ML,2,3,Data Science & Analytics|Web Development,Computer Networks,94.66027928196429,Java,71.8,Design & Analysis of Algorithms,69.9,Full Stack Development,66.5,Artificial Intelligence,65.7,numpy|neural network|pytorch|mongodb|regression|python
ML,3,3,Data Science & Analytics|Artificial Intelligence & Machine Learning|Web Development,Computer Networks,78.5935237393028,Automata Theory,77.4,Full Stack Development,76.48715411027402,Data Structures and Algorithms,73.6,Java,72.3,sklearn|classification|machine learning|pytorch|pandas|tensorflow|keras|aws|react|neural network
CCS,3,3,Cloud & Distributed Systems|Web Development|Data Science & Analytics,Automata Theory,79.4,Operating Systems,69.0,C++,66.7,Python,62.6,Software Engineering,61.4,ci/cd|docker|fullstack|azure|aws|devops|serverless|react|cloud|terraform
DWM,2,4,Data Science & Analytics|Artificial Intelligence & Machine Learning,Software Engineering,49.2,Engineering Mathematics-IV,47.0,Data Structures and Algorithms,45.5,Engineering Mathematics-III,45.4,Database Management Systems,43.3,power bi|classification|mongodb|dashboard|data warehouse|postgresql|etl|data mining|analytics
CCS,1,2,Cloud & Distributed Systems,Full Stack Development,68.0,Computer Networks,51.8,Cryptography & Network Security,50.8,Software Engineering,50.2,IoT,48.5,node|kubernetes|dashboard|fullstack|azure|devops|serverless|react|terraform
CCS,2,3,Web Development|Cloud & Distributed Systems,Design & Analysis of Algorithms,98.8,Computer Networks,97.8,Full Stack Development,96.3,Data Structures and Algorithms,95.7,Microcontroller & Embedded Systems,91.3,node|kubernetes|ci/cd|docker|azure|devops|react|cloud|terraform
WT,3,2,Mobile & IoT Development|Network & Wireless Systems|Cloud & Distributed Systems,Automata Theory,48.0,C++,45.0,Engineering Mathematics-IV,35.4,Python,22.9,Data Structures and Algorithms,22.8,node|iot|esp32|mqtt|python|bluetooth
WT,2,1,Network & Wireless Systems|Cloud & Distributed Systems,Cryptography & Network Security,67.7,Artificial Intelligence,66.8990973881372,Digital Logic & Design,47.0,Computer Networks,44.6,IoT,43.5,gpio|sensor|embedded|raspberry pi|mqtt|bluetooth
CCS,2,1,Web Development|Data Science & Analytics,Full Stack Development,38.5,Engineering Mathematics-IV,37.9,Artificial Intelligence,37.4,Software Engineering,36.1,Database Management Systems,35.7,docker|serverless|devops|ci/cd
ML,4,2,Artificial Intelligence & Machine Learning|Web Development|Data Science & Analytics|Network & Wireless Systems,Artificial Intelligence,74.2,Software Engineering,72.1,Microcontroller & Embedded Systems,62.1,Full Stack Development,60.8,Engineering Mathematics-III,59.5,numpy|pytorch|tensorflow|neural network|regression
ML,1,2,Data Science & Analytics,Database Management Systems,80.9,Data Structures and Algorithms,77.5,Computer Networks,76.2,Engineering Mathematics-IV,70.1,Java,62.0,classification|machine learning|pandas|postgresql|deep learning|neural network|regression|python
WT,2,1,Mobile & IoT Development|Network & Wireless Systems,Automata Theory,83.2,Full Stack Development,80.0,Database Management Systems,72.7,Engineering Mathematics-III,71.5,Design & Analysis of Algorithms,71.1,sensor|raspberry pi
WT,2,1,Mobile & IoT Development|Cloud & Distributed Systems,Python,75.9,Data Structures and Algorithms,75.6,Design & Analysis of Algorithms,73.8,Software Engineering,73.7,Artificial Intelligence,70.7,embedded|esp32|raspberry pi|mqtt|bluetooth
WT,2,1,Mobile & IoT Development|Network & Wireless Systems,Software Engineering,100.0,IoT,100.0,Engineering Mathematics-IV,99.2,Microcontroller & Embedded Systems,93.7,Digital Logic & Design,91.8,regression|microcontroller|arduino
DWM,1,2,Data Science & Analytics,C++,71.8,Data Structures and Algorithms,71.2,Engineering Mathematics-III,71.0,Engineering Mathematics-IV,65.9,Software Engineering,60.4,data warehouse|mongodb|dashboard|postgresql|sql|analytics|terraform|tableau
CCS,3,1,Cloud & Distributed Systems|Web Development|Network & Wireless Systems,Operating Systems,69.8,Full Stack Development,67.8,Python,57.3,Computer Networks,54.5,Software Engineering,47.5,node|docker|aws|fullstack|cloud
WT,3,1,Cloud & Distributed Systems|Network & Wireless Systems|Mobile & IoT Development,Microcontroller & Embedded Systems,78.7,Computer Networks,76.1,Digital Logic & Design,72.6,Engineering Mathematics-IV,71.7,Operating Systems,68.6,iot|embedded
DWM,2,1,Data Science & Analytics|Web Development,C++,83.5,Artificial Intelligence,81.2,Database Management Systems,78.3,Engineering Mathematics-III,66.3,Full Stack Development,64.5,mongodb|dashboard|postgresql|etl|sql|tableau
ML,1,1,Data Science & Analytics,Full Stack Development,87.6767226326466,Artificial Intelligence,58.3,Software Engineering,52.3,Python,42.8,Operating Systems,39.2,nlp|keras
CCS,2,2,Cloud & Distributed Systems|Network & Wireless Systems,Full Stack Development,56.9,Design & Analysis of Algorithms,50.3,Engineering Mathematics-IV,45.8,C++,45.8,Artificial Intelligence,40.5,node|kubernetes|ci/cd|sensor|docker|fullstack|aws|devops|react|terraform
CCS,2,2,Cloud & Distributed Systems|Web Development,Engineering Mathematics-III,54.8,Full Stack Development,49.2,Engineering Mathematics-IV,48.1,Java,45.0,Digital Logic & Design,42.0,node|kubernetes|ci/cd|fullstack|devops|react|cloud
ML,2,2,Artificial Intelligence & Machine Learning|Cloud & Distributed Systems,Full Stack Development,84.6,Engineering Mathematics-III,82.5,Database Management Systems,73.2,Artificial Intelligence,72.6,Design & Analysis of Algorithms,71.5,classification|machine learning|keras|regression|python|nlp
CCS,2,1,Web Development|Cloud & Distributed Systems,Full Stack Development,42.6,Engineering Mathematics-IV,41.9,Engineering Mathematics-III,37.5,Data Structures and Algorithms,35.9,Python,32.4,node|serverless|react
DWM,1,2,Data Science & Analytics,Database Management Systems,66.2,Java,61.4,Cryptography & Network Security,60.1,IoT,54.4,Engineering Mathematics-IV,52.6,mongodb|data warehouse|postgresql|etl|data mining|sql|analytics
WT,2,1,Network & Wireless Systems|Mobile & IoT Development,Full Stack Development,84.90849102932728,Digital Logic & Design,63.1,Cryptography & Network Security,58.2,Computer Networks,49.48843363300374,IoT,48.7,microcontroller|keras|wireless|arduino|raspberry pi|mqtt
ML,1,3,Artificial Intelligence & Machine Learning,Design & Analysis of Algorithms,43.0,Full Stack Development,38.2,Data Structures and Algorithms,35.66471543495831,Computer Networks,34.6,Artificial Intelligence,32.5,sklearn|numpy|pytorch|data warehouse|pandas|keras|deep learning|neural network|python|nlp
WT,2,0,Mobile & IoT Development|Cloud & Distributed Systems,Microcontroller & Embedded Systems,53.6,Database Management Systems,53.1,Operating Systems,52.6,Computer Networks,48.5,IoT,43.9,
ML,2,1,Data Science & Analytics|Artificial Intelligence & Machine Learning,Software Engineering,54.7,Data Structures and Algorithms,41.3,IoT,41.3,Database Management Systems,38.7,Engineering Mathematics-III,35.2,neural network|sklearn|classification
CCS,2,1,Web Development|Cloud & Distributed Systems,Microcontroller & Embedded Systems,51.76898871767416,C++,48.0,Full Stack Development,42.5,Digital Logic & Design,38.5,Database Management Systems,36.1,node|aws|devops|terraform
CCS,2,2,Cloud & Distributed Systems|Web Development,Operating Systems,73.5,Software Engineering,56.0,Digital Logic & Design,55.6,Artificial Intelligence,54.4,C++,49.1,sklearn|kubernetes|react|docker|devops|serverless|fullstack|cloud|terraform
ML,2,3,Data Science & Analytics|Artificial Intelligence & Machine Learning,Artificial Intelligence,100.0,Data Structures and Algorithms,99.7,C++,97.1,Engineering Mathematics-III,96.2,Python,94.9,sklearn|classification|machine learning|pytorch|pandas|tensorflow|docker|keras|neural network|regression
ML,2,1,Artificial Intelligence & Machine Learning|Web Development,Artificial Intelligence,94.2,Engineering Mathematics-III,68.8,Engineering Mathematics-IV,68.7,Design & Analysis of Algorithms,65.7,Software Engineering,65.4,nlp|machine learning|keras
WT,2,1,Mobile & IoT Development|Network & Wireless Systems,Database Management Systems,91.17418588413997,Data Structures and Algorithms,81.02405827242686,Operating Systems,73.3,Microcontroller & Embedded Systems,72.3,Digital Logic & Design,66.3,sensor|embedded
WT,3,2,Mobile & IoT Development|Cloud & Distributed Systems|Data Science & Analytics,Operating Systems,67.2,IoT,65.2,Computer Networks,62.6,Design & Analysis of Algorithms,53.8,Engineering Mathematics-IV,51.5,gpio|esp32|arduino|wireless|neural network|raspberry pi|mqtt
WT,1,2,Network & Wireless Systems,Microcontroller & Embedded Systems,74.5,Computer Networks,73.67474624706779,Operating Systems,70.2,Software Engineering,68.1,Engineering Mathematics-III,65.3,node|microcontroller|iot|sensor|embedded|bluetooth
ML,3,2,Data Science & Analytics|Artificial Intelligence & Machine Learning|Web Development,Operating Systems,70.8,Database Management Systems,58.0,Python,57.7,Software Engineering,55.5,Full Stack Development,51.6,numpy|machine learning|pytorch|pandas|deep learning|neural network|regression|python
WT,2,2,Network & Wireless Systems|Mobile & IoT Development,Software Engineering,84.9,IoT,80.7,Digital Logic & Design,74.6,Microcontroller & Embedded Systems,67.5,Automata Theory,65.2,microcontroller|gpio|iot|sensor|embedded|esp32|arduino|bluetooth
CCS,3,1,Web Development|Cloud & Distributed Systems|Network & Wireless Systems,Full Stack Development,88.5,Computer Networks,87.9,Engineering Mathematics-III,80.9,Software Engineering,78.0,Design & Analysis of Algorithms,76.7,node|docker|aws|devops|serverless|cloud
CCS,2,0,Web Development|Data Science & Analytics,Operating Systems,90.0,Python,82.63624387311052,Digital Logic & Design,79.1,Full Stack Development,76.3,Artificial Intelligence,75.16545071934488,
ML,2,3,Data Science & Analytics|Web Development,Artificial Intelligence,90.7,Full Stack Development,84.2,Python,82.6,Engineering Mathematics-III,81.3,Computer Networks,77.3,sklearn|numpy|classification|neural network|machine learning|pandas|keras|pytorch|regression|python
ML,1,3,Data Science & Analytics,Full Stack Development,70.5,Digital Logic & Design,68.0,Data Structures and Algorithms,67.71028886505368,Cryptography & Network Security,62.8,Automata Theory,57.6,sklearn|numpy|neural network|pandas|regression|python|nlp
ML,2,2,Data Science & Analytics|Artificial Intelligence & Machine Learning,Software Engineering,53.8,Java,51.8,Python,45.9,Database Management Systems,42.2,Full Stack Development,38.6,machine learning|pytorch|tensorflow|keras|esp32|regression|tableau
WT,3,1,Network & Wireless Systems|Mobile & IoT Development|Cloud & Distributed Systems,Database Management Systems,80.9,IoT,74.8,Cryptography & Network Security,72.0,Automata Theory,71.0,Operating Systems,68.3,microcontroller|etl|wireless|esp32|raspberry pi|bluetooth
CCS,1,3,Web Development,Microcontroller & Embedded Systems,74.9,Cryptography & Network Security,69.9,Operating Systems,67.2,Full Stack Development,64.7,Software Engineering,63.6,node|numpy|machine learning|docker|azure|aws|devops|serverless|fullstack|cloud
ML,1,3,Artificial Intelligence & Machine Learning,Operating Systems,56.1,Data Structures and Algorithms,54.3,Design & Analysis of Algorithms,52.4,Cryptography & Network Security,46.3,Java,45.0,sklearn|node|numpy|neural network|pandas|keras|pytorch|raspberry pi|regression|python
CCS,2,4,Web Development|Cloud & Distributed Systems,Engineering Mathematics-IV,76.4,Digital Logic & Design,76.3,Computer Networks,68.0,Operating Systems,58.5,Python,55.6,node|kubernetes|docker|fullstack|azure|aws|devops|serverless|react|cloud
ML,3,2,Data Science & Analytics|Artificial Intelligence & Machine Learning|Cloud & Distributed Systems,Software Engineering,39.0,Operating Systems,37.8,Full Stack Development,35.12365102133858,Cryptography & Network Security,30.4,Data Structures and Algorithms,29.1,sklearn|numpy|classification|neural network|keras|deep learning|regression|python
ML,2,0,Data Science & Analytics|Network & Wireless Systems,Data Structures and Algorithms,55.1,Database Management Systems,51.7,Cryptography & Network Security,51.6,Automata Theory,50.2,Design & Analysis of Algorithms,44.7,
WT,2,2,Network & Wireless Systems|Mobile & IoT Development,Automata Theory,82.9,Digital Logic & Design,74.4,Data Structures and Algorithms,71.2,Design & Analysis of Algorithms,64.4,Java,57.5,tableau|iot|sensor|embedded|wireless|arduino|bluetooth
ML,2,3,Data Science & Analytics|Network & Wireless Systems,Engineering Mathematics-III,91.2,Engineering Mathematics-IV,90.2,Artificial Intelligence,89.8,Cryptography & Network Security,85.5,Python,85.4,numpy|pandas|keras|deep learning|terraform|nlp
CCS,2,4,Cloud & Distributed Systems|Data Science & Analytics,Software Engineering,100.0,Java,100.0,Full Stack Development,96.5,Engineering Mathematics-IV,93.0,Operating Systems,93.0,node|kubernetes|ci/cd|fullstack|azure|aws|devops|serverless|react|cloud
DWM,2,1,Data Science & Analytics|Mobile & IoT Development,Data Structures and Algorithms,62.1,Engineering Mathematics-IV,58.4,Computer Networks,57.0,Microcontroller & Embedded Systems,55.9,Database Management Systems,50.4,mongodb|etl
ML,3,4,Artificial Intelligence & Machine Learning|Data Science & Analytics|Cloud & Distributed Systems,Engineering Mathematics-III,68.4,Artificial Intelligence,67.9,Cryptography & Network Security,67.9,Design & Analysis of Algorithms,64.6,Automata Theory,64.2,sklearn|numpy|classification|neural network|machine learning|pandas|tensorflow|aws|serverless|deep learning
WT,2,2,Mobile & IoT Development|Network & Wireless Systems,Data Structures and Algorithms,74.6,Microcontroller & Embedded Systems,74.2,Database Management Systems,71.1,Operating Systems,69.8,Computer Networks,66.8,microcontroller|numpy|gpio|iot|sensor|wireless|esp32|raspberry pi|mqtt
DWM,3,3,Data Science & Analytics|Artificial Intelligence & Machine Learning|Cloud & Distributed Systems,Engineering Mathematics-IV,91.2,Full Stack Development,87.6,Python,85.9,Computer Networks,83.9,C++,83.2,power bi|mongodb|dashboard|data warehouse|pandas|postgresql|data mining|esp32|sql
WT,3,2,Mobile & IoT Development|Network & Wireless Systems|Cloud & Distributed Systems,Operating Systems,84.9,Automata Theory,74.3,Software Engineering,63.2,Java,60.8,Computer Networks,58.5,gpio|iot|sensor|embedded|wireless|arduino|raspberry pi|mqtt
ML,4,3,Data Science & Analytics|Artificial Intelligence & Machine Learning|Web Development|Network & Wireless Systems,Data Structures and Algorithms,66.63110687588056,Artificial Intelligence,65.5,Engineering Mathematics-III,59.9,IoT,59.2,Python,58.9,classification|machine learning|pytorch|keras|data mining|deep learning|neural network|python
DWM,2,3,Data Science & Analytics|Cloud & Distributed Systems,Python,75.3,Computer Networks,74.03270849987679,Engineering Mathematics-III,72.9,C++,69.0,Database Management Systems,68.1,power bi|mongodb|dashboard|data warehouse|data mining|serverless|sql|analytics|tableau
DWM,2,1,Data Science & Analytics|Web Development,Automata Theory,87.7,Java,83.3,Engineering Mathematics-IV,82.3,Python,76.2,Database Management Systems,69.6,data warehouse|postgresql|tableau
ML,2,1,Data Science & Analytics|Cloud & Distributed Systems,Artificial Intelligence,76.1,Data Structures and Algorithms,73.5,Automata Theory,72.1,Java,71.9,Cryptography & Network Security,70.7,regression|pandas|python|fullstack
ML,3,2,Artificial Intelligence & Machine Learning|Data Science & Analytics|Cloud & Distributed Systems,Automata Theory,83.7,Software Engineering,78.3,Engineering Mathematics-III,71.4,Data Structures and Algorithms,68.1,Python,65.3,sklearn|numpy|machine learning|tensorflow|deep learning|nlp
ML,1,1,Artificial Intelligence & Machine Learning,Artificial Intelligence,100.0,Engineering Mathematics-III,97.9,Python,91.5,Operating Systems,86.5,Data Structures and Algorithms,85.50999655317591,sklearn|pandas
DWM,3,2,Artificial Intelligence & Machine Learning|Data Science & Analytics|Cloud & Distributed Systems,Python,71.11706889811079,Data Structures and Algorithms,66.8,Artificial Intelligence,65.2,Automata Theory,56.8,Engineering Mathematics-III,49.1,power bi|mongodb|data warehouse|data mining|sql|analytics|regression|cloud
CCS,1,2,Cloud & Distributed Systems,Full Stack Development,100.0,Engineering Mathematics-III,99.1,Operating Systems,98.8,Computer Networks,97.9,Engineering Mathematics-IV,97.3,docker|fullstack|data mining|devops|react|cloud|terraform
WT,3,1,Network & Wireless Systems|Mobile & IoT Development|Cloud & Distributed Systems,IoT,75.1,C++,61.0,Microcontroller & Embedded Systems,55.4,Artificial Intelligence,54.274275044430254,Engineering Mathematics-III,53.2,microcontroller|gpio|postgresql|esp32|arduino|raspberry pi|mqtt
CCS,1,3,Cloud & Distributed Systems,Computer Networks,57.1,Full Stack Development,56.4,Python,55.5,Cryptography & Network Security,54.8,Engineering Mathematics-III,53.7,node|kubernetes|ci/cd|docker|aws|devops|serverless|cloud|terraform
CCS,3,3,Cloud & Distributed Systems|Web Development|Data Science & Analytics,Java,90.3,Data Structures and Algorithms,89.1,Automata Theory,87.0,Design & Analysis of Algorithms,85.9,Software Engineering,82.3,node|ci/cd|docker|azure|aws|serverless|react
DWM,1,4,Data Science & Analytics,Java,100.0,Artificial Intelligence,100.0,Engineering Mathematics-IV,97.1,Data Structures and Algorithms,95.3,Computer Networks,91.50008787901245,power bi|mongodb|dashboard|postgresql|etl|data mining|aws|bluetooth|analytics|sql
WT,3,0,Mobile & IoT Development|Network & Wireless Systems|Cloud & Distributed Systems,Engineering Mathematics-III,78.0,IoT,75.8,Design & Analysis of Algorithms,75.4,Python,67.5,Cryptography & Network Security,64.9,
DWM,3,1,Data Science & Analytics|Artificial Intelligence & Machine Learning|Cloud & Distributed Systems,Database Management Systems,97.8,Data Structures and Algorithms,94.8,Full Stack Development,89.3,Automata Theory,86.4,Operating Systems,86.0,mongodb|dashboard|postgresql|data mining|sql
WT,2,2,Mobile & IoT Development|Network & Wireless Systems,IoT,79.2,Full Stack Development,74.0,Cryptography & Network Security,73.1,Digital Logic & Design,72.8,Computer Networks,72.5,microcontroller|gpio|embedded|esp32|arduino|wireless|analytics|raspberry pi|mqtt|terraform
CCS,1,3,Web Development,Full Stack Development,59.9,C++,57.4,Digital Logic & Design,55.9,Design & Analysis of Algorithms,53.0,Computer Networks,48.0,kubernetes|ci/cd|deep learning|fullstack|azure|devops|serverless|react|cloud|terraform
DWM,1,2,Data Science & Analytics,Software Engineering,96.5,Data Structures and Algorithms,95.1,Java,91.9,Engineering Mathematics-IV,85.3,Design & Analysis of Algorithms,84.6,power bi|postgresql|etl|keras|data mining|analytics|sql|tableau
ML,2,1,Artificial Intelligence & Machine Learning|Data Science & Analytics,C++,65.0,Artificial Intelligence,60.9,Java,60.3,Engineering Mathematics-III,56.8,Full Stack Development,55.73739072308947,classification|neural network|deep learning|regression|python|nlp
ML,3,1,Artificial Intelligence & Machine Learning|Cloud & Distributed Systems|Network & Wireless Systems,Microcontroller & Embedded Systems,55.870139011509025,Digital Logic & Design,47.4,Automata Theory,45.6,IoT,45.6,Engineering Mathematics-IV,44.1,neural network|tensorflow|deep learning|pytorch|python|nlp
DWM,2,2,Data Science & Analytics|Cloud & Distributed Systems,Cryptography & Network Security,89.8,Database Management Systems,80.4,Python,78.8,Engineering Mathematics-III,56.6,Design & Analysis of Algorithms,55.3,mongodb|postgresql|data mining|devops|analytics|sql|tableau
DWM,1,3,Data Science & Analytics,Python,78.8,Database Management Systems,73.5,C++,73.0,Artificial Intelligence,72.5,Java,69.8,power bi|data warehouse|mongodb|dashboard|postgresql|etl|data mining|analytics|tableau
WT,4,4,Mobile & IoT Development|Network & Wireless Systems|Cloud & Distributed Systems|Data Science & Analytics,Database Management Systems,100.0,Computer Networks,100.0,Microcontroller & Embedded Systems,100.0,IoT,100.0,Operating Systems,97.7,microcontroller|gpio|iot|sensor|data warehouse|embedded|esp32|arduino|wireless|mqtt
DWM,1,1,Data Science & Analytics,Data Structures and Algorithms,64.9,Database Management Systems,48.5,Engineering Mathematics-IV,47.8,Computer Networks,47.7,Automata Theory,47.3,power bi|data mining|sql
CCS,2,3,Cloud & Distributed Systems|Data Science & Analytics,Computer Networks,51.2,Operating Systems,43.3,Java,43.0,C++,41.3,Full Stack Development,37.9,node|ci/cd|docker|aws|devops|serverless|regression|cloud
DWM,1,3,Data Science & Analytics,Computer Networks,77.9628744840571,Database Management Systems,75.5,Software Engineering,74.6,Design & Analysis of Algorithms,74.2,Microcontroller & Embedded Systems,71.67912170067625,power bi|data warehouse|mongodb|postgresql|etl|data mining|analytics|sql|tableau
WT,2,4,Mobile & IoT Development|Network & Wireless Systems,Microcontroller & Embedded Systems,95.2,Computer Networks,93.2,Python,89.2,Digital Logic & Design,88.8,Engineering Mathematics-III,88.2,microcontroller|gpio|iot|embedded|esp32|wireless|arduino|raspberry pi|mqtt|bluetooth
DWM,1,3,Data Science & Analytics,Engineering Mathematics-III,56.7,Java,52.4,Python,51.3,Data Structures and Algorithms,50.5,Software Engineering,48.5,power bi|kubernetes|mongodb|dashboard|data warehouse|postgresql|etl|data mining|aws|sql
DWM,2,4,Data Science & Analytics|Cloud & Distributed Systems,Java,99.0,Automata Theory,90.8,Software Engineering,89.0,Database Management Systems,75.0,C++,74.1,power bi|sklearn|data warehouse|dashboard|postgresql|etl|data mining|sql|analytics|python
DWM,1,1,Data Science & Analytics,Engineering Mathematics-IV,79.9,Full Stack Development,64.8,Engineering Mathematics-III,63.9,Operating Systems,62.5,Python,58.7,power bi|gpio|postgresql|data mining|analytics|tableau
ML,3,2,Artificial Intelligence & Machine Learning|Data Science & Analytics|Web Development,Python,80.6,Design & Analysis of Algorithms,69.6,Engineering Mathematics-IV,67.0,Engineering Mathematics-III,62.8,Full Stack Development,60.0,sklearn|classification|machine learning|data warehouse|tensorflow|pandas|python
ML,2,3,Data Science & Analytics|Artificial Intelligence & Machine Learning,Engineering Mathematics-III,79.8,Data Structures and Algorithms,66.3,Engineering Mathematics-IV,64.6,Computer Networks,63.2,C++,62.1,sklearn|numpy|tensorflow|aws|deep learning|regression
WT,2,4,Mobile & IoT Development|Network & Wireless Systems,Python,73.1,Design & Analysis of Algorithms,71.5,IoT,71.4,Computer Networks,69.1,Artificial Intelligence,67.9,microcontroller|gpio|iot|sensor|dashboard|embedded|wireless|arduino|esp32|raspberry pi
WT,3,2,Network & Wireless Systems|Mobile & IoT Development|Cloud & Distributed Systems,Data Structures and Algorithms,66.13567781214346,Computer Networks,56.9,Automata Theory,49.8,IoT,47.6,C++,47.3,microcontroller|gpio|sensor|dashboard|arduino|raspberry pi|mqtt
DWM,2,1,Data Science & Analytics|Web Development,Java,68.6,Cryptography & Network Security,62.9,Database Management Systems,60.4,Artificial Intelligence,57.1,Engineering Mathematics-IV,55.1,postgresql|analytics|tableau
DWM,1,2,Data Science & Analytics,Design & Analysis of Algorithms,61.7,Engineering Mathematics-IV,57.6,Automata Theory,55.9,Full Stack Development,55.5,C++,52.7,power bi|mongodb|dashboard|data warehouse|postgresql|data mining|analytics
CCS,3,2,Web Development|Cloud & Distributed Systems|Artificial Intelligence & Machine Learning,Microcontroller & Embedded Systems,73.1,Cryptography & Network Security,72.1,Computer Networks,66.9,Full Stack Development,66.0,Engineering Mathematics-IV,62.6,node|kubernetes|ci/cd|docker|keras|react
WT,1,3,Mobile & IoT Development,Microcontroller & Embedded Systems,89.5,IoT,77.2,Full Stack Development,66.0,Operating Systems,65.7,Engineering Mathematics-III,62.6,microcontroller|gpio|iot|sensor|serverless|wireless|arduino|mqtt
DWM,2,1,Data Science & Analytics|Artificial Intelligence & Machine Learning,Engineering Mathematics-III,100.0,Database Management Systems,100.0,C++,100.0,Automata Theory,100.0,Full Stack Development,100.0,power bi|postgresql
ML,2,1,Web Development|Data Science & Analytics,Engineering Mathematics-III,92.6,Python,73.2,Artificial Intelligence,72.4,Data Structures and Algorithms,71.5,Database Management Systems,70.4,neural network|sklearn|terraform|keras
WT,1,1,Network & Wireless Systems,Microcontroller & Embedded Systems,97.8,Computer Networks,97.07331344795965,Operating Systems,92.8,Full Stack Development,82.51050163811459,Design & Analysis of Algorithms,80.9,gpio|sensor|iot|deep learning|mqtt|bluetooth
WT,1,3,Network & Wireless Systems,IoT,63.4,Engineering Mathematics-III,59.8,Computer Networks,52.8,C++,50.9,Digital Logic & Design,48.7,microcontroller|sensor|iot|embedded|wireless|esp32|arduino|raspberry pi|mqtt
ML,2,4,Artificial Intelligence & Machine Learning|Data Science & Analytics,Java,51.9,Data Structures and Algorithms,50.0,IoT,46.6,Automata Theory,44.3,Artificial Intelligence,42.1,sklearn|power bi|neural network|gpio|machine learning|classification|pytorch|pandas|tensorflow|keras
WT,2,1,Mobile & IoT Development|Network & Wireless Systems,IoT,61.0,Engineering Mathematics-IV,52.6,Digital Logic & Design,51.3,C++,47.5,Database Management Systems,47.2,iot|microcontroller|embedded|arduino
DWM,1,1,Data Science & Analytics,Engineering Mathematics-IV,57.0,Design & Analysis of Algorithms,55.3,Data Structures and Algorithms,46.2,Database Management Systems,45.9,Automata Theory,42.4,power bi|tableau
CCS,2,2,Web Development|Cloud & Distributed Systems,Software Engineering,88.1,Full Stack Development,72.8,Design & Analysis of Algorithms,70.6,Automata Theory,69.0,C++,68.9,node|ci/cd|docker|fullstack|azure|aws|react|cloud|terraform
ML,1,1,Artificial Intelligence & Machine Learning,Automata Theory,76.5,Software Engineering,72.9,Computer Networks,72.0,Artificial Intelligence,70.3,C++,69.6,regression|tensorflow|python|machine learning
ML,2,2,Data Science & Analytics|Artificial Intelligence & Machine Learning,Computer Networks,65.87390226831619,Design & Analysis of Algorithms,64.8,Data Structures and Algorithms,57.1,Full Stack Development,57.0,Engineering Mathematics-IV,53.9,sklearn|neural network|machine learning|pytorch|regression|python|nlp
CCS,1,4,Web Development,Python,53.2,Java,50.6,Full Stack Development,48.6,Computer Networks,46.4,Database Management Systems,44.7,kubernetes|ci/cd|docker|fullstack|aws|serverless|wireless|react|cloud
ML,2,1,Artificial Intelligence & Machine Learning|Data Science & Analytics,Engineering Mathematics-III,48.9,Python,47.0,Artificial Intelligence,46.9,Data Structures and Algorithms,46.53772190650852,Design & Analysis of Algorithms,42.5,keras|deep learning|pytorch|regression|python
ML,4,3,Data Science & Analytics|Artificial Intelligence & Machine Learning|Cloud & Distributed Systems|Network & Wireless Systems,Design & Analysis of Algorithms,90.9,Python,88.3,Operating Systems,85.2,Database Management Systems,84.1,Artificial Intelligence,80.4,sklearn|numpy|classification|neural network|sensor|pandas|tensorflow|keras|deep learning|pytorch
ML,3,2,Data Science & Analytics|Artificial Intelligence & Machine Learning|Web Development,Data Structures and Algorithms,78.7,Cryptography & Network Security,76.3,Computer Networks,72.7186560176235,Python,72.0,Software Engineering,69.7,sklearn|numpy|neural network|tensorflow|keras|deep learning|regression|python|bluetooth
CCS,1,1,Web Development,Computer Networks,85.5,Full Stack Development,79.7,IoT,76.9,Engineering Mathematics-IV,58.8,Automata Theory,58.5,kubernetes|azure|react|cloud|terraform
CCS,2,1,Web Development|Cloud & Distributed Systems,Python,91.1,C++,74.6,Automata Theory,73.9,Database Management Systems,73.7,Data Structures and Algorithms,72.9,react|ci/cd|devops|serverless|analytics|fullstack
DWM,1,1,Data Science & Analytics,Artificial Intelligence,71.9,Microcontroller & Embedded Systems,69.5,Automata Theory,68.7,Python,67.5,Computer Networks,66.1,data warehouse|mongodb|etl|data mining|analytics
WT,2,2,Network & Wireless Systems|Mobile & IoT Development,Artificial Intelligence,73.47068906351106,Microcontroller & Embedded Systems,72.9,IoT,72.1,Computer Networks,69.5,Software Engineering,68.1,sensor|embedded|docker|etl|wireless|raspberry pi
ML,3,1,Data Science & Analytics|Artificial Intelligence & Machine Learning|Network & Wireless Systems,Data Structures and Algorithms,67.22679617485444,Database Management Systems,53.69802067509001,Cryptography & Network Security,51.4,Artificial Intelligence,51.2,C++,50.3,numpy|pandas|tensorflow|keras|neural network|python
ML,2,2,Data Science & Analytics|Artificial Intelligence & Machine Learning,Data Structures and Algorithms,100.0,Operating Systems,100.0,Design & Analysis of Algorithms,100.0,Artificial Intelligence,99.0,Microcontroller & Embedded Systems,98.0,classification|machine learning|keras|pytorch|python|nlp
DWM,1,2,Data Science & Analytics,Computer Networks,50.1,C++,50.1,Cryptography & Network Security,48.7,Software Engineering,48.0,Design & Analysis of Algorithms,45.5,power bi|classification|data warehouse|dashboard|mongodb|etl|tableau
WT,2,3,Mobile & IoT Development|Cloud & Distributed Systems,Software Engineering,70.6,Python,70.11170392334208,Database Management Systems,64.2,Microcontroller & Embedded Systems,64.2,Engineering Mathematics-III,63.8,microcontroller|gpio|sensor|embedded|wireless|arduino|mqtt|bluetooth
CCS,1,3,Web Development,Full Stack Development,90.6,Java,81.4,Automata Theory,77.3,Database Management Systems,76.9,Digital Logic & Design,75.7,node|ci/cd|azure|aws|devops|serverless|react
DWM,2,0,Data Science & Analytics|Cloud & Distributed Systems,Database Management Systems,97.0,Full Stack Development,96.11516000451611,C++,94.4,Design & Analysis of Algorithms,91.8,Digital Logic & Design,88.6,
CCS,3,3,Web Development|Cloud & Distributed Systems|Network & Wireless Systems,Database Management Systems,86.8,Full Stack Development,86.2,Computer Networks,82.3,IoT,76.8,Automata Theory,76.5,node|kubernetes|machine learning|docker|fullstack|aws|react|cloud|terraform
WT,2,1,Mobile & IoT Development|Cloud & Distributed Systems,Software Engineering,76.2,Automata Theory,67.3,Microcontroller & Embedded Systems,64.8,Operating Systems,64.2,Engineering Mathematics-IV,63.7,raspberry pi|arduino
WT,2,1,Mobile & IoT Development|Network & Wireless Systems,Microcontroller & Embedded Systems,91.1,Database Management Systems,87.8,Engineering Mathematics-IV,83.4,C++,83.4,IoT,82.6,microcontroller|sensor|embedded|mqtt|bluetooth
WT,1,2,Network & Wireless Systems,Microcontroller & Embedded Systems,46.7,IoT,44.5,Automata Theory,43.7,Cryptography & Network Security,43.0,Database Management Systems,42.5,sensor|dashboard|wireless|arduino|raspberry pi|mqtt|bluetooth
CCS,1,2,Web Development,Computer Networks,80.7688386045171,Full Stack Development,66.5,Operating Systems,61.3,Java,54.2,Database Management Systems,53.7,node|ci/cd|serverless|fullstack|nlp
DWM,2,2,Data Science & Analytics|Artificial Intelligence & Machine Learning,Engineering Mathematics-IV,44.8,Engineering Mathematics-III,37.7,Database Management Systems,34.2,Operating Systems,32.2,Full Stack Development,21.6,power bi|data warehouse|mongodb|dashboard|postgresql|sql|neural network|tableau
DWM,1,4,Data Science & Analytics,Design & Analysis of Algorithms,81.6,Artificial Intelligence,80.9406005500357,Full Stack Development,80.0,Engineering Mathematics-III,79.4,Database Management Systems,78.5,power bi|mongodb|data warehouse|dashboard|postgresql|etl|data mining|analytics|regression|tableau
DWM,1,2,Data Science & Analytics,Data Structures and Algorithms,73.5,C++,71.2,Artificial Intelligence,66.0,Computer Networks,63.5,Digital Logic & Design,62.8,power bi|data warehouse|postgresql|etl|data mining|sql|deep learning|tableau
ML,2,1,Artificial Intelligence & Machine Learning|Data Science & Analytics,Operating Systems,75.6,Microcontroller & Embedded Systems,73.8,Java,68.1,Software Engineering,66.7,Computer Networks,63.3,sklearn|classification|tensorflow|pandas|deep learning|nlp
WT,2,4,Mobile & IoT Development|Network & Wireless Systems,Microcontroller & Embedded Systems,72.6,Computer Networks,70.8,Digital Logic & Design,65.6,Python,61.9,Cryptography & Network Security,61.0,gpio|sensor|iot|mongodb|esp32|arduino|raspberry pi|mqtt|bluetooth
DWM,1,1,Data Science & Analytics,Database Management Systems,65.0,Microcontroller & Embedded Systems,57.5,Cryptography & Network Security,44.9,Computer Networks,44.8,Design & Analysis of Algorithms,44.8,postgresql|tableau
WT,2,3,Network & Wireless Systems|Mobile & IoT Development,Digital Logic & Design,97.5,Design & Analysis of Algorithms,91.3,Microcontroller & Embedded Systems,87.0,Data Structures and Algorithms,83.6,Cryptography & Network Security,81.7,microcontroller|numpy|iot|sensor|embedded|esp32|arduino|raspberry pi|mqtt|bluetooth
CCS,2,2,Cloud & Distributed Systems|Web Development,Full Stack Development,58.5,Engineering Mathematics-IV,51.3,Microcontroller & Embedded Systems,47.7,IoT,47.6,Java,41.6,node|react|docker|azure|serverless|fullstack|neural network|cloud|terraform
WT,2,2,Network & Wireless Systems|Cloud & Distributed Systems,IoT,89.9,Computer Networks,75.6,Operating Systems,72.3,Microcontroller & Embedded Systems,71.3,Digital Logic & Design,69.9,iot|sensor|embedded|esp32|wireless|arduino|raspberry pi|mqtt
CCS,2,2,Cloud & Distributed Systems|Web Development,Full Stack Development,62.9,Computer Networks,62.7,Microcontroller & Embedded Systems,59.8,C++,57.2,Engineering Mathematics-IV,56.8,kubernetes|ci/cd|iot|docker|azure|aws|devops|serverless|fullstack|cloud
DWM,1,1,Data Science & Analytics,Database Management Systems,49.6,Design & Analysis of Algorithms,48.0,Engineering Mathematics-III,45.2,Data Structures and Algorithms,45.1,Computer Networks,45.0,numpy|data warehouse|dashboard|mongodb|data mining
CCS,2,3,Cloud & Distributed Systems|Network & Wireless Systems,Artificial Intelligence,40.9,Full Stack Development,40.9,Engineering Mathematics-III,34.7,IoT,34.2,Database Management Systems,31.8,node|ci/cd|docker|azure|react|cloud|terraform
ML,2,3,Data Science & Analytics|Artificial Intelligence & Machine Learning,C++,67.6,Python,61.9,Digital Logic & Design,61.2,Data Structures and Algorithms,60.1,Operating Systems,60.0,classification|keras|etl|azure|neural network|regression|python|nlp
DWM,2,2,Data Science & Analytics|Artificial Intelligence & Machine Learning,Database Management Systems,76.7,Engineering Mathematics-III,63.5,Artificial Intelligence,59.1,Digital Logic & Design,57.9,Computer Networks,54.4,dashboard|postgresql|keras|etl|data mining
ML,2,2,Data Science & Analytics|Artificial Intelligence & Machine Learning,Software Engineering,61.0,Engineering Mathematics-III,54.1,Artificial Intelligence,53.2,Automata Theory,46.4,Digital Logic & Design,43.0,classification|pandas|deep learning|pytorch|nlp
DWM,1,1,Data Science & Analytics,Design & Analysis of Algorithms,73.9,C++,72.6,Python,72.0,Full Stack Development,72.0,Engineering Mathematics-III,69.0,postgresql|fullstack|data mining|analytics|sql|tableau
WT,2,4,Network & Wireless Systems|Mobile & IoT Development,Digital Logic & Design,82.0,Java,67.5,Operating Systems,61.1,Engineering Mathematics-IV,60.3,Python,53.3,microcontroller|gpio|iot|dashboard|sensor|esp32|arduino|deep learning|raspberry pi|bluetooth
DWM,1,1,Data Science & Analytics,Java,55.9,Computer Networks,52.86476647666622,Python,44.4,Full Stack Development,44.144203043723095,C++,37.8,data mining|dashboard|microcontroller|etl
CCS,2,2,Web Development|Cloud & Distributed Systems,Digital Logic & Design,79.7,Design & Analysis of Algorithms,79.7,Full Stack Development,72.1,Computer Networks,70.9,Software Engineering,65.0,node|data warehouse|docker|azure|aws|serverless|terraform
ML,2,3,Data Science & Analytics|Artificial Intelligence & Machine Learning,Data Structures and Algorithms,79.16499568412176,Database Management Systems,78.00491907900272,Full Stack Development,66.2,IoT,62.7,Digital Logic & Design,59.8,sklearn|numpy|classification|machine learning|deep learning|nlp
WT,3,2,Network & Wireless Systems|Mobile & IoT Development|Cloud & Distributed Systems,Operating Systems,92.8,Engineering Mathematics-IV,83.0,Database Management Systems,75.2,Digital Logic & Design,75.0,Data Structures and Algorithms,71.1,kubernetes|gpio|embedded|esp32|arduino|raspberry pi|bluetooth
DWM,1,2,Data Science & Analytics,Python,86.7,Database Management Systems,85.3,Java,81.6,Automata Theory,79.9,Software Engineering,78.7,mongodb|dashboard|data warehouse|postgresql|etl|analytics|sql|tableau
ML,3,0,Data Science & Analytics|Artificial Intelligence & Machine Learning|Cloud & Distributed Systems,Artificial Intelligence,56.8,Operating Systems,54.4,Data Structures and Algorithms,52.4,Java,50.2,Python,49.5,
WT,2,2,Mobile & IoT Development|Data Science & Analytics,Full Stack Development,83.9,Digital Logic & Design,75.8,Operating Systems,67.8,Java,67.6,Computer Networks,62.5,microcontroller|embedded|esp32|arduino|raspberry pi
WT,2,2,Mobile & IoT Development|Cloud & Distributed Systems,Full Stack Development,72.1,IoT,55.8,Cryptography & Network Security,55.0,Computer Networks,53.0,Engineering Mathematics-IV,52.3,sensor|iot|esp32|arduino|mqtt|bluetooth
CCS,2,0,Web Development|Cloud & Distributed Systems,Database Management Systems,79.5,Cryptography & Network Security,77.7,Engineering Mathematics-IV,75.4,Automata Theory,72.6,Digital Logic & Design,70.3,
CCS,2,4,Cloud & Distributed Systems|Web Development,Software Engineering,84.3,Artificial Intelligence,80.69842784834933,Engineering Mathematics-IV,80.1,Python,75.26586581464028,Database Management Systems,72.8,node|kubernetes|ci/cd|docker|azure|devops|serverless|arduino|fullstack|terraform
WT,2,2,Mobile & IoT Development|Cloud & Distributed Systems,Engineering Mathematics-IV,77.8,Python,75.49379445028598,Software Engineering,71.4,Design & Analysis of Algorithms,69.2,Computer Networks,68.6,gpio|sensor|embedded|arduino|raspberry pi|mqtt|bluetooth
WT,2,3,Mobile & IoT Development|Cloud & Distributed Systems,Computer Networks,74.1,Python,71.71707184989957,IoT,52.1,Software Engineering,48.4,Data Structures and Algorithms,43.6,microcontroller|sensor|iot|docker|esp32|arduino|wireless|raspberry pi|mqtt|bluetooth
ML,2,2,Artificial Intelligence & Machine Learning|Data Science & Analytics,Engineering Mathematics-III,100.0,Artificial Intelligence,100.0,Automata Theory,99.1,Python,97.4,Engineering Mathematics-IV,96.0,numpy|pytorch|pandas|deep learning|neural network|raspberry pi
CCS,3,2,Web Development|Data Science & Analytics|Network & Wireless Systems,Operating Systems,80.3,Computer Networks,72.2,Artificial Intelligence,57.5,Full Stack Development,52.8,Database Management Systems,48.4,node|kubernetes|ci/cd|docker|azure|aws|serverless|fullstack
CCS,3,2,Cloud & Distributed Systems|Web Development|Data Science & Analytics,Full Stack Development,72.2,Database Management Systems,69.2,Software Engineering,68.5,Data Structures and Algorithms,67.6,Digital Logic & Design,67.6,node|kubernetes|power bi|aws|devops|serverless|fullstack|cloud|terraform
CCS,2,3,Cloud & Distributed Systems|Web Development,Design & Analysis of Algorithms,73.0,Python,66.8,Artificial Intelligence,64.7,Software Engineering,58.1,IoT,57.3,node|ci/cd|embedded|docker|azure|aws|devops|serverless|fullstack|cloud
WT,2,3,Mobile & IoT Development|Cloud & Distributed Systems,Design & Analysis of Algorithms,46.9,Python,45.97524700374174,Computer Networks,44.4,C++,44.2,Operating Systems,41.9,power bi|gpio|iot|embedded|esp32|arduino|mqtt|bluetooth
WT,2,1,Network & Wireless Systems|Cloud & Distributed Systems,Engineering Mathematics-III,65.8,C++,65.0,Microcontroller & Embedded Systems,64.0,Computer Networks,63.9,Operating Systems,63.1,iot|raspberry pi|gpio|bluetooth
DWM,1,2,Data Science & Analytics,Python,68.6,Cryptography & Network Security,62.9,Digital Logic & Design,54.9,Database Management Systems,53.4,Engineering Mathematics-IV,51.6,kubernetes|data warehouse|dashboard|mongodb|postgresql|keras|data mining|analytics|sql
CCS,2,3,Cloud & Distributed Systems|Web Development,Computer Networks,74.2,Software Engineering,68.4,Database Management Systems,67.7,C++,65.6,Engineering Mathematics-IV,65.3,power bi|kubernetes|ci/cd|aws|devops|serverless|fullstack|cloud|terraform
DWM,2,1,Data Science & Analytics|Artificial Intelligence & Machine Learning,Data Structures and Algorithms,63.7,Engineering Mathematics-IV,59.8,Python,57.1,Software Engineering,55.7,Cryptography & Network Security,49.9,data warehouse|etl|data mining|sql|tableau
CCS,1,3,Web Development,Java,60.9,Data Structures and Algorithms,48.94216386547038,Computer Networks,43.4,Digital Logic & Design,41.1,Python,39.5,node|kubernetes|docker|azure|devops|cloud
CCS,2,1,Web Development|Network & Wireless Systems,Computer Networks,81.6,Artificial Intelligence,79.3,Cryptography & Network Security,76.2,Database Management Systems,76.1,C++,73.7,sensor|serverless|terraform|ci/cd
WT,2,3,Mobile & IoT Development|Cloud & Distributed Systems,Data Structures and Algorithms,71.3,Operating Systems,66.3,Cryptography & Network Security,59.3,IoT,57.1,Computer Networks,55.0,sklearn|microcontroller|gpio|sensor|embedded|esp32|arduino|wireless|raspberry pi|mqtt
CCS,3,2,Cloud & Distributed Systems|Web Development|Network & Wireless Systems,Design & Analysis of Algorithms,72.9,Computer Networks,70.1,Java,67.4,Automata Theory,65.1,Digital Logic & Design,64.8,docker|azure|aws|devops|serverless|react|terraform
CCS,2,3,Cloud & Distributed Systems|Web Development,Computer Networks,72.88264475517124,Data Structures and Algorithms,71.5,Design & Analysis of Algorithms,70.7,Engineering Mathematics-III,69.7,Full Stack Development,63.4,node|ci/cd|docker|etl|devops|fullstack|cloud
WT,1,1,Network & Wireless Systems,Microcontroller & Embedded Systems,90.5,Computer Networks,72.5,IoT,67.8,Database Management Systems,65.0,Digital Logic & Design,61.9,gpio|embedded|raspberry pi|mqtt|tableau
WT,1,2,Mobile & IoT Development,Java,75.1,Cryptography & Network Security,72.7,Database Management Systems,64.7,Software Engineering,64.3,Microcontroller & Embedded Systems,62.6,microcontroller|iot|sensor|esp32|arduino
CCS,2,3,Cloud & Distributed Systems|Web Development,Computer Networks,84.4,Full Stack Development,79.8,Software Engineering,74.5,C++,72.3,Engineering Mathematics-III,69.7,node|kubernetes|ci/cd|docker|azure|serverless|fullstack|cloud
CCS,2,1,Cloud & Distributed Systems|Network & Wireless Systems,Python,89.5,Database Management Systems,85.9,Computer Networks,81.6,Artificial Intelligence,81.3,Engineering Mathematics-IV,80.2,aws|react|ci/cd
DWM,2,1,Data Science & Analytics|Artificial Intelligence & Machine Learning,Software Engineering,87.3,IoT,83.0,Python,82.2,Computer Networks,79.31844276692897,Data Structures and Algorithms,78.3,power bi|dashboard|analytics|tableau
WT,3,4,Network & Wireless Systems|Mobile & IoT Development|Cloud & Distributed Systems,IoT,69.5,Computer Networks,69.2,C++,63.2,Microcontroller & Embedded Systems,57.7,Artificial Intelligence,57.2,microcontroller|gpio|iot|sensor|fullstack|data mining|wireless|esp32|arduino|raspberry pi
WT,2,1,Mobile & IoT Development|Data Science & Analytics,Microcontroller & Embedded Systems,74.1,Computer Networks,70.4,IoT,64.6,Data Structures and Algorithms,61.7,Engineering Mathematics-IV,59.0,gpio|sensor|esp32|wireless|bluetooth
DWM,2,2,Data Science & Analytics|Web Development,Data Structures and Algorithms,100.0,Database Management Systems,100.0,Software Engineering,98.6,Automata Theory,98.6,Cryptography & Network Security,92.8,power bi|data warehouse|dashboard|mongodb|etl|data mining|sql|fullstack
WT,2,1,Network & Wireless Systems|Mobile & IoT Development,Computer Networks,77.4,Engineering Mathematics-III,74.6,Engineering Mathematics-IV,70.9,C++,67.1,Java,62.2,raspberry pi|nlp|wireless|bluetooth
ML,3,3,Artificial Intelligence & Machine Learning|Data Science & Analytics|Web Development,Database Management Systems,56.6,Software Engineering,55.5,Artificial Intelligence,52.5,Engineering Mathematics-IV,49.1,Cryptography & Network Security,48.6,sklearn|classification|machine learning|tensorflow|pandas|keras|deep learning|pytorch|regression|terraform
CCS,3,1,Web Development|Cloud & Distributed Systems|Data Science & Analytics,Operating Systems,68.0,C++,62.0,Database Management Systems,61.08756531414788,Engineering Mathematics-IV,57.3,Digital Logic & Design,55.4,data warehouse|docker|fullstack|aws|serverless|react|cloud
ML,3,3,Data Science & Analytics|Artificial Intelligence & Machine Learning|Web Development,Engineering Mathematics-III,84.4,C++,79.1,Full Stack Development,74.1,Java,72.8,Database Management Systems,65.2,sklearn|machine learning|sensor|pandas|tensorflow|neural network|nlp
CCS,2,1,Cloud & Distributed Systems|Network & Wireless Systems,Operating Systems,92.2,Software Engineering,89.5,Computer Networks,83.3,Database Management Systems,82.3,Engineering Mathematics-IV,78.5,kubernetes|serverless|fullstack
WT,2,4,Network & Wireless Systems|Mobile & IoT Development,Operating Systems,74.9,Engineering Mathematics-III,68.2,IoT,67.4,Digital Logic & Design,61.7,C++,54.6,microcontroller|classification|iot|sensor|data warehouse|embedded|esp32|arduino|raspberry pi|mqtt
ML,1,2,Artificial Intelligence & Machine Learning,Java,88.3,Artificial Intelligence,88.0,Cryptography & Network Security,84.3,Engineering Mathematics-IV,83.7,Digital Logic & Design,77.6,sklearn|numpy|classification|tensorflow|etl|deep learning|pytorch|regression|nlp
ML,4,1,Artificial Intelligence & Machine Learning|Data Science & Analytics|Web Development|Network & Wireless Systems,Computer Networks,81.53151849527772,Cryptography & Network Security,77.7,Microcontroller & Embedded Systems,65.2,Database Management Systems,64.4,C++,62.2,regression|sklearn|keras
DWM,1,1,Data Science & Analytics,Engineering Mathematics-III,69.8,Engineering Mathematics-IV,63.4,Computer Networks,61.2,IoT,59.4,Data Structures and Algorithms,58.1,power bi|data mining|wireless|sql
DWM,2,3,Data Science & Analytics|Artificial Intelligence & Machine Learning,Database Management Systems,87.4,Computer Networks,86.9,C++,83.5,Operating Systems,80.4,Python,75.7,power bi|mongodb|dashboard|postgresql|etl|fullstack|analytics|sql|tableau
DWM,1,3,Data Science & Analytics,Computer Networks,81.62818588293486,Microcontroller & Embedded Systems,76.48906651811542,C++,72.5,Software Engineering,63.6,Engineering Mathematics-III,62.2,power bi|mongodb|dashboard|postgresql|etl|sql|tableau
DWM,2,1,Data Science & Analytics|Network & Wireless Systems,C++,93.2,Automata Theory,80.2,Engineering Mathematics-IV,75.0,Artificial Intelligence,74.6,Database Management Systems,69.9,mongodb|dashboard|postgresql|tableau
DWM,3,2,Data Science & Analytics|Artificial Intelligence & Machine Learning|Cloud & Distributed Systems,Database Management Systems,76.5,Engineering Mathematics-IV,69.1,Data Structures and Algorithms,66.5,Python,62.0,IoT,60.2,power bi|mongodb|data warehouse|postgresql|azure
DWM,1,3,Data Science & Analytics,Engineering Mathematics-III,69.3,Database Management Systems,63.5,Design & Analysis of Algorithms,62.4,Engineering Mathematics-IV,62.0,Digital Logic & Design,60.5,power bi|data warehouse|postgresql|data mining|sql
WT,3,3,Mobile & IoT Development|Network & Wireless Systems|Data Science & Analytics,Operating Systems,78.9,Engineering Mathematics-III,71.5,IoT,71.3,Microcontroller & Embedded Systems,71.2,Python,71.1,microcontroller|sensor|iot|arduino|raspberry pi|mqtt|bluetooth
ML,1,2,Artificial Intelligence & Machine Learning,Automata Theory,95.1,Artificial Intelligence,88.0,Design & Analysis of Algorithms,86.9,C++,86.4,Data Structures and Algorithms,84.2,numpy|neural network|machine learning|tensorflow|pandas|keras|pytorch|regression|terraform|nlp
DWM,1,1,Data Science & Analytics,Database Management Systems,91.4,Data Structures and Algorithms,85.0,Computer Networks,81.2,Digital Logic & Design,78.7,IoT,77.4,postgresql|etl
CCS,2,3,Cloud & Distributed Systems|Web Development,Data Structures and Algorithms,75.4,Computer Networks,48.0,Artificial Intelligence,45.6,Full Stack Development,45.4,Operating Systems,41.9,node|kubernetes|ci/cd|serverless|analytics|cloud|terraform
CCS,2,4,Web Development|Cloud & Distributed Systems,Operating Systems,100.0,Automata Theory,100.0,Microcontroller & Embedded Systems,95.8,Design & Analysis of Algorithms,95.1,Software Engineering,93.0,node|docker|serverless|react|cloud
CCS,2,1,Web Development|Cloud & Distributed Systems,C++,61.2,Cryptography & Network Security,57.3,Design & Analysis of Algorithms,52.0,Data Structures and Algorithms,51.5,Full Stack Development,50.9,ci/cd|docker|azure|aws|cloud
CCS,2,2,Web Development|Data Science & Analytics,Digital Logic & Design,52.6,Full Stack Development,41.8,Engineering Mathematics-IV,41.2,Python,29.1,Engineering Mathematics-III,25.7,node|ci/cd|fullstack|azure|aws|devops|react|cloud|terraform
DWM,1,2,Data Science & Analytics,C++,55.4,Engineering Mathematics-III,52.8,Engineering Mathematics-IV,51.0,Database Management Systems,50.5,Java,48.1,power bi|mongodb|dashboard|sql|tableau
DWM,3,1,Data Science & Analytics|Web Development|Cloud & Distributed Systems,Python,74.2,Computer Networks,68.6,Database Management Systems,64.2,Java,62.2,Software Engineering,61.2,postgresql|tableau
DWM,2,2,Data Science & Analytics|Web Development,Engineering Mathematics-III,62.0,Database Management Systems,56.0,Data Structures and Algorithms,53.6,Computer Networks,49.4,Microcontroller & Embedded Systems,47.1,data warehouse|dashboard|postgresql|data mining|sql
CCS,3,1,Web Development|Cloud & Distributed Systems|Network & Wireless Systems,Data Structures and Algorithms,69.0,Software Engineering,69.0,Computer Networks,62.8,Operating Systems,61.9,Artificial Intelligence,61.0,kubernetes|ci/cd|docker|aws|react|cloud
ML,2,4,Artificial Intelligence & Machine Learning|Data Science & Analytics,Computer Networks,92.4184461845627,Database Management Systems,84.6,Python,83.6,Artificial Intelligence,77.6,IoT,76.8,power bi|sklearn|neural network|classification|pytorch|tensorflow|pandas|data mining|deep learning|regression
DWM,2,2,Data Science & Analytics|Web Development,Python,64.9,C++,61.4,Cryptography & Network Security,59.9,IoT,57.2,Database Management Systems,55.0,power bi|data warehouse|dashboard|postgresql|etl|data mining|esp32|sql
WT,2,2,Mobile & IoT Development|Network & Wireless Systems,Python,80.1,Operating Systems,78.9,Computer Networks,78.7,Digital Logic & Design,77.6,Artificial Intelligence,77.6,gpio|embedded|arduino|raspberry pi|bluetooth
CCS,2,4,Cloud & Distributed Systems|Network & Wireless Systems,Digital Logic & Design,87.9,Design & Analysis of Algorithms,82.4,Artificial Intelligence,79.1,Java,76.2,Computer Networks,76.0,node|sklearn|ci/cd|docker|fullstack|azure|aws|devops|react|cloud
DWM,1,1,Data Science & Analytics,Computer Networks,65.9,Operating Systems,62.7,Engineering Mathematics-III,58.8,Python,57.4,Digital Logic & Design,54.8,dashboard|postgresql|etl|data mining|sql|tableau
WT,1,3,Network & Wireless Systems,Artificial Intelligence,54.95145712407809,Microcontroller & Embedded Systems,37.3,Engineering Mathematics-III,26.5,Cryptography & Network Security,26.5,Python,21.007372698101015,node|microcontroller|sensor|dashboard|esp32|arduino|wireless|raspberry pi|mqtt|bluetooth
WT,3,1,Network & Wireless Systems|Mobile & IoT Development|Data Science & Analytics,IoT,80.4,Python,78.6,Cryptography & Network Security,75.7,Microcontroller & Embedded Systems,75.6,Computer Networks,73.6,raspberry pi|esp32|wireless
CCS,4,2,Web Development|Cloud & Distributed Systems|Network & Wireless Systems|Artificial Intelligence & Machine Learning,Full Stack Development,66.3,Automata Theory,45.3,Operating Systems,43.9,Engineering Mathematics-IV,42.7,Software Engineering,42.2,node|kubernetes|ci/cd|data warehouse|azure|aws|devops|sql|fullstack|cloud
WT,3,1,Network & Wireless Systems|Mobile & IoT Development|Cloud & Distributed Systems,Operating Systems,86.4,Data Structures and Algorithms,85.9,Microcontroller & Embedded Systems,82.9,Computer Networks,81.5,Artificial Intelligence,69.6,gpio|iot|esp32|arduino|wireless|raspberry pi
ML,2,1,Artificial Intelligence & Machine Learning|Data Science & Analytics,Data Structures and Algorithms,94.3,C++,92.6,Computer Networks,90.51052540436514,Automata Theory,89.9,Java,87.1,pytorch|classification|terraform
CCS,3,3,Cloud & Distributed Systems|Web Development|Data Science & Analytics,Full Stack Development,93.3,Automata Theory,84.9,Data Structures and Algorithms,84.3,Digital Logic & Design,82.3,Engineering Mathematics-III,81.2,node|ci/cd|tensorflow|docker|fullstack|azure|aws|devops|react|cloud
DWM,2,2,Data Science & Analytics|Artificial Intelligence & Machine Learning,Data Structures and Algorithms,75.5,Computer Networks,69.4,Python,68.9,Database Management Systems,65.9,Design & Analysis of Algorithms,64.8,power bi|kubernetes|mongodb|dashboard|sql|tableau
DWM,1,2,Data Science & Analytics,Artificial Intelligence,74.4,Digital Logic & Design,62.6,Automata Theory,62.3,Python,59.0,Database Management Systems,58.5,power bi|mongodb|dashboard|postgresql|etl|data mining|wireless|tableau
ML,1,3,Artificial Intelligence & Machine Learning,Cryptography & Network Security,77.4,Operating Systems,75.1,Design & Analysis of Algorithms,75.0,Data Structures and Algorithms,70.4,Python,70.1,sklearn|numpy|classification|machine learning|tensorflow|deep learning|neural network|python|nlp
CCS,2,3,Cloud & Distributed Systems|Web Development,Automata Theory,100.0,Python,95.5247233455396,Software Engineering,91.8,Full Stack Development,88.9,Database Management Systems,88.2,node|docker|fullstack|azure|aws|devops|serverless|react|terraform
ML,4,2,Artificial Intelligence & Machine Learning|Data Science & Analytics|Network & Wireless Systems|Mobile & IoT Development,Automata Theory,69.6,Engineering Mathematics-IV,63.4,C++,63.3,Software Engineering,58.4,Python,57.9,machine learning|ci/cd|tensorflow|neural network|python|nlp
DWM,2,4,Data Science & Analytics|Web Development,IoT,85.2,Operating Systems,83.3,C++,82.5,Artificial Intelligence,81.3,Database Management Systems,78.3,power bi|data warehouse|dashboard|postgresql|etl|data mining|analytics|sql|tableau
WT,2,2,Mobile & IoT Development|Cloud & Distributed Systems,Software Engineering,34.7,Engineering Mathematics-III,33.8,Microcontroller & Embedded Systems,27.8,Design & Analysis of Algorithms,27.1,Engineering Mathematics-IV,18.0,microcontroller|gpio|sensor|embedded|wireless|arduino|bluetooth
ML,2,3,Artificial Intelligence & Machine Learning|Data Science & Analytics,Computer Networks,45.33525909099443,Artificial Intelligence,40.3,Java,21.5,Full Stack Development,18.811868264358523,Data Structures and Algorithms,14.8,sklearn|numpy|gpio|machine learning|mongodb|pandas|neural network|regression|python
ML,3,3,Data Science & Analytics|Artificial Intelligence & Machine Learning|Network & Wireless Systems,Computer Networks,79.5,Engineering Mathematics-IV,78.0,Software Engineering,76.8,Artificial Intelligence,71.2,Java,70.1,numpy|pandas|keras|azure|esp32|deep learning|pytorch|nlp
DWM,2,1,Data Science & Analytics|Web Development,Computer Networks,83.6971433823453,Automata Theory,65.5,Python,63.6,Microcontroller & Embedded Systems,63.1,Database Management Systems,55.6,mongodb|dashboard|postgresql|tableau
WT,3,2,Network & Wireless Systems|Mobile & IoT Development|Cloud & Distributed Systems,Data Structures and Algorithms,72.2,Computer Networks,59.656002297584095,Software Engineering,57.5,Java,56.6,Automata Theory,53.9,gpio|embedded|wireless|pytorch|raspberry pi|bluetooth
DWM,2,2,Data Science & Analytics|Cloud & Distributed Systems,Engineering Mathematics-III,100.0,Data Structures and Algorithms,100.0,Microcontroller & Embedded Systems,100.0,C++,100.0,Cryptography & Network Security,99.4,power bi|kubernetes|data warehouse|postgresql|etl|analytics|tableau
CCS,2,3,Web Development|Data Science & Analytics,Computer Networks,85.3,Digital Logic & Design,75.0,Software Engineering,71.4,Design & Analysis of Algorithms,70.8,Full Stack Development,70.1,node|kubernetes|ci/cd|azure|devops|serverless|cloud|terraform
ML,3,1,Data Science & Analytics|Artificial Intelligence & Machine Learning|Web Development,Data Structures and Algorithms,85.8,Database Management Systems,79.2,Artificial Intelligence,78.0,Python,76.4,Software Engineering,75.5,ci/cd|pandas|tensorflow|deep learning|python|nlp
DWM,1,2,Data Science & Analytics,Engineering Mathematics-III,82.4,Cryptography & Network Security,82.4,Full Stack Development,79.52436958717207,Data Structures and Algorithms,77.8,Operating Systems,77.3,power bi|node|data warehouse|dashboard|data mining|analytics|sql|tableau
CCS,3,1,Web Development|Cloud & Distributed Systems|Artificial Intelligence & Machine Learning,Operating Systems,63.2,Digital Logic & Design,60.8,Automata Theory,59.3,Engineering Mathematics-IV,56.7,IoT,53.7,devops|serverless|terraform|ci/cd
DWM,2,2,Web Development|Data Science & Analytics,Full Stack Development,64.2,Data Structures and Algorithms,52.7,Microcontroller & Embedded Systems,50.8,Cryptography & Network Security,48.3,Engineering Mathematics-III,46.2,power bi|mongodb|data warehouse|dashboard|embedded|postgresql|data mining|sql|analytics|tableau
DWM,2,3,Data Science & Analytics|Cloud & Distributed Systems,Data Structures and Algorithms,89.8,Cryptography & Network Security,85.0,Operating Systems,81.0,Python,79.9,Database Management Systems,78.6,power bi|tableau|mongodb|dashboard|postgresql|etl|data mining|esp32|sql|analytics
CCS,2,2,Cloud & Distributed Systems|Artificial Intelligence & Machine Learning,Engineering Mathematics-IV,100.0,Digital Logic & Design,100.0,Operating Systems,100.0,Software Engineering,100.0,Automata Theory,100.0,node|ci/cd|etl|fullstack|azure|devops|react|terraform|tableau
DWM,2,2,Data Science & Analytics|Cloud & Distributed Systems,Database Management Systems,68.8,Python,58.5,Automata Theory,54.6,Digital Logic & Design,48.3,Artificial Intelligence,45.4,power bi|sensor|etl|analytics|tableau
DWM,2,1,Data Science & Analytics|Artificial Intelligence & Machine Learning,Database Management Systems,39.2,Design & Analysis of Algorithms,37.1,Full Stack Development,35.4,Automata Theory,25.1,C++,21.3,power bi|postgresql|etl|data mining|sql|bluetooth
CCS,2,3,Web Development|Cloud & Distributed Systems,Automata Theory,66.6,Cryptography & Network Security,64.9,Artificial Intelligence,63.1,Software Engineering,62.5,Computer Networks,59.9,node|fullstack|aws|devops|serverless|react|cloud|terraform
ML,2,3,Artificial Intelligence & Machine Learning|Data Science & Analytics,Software Engineering,66.2,Java,53.8,Engineering Mathematics-III,47.0,Automata Theory,45.0,Database Management Systems,43.9,sklearn|numpy|classification|pytorch|tensorflow|pandas|keras|deep learning|neural network|python
DWM,3,1,Data Science & Analytics|Artificial Intelligence & Machine Learning|Cloud & Distributed Systems,Python,100.0,Java,100.0,Cryptography & Network Security,95.4,Database Management Systems,95.2,Digital Logic & Design,94.4,data mining|tableau
ML,4,1,Artificial Intelligence & Machine Learning|Data Science & Analytics|Cloud & Distributed Systems|Network & Wireless Systems,Cryptography & Network Security,58.5,Automata Theory,56.4,Engineering Mathematics-IV,45.1,Artificial Intelligence,45.1,Data Structures and Algorithms,40.9,classification|docker|keras|deep learning|neural network|python
DWM,2,2,Data Science & Analytics|Web Development,Database Management Systems,90.3,Operating Systems,70.1,Design & Analysis of Algorithms,55.5,Java,54.9,Engineering Mathematics-III,51.0,power bi|mongodb|data warehouse|dashboard|postgresql|data mining|sql|tableau
ML,2,2,Data Science & Analytics|Cloud & Distributed Systems,Artificial Intelligence,76.1,Data Structures and Algorithms,74.91969462349917,Cryptography & Network Security,73.8,Python,71.8,Database Management Systems,70.98052524068794,sklearn|numpy|microcontroller|machine learning|pandas|keras|deep learning|pytorch
WT,2,3,Network & Wireless Systems|Mobile & IoT Development,Operating Systems,56.3,Artificial Intelligence,50.9066274717878,Java,50.4,Python,44.3772290043926,Computer Networks,43.7,microcontroller|raspberry pi|embedded|esp32|arduino|wireless|cloud|bluetooth
CCS,2,3,Web Development|Network & Wireless Systems,Digital Logic & Design,50.4,Software Engineering,48.0,Data Structures and Algorithms,42.7,Database Management Systems,40.4,Engineering Mathematics-IV,36.1,node|kubernetes|react|ci/cd|azure|devops|serverless|fullstack|cloud|terraform
DWM,2,1,Web Development|Data Science & Analytics,Design & Analysis of Algorithms,76.1,Cryptography & Network Security,73.7,Software Engineering,60.8,Operating Systems,58.9,Full Stack Development,56.2,mongodb|data mining|analytics|sql|tableau
WT,3,1,Network & Wireless Systems|Mobile & IoT Development|Cloud & Distributed Systems,Cryptography & Network Security,68.5,Computer Networks,66.9,Microcontroller & Embedded Systems,62.3,Operating Systems,59.4,C++,56.4,sensor|gpio|esp32|arduino
WT,2,3,Mobile & IoT Development|Cloud & Distributed Systems,Java,56.3,Engineering Mathematics-IV,44.6,Artificial Intelligence,34.9,Software Engineering,34.0,Database Management Systems,33.6,microcontroller|gpio|sensor|embedded|wireless|esp32|raspberry pi|mqtt|bluetooth
WT,2,2,Network & Wireless Systems|Mobile & IoT Development,Automata Theory,86.9,Operating Systems,85.0,IoT,84.8,Java,83.5,Microcontroller & Embedded Systems,75.4,microcontroller|gpio|sensor|iot|embedded|arduino|raspberry pi|mqtt
DWM,2,1,Data Science & Analytics|Artificial Intelligence & Machine Learning,Database Management Systems,59.3,Engineering Mathematics-IV,50.5,Data Structures and Algorithms,50.0,Operating Systems,48.1,Python,44.8,power bi|data warehouse|analytics|sql|tableau
ML,2,4,Data Science & Analytics|Artificial Intelligence & Machine Learning,Artificial Intelligence,89.1,Database Management Systems,85.0,Engineering Mathematics-III,84.2,Cryptography & Network Security,83.2,Design & Analysis of Algorithms,81.2,numpy|classification|neural network|machine learning|tableau|data warehouse|tensorflow|pandas|keras|deep learning
ML,3,4,Artificial Intelligence & Machine Learning|Data Science & Analytics|Cloud & Distributed Systems,Java,79.3,Design & Analysis of Algorithms,63.6,Database Management Systems,56.6,Engineering Mathematics-III,51.7,Full Stack Development,51.2,node|sklearn|numpy|neural network|machine learning|pytorch|pandas|tensorflow|sql|deep learning
ML,2,3,Data Science & Analytics|Artificial Intelligence & Machine Learning,Full Stack Development,91.11420691941333,Engineering Mathematics-III,75.0,Python,73.2,Database Management Systems,71.5,Software Engineering,67.3,sklearn|numpy|machine learning|keras|deep learning|pytorch|regression
WT,3,2,Mobile & IoT Development|Network & Wireless Systems|Cloud & Distributed Systems,Data Structures and Algorithms,90.48566250401583,Automata Theory,84.6,IoT,83.7,Database Management Systems,83.37556737041656,Computer Networks,79.7,sensor|iot|embedded|wireless|raspberry pi|mqtt|bluetooth
CCS,2,2,Cloud & Distributed Systems|Web Development,Software Engineering,84.8,Computer Networks,81.7,Python,78.51777274358035,Engineering Mathematics-IV,78.3,Microcontroller & Embedded Systems,76.2,kubernetes|ci/cd|docker|azure|devops|react|cloud|python|bluetooth
WT,1,3,Mobile & IoT Development,Engineering Mathematics-IV,67.3,IoT,67.0,Computer Networks,63.5,Microcontroller & Embedded Systems,59.8,Engineering Mathematics-III,57.9,microcontroller|gpio|sensor|dashboard|iot|embedded|wireless|esp32|arduino|serverless
DWM,1,2,Data Science & Analytics,Engineering Mathematics-IV,80.8,Full Stack Development,76.4,Data Structures and Algorithms,74.7,Artificial Intelligence,69.8,Design & Analysis of Algorithms,67.7,data warehouse|dashboard|sql|analytics|tableau
WT,1,2,Network & Wireless Systems,Data Structures and Algorithms,100.0,Computer Networks,100.0,Microcontroller & Embedded Systems,97.4,Design & Analysis of Algorithms,97.1,Operating Systems,94.7,microcontroller|gpio|iot|sensor|embedded|keras|esp32|arduino|raspberry pi|bluetooth
CCS,3,1,Cloud & Distributed Systems|Web Development|Network & Wireless Systems,Database Management Systems,100.0,Operating Systems,100.0,Full Stack Development,100.0,Engineering Mathematics-IV,99.0,Data Structures and Algorithms,94.7,node|docker|react|cloud|terraform
DWM,1,2,Data Science & Analytics,Cryptography & Network Security,66.0,Engineering Mathematics-IV,63.3,Artificial Intelligence,61.3,Engineering Mathematics-III,59.1,Data Structures and Algorithms,57.3,power bi|mongodb|data mining|analytics|sql|tableau
DWM,1,2,Data Science & Analytics,Python,92.85459020302724,Digital Logic & Design,85.7,C++,83.0,Engineering Mathematics-IV,82.3,Operating Systems,82.0,mongodb|sql|analytics|etl
ML,4,1,Artificial Intelligence & Machine Learning|Data Science & Analytics|Cloud & Distributed Systems|Network & Wireless Systems,Full Stack Development,68.9,Software Engineering,68.0,Operating Systems,67.1,Design & Analysis of Algorithms,66.6,Data Structures and Algorithms,62.9,pytorch|sklearn|classification|nlp
DWM,2,2,Data Science & Analytics|Artificial Intelligence & Machine Learning,Computer Networks,55.75686789645234,Artificial Intelligence,37.0,Microcontroller & Embedded Systems,33.391701403309426,Database Management Systems,32.1,Python,29.8,power bi|data warehouse|data mining|sql|tableau
WT,3,2,Network & Wireless Systems|Mobile & IoT Development|Cloud & Distributed Systems,Engineering Mathematics-IV,55.5,Engineering Mathematics-III,55.4,Python,42.9,Design & Analysis of Algorithms,40.8,Computer Networks,37.0,gpio|sensor|esp32|deep learning|mqtt
ML,3,4,Artificial Intelligence & Machine Learning|Web Development|Network & Wireless Systems,Software Engineering,84.0,Python,70.8,Operating Systems,66.0,Engineering Mathematics-III,65.4,Cryptography & Network Security,63.2,sklearn|neural network|machine learning|dashboard|pandas|tensorflow|keras|deep learning|pytorch|python
DWM,2,3,Data Science & Analytics|Web Development,Digital Logic & Design,71.5,Design & Analysis of Algorithms,49.9,Automata Theory,49.3,Python,41.0,Data Structures and Algorithms,39.4,power bi|sklearn|data warehouse|dashboard|mongodb|postgresql|etl|data mining|analytics|tableau
DWM,2,1,Data Science & Analytics|Cloud & Distributed Systems,Engineering Mathematics-IV,76.3,Software Engineering,69.2,Cryptography & Network Security,65.6,Computer Networks,58.1,Operating Systems,55.2,power bi|dashboard|sql|etl
DWM,1,0,Data Science & Analytics,Python,66.8,C++,63.1,Full Stack Development,57.2,Computer Networks,55.5,Data Structures and Algorithms,51.9,
DWM,2,2,Data Science & Analytics|Web Development,Database Management Systems,45.5,Python,44.4,Data Structures and Algorithms,40.6,Design & Analysis of Algorithms,34.4,Operating Systems,34.2,power bi|data warehouse|mongodb|postgresql|etl
ML,2,0,Artificial Intelligence & Machine Learning|Cloud & Distributed Systems,Software Engineering,81.1,Computer Networks,71.4355505876957,Engineering Mathematics-IV,70.6,Java,66.2,Data Structures and Algorithms,62.9,
WT,1,2,Network & Wireless Systems,Engineering Mathematics-IV,67.9,Microcontroller & Embedded Systems,66.7,IoT,60.5,Full Stack Development,60.1,Data Structures and Algorithms,59.8,microcontroller|iot|sensor|embedded|arduino|raspberry pi|mqtt|bluetooth
WT,2,4,Network & Wireless Systems|Cloud & Distributed Systems,Engineering Mathematics-III,84.1,Digital Logic & Design,77.6,Artificial Intelligence,68.6,Computer Networks,67.9,Full Stack Development,67.4,microcontroller|gpio|iot|sensor|tensorflow|wireless|esp32|arduino|raspberry pi|mqtt
WT,1,3,Mobile & IoT Development,Automata Theory,87.6,Engineering Mathematics-IV,85.1,Computer Networks,83.1,Digital Logic & Design,80.5,Microcontroller & Embedded Systems,78.3,microcontroller|sensor|iot|embedded|mqtt|bluetooth
WT,1,3,Network & Wireless Systems,IoT,77.5,Design & Analysis of Algorithms,76.8,Computer Networks,75.7,Microcontroller & Embedded Systems,75.0,Automata Theory,74.1,node|microcontroller|numpy|gpio|esp32|arduino|react|wireless|raspberry pi|mqtt
DWM,2,0,Data Science & Analytics|Web Development,Python,70.1,Automata Theory,53.2,Digital Logic & Design,52.6,Database Management Systems,50.3,Java,46.9,
DWM,1,2,Data Science & Analytics,Engineering Mathematics-IV,63.8,Automata Theory,63.2,Python,61.1,Full Stack Development,57.9,Engineering Mathematics-III,56.3,data mining|sql|analytics|tableau
DWM,2,2,Data Science & Analytics|Artificial Intelligence & Machine Learning,Operating Systems,40.2,Cryptography & Network Security,35.0,Engineering Mathematics-IV,30.7,Artificial Intelligence,28.9,Computer Networks,27.9,node|data warehouse|mongodb|etl|data mining|bluetooth|sql|tableau
DWM,1,1,Data Science & Analytics,Database Management Systems,73.0,Full Stack Development,72.8,Engineering Mathematics-IV,69.3,Artificial Intelligence,65.0,C++,62.1,power bi|postgresql|analytics|mongodb
CCS,2,0,Cloud & Distributed Systems|Network & Wireless Systems,Operating Systems,57.8,Computer Networks,54.4,Full Stack Development,44.2,C++,37.9,Artificial Intelligence,29.7,
CCS,3,1,Cloud & Distributed Systems|Data Science & Analytics|Artificial Intelligence & Machine Learning,Full Stack Development,73.6,Design & Analysis of Algorithms,73.1,Digital Logic & Design,70.1,C++,66.4,Software Engineering,64.3,node|react|docker|azure|fullstack|cloud
ML,1,3,Artificial Intelligence & Machine Learning,Operating Systems,60.3,Data Structures and Algorithms,54.77087743329327,Database Management Systems,54.68925013077512,Software Engineering,51.7,Python,49.2,power bi|sklearn|neural network|tensorflow|keras|deep learning|pytorch|regression|python
DWM,1,4,Data Science & Analytics,Database Management Systems,80.1,Data Structures and Algorithms,79.7,Artificial Intelligence,76.8,Computer Networks,76.22244769366307,Full Stack Development,74.4,sklearn|power bi|data warehouse|dashboard|iot|mongodb|postgresql|tensorflow|etl|data mining
DWM,2,0,Data Science & Analytics|Web Development,Python,85.10259089183991,Data Structures and Algorithms,76.5,Engineering Mathematics-III,72.1,Database Management Systems,71.3,Computer Networks,66.4,
DWM,3,3,Data Science & Analytics|Web Development|Cloud & Distributed Systems,Operating Systems,65.6,Full Stack Development,65.6,Automata Theory,54.8,Cryptography & Network Security,53.4,Software Engineering,47.0,power bi|data warehouse|dashboard|etl|data mining|sql|analytics|mqtt|tableau
ML,2,1,Data Science & Analytics|Cloud & Distributed Systems,Computer Networks,67.4,Data Structures and Algorithms,62.5,Database Management Systems,62.1,Python,59.0,Cryptography & Network Security,55.5,neural network|sklearn|python
ML,2,3,Artificial Intelligence & Machine Learning|Data Science & Analytics,Engineering Mathematics-III,100.0,Python,100.0,Artificial Intelligence,100.0,Data Structures and Algorithms,97.1,Digital Logic & Design,96.5,sklearn|classification|pytorch|pandas|tensorflow|keras|etl|regression|python|nlp
ML,2,2,Artificial Intelligence & Machine Learning|Cloud & Distributed Systems,Artificial Intelligence,65.1,Digital Logic & Design,63.8,Operating Systems,57.7,Engineering Mathematics-III,53.5,Python,53.1,sklearn|numpy|classification|tensorflow|keras|azure|deep learning
DWM,1,2,Data Science & Analytics,Artificial Intelligence,63.60080884235971,Python,52.806986744573365,Engineering Mathematics-IV,50.5,Design & Analysis of Algorithms,46.9,Operating Systems,43.5,power bi|numpy|mongodb|data warehouse|dashboard|postgresql|etl|analytics
WT,2,1,Network & Wireless Systems|Mobile & IoT Development,Data Structures and Algorithms,100.0,Database Management Systems,72.3,Software Engineering,69.0,Java,68.7,Microcontroller & Embedded Systems,67.3,raspberry pi|ci/cd|esp32|wireless
DWM,1,2,Data Science & Analytics,Java,100.0,Data Structures and Algorithms,91.4,C++,87.8,Automata Theory,86.5,Engineering Mathematics-IV,85.9,power bi|data warehouse|dashboard|mongodb|data mining|analytics
DWM,2,3,Data Science & Analytics|Artificial Intelligence & Machine Learning,Database Management Systems,83.2,Computer Networks,82.11934502312583,C++,81.4,Software Engineering,76.8,Python,76.5,power bi|sensor|dashboard|mongodb|postgresql|etl|data mining|analytics|sql|tableau
WT,2,1,Mobile & IoT Development|Network & Wireless Systems,Java,71.6,Database Management Systems,69.3,Operating Systems,67.8,Automata Theory,66.0,Computer Networks,64.2,iot|gpio
DWM,2,2,Data Science & Analytics|Cloud & Distributed Systems,Database Management Systems,86.3,C++,82.1,Engineering Mathematics-IV,77.9,Design & Analysis of Algorithms,74.0,Data Structures and Algorithms,71.3,power bi|dashboard|aws|analytics|tableau
CCS,3,1,Cloud & Distributed Systems|Web Development|Network & Wireless Systems,Operating Systems,67.3,Database Management Systems,66.7,Java,66.1,Design & Analysis of Algorithms,65.5,Artificial Intelligence,65.5,azure|kubernetes|serverless|cloud
CCS,1,2,Web Development,Database Management Systems,82.58964465741336,Computer Networks,77.7,Engineering Mathematics-III,77.6,Artificial Intelligence,76.0,Operating Systems,75.2,ci/cd|fullstack|azure|aws|devops|react|cloud|terraform
ML,1,1,Data Science & Analytics,Artificial Intelligence,72.3,Engineering Mathematics-III,68.7,Python,68.1,Automata Theory,66.9,Engineering Mathematics-IV,65.5,sklearn|numpy|machine learning|deep learning|neural network|regression
CCS,2,3,Cloud & Distributed Systems|Web Development,Computer Networks,73.2,Engineering Mathematics-III,71.5,Database Management Systems,64.4737303064344,Java,62.7,Digital Logic & Design,58.9,kubernetes|react|ci/cd|docker|azure|aws|devops|serverless|fullstack|cloud
CCS,1,1,Web Development,Computer Networks,69.8,Database Management Systems,62.6,Software Engineering,58.4,Operating Systems,57.1,Engineering Mathematics-IV,55.0,aws|devops|terraform|fullstack
WT,2,2,Network & Wireless Systems|Mobile & IoT Development,Digital Logic & Design,67.8,Artificial Intelligence,66.0,Data Structures and Algorithms,62.8,C++,62.1,Computer Networks,59.2,gpio|sensor|embedded|docker|esp32
CCS,2,3,Cloud & Distributed Systems|Web Development,Database Management Systems,88.7,C++,81.1,Operating Systems,79.0,Full Stack Development,78.3,Computer Networks,78.1,node|react|docker|azure|aws|devops|serverless|fullstack|cloud
CCS,3,1,Cloud & Distributed Systems|Web Development|Network & Wireless Systems,Software Engineering,85.9,Full Stack Development,85.2,Database Management Systems,81.9,Operating Systems,81.1,Automata Theory,79.8,node|kubernetes|aws|devops|fullstack
WT,2,2,Network & Wireless Systems|Cloud & Distributed Systems,Automata Theory,96.1,Computer Networks,83.9,Engineering Mathematics-IV,82.0,IoT,77.9,Microcontroller & Embedded Systems,75.8,gpio|iot|embedded|raspberry pi|mqtt
ML,2,2,Artificial Intelligence & Machine Learning|Web Development,Engineering Mathematics-IV,91.1,Artificial Intelligence,85.6,Design & Analysis of Algorithms,84.7,Python,82.3,Automata Theory,82.3,numpy|classification|machine learning|tensorflow|pandas|devops|analytics|neural network|python
WT,3,3,Mobile & IoT Development|Network & Wireless Systems|Cloud & Distributed Systems,Software Engineering,65.6,Java,59.5,Computer Networks,59.4,Operating Systems,59.2,IoT,56.8,microcontroller|gpio|embedded|esp32|arduino|wireless|raspberry pi|mqtt
DWM,2,2,Data Science & Analytics|Artificial Intelligence & Machine Learning,Data Structures and Algorithms,52.1,Software Engineering,46.3,Database Management Systems,46.2,C++,45.9,Python,45.1,data warehouse|dashboard|data mining|analytics|sql
ML,3,1,Data Science & Analytics|Cloud & Distributed Systems|Network & Wireless Systems,Artificial Intelligence,93.8,Python,80.4,Cryptography & Network Security,77.6,Microcontroller & Embedded Systems,72.4,Design & Analysis of Algorithms,71.8,regression|tensorflow|machine learning|deep learning
WT,3,1,Mobile & IoT Development|Network & Wireless Systems|Cloud & Distributed Systems,IoT,82.7,Microcontroller & Embedded Systems,78.5,Java,78.1,Engineering Mathematics-IV,76.6,C++,70.4,sensor|iot|wireless|arduino|bluetooth
ML,3,4,Data Science & Analytics|Artificial Intelligence & Machine Learning|Cloud & Distributed Systems,Java,75.4,Data Structures and Algorithms,75.0,C++,70.9,Computer Networks,70.3,Artificial Intelligence,70.0,sklearn|numpy|neural network|classification|machine learning|pandas|pytorch|python|nlp
ML,3,3,Artificial Intelligence & Machine Learning|Data Science & Analytics|Cloud & Distributed Systems,Database Management Systems,93.4,Engineering Mathematics-III,88.7,Engineering Mathematics-IV,87.8,Software Engineering,87.7,Digital Logic & Design,87.0,sklearn|numpy|classification|machine learning|pytorch|tensorflow|pandas|deep learning|neural network|regression
ML,2,2,Data Science & Analytics|Artificial Intelligence & Machine Learning,Database Management Systems,79.7,Engineering Mathematics-III,79.5,Operating Systems,75.1,Artificial Intelligence,73.6,C++,71.4,sklearn|numpy|pytorch|tensorflow|deep learning|regression|nlp
ML,3,1,Artificial Intelligence & Machine Learning|Data Science & Analytics|Web Development,Automata Theory,52.6,Java,52.1,Engineering Mathematics-III,49.9,C++,44.0,Digital Logic & Design,37.5,sklearn|neural network|classification|keras|pytorch|regression
CCS,2,1,Web Development|Cloud & Distributed Systems,Computer Networks,78.1,Database Management Systems,68.0,Full Stack Development,67.0,Artificial Intelligence,59.8,Cryptography & Network Security,58.1,kubernetes|docker
WT,2,2,Mobile & IoT Development|Cloud & Distributed Systems,Database Management Systems,71.46667173343955,Data Structures and Algorithms,51.4772267253377,Digital Logic & Design,49.6,Microcontroller & Embedded Systems,49.5,Java,46.8,microcontroller|sensor|iot|embedded|keras|aws|esp32|arduino
WT,2,2,Network & Wireless Systems|Cloud & Distributed Systems,Engineering Mathematics-III,92.8,Operating Systems,81.1,Computer Networks,79.9,Data Structures and Algorithms,75.32286279655162,Database Management Systems,70.72590174524358,microcontroller|gpio|iot|esp32|arduino|raspberry pi|mqtt|bluetooth
WT,4,2,Network & Wireless Systems|Mobile & IoT Development|Cloud & Distributed Systems|Data Science & Analytics,Microcontroller & Embedded Systems,93.2,IoT,77.4,Database Management Systems,76.9,Computer Networks,72.5,Operating Systems,69.6,microcontroller|gpio|iot|esp32|mqtt|bluetooth
CCS,2,3,Cloud & Distributed Systems|Web Development,Computer Networks,98.56422166211102,Design & Analysis of Algorithms,90.9,Java,87.7,Operating Systems,85.7,Python,84.9,node|ci/cd|docker|serverless|react|cloud
CCS,3,2,Web Development|Cloud & Distributed Systems|Data Science & Analytics,C++,71.7,Cryptography & Network Security,71.4,Microcontroller & Embedded Systems,61.0,Full Stack Development,60.9,Software Engineering,59.5,node|ci/cd|azure|aws|serverless|react|mqtt
WT,3,2,Network & Wireless Systems|Mobile & IoT Development|Cloud & Distributed Systems,Digital Logic & Design,85.8,Database Management Systems,82.7,Software Engineering,67.3,Java,65.3,Python,63.9,microcontroller|tableau|gpio|iot|embedded|data mining|wireless|mqtt|bluetooth
ML,1,2,Artificial Intelligence & Machine Learning,Artificial Intelligence,56.9,Python,56.2,Software Engineering,53.5,Operating Systems,53.0,Database Management Systems,51.6,sklearn|numpy|data warehouse|tensorflow|pandas|deep learning|neural network
ML,3,2,Data Science & Analytics|Artificial Intelligence & Machine Learning|Cloud & Distributed Systems,Data Structures and Algorithms,58.6,Digital Logic & Design,31.2,Python,25.3,Design & Analysis of Algorithms,16.9,Java,15.7,sklearn|classification|machine learning|pandas|postgresql|deep learning|pytorch|regression|nlp
CCS,1,1,Web Development,Software Engineering,78.1,Full Stack Development,73.4,Computer Networks,73.2,Engineering Mathematics-III,70.9,Database Management Systems,68.1,node|terraform
ML,2,1,Data Science & Analytics|Cloud & Distributed Systems,Java,87.6,Design & Analysis of Algorithms,86.5,Operating Systems,81.0,IoT,76.0,Python,75.9,classification|keras|esp32|deep learning|python|nlp
ML,3,2,Artificial Intelligence & Machine Learning|Data Science & Analytics|Network & Wireless Systems,Operating Systems,65.2,Automata Theory,59.6,Engineering Mathematics-III,54.9,Software Engineering,50.7,IoT,50.6,classification|machine learning|pandas|tensorflow|keras|deep learning|regression|python
ML,3,4,Artificial Intelligence & Machine Learning|Data Science & Analytics|Cloud & Distributed Systems,Engineering Mathematics-III,38.5,Automata Theory,38.1,Database Management Systems,34.1,C++,33.5,Artificial Intelligence,32.8,sklearn|numpy|classification|neural network|machine learning|pytorch|tensorflow|pandas|keras|esp32
CCS,3,3,Web Development|Cloud & Distributed Systems|Artificial Intelligence & Machine Learning,Python,61.2,Design & Analysis of Algorithms,58.4,Operating Systems,53.6,Microcontroller & Embedded Systems,53.0,Computer Networks,52.8,node|kubernetes|ci/cd|aws|devops|fullstack|cloud|terraform
DWM,2,2,Data Science & Analytics|Web Development,Design & Analysis of Algorithms,82.8,Cryptography & Network Security,80.8,Data Structures and Algorithms,77.1,Full Stack Development,72.8,Software Engineering,71.7,mongodb|dashboard|postgresql|etl|data mining|aws|analytics|sql|tableau
WT,2,3,Mobile & IoT Development|Network & Wireless Systems,IoT,84.4,Python,72.3,Computer Networks,70.4,Automata Theory,68.5,Database Management Systems,67.0,gpio|iot|sensor|embedded|docker|esp32|wireless|raspberry pi|mqtt|bluetooth
CCS,2,1,Web Development|Cloud & Distributed Systems,Computer Networks,87.1,C++,79.8,Java,67.6,Digital Logic & Design,60.8,Python,60.3,azure|kubernetes|aws|node
DWM,2,3,Data Science & Analytics|Cloud & Distributed Systems,Operating Systems,67.8,Cryptography & Network Security,66.2,Java,60.8,Full Stack Development,59.2,Data Structures and Algorithms,57.1,power bi|sklearn|data warehouse|dashboard|postgresql|data mining|analytics|tableau
ML,2,4,Artificial Intelligence & Machine Learning|Data Science & Analytics,Python,87.9,Artificial Intelligence,83.3,Software Engineering,82.3,Operating Systems,82.0,C++,80.2,sklearn|numpy|neural network|classification|machine learning|gpio|pytorch|pandas|tensorflow|keras
ML,3,2,Artificial Intelligence & Machine Learning|Web Development|Network & Wireless Systems,Data Structures and Algorithms,100.0,Python,100.0,Design & Analysis of Algorithms,100.0,Artificial Intelligence,100.0,Microcontroller & Embedded Systems,98.9,numpy|classification|pytorch|pandas|regression|cloud|python|nlp
DWM,1,3,Data Science & Analytics,Python,63.7,Engineering Mathematics-III,59.6,Digital Logic & Design,55.6,Software Engineering,55.4,Database Management Systems,45.0,power bi|mongodb|dashboard|data warehouse|postgresql|data mining|sql|analytics|tableau
WT,2,3,Network & Wireless Systems|Cloud & Distributed Systems,IoT,82.9,Cryptography & Network Security,80.3,Engineering Mathematics-III,70.6,Engineering Mathematics-IV,69.8,Computer Networks,69.8,raspberry pi|iot|sensor|embedded|nlp|esp32|arduino|wireless|cloud|mqtt
DWM,3,2,Data Science & Analytics|Artificial Intelligence & Machine Learning|Cloud & Distributed Systems,Full Stack Development,57.1,Microcontroller & Embedded Systems,54.5,Python,53.7,Data Structures and Algorithms,53.2,Cryptography & Network Security,52.7,mongodb|dashboard|data warehouse|iot|postgresql|etl|data mining|tableau
DWM,2,3,Data Science & Analytics|Web Development,Computer Networks,82.9,Database Management Systems,75.7,Java,71.2,C++,66.5,Digital Logic & Design,65.6,power bi|data warehouse|mongodb|dashboard|postgresql|etl|data mining|sql|analytics|tableau
CCS,2,4,Cloud & Distributed Systems|Web Development,Operating Systems,55.5,Digital Logic & Design,44.0,Automata Theory,43.6,Microcontroller & Embedded Systems,41.7,C++,39.5,kubernetes|gpio|react|data warehouse|postgresql|azure|aws|devops|serverless|fullstack
DWM,2,1,Data Science & Analytics|Web Development,Data Structures and Algorithms,100.0,Database Management Systems,100.0,Full Stack Development,94.09418428219797,Microcontroller & Embedded Systems,89.3,Operating Systems,89.2,data warehouse|data mining|power bi|etl
DWM,1,2,Data Science & Analytics,Digital Logic & Design,82.0,C++,69.2,Engineering Mathematics-IV,68.8,Microcontroller & Embedded Systems,68.5,Database Management Systems,65.1,power bi|mongodb|data warehouse|data mining|analytics|neural network|tableau
ML,3,3,Data Science & Analytics|Artificial Intelligence & Machine Learning|Network & Wireless Systems,Artificial Intelligence,93.3,Engineering Mathematics-III,85.2,C++,80.8,Software Engineering,78.1,Operating Systems,74.7,classification|neural network|tensorflow|keras|deep learning|pytorch|cloud|regression|python|nlp
ML,2,2,Data Science & Analytics|Cloud & Distributed Systems,Software Engineering,74.9,Microcontroller & Embedded Systems,74.68359458784542,Cryptography & Network Security,73.3,Java,70.9,Engineering Mathematics-III,67.7,sklearn|pandas|tensorflow|embedded|keras|deep learning|regression|python|nlp
ML,3,2,Data Science & Analytics|Cloud & Distributed Systems|Network & Wireless Systems,Artificial Intelligence,80.8,Design & Analysis of Algorithms,77.7,Data Structures and Algorithms,77.6,Engineering Mathematics-III,76.0,Cryptography & Network Security,76.0,pytorch|deep learning|regression|python|nlp
ML,2,3,Data Science & Analytics|Artificial Intelligence & Machine Learning,Java,99.2,Engineering Mathematics-III,81.5,Design & Analysis of Algorithms,77.0,Artificial Intelligence,75.5,Full Stack Development,71.2,sklearn|numpy|neural network|classification|pytorch|tensorflow|pandas|deep learning|regression
CCS,2,1,Web Development|Cloud & Distributed Systems,Cryptography & Network Security,72.1,Design & Analysis of Algorithms,71.4,Operating Systems,70.7,Data Structures and Algorithms,70.3,C++,68.0,aws|devops|terraform|react
WT,3,2,Network & Wireless Systems|Mobile & IoT Development|Cloud & Distributed Systems,Microcontroller & Embedded Systems,88.8,Operating Systems,80.6,Cryptography & Network Security,79.2,Computer Networks,75.0,IoT,74.0,microcontroller|gpio|esp32|wireless|mqtt
DWM,2,2,Data Science & Analytics|Web Development,Data Structures and Algorithms,53.2,IoT,46.9,Python,44.3,C++,39.3,Cryptography & Network Security,37.6,power bi|data warehouse|dashboard|postgresql|etl|data mining|sql
ML,2,1,Artificial Intelligence & Machine Learning|Data Science & Analytics,Database Management Systems,66.1,Full Stack Development,54.0,Artificial Intelligence,53.1,Automata Theory,52.4,Digital Logic & Design,49.7,sklearn|numpy|machine learning|deep learning|pytorch|nlp
CCS,2,1,Cloud & Distributed Systems|Web Development,Software Engineering,60.0,Data Structures and Algorithms,56.9,Database Management Systems,48.5,Python,47.0,Computer Networks,46.8,react|docker|azure|devops|serverless|fullstack
CCS,1,3,Cloud & Distributed Systems,Engineering Mathematics-III,100.0,Database Management Systems,100.0,Digital Logic & Design,100.0,Software Engineering,100.0,Java,100.0,ci/cd|raspberry pi|docker|azure|devops|serverless|fullstack|pytorch|cloud|terraform
DWM,2,3,Data Science & Analytics|Artificial Intelligence & Machine Learning,Engineering Mathematics-III,49.1,IoT,47.8,Data Structures and Algorithms,46.5,Full Stack Development,42.8,Artificial Intelligence,38.8,power bi|data warehouse|postgresql|etl|data mining|sql|mqtt|tableau
CCS,1,3,Cloud & Distributed Systems,C++,54.3,Computer Networks,51.8,Digital Logic & Design,46.6,Data Structures and Algorithms,45.3,Automata Theory,43.9,node|kubernetes|ci/cd|docker|aws|serverless|fullstack|terraform
ML,2,2,Artificial Intelligence & Machine Learning|Network & Wireless Systems,Data Structures and Algorithms,56.0,Design & Analysis of Algorithms,55.2,Python,52.3,Database Management Systems,40.1,C++,38.2,numpy|classification|neural network|pytorch|keras|deep learning|regression|python
CCS,2,2,Web Development|Cloud & Distributed Systems,Software Engineering,74.6,Full Stack Development,74.4,Java,72.0,Automata Theory,56.6,Microcontroller & Embedded Systems,52.0,azure|cloud|terraform
ML,3,3,Data Science & Analytics|Artificial Intelligence & Machine Learning|Web Development,Artificial Intelligence,90.1,Engineering Mathematics-III,89.8,Python,80.7,Data Structures and Algorithms,75.0,Engineering Mathematics-IV,74.9,numpy|classification|pandas|tensorflow|pytorch|regression|python
CCS,3,2,Web Development|Cloud & Distributed Systems|Artificial Intelligence & Machine Learning,Full Stack Development,86.3,IoT,75.2,Cryptography & Network Security,71.8,Design & Analysis of Algorithms,69.9,Data Structures and Algorithms,69.1,node|react|ci/cd|azure|devops|fullstack|regression|terraform
WT,2,1,Network & Wireless Systems|Mobile & IoT Development,Operating Systems,46.5,IoT,43.0,Data Structures and Algorithms,36.4,Design & Analysis of Algorithms,35.8,Digital Logic & Design,34.7,microcontroller|gpio|embedded|wireless|esp32|bluetooth
WT,2,3,Network & Wireless Systems|Data Science & Analytics,Data Structures and Algorithms,87.0,Digital Logic & Design,82.1,IoT,80.5,C++,79.5,Database Management Systems,73.8,microcontroller|gpio|sensor|wireless|arduino|esp32
CCS,3,1,Cloud & Distributed Systems|Data Science & Analytics|Artificial Intelligence & Machine Learning,Computer Networks,58.2,Cryptography & Network Security,57.0,Data Structures and Algorithms,54.3,Java,52.3,Operating Systems,50.6,azure|cloud|react
ML,3,2,Data Science & Analytics|Artificial Intelligence & Machine Learning|Web Development,Python,48.0,Java,47.5,Artificial Intelligence,47.1,Full Stack Development,43.0,Data Structures and Algorithms,40.6,sklearn|numpy|classification|iot|pandas|tensorflow|neural network|python
DWM,1,2,Data Science & Analytics,Python,84.59946203858755,Cryptography & Network Security,67.9,Full Stack Development,67.8,Engineering Mathematics-III,65.2,Engineering Mathematics-IV,63.9,data warehouse|dashboard|postgresql|etl|data mining|analytics|arduino|terraform
ML,2,1,Data Science & Analytics|Artificial Intelligence & Machine Learning,Python,81.4,Full Stack Development,75.5,Data Structures and Algorithms,74.5,C++,73.5,Computer Networks,73.0,keras|pandas|node|nlp
WT,2,1,Network & Wireless Systems|Cloud & Distributed Systems,Design & Analysis of Algorithms,100.0,IoT,100.0,Engineering Mathematics-IV,99.6,Computer Networks,97.0,Operating Systems,93.9,microcontroller|wireless|arduino|raspberry pi|mqtt|bluetooth
DWM,2,1,Data Science & Analytics|Web Development,Computer Networks,64.6,Data Structures and Algorithms,51.9,Automata Theory,49.8,Cryptography & Network Security,49.0,Engineering Mathematics-III,44.5,postgresql|sql
DWM,2,1,Data Science & Analytics|Web Development,Database Management Systems,94.1,Software Engineering,91.9,Operating Systems,87.3,Automata Theory,82.7,Engineering Mathematics-III,82.6,mongodb|dashboard|postgresql|sql|analytics
WT,1,3,Mobile & IoT Development,C++,64.1,Python,59.55774613310771,Automata Theory,56.5,Computer Networks,49.6,Artificial Intelligence,46.5966480337632,microcontroller|gpio|iot|sensor|embedded|etl|esp32|arduino|wireless|mqtt
DWM,1,1,Data Science & Analytics,Design & Analysis of Algorithms,74.5,Artificial Intelligence,68.92683425713723,Operating Systems,67.4,Engineering Mathematics-IV,66.6,Automata Theory,62.4,data mining|dashboard|analytics|etl
ML,1,2,Data Science & Analytics,Software Engineering,91.1,Artificial Intelligence,90.3,Full Stack Development,87.4,Design & Analysis of Algorithms,78.8,Engineering Mathematics-III,78.6,sklearn|numpy|classification|machine learning|tensorflow|pandas|deep learning
WT,2,4,Network & Wireless Systems|Mobile & IoT Development,Digital Logic & Design,95.5,Computer Networks,84.7,IoT,82.7,Artificial Intelligence,82.67545875979452,Engineering Mathematics-IV,80.5,microcontroller|gpio|sensor|iot|embedded|wireless|arduino|esp32|raspberry pi|mqtt
WT,2,2,Mobile & IoT Development|Data Science & Analytics,Database Management Systems,100.0,Digital Logic & Design,94.1,Design & Analysis of Algorithms,93.9,IoT,93.1,Operating Systems,91.2,microcontroller|gpio|iot|sensor|embedded|wireless|esp32|arduino|raspberry pi|mqtt
ML,1,3,Data Science & Analytics,Java,99.2,Data Structures and Algorithms,97.2,Full Stack Development,96.9,Engineering Mathematics-III,94.3,Computer Networks,92.6,sklearn|numpy|classification|pytorch|pandas|keras|deep learning|neural network|regression|python
ML,2,1,Data Science & Analytics|Network & Wireless Systems,Java,73.5,Software Engineering,70.7,Full Stack Development,69.90320433172336,Engineering Mathematics-III,68.0,Computer Networks,65.9342894951733,pytorch|neural network|python
WT,1,1,Mobile & IoT Development,Digital Logic & Design,68.7,Operating Systems,59.9,Microcontroller & Embedded Systems,58.2,Engineering Mathematics-IV,57.4,Python,55.0,microcontroller|sensor|iot|esp32|wireless|mqtt
CCS,3,2,Artificial Intelligence & Machine Learning|Cloud & Distributed Systems|Network & Wireless Systems,Design & Analysis of Algorithms,72.1,Computer Networks,59.57332892797236,Cryptography & Network Security,59.1,Full Stack Development,58.6,Software Engineering,53.4,node|kubernetes|react|ci/cd|azure|aws|fullstack|cloud
WT,2,1,Cloud & Distributed Systems|Network & Wireless Systems,IoT,81.4,Operating Systems,80.9,C++,75.5,Database Management Systems,70.0,Full Stack Development,70.0,pandas|embedded|bluetooth
ML,1,3,Artificial Intelligence & Machine Learning,C++,93.4,Automata Theory,88.8,Artificial Intelligence,87.5,Digital Logic & Design,85.8,Engineering Mathematics-III,85.6,sklearn|numpy|neural network|machine learning|tensorflow|pandas|wireless|deep learning|pytorch|nlp
DWM,2,2,Data Science & Analytics|Web Development,Database Management Systems,85.6,Python,72.5,Engineering Mathematics-IV,71.6,Microcontroller & Embedded Systems,69.9,Automata Theory,67.1,mongodb|dashboard|postgresql|analytics|deep learning|sql|regression|tableau
DWM,2,2,Data Science & Analytics|Artificial Intelligence & Machine Learning,Engineering Mathematics-III,50.5,Database Management Systems,46.5,Artificial Intelligence,45.0,Operating Systems,44.0,Computer Networks,42.723206222559014,dashboard|postgresql|data mining|analytics|tableau
DWM,1,1,Data Science & Analytics,Design & Analysis of Algorithms,68.7,Cryptography & Network Security,56.8,Data Structures and Algorithms,54.0,Software Engineering,50.7,Engineering Mathematics-IV,49.1,data warehouse|dashboard|data mining|power bi
DWM,1,2,Data Science & Analytics,Full Stack Development,65.6,Database Management Systems,63.1,Computer Networks,60.21063943669312,Engineering Mathematics-III,58.6,Artificial Intelligence,58.6,power bi|data warehouse|mongodb|dashboard|postgresql|etl|analytics|tableau
ML,2,2,Data Science & Analytics|Cloud & Distributed Systems,C++,35.0,Database Management Systems,34.4,Data Structures and Algorithms,29.2,Software Engineering,25.5,Engineering Mathematics-III,25.4,sklearn|numpy|pandas|keras|serverless|deep learning|regression
WT,3,2,Web Development|Data Science & Analytics|Mobile & IoT Development,Data Structures and Algorithms,71.6,Engineering Mathematics-IV,64.5,Full Stack Development,62.5,Digital Logic & Design,61.8,Java,60.4,iot|microcontroller|arduino
ML,2,3,Artificial Intelligence & Machine Learning|Data Science & Analytics,Software Engineering,70.5,IoT,68.2,Computer Networks,67.01374898818136,Data Structures and Algorithms,63.2,Microcontroller & Embedded Systems,60.7753888497286,sklearn|numpy|machine learning|pytorch|pandas|postgresql|keras|regression|python
CCS,3,1,Cloud & Distributed Systems|Web Development|Network & Wireless Systems,Data Structures and Algorithms,61.2,Database Management Systems,54.3,Engineering Mathematics-III,52.6,Python,40.8,Engineering Mathematics-IV,35.6,node|cloud|serverless
DWM,2,1,Data Science & Analytics|Cloud & Distributed Systems,Database Management Systems,86.0,Software Engineering,85.0,Engineering Mathematics-III,84.6,Microcontroller & Embedded Systems,80.2,Operating Systems,76.9,mongodb|postgresql
CCS,2,1,Cloud & Distributed Systems|Artificial Intelligence & Machine Learning,Python,68.5,Computer Networks,67.3,Design & Analysis of Algorithms,65.1,Java,64.4,Full Stack Development,59.2,tensorflow|fullstack|azure|aws|serverless|react
WT,1,1,Mobile & IoT Development,Cryptography & Network Security,66.7,Computer Networks,60.4,Full Stack Development,43.5,Engineering Mathematics-IV,39.8,Python,38.8,regression|sensor|raspberry pi|gpio
WT,2,1,Network & Wireless Systems|Cloud & Distributed Systems,Engineering Mathematics-III,62.8,Data Structures and Algorithms,61.0,Microcontroller & Embedded Systems,55.1,Database Management Systems,54.5,IoT,53.5,embedded|esp32|arduino|mqtt|bluetooth
WT,3,2,Mobile & IoT Development|Cloud & Distributed Systems|Data Science & Analytics,Computer Networks,46.8,IoT,46.6,Java,38.1,Software Engineering,37.6,Digital Logic & Design,35.2,gpio|iot|sensor|serverless|esp32|arduino|raspberry pi
WT,2,2,Mobile & IoT Development|Network & Wireless Systems,Engineering Mathematics-IV,87.6,Cryptography & Network Security,81.7,C++,78.5,Artificial Intelligence,78.5,Database Management Systems,77.9828823709619,microcontroller|gpio|embedded|arduino|raspberry pi|mqtt
ML,3,1,Artificial Intelligence & Machine Learning|Data Science & Analytics|Cloud & Distributed Systems,Java,61.1,Data Structures and Algorithms,61.0,Engineering Mathematics-IV,47.8,Microcontroller & Embedded Systems,46.8,Software Engineering,46.5,kubernetes|numpy|machine learning|keras|neural network|nlp
CCS,3,1,Cloud & Distributed Systems|Web Development|Network & Wireless Systems,Digital Logic & Design,96.8,Python,94.6,Software Engineering,93.3,Database Management Systems,91.2,Full Stack Development,90.9,aws|cloud|ci/cd
WT,2,4,Mobile & IoT Development|Network & Wireless Systems,Design & Analysis of Algorithms,75.8,Digital Logic & Design,64.9,Software Engineering,59.8,IoT,59.5,Microcontroller & Embedded Systems,56.8,microcontroller|gpio|iot|embedded|esp32|arduino|wireless|raspberry pi|mqtt|bluetooth
WT,2,1,Mobile & IoT Development|Network & Wireless Systems,Computer Networks,34.4,Digital Logic & Design,30.5,Java,29.2,Full Stack Development,28.9,Cryptography & Network Security,25.4,raspberry pi|bluetooth
DWM,1,1,Data Science & Analytics,Computer Networks,77.90404083092054,Full Stack Development,77.68424591190035,Data Structures and Algorithms,72.7,Cryptography & Network Security,72.0,Database Management Systems,67.4,data warehouse|mongodb|postgresql|etl|sql|analytics
WT,1,3,Mobile & IoT Development,Digital Logic & Design,56.2,IoT,53.0,Operating Systems,46.9,Python,45.1,Java,42.1,microcontroller|gpio|esp32|arduino|mqtt
CCS,3,0,Cloud & Distributed Systems|Web Development|Network & Wireless Systems,Design & Analysis of Algorithms,82.8,Software Engineering,82.1,Full Stack Development,80.0,Automata Theory,79.6,Operating Systems,75.7,
ML,2,1,Data Science & Analytics|Network & Wireless Systems,Cryptography & Network Security,78.4,Java,76.3,Engineering Mathematics-III,74.6,Full Stack Development,73.6,Data Structures and Algorithms,67.0,sklearn|tensorflow|embedded|nlp
ML,2,1,Artificial Intelligence & Machine Learning|Data Science & Analytics,Design & Analysis of Algorithms,46.9,Engineering Mathematics-IV,38.9,Cryptography & Network Security,36.9,Python,33.7,Database Management Systems,31.5,neural network|classification|machine learning|pytorch|mongodb|tensorflow|regression
WT,3,1,Mobile & IoT Development|Network & Wireless Systems|Cloud & Distributed Systems,IoT,90.4,Cryptography & Network Security,83.2,Microcontroller & Embedded Systems,75.1,Database Management Systems,74.0,Data Structures and Algorithms,72.9,gpio|sensor|embedded|esp32|arduino|mqtt
DWM,2,1,Data Science & Analytics|Artificial Intelligence & Machine Learning,Data Structures and Algorithms,98.5,Artificial Intelligence,84.9,Python,79.5,Full Stack Development,76.0,Database Management Systems,72.8,mongodb|dashboard|data mining|analytics|tableau
WT,3,1,Data Science & Analytics|Network & Wireless Systems|Mobile & IoT Development,Cryptography & Network Security,67.2,Automata Theory,55.8,Digital Logic & Design,55.0,Database Management Systems,53.9,Data Structures and Algorithms,52.6,microcontroller|embedded|wireless|arduino
ML,2,2,Artificial Intelligence & Machine Learning|Data Science & Analytics,Engineering Mathematics-III,43.8,Artificial Intelligence,37.7,Digital Logic & Design,34.2,Engineering Mathematics-IV,33.8,Cryptography & Network Security,32.1,sklearn|numpy|neural network|pandas|deep learning|regression|python|nlp
CCS,4,2,Web Development|Cloud & Distributed Systems|Data Science & Analytics|Network & Wireless Systems,Python,81.3,Full Stack Development,70.6,Operating Systems,70.3,Data Structures and Algorithms,61.9,Database Management Systems,60.6,node|ci/cd|docker|aws|devops|serverless|react|cloud|terraform
WT,2,2,Mobile & IoT Development|Network & Wireless Systems,Data Structures and Algorithms,100.0,Computer Networks,100.0,Digital Logic & Design,95.3,Engineering Mathematics-III,90.2,Microcontroller & Embedded Systems,90.2,sensor|microcontroller|esp32|nlp
DWM,1,2,Data Science & Analytics,Software Engineering,85.6,Operating Systems,85.1,Cryptography & Network Security,82.8,Database Management Systems,77.7,Java,76.7,mongodb|etl|data mining|sql|analytics|tableau
CCS,3,2,Cloud & Distributed Systems|Web Development|Data Science & Analytics,Engineering Mathematics-III,100.0,Data Structures and Algorithms,100.0,Database Management Systems,100.0,Computer Networks,100.0,Python,100.0,node|kubernetes|ci/cd|docker|azure|devops|serverless|fullstack|cloud|terraform
DWM,2,3,Data Science & Analytics|Artificial Intelligence & Machine Learning,Artificial Intelligence,50.8,Design & Analysis of Algorithms,49.9,Data Structures and Algorithms,49.7,IoT,42.4,Database Management Systems,41.3,mongodb|data warehouse|dashboard|postgresql|etl|data mining|analytics|tableau
DWM,1,2,Data Science & Analytics,Engineering Mathematics-IV,83.5,C++,76.6,Operating Systems,75.3,IoT,69.3,Design & Analysis of Algorithms,69.1,power bi|data warehouse|dashboard|mongodb|postgresql|fullstack|analytics|sql|tableau
ML,3,1,Artificial Intelligence & Machine Learning|Data Science & Analytics|Cloud & Distributed Systems,Engineering Mathematics-III,95.5,Artificial Intelligence,90.2,Computer Networks,85.7,Python,84.1,Software Engineering,83.3,sklearn|numpy|mongodb|neural network|python|nlp
WT,2,3,Mobile & IoT Development|Network & Wireless Systems,Microcontroller & Embedded Systems,58.4,Full Stack Development,57.5,Data Structures and Algorithms,56.2,Python,52.1,Automata Theory,51.1,gpio|iot|embedded|esp32|arduino|sql|raspberry pi|mqtt|bluetooth
DWM,3,3,Data Science & Analytics|Artificial Intelligence & Machine Learning|Cloud & Distributed Systems,Data Structures and Algorithms,83.7,Engineering Mathematics-III,81.1,Artificial Intelligence,80.3,Operating Systems,79.2,Engineering Mathematics-IV,77.2,power bi|mongodb|dashboard|tensorflow|etl|data mining|analytics|tableau
WT,2,2,Mobile & IoT Development|Network & Wireless Systems,IoT,100.0,Microcontroller & Embedded Systems,99.6,Computer Networks,94.4,Automata Theory,87.0,Design & Analysis of Algorithms,87.0,microcontroller|esp32|postgresql|arduino
WT,1,2,Network & Wireless Systems,Engineering Mathematics-IV,76.2,Computer Networks,67.70758957682374,IoT,66.8,Data Structures and Algorithms,61.6,Database Management Systems,56.0,gpio|iot|sensor|embedded|esp32|wireless|raspberry pi|bluetooth
ML,2,1,Artificial Intelligence & Machine Learning|Data Science & Analytics,Engineering Mathematics-IV,64.3,Java,63.9,Operating Systems,61.8,Python,53.8,Database Management Systems,52.3,sklearn|power bi|keras|deep learning|pytorch
ML,2,2,Artificial Intelligence & Machine Learning|Data Science & Analytics,Operating Systems,87.5,Engineering Mathematics-III,73.4,Java,71.6,Python,70.1,Artificial Intelligence,68.8,sklearn|numpy|classification|tensorflow|pandas|deep learning|regression|python|bluetooth
CCS,3,1,Cloud & Distributed Systems|Web Development|Data Science & Analytics,Full Stack Development,85.4,Computer Networks,79.1,Python,77.8,Engineering Mathematics-IV,75.4,Engineering Mathematics-III,73.2,ci/cd|azure|serverless|fullstack|cloud
DWM,1,1,Data Science & Analytics,Engineering Mathematics-III,100.0,Data Structures and Algorithms,100.0,Database Management Systems,100.0,Computer Networks,100.0,Microcontroller & Embedded Systems,100.0,data warehouse|dashboard|sql|etl
DWM,1,1,Data Science & Analytics,Computer Networks,89.4,Data Structures and Algorithms,87.1,Operating Systems,77.2,Database Management Systems,77.1,Artificial Intelligence,76.92781734444563,power bi|data mining|mongodb|analytics
ML,4,2,Artificial Intelligence & Machine Learning|Data Science & Analytics|Web Development|Network & Wireless Systems,IoT,65.6,Python,58.1,Full Stack Development,56.8,Software Engineering,55.7,Engineering Mathematics-III,54.5,numpy|keras|deep learning|neural network|regression|python
ML,3,2,Data Science & Analytics|Artificial Intelligence & Machine Learning|Network & Wireless Systems,Engineering Mathematics-IV,94.3,Python,91.8,Engineering Mathematics-III,89.9,Full Stack Development,88.0,Artificial Intelligence,86.9,numpy|classification|machine learning|pandas|tensorflow|keras|analytics|deep learning|regression
DWM,2,2,Data Science & Analytics|Artificial Intelligence & Machine Learning,Artificial Intelligence,77.3,Operating Systems,75.9,Database Management Systems,63.0,Full Stack Development,61.4,Computer Networks,61.2,power bi|microcontroller|sensor|dashboard|data warehouse|postgresql|etl|data mining|analytics
DWM,3,2,Data Science & Analytics|Web Development|Cloud & Distributed Systems,Python,68.3,C++,67.7,Software Engineering,66.1,Full Stack Development,66.0,Cryptography & Network Security,63.4,mongodb|dashboard|data warehouse|sql|tableau
DWM,1,1,Data Science & Analytics,Data Structures and Algorithms,88.9,Database Management Systems,74.5,Software Engineering,68.1,Full Stack Development,67.8,Artificial Intelligence,65.9,data warehouse|postgresql|analytics|etl
CCS,4,0,Web Development|Cloud & Distributed Systems|Data Science & Analytics|Artificial Intelligence & Machine Learning,Full Stack Development,91.8,Operating Systems,81.9,Engineering Mathematics-IV,78.7,Computer Networks,72.4,Python,70.83310417882609,
WT,2,4,Mobile & IoT Development|Network & Wireless Systems,Automata Theory,84.9,Operating Systems,73.5,Digital Logic & Design,72.9,Microcontroller & Embedded Systems,71.9,Computer Networks,70.0,microcontroller|gpio|iot|sensor|embedded|devops|wireless|arduino|fullstack|raspberry pi
WT,2,1,Network & Wireless Systems|Cloud & Distributed Systems,Cryptography & Network Security,74.6,Data Structures and Algorithms,65.79220264276078,Database Management Systems,64.46748329199956,Computer Networks,60.0,Microcontroller & Embedded Systems,59.1,microcontroller|sensor|embedded|raspberry pi|mqtt
CCS,1,3,Web Development,Software Engineering,62.4,Full Stack Development,61.4,Data Structures and Algorithms,55.8,Artificial Intelligence,45.7,Computer Networks,43.9,ci/cd|docker|fullstack|aws|devops|esp32|serverless|react|cloud|terraform
DWM,2,1,Data Science & Analytics|Web Development,Engineering Mathematics-IV,79.4,Automata Theory,72.8,Computer Networks,68.5,Engineering Mathematics-III,64.3,Data Structures and Algorithms,63.9,power bi|mongodb|etl|analytics|tableau
ML,3,4,Artificial Intelligence & Machine Learning|Data Science & Analytics|Web Development,Artificial Intelligence,95.8,Database Management Systems,92.1,Automata Theory,88.1,Data Structures and Algorithms,87.5,Python,86.6,sklearn|numpy|machine learning|pytorch|tensorflow|pandas|neural network|cloud|regression|python
WT,1,0,Network & Wireless Systems,Operating Systems,68.3,IoT,65.5,Database Management Systems,62.3,Cryptography & Network Security,59.1,Design & Analysis of Algorithms,55.2,
WT,1,1,Mobile & IoT Development,Operating Systems,61.0,Computer Networks,60.8,IoT,56.9,Digital Logic & Design,52.2,Microcontroller & Embedded Systems,52.1,gpio|sensor|esp32|arduino|wireless|bluetooth
DWM,1,1,Data Science & Analytics,Engineering Mathematics-IV,73.7,Python,73.2,Automata Theory,70.8,Database Management Systems,64.1,Engineering Mathematics-III,61.2,data warehouse|mongodb|analytics|tableau
CCS,1,1,Cloud & Distributed Systems,Java,93.1,Database Management Systems,87.74146446852872,Data Structures and Algorithms,81.06367940280168,Python,80.7,Software Engineering,79.4,node|ci/cd|devops|serverless|cloud
ML,2,4,Artificial Intelligence & Machine Learning|Data Science & Analytics,IoT,74.2,Engineering Mathematics-IV,72.2,Automata Theory,72.0,Operating Systems,71.6,Full Stack Development,71.6,sklearn|numpy|classification|machine learning|ci/cd|iot|tensorflow|pandas|deep learning|pytorch
CCS,3,3,Cloud & Distributed Systems|Web Development|Network & Wireless Systems,Java,88.0,C++,86.3,Database Management Systems,85.86893573009732,Full Stack Development,82.0,Python,77.5,power bi|kubernetes|data warehouse|docker|azure|aws|devops|cloud|terraform
WT,3,3,Mobile & IoT Development|Network & Wireless Systems|Cloud & Distributed Systems,Digital Logic & Design,98.0,Artificial Intelligence,97.7,Design & Analysis of Algorithms,92.1,Python,84.0,Engineering Mathematics-III,83.2,microcontroller|sensor|embedded|wireless|arduino|esp32|raspberry pi|bluetooth
WT,3,1,Mobile & IoT Development|Network & Wireless Systems|Data Science & Analytics,Microcontroller & Embedded Systems,71.3,Full Stack Development,53.1,Engineering Mathematics-IV,49.0,IoT,48.0,Database Management Systems,43.7,raspberry pi|gpio
WT,3,0,Mobile & IoT Development|Network & Wireless Systems|Data Science & Analytics,Automata Theory,54.7,IoT,51.2,Microcontroller & Embedded Systems,49.7,Engineering Mathematics-III,43.9,Computer Networks,41.5,
CCS,2,2,Cloud & Distributed Systems|Web Development,Full Stack Development,100.0,Engineering Mathematics-IV,96.4,Data Structures and Algorithms,85.0,Python,76.66766208656962,Automata Theory,76.0,kubernetes|ci/cd|sensor|docker|azure|devops|serverless|fullstack|cloud
ML,3,3,Data Science & Analytics|Artificial Intelligence & Machine Learning|Cloud & Distributed Systems,Python,96.6,Database Management Systems,91.18815077013178,Data Structures and Algorithms,85.6770669621526,Full Stack Development,81.9,Software Engineering,81.7,numpy|classification|machine learning|pandas|keras|deep learning|pytorch|cloud|regression|python
CCS,3,0,Web Development|Cloud & Distributed Systems|Data Science & Analytics,Computer Networks,100.0,Full Stack Development,100.0,C++,95.8,Database Management Systems,95.4,Engineering Mathematics-III,94.0,
DWM,2,4,Data Science & Analytics|Web Development,Engineering Mathematics-IV,95.6,Software Engineering,91.0,Cryptography & Network Security,89.9,Artificial Intelligence,89.8,Java,87.4,power bi|mongodb|dashboard|postgresql|etl|data mining|analytics|sql|tableau
ML,3,3,Artificial Intelligence & Machine Learning|Data Science & Analytics|Cloud & Distributed Systems,Operating Systems,64.9,Artificial Intelligence,61.3,Java,61.2,Data Structures and Algorithms,61.0,Design & Analysis of Algorithms,56.8,sklearn|numpy|classification|neural network|machine learning|tensorflow|pandas|keras|deep learning|pytorch
CCS,1,2,Web Development,Python,91.45960809960594,Database Management Systems,81.1,Software Engineering,76.6,IoT,73.8,Automata Theory,70.9,kubernetes|react|ci/cd|docker|aws|serverless|fullstack|cloud|terraform
ML,2,3,Data Science & Analytics|Artificial Intelligence & Machine Learning,Computer Networks,87.53038757907132,Python,85.1,Engineering Mathematics-III,83.1,Cryptography & Network Security,79.9,Java,75.7,sklearn|numpy|machine learning|pytorch|pandas|deep learning|regression|nlp
WT,3,3,Network & Wireless Systems|Mobile & IoT Development|Data Science & Analytics,Computer Networks,100.0,Digital Logic & Design,92.6,Engineering Mathematics-III,89.1,IoT,89.1,Full Stack Development,86.85821521737032,gpio|iot|sensor|pandas|wireless|deep learning|mqtt
ML,2,1,Artificial Intelligence & Machine Learning|Cloud & Distributed Systems,Python,53.5,Data Structures and Algorithms,47.9,Artificial Intelligence,46.8,Engineering Mathematics-III,46.4,Design & Analysis of Algorithms,45.3,numpy|classification|neural network|keras|pytorch|regression
DWM,1,2,Data Science & Analytics,Database Management Systems,47.1,Full Stack Development,46.3,Operating Systems,45.4,Engineering Mathematics-IV,41.8,Java,40.3,data warehouse|mongodb|postgresql|etl|data mining|analytics|sql|nlp
WT,2,4,Network & Wireless Systems|Data Science & Analytics,Microcontroller & Embedded Systems,65.8,IoT,64.5,Automata Theory,55.2,Cryptography & Network Security,46.6,Database Management Systems,45.7,microcontroller|gpio|embedded|esp32|wireless|arduino|raspberry pi|mqtt|bluetooth
ML,2,2,Data Science & Analytics|Artificial Intelligence & Machine Learning,Automata Theory,66.5,Cryptography & Network Security,59.6,Software Engineering,59.4,Python,55.8,Database Management Systems,53.5,sklearn|machine learning|pytorch|pandas|tensorflow|deep learning|neural network|nlp
CCS,1,1,Web Development,Computer Networks,96.77031024864606,Software Engineering,82.4,Data Structures and Algorithms,77.5,Automata Theory,75.5,Engineering Mathematics-III,74.9,node|ci/cd|raspberry pi|docker|devops|cloud
CCS,3,2,Web Development|Cloud & Distributed Systems|Data Science & Analytics,Data Structures and Algorithms,87.7,Full Stack Development,78.0,Operating Systems,77.4,Engineering Mathematics-IV,74.4,Software Engineering,71.8,kubernetes|fullstack|devops|react|cloud|tableau
CCS,2,4,Web Development|Cloud & Distributed Systems,Database Management Systems,56.4,Operating Systems,46.0,Engineering Mathematics-IV,45.0,Java,43.9,Full Stack Development,43.6,kubernetes|react|ci/cd|docker|azure|serverless|fullstack|cloud
CCS,3,2,Web Development|Cloud & Distributed Systems|Network & Wireless Systems,Database Management Systems,100.0,Data Structures and Algorithms,96.88330066035688,Operating Systems,86.3,Computer Networks,79.8,Digital Logic & Design,76.8,node|kubernetes|react|ci/cd|aws|fullstack|cloud
DWM,1,3,Data Science & Analytics,Python,87.0,Full Stack Development,76.31194341014125,Automata Theory,75.0,Computer Networks,73.96211951182649,C++,69.2,power bi|data warehouse|dashboard|mongodb|postgresql|etl|data mining|analytics|sql|tableau
CCS,1,3,Web Development,Engineering Mathematics-III,95.1,Database Management Systems,93.6,Software Engineering,82.5,Full Stack Development,81.4,Automata Theory,77.2,kubernetes|ci/cd|docker|aws|devops|serverless|react|terraform
CCS,2,3,Cloud & Distributed Systems|Web Development,Database Management Systems,61.9,Software Engineering,47.0,Data Structures and Algorithms,41.5,Artificial Intelligence,35.1,Operating Systems,34.4,node|kubernetes|raspberry pi|azure|aws|devops|serverless|fullstack|cloud|terraform
WT,1,1,Network & Wireless Systems,Computer Networks,61.1,Design & Analysis of Algorithms,48.8,IoT,41.3,Engineering Mathematics-III,39.1,Data Structures and Algorithms,35.4,raspberry pi|wireless|fullstack
WT,2,1,Network & Wireless Systems|Cloud & Distributed Systems,Digital Logic & Design,57.4,Software Engineering,53.3,IoT,51.0,C++,49.9,Cryptography & Network Security,49.0,gpio|data mining|wireless|arduino|mqtt|bluetooth
WT,3,0,Network & Wireless Systems|Mobile & IoT Development|Cloud & Distributed Systems,Operating Systems,100.0,Computer Networks,100.0,Full Stack Development,100.0,Software Engineering,98.4,IoT,97.5,
DWM,1,2,Data Science & Analytics,Operating Systems,61.9,Software Engineering,58.4,Database Management Systems,58.3,Automata Theory,53.2,Computer Networks,51.2,power bi|mongodb|dashboard|postgresql|data mining|sql|tableau
CCS,1,3,Cloud & Distributed Systems,Cryptography & Network Security,58.7,Operating Systems,39.5,Full Stack Development,30.4,Java,28.9,Python,26.2,node|kubernetes|ci/cd|docker|azure|aws|serverless|react|terraform
WT,2,0,Network & Wireless Systems|Cloud & Distributed Systems,Computer Networks,83.1,Python,63.0,Design & Analysis of Algorithms,58.0,Software Engineering,57.5,Engineering Mathematics-IV,56.0,
ML,2,3,Data Science & Analytics|Network & Wireless Systems,Artificial Intelligence,64.4,Engineering Mathematics-IV,60.1,Cryptography & Network Security,58.9,C++,55.8,Data Structures and Algorithms,54.0,sklearn|classification|machine learning|pytorch|tensorflow|pandas|keras|etl|neural network|python
ML,1,0,Data Science & Analytics,Engineering Mathematics-III,80.5,Python,71.3,Database Management Systems,63.7,Artificial Intelligence,57.9,IoT,53.6,
WT,3,3,Mobile & IoT Development|Network & Wireless Systems|Data Science & Analytics,Digital Logic & Design,73.4,Computer Networks,52.9,Engineering Mathematics-IV,45.1,Design & Analysis of Algorithms,42.6,IoT,42.5,microcontroller|tableau|gpio|sensor|embedded|wireless|arduino|mqtt|terraform|bluetooth
CCS,2,4,Cloud & Distributed Systems|Data Science & Analytics,Design & Analysis of Algorithms,57.1,Digital Logic & Design,54.4,C++,54.3,Software Engineering,53.9,Automata Theory,52.4,node|react|iot|docker|azure|aws|devops|serverless|fullstack|cloud
CCS,2,3,Cloud & Distributed Systems|Network & Wireless Systems,Engineering Mathematics-III,79.5,Computer Networks,69.7,C++,61.1,Operating Systems,60.9,Database Management Systems,60.5,node|kubernetes|ci/cd|iot|azure|devops|serverless|wireless|fullstack|cloud
WT,2,1,Network & Wireless Systems|Cloud & Distributed Systems,IoT,74.4,Data Structures and Algorithms,73.5,Python,69.3,Software Engineering,67.4,Java,65.4,gpio|esp32|mqtt|arduino
WT,3,2,Network & Wireless Systems|Mobile & IoT Development|Cloud & Distributed Systems,Operating Systems,40.6,Java,35.2,Automata Theory,31.3,Computer Networks,31.0,Database Management Systems,30.5,microcontroller|classification|iot|embedded|wireless|raspberry pi|mqtt|bluetooth
ML,2,2,Artificial Intelligence & Machine Learning|Cloud & Distributed Systems,Artificial Intelligence,95.8,C++,92.6,Python,92.4,Microcontroller & Embedded Systems,90.7,Operating Systems,89.5,numpy|classification|machine learning|pandas|aws|regression|nlp
CCS,1,1,Cloud & Distributed Systems,IoT,85.9,C++,76.8,Automata Theory,73.3,Operating Systems,71.7,Digital Logic & Design,69.1,cloud|ci/cd|fullstack
CCS,1,4,Cloud & Distributed Systems,Full Stack Development,66.9,Design & Analysis of Algorithms,66.8,Engineering Mathematics-III,60.6,Software Engineering,59.3,Python,59.2,node|kubernetes|ci/cd|docker|keras|azure|aws|devops|serverless|fullstack
ML,2,1,Data Science & Analytics|Cloud & Distributed Systems,Design & Analysis of Algorithms,48.8,Python,48.0,Database Management Systems,40.1,Java,39.2,Artificial Intelligence,35.8,sklearn|numpy|keras|esp32|deep learning|neural network|regression
ML,3,4,Artificial Intelligence & Machine Learning|Data Science & Analytics|Web Development,Data Structures and Algorithms,85.3,Java,82.8,Artificial Intelligence,80.4,Design & Analysis of Algorithms,79.7,Database Management Systems,74.9,sklearn|power bi|classification|machine learning|tensorflow|pandas|keras|devops|pytorch|regression
CCS,2,1,Cloud & Distributed Systems|Data Science & Analytics,Full Stack Development,76.7,Computer Networks,68.59395838958869,Software Engineering,61.0,Microcontroller & Embedded Systems,57.43551522131191,Digital Logic & Design,46.4,kubernetes|docker|aws|devops|cloud
CCS,3,2,Web Development|Cloud & Distributed Systems|Data Science & Analytics,Full Stack Development,67.3,Operating Systems,63.3,Data Structures and Algorithms,58.1,IoT,48.8,C++,47.1,node|kubernetes|docker|devops|serverless|cloud|terraform
CCS,1,3,Web Development,Engineering Mathematics-IV,51.4,Python,49.4586544222131,Full Stack Development,49.0,Software Engineering,43.1,Database Management Systems,38.8,node|kubernetes|ci/cd|iot|azure|aws|serverless|fullstack|python
DWM,2,2,Data Science & Analytics|Web Development,Database Management Systems,64.2,Data Structures and Algorithms,60.3,IoT,58.5,Computer Networks,56.91082069598297,Cryptography & Network Security,56.7,power bi|mongodb|data warehouse|postgresql|etl|data mining|sql|tableau
ML,4,3,Artificial Intelligence & Machine Learning|Data Science & Analytics|Cloud & Distributed Systems|Network & Wireless Systems,Cryptography & Network Security,55.8,Database Management Systems,44.7,Operating Systems,44.3,C++,42.0,Full Stack Development,41.5,sklearn|kubernetes|neural network|classification|machine learning|pytorch|keras|deep learning|regression|nlp
DWM,2,3,Data Science & Analytics|Cloud & Distributed Systems,Full Stack Development,58.9,Computer Networks,56.4,Database Management Systems,54.1,Python,53.1,Data Structures and Algorithms,43.7,power bi|mongodb|dashboard|data warehouse|postgresql|etl|data mining|arduino|tableau
ML,1,2,Data Science & Analytics,Artificial Intelligence,83.1,Software Engineering,78.9,IoT,76.6,Database Management Systems,71.4,Operating Systems,70.0,sklearn|classification|pandas|neural network|python|bluetooth
ML,2,2,Data Science & Analytics|Web Development,Software Engineering,85.8,Operating Systems,77.9,C++,75.4,Full Stack Development,74.7,Design & Analysis of Algorithms,67.6,sklearn|numpy|pytorch|pandas|keras|regression|nlp
ML,3,2,Artificial Intelligence & Machine Learning|Data Science & Analytics|Network & Wireless Systems,Computer Networks,77.0,Data Structures and Algorithms,70.07029163687483,Database Management Systems,66.74141675834805,Python,60.9,Cryptography & Network Security,58.7,sklearn|pytorch|dashboard|pandas|tensorflow|keras|arduino|deep learning|neural network
ML,2,4,Artificial Intelligence & Machine Learning|Cloud & Distributed Systems,Engineering Mathematics-IV,67.1,Engineering Mathematics-III,63.6,Artificial Intelligence,61.4,Database Management Systems,60.9,Data Structures and Algorithms,54.4,sklearn|numpy|classification|ci/cd|dashboard|pandas|keras|deep learning|neural network|regression
DWM,1,3,Data Science & Analytics,Operating Systems,51.9,Artificial Intelligence,44.9,Python,40.6,Engineering Mathematics-IV,39.8,Full Stack Development,37.9,power bi|mongodb|dashboard|postgresql|keras|data mining|analytics|fullstack|regression|tableau
WT,4,2,Network & Wireless Systems|Mobile & IoT Development|Cloud & Distributed Systems|Data Science & Analytics,IoT,45.0,Java,36.5,Engineering Mathematics-IV,34.2,Microcontroller & Embedded Systems,31.8,Database Management Systems,31.4,microcontroller|sensor|embedded|wireless|arduino|raspberry pi|mqtt
ML,2,2,Artificial Intelligence & Machine Learning|Data Science & Analytics,Full Stack Development,62.38445956999864,Java,59.3,Computer Networks,59.212551734139126,IoT,57.7,Python,56.0,sklearn|classification|data warehouse|pandas|keras|deep learning|regression|python|nlp
ML,1,2,Artificial Intelligence & Machine Learning,Automata Theory,56.5,Database Management Systems,56.1,Computer Networks,53.8,Artificial Intelligence,43.8,Full Stack Development,40.1,numpy|neural network|machine learning|pandas|docker|pytorch|python|nlp
WT,2,3,Network & Wireless Systems|Mobile & IoT Development,Engineering Mathematics-III,100.0,Digital Logic & Design,100.0,Design & Analysis of Algorithms,97.4,Microcontroller & Embedded Systems,96.1,Data Structures and Algorithms,95.2,gpio|ci/cd|embedded|wireless|arduino|mqtt|bluetooth
DWM,1,2,Data Science & Analytics,Design & Analysis of Algorithms,85.2,Database Management Systems,77.6,Artificial Intelligence,73.9,Python,73.5,Full Stack Development,72.1,power bi|tableau|mongodb|data warehouse|postgresql|data mining|regression|bluetooth
CCS,2,2,Web Development|Cloud & Distributed Systems,Artificial Intelligence,70.1,Java,69.7,Engineering Mathematics-IV,66.7,Data Structures and Algorithms,60.9,C++,60.5,react|ci/cd|aws|serverless|fullstack
WT,3,2,Mobile & IoT Development|Network & Wireless Systems|Cloud & Distributed Systems,Java,83.7,IoT,76.8,Full Stack Development,66.4,Microcontroller & Embedded Systems,66.2,Operating Systems,65.2,microcontroller|gpio|iot|sensor|arduino
CCS,2,2,Web Development|Cloud & Distributed Systems,Artificial Intelligence,70.32928579580157,Database Management Systems,66.9,Software Engineering,65.6,Python,62.92623956039172,Full Stack Development,57.1,docker|azure|serverless|fullstack|cloud
DWM,2,2,Data Science & Analytics|Cloud & Distributed Systems,Python,86.4,Database Management Systems,78.9,Software Engineering,75.6,Engineering Mathematics-IV,72.5,Artificial Intelligence,71.3,data warehouse|dashboard|postgresql|etl|sql|analytics|tableau
DWM,2,2,Data Science & Analytics|Web Development,Data Structures and Algorithms,76.5,Java,59.3,Full Stack Development,55.8,Engineering Mathematics-IV,53.6,Database Management Systems,51.1,power bi|data warehouse|dashboard|mongodb|postgresql|data mining|sql|arduino|tableau
CCS,3,3,Cloud & Distributed Systems|Web Development|Network & Wireless Systems,Full Stack Development,39.9,Cryptography & Network Security,34.7,Artificial Intelligence,33.6,Automata Theory,33.3,Digital Logic & Design,27.8,node|ci/cd|docker|azure|aws|serverless|wireless|cloud
WT,3,2,Network & Wireless Systems|Mobile & IoT Development|Cloud & Distributed Systems,Engineering Mathematics-III,72.1,Engineering Mathematics-IV,63.0,Cryptography & Network Security,53.5,Java,53.2,IoT,52.3,microcontroller|gpio|embedded|devops|wireless|arduino|esp32|raspberry pi|mqtt|bluetooth
CCS,1,2,Cloud & Distributed Systems,Full Stack Development,70.8,Computer Networks,68.3,Digital Logic & Design,68.2,C++,57.3,Data Structures and Algorithms,56.0,kubernetes|docker|azure|serverless|react|neural network|cloud|terraform|tableau
WT,2,2,Mobile & IoT Development|Network & Wireless Systems,IoT,94.4,Engineering Mathematics-III,85.5,Computer Networks,84.23144775829174,Engineering Mathematics-IV,77.6,Full Stack Development,75.86314561649525,microcontroller|sensor|embedded|etl|esp32|arduino|raspberry pi
ML,2,2,Data Science & Analytics|Artificial Intelligence & Machine Learning,Python,44.9,Computer Networks,37.31529731124555,Data Structures and Algorithms,34.1,Full Stack Development,33.32332620557851,Database Management Systems,28.4,numpy|keras|deep learning|regression|python|nlp
ML,2,4,Data Science & Analytics|Web Development,C++,70.1,Artificial Intelligence,69.2,Database Management Systems,64.1,Engineering Mathematics-IV,56.0,Data Structures and Algorithms,53.0,sklearn|numpy|classification|pandas|fullstack|deep learning|regression|python|nlp
CCS,1,1,Web Development,Full Stack Development,91.8,Artificial Intelligence,83.8,Data Structures and Algorithms,83.1,Database Management Systems,82.5,Engineering Mathematics-III,81.7,kubernetes|react
CCS,1,1,Web Development,Python,75.75881892005438,Engineering Mathematics-III,73.3,Cryptography & Network Security,68.3,C++,65.5,Artificial Intelligence,63.25489207790905,kubernetes|ci/cd|devops|serverless|tableau
DWM,3,3,Data Science & Analytics|Web Development|Cloud & Distributed Systems,Full Stack Development,66.4,Python,51.4,Design & Analysis of Algorithms,50.0,Java,46.2,Database Management Systems,43.4,power bi|kubernetes|microcontroller|data warehouse|dashboard|mongodb|postgresql|data mining|sql|analytics
ML,1,2,Artificial Intelligence & Machine Learning,Computer Networks,29.895772315686642,Automata Theory,27.7,Artificial Intelligence,17.4,Full Stack Development,15.135339389897586,Java,13.8,numpy|classification|tensorflow|pandas|keras|regression|nlp
CCS,1,3,Cloud & Distributed Systems,Operating Systems,80.3,Automata Theory,71.1,Artificial Intelligence,70.4,Python,69.6,Computer Networks,69.2,node|kubernetes|react|ci/cd|docker|aws|devops|serverless|fullstack|cloud
DWM,1,2,Data Science & Analytics,Python,100.0,Full Stack Development,100.0,Design & Analysis of Algorithms,98.1,Database Management Systems,97.0,Computer Networks,94.75116329170017,power bi|react|mongodb|dashboard|data warehouse|etl|data mining|esp32|analytics|sql
ML,3,2,Data Science & Analytics|Artificial Intelligence & Machine Learning|Cloud & Distributed Systems,Design & Analysis of Algorithms,100.0,Data Structures and Algorithms,85.5,Java,83.8,Full Stack Development,76.4,Artificial Intelligence,72.1,numpy|pytorch|tensorflow|embedded|keras|neural network|regression
CCS,2,3,Web Development|Cloud & Distributed Systems,Full Stack Development,100.0,Software Engineering,94.6,Computer Networks,93.0,Automata Theory,91.1,IoT,91.0,react|ci/cd|docker|azure|aws|sql|fullstack|terraform
CCS,2,3,Cloud & Distributed Systems|Web Development,Design & Analysis of Algorithms,69.0,Python,63.012238054497466,Full Stack Development,60.4,Database Management Systems,59.7,Engineering Mathematics-IV,57.8,kubernetes|ci/cd|docker|azure|aws|devops|serverless|react|terraform|tableau
WT,2,1,Network & Wireless Systems|Mobile & IoT Development,Computer Networks,75.4,Engineering Mathematics-III,73.7,Microcontroller & Embedded Systems,73.6,Automata Theory,71.6,Digital Logic & Design,70.5,microcontroller|gpio|embedded|arduino|bluetooth
ML,2,1,Data Science & Analytics|Artificial Intelligence & Machine Learning,Software Engineering,39.6,Artificial Intelligence,37.3,Engineering Mathematics-IV,36.8,Python,36.6,Digital Logic & Design,35.1,numpy|classification|pandas|pytorch|python
CCS,2,3,Cloud & Distributed Systems|Web Development,Software Engineering,86.5,Design & Analysis of Algorithms,85.3,Operating Systems,83.9,Full Stack Development,83.7,Computer Networks,81.7,node|kubernetes|docker|fullstack|azure|aws|devops|react|terraform
ML,3,3,Artificial Intelligence & Machine Learning|Data Science & Analytics|Web Development,Computer Networks,76.0,Full Stack Development,73.1,Database Management Systems,70.8,Python,70.1,Artificial Intelligence,65.2,sklearn|numpy|classification|machine learning|pytorch|tensorflow|deep learning|neural network|nlp
DWM,1,2,Data Science & Analytics,Python,62.7,Microcontroller & Embedded Systems,59.02975013091536,Full Stack Development,56.3,Data Structures and Algorithms,52.3,Computer Networks,48.40574411635309,power bi|kubernetes|dashboard|analytics|sql|tableau
WT,2,2,Mobile & IoT Development|Network & Wireless Systems,Database Management Systems,100.0,Microcontroller & Embedded Systems,100.0,Design & Analysis of Algorithms,100.0,Computer Networks,96.6,Java,96.1,microcontroller|sensor|iot|embedded|docker|wireless|mqtt|bluetooth
WT,2,3,Network & Wireless Systems|Cloud & Distributed Systems,Java,56.6,IoT,51.2,Database Management Systems,50.53391492852071,Computer Networks,33.5,Cryptography & Network Security,30.8,microcontroller|gpio|sensor|iot|embedded|etl|esp32|wireless|arduino|raspberry pi
ML,1,1,Data Science & Analytics,Microcontroller & Embedded Systems,89.8,Data Structures and Algorithms,89.6,Database Management Systems,87.4,Operating Systems,85.9,Engineering Mathematics-III,85.4,machine learning|tensorflow|pandas|deep learning|regression|python
DWM,1,1,Data Science & Analytics,Database Management Systems,64.6,Full Stack Development,63.5,Computer Networks,60.0,Java,55.5,Python,53.6,mongodb|etl|sql|tableau
CCS,2,1,Web Development|Network & Wireless Systems,IoT,80.3,Operating Systems,73.8,Full Stack Development,73.3,Computer Networks,66.5,Python,63.2,kubernetes|ci/cd|docker|serverless|cloud
CCS,2,3,Web Development|Network & Wireless Systems,Software Engineering,40.3,Digital Logic & Design,31.0,Artificial Intelligence,26.2,Database Management Systems,25.6,Computer Networks,25.6,node|sensor|fullstack|etl|aws|devops|serverless|react|terraform
WT,1,0,Network & Wireless Systems,Automata Theory,100.0,IoT,87.4,Java,82.9,C++,77.1,Digital Logic & Design,74.5,
ML,1,4,Artificial Intelligence & Machine Learning,Data Structures and Algorithms,91.9,Software Engineering,88.7,Engineering Mathematics-III,80.6,Operating Systems,78.0,Full Stack Development,75.6,sklearn|pandas|tensorflow|keras|data mining|deep learning|neural network|nlp
DWM,2,3,Data Science & Analytics|Web Development,Database Management Systems,57.0,Engineering Mathematics-IV,50.4,Design & Analysis of Algorithms,45.4,Cryptography & Network Security,43.5,Java,40.5,power bi|mongodb|data warehouse|pandas|dashboard|postgresql|etl|data mining|analytics|tableau
ML,2,4,Data Science & Analytics|Artificial Intelligence & Machine Learning,Artificial Intelligence,49.6,Full Stack Development,47.4,Data Structures and Algorithms,45.9,Engineering Mathematics-III,45.8,Engineering Mathematics-IV,43.2,sklearn|node|classification|neural network|machine learning|pytorch|pandas|keras|aws|wireless
CCS,2,1,Cloud & Distributed Systems|Web Development,Computer Networks,82.7,Artificial Intelligence,82.4,Data Structures and Algorithms,80.0,Full Stack Development,76.8,C++,76.7,kubernetes|ci/cd|docker|azure|devops|cloud
WT,2,4,Mobile & IoT Development|Network & Wireless Systems,Microcontroller & Embedded Systems,60.7,Data Structures and Algorithms,56.0,Digital Logic & Design,51.6,Software Engineering,49.8,Operating Systems,47.8,microcontroller|gpio|iot|pandas|embedded|wireless|arduino|raspberry pi|bluetooth
ML,2,4,Data Science & Analytics|Web Development,Python,79.0,Software Engineering,78.1,Cryptography & Network Security,64.7,Artificial Intelligence,63.1,Database Management Systems,61.8,numpy|neural network|classification|machine learning|tensorflow|keras|analytics|deep learning|pytorch|regression
DWM,1,1,Data Science & Analytics,Engineering Mathematics-III,45.6,Java,36.7,Python,30.0,Data Structures and Algorithms,28.1,Microcontroller & Embedded Systems,24.4,power bi|mongodb|machine learning
CCS,3,2,Cloud & Distributed Systems|Web Development|Artificial Intelligence & Machine Learning,Full Stack Development,77.5,Digital Logic & Design,76.1,Computer Networks,73.6,Python,66.1,C++,66.1,node|kubernetes|docker|fullstack|devops|deep learning
DWM,2,1,Data Science & Analytics|Artificial Intelligence & Machine Learning,Full Stack Development,92.7,Artificial Intelligence,88.8,Automata Theory,87.7,Database Management Systems,86.2,Computer Networks,84.3,mongodb|dashboard|data mining|sql|tableau
WT,2,1,Network & Wireless Systems|Mobile & IoT Development,Computer Networks,69.9,Full Stack Development,68.5,Automata Theory,66.5,Digital Logic & Design,63.9,Python,61.2,iot|raspberry pi|sensor
CCS,2,1,Web Development|Cloud & Distributed Systems,Full Stack Development,82.6,Operating Systems,80.9,Engineering Mathematics-IV,79.4,Computer Networks,78.1,Software Engineering,75.4,react|azure|aws|esp32|fullstack|terraform
ML,3,1,Artificial Intelligence & Machine Learning|Data Science & Analytics|Cloud & Distributed Systems,Artificial Intelligence,100.0,Full Stack Development,79.7,Database Management Systems,78.1,Cryptography & Network Security,78.0,Data Structures and Algorithms,73.7,pandas|classification|machine learning|nlp
DWM,2,2,Data Science & Analytics|Artificial Intelligence & Machine Learning,Computer Networks,45.8,Automata Theory,43.7,Database Management Systems,41.5,Cryptography & Network Security,37.1,Design & Analysis of Algorithms,36.6,power bi|data warehouse|dashboard|mongodb|postgresql|etl|data mining|react|tableau
ML,3,3,Data Science & Analytics|Artificial Intelligence & Machine Learning|Cloud & Distributed Systems,Python,94.4,Computer Networks,77.1,Design & Analysis of Algorithms,70.7,Full Stack Development,66.7,Cryptography & Network Security,65.6,sklearn|classification|neural network|machine learning|pytorch|pandas|keras|deep learning|regression
DWM,1,4,Data Science & Analytics,Automata Theory,86.9,Engineering Mathematics-IV,82.2,Database Management Systems,80.9,IoT,80.7,Computer Networks,76.5,mongodb|dashboard|data warehouse|nlp|postgresql|etl|data mining|analytics|sql|tableau
CCS,2,2,Cloud & Distributed Systems|Web Development,Computer Networks,100.0,Software Engineering,99.7,Design & Analysis of Algorithms,99.2,Operating Systems,96.5,Engineering Mathematics-III,95.1,kubernetes|ci/cd|docker|fullstack|azure|react|cloud|terraform
WT,2,1,Mobile & IoT Development|Network & Wireless Systems,Java,59.1,C++,51.4,Database Management Systems,50.9,Microcontroller & Embedded Systems,46.2,Python,42.9,sensor|postgresql|gpio
CCS,2,1,Cloud & Distributed Systems|Web Development,Full Stack Development,84.8,C++,84.4,Microcontroller & Embedded Systems,79.3,Cryptography & Network Security,77.6,Database Management Systems,77.5,node|kubernetes|ci/cd|react|terraform
DWM,1,1,Data Science & Analytics,Automata Theory,100.0,Java,92.5,Database Management Systems,86.6,Computer Networks,83.0,Engineering Mathematics-IV,82.5,data mining|devops|tableau
DWM,1,2,Data Science & Analytics,Database Management Systems,77.9,Cryptography & Network Security,75.9,Computer Networks,72.36329231123253,Data Structures and Algorithms,71.7,Java,69.7,power bi|mongodb|data warehouse|postgresql|data mining|analytics|tableau
WT,1,3,Mobile & IoT Development,Digital Logic & Design,71.7,Design & Analysis of Algorithms,67.5,IoT,64.4,Engineering Mathematics-III,61.1,Cryptography & Network Security,59.3,microcontroller|sensor|iot|embedded|data mining|esp32|pytorch
WT,1,4,Mobile & IoT Development,Computer Networks,90.6,Digital Logic & Design,87.4,Software Engineering,83.6,Python,83.3,Microcontroller & Embedded Systems,81.7,microcontroller|classification|gpio|sensor|iot|embedded|wireless|arduino|esp32|serverless
ML,1,2,Artificial Intelligence & Machine Learning,Software Engineering,74.1,Artificial Intelligence,65.9,Data Structures and Algorithms,62.9,Computer Networks,62.654819827855746,Python,62.5,sklearn|numpy|classification|tensorflow|keras|neural network|python
DWM,1,2,Data Science & Analytics,Python,81.5,Data Structures and Algorithms,59.1,Artificial Intelligence,58.9,Operating Systems,58.1,Engineering Mathematics-III,52.1,node|power bi|dashboard|etl|data mining|analytics|tableau
ML,2,2,Artificial Intelligence & Machine Learning|Data Science & Analytics,Python,75.2,Engineering Mathematics-IV,61.0,Design & Analysis of Algorithms,60.8,Engineering Mathematics-III,60.4,Artificial Intelligence,52.8,numpy|microcontroller|pandas|tensorflow|keras|neural network|nlp
WT,1,2,Network & Wireless Systems,Computer Networks,68.3,Full Stack Development,61.3,IoT,61.1,Microcontroller & Embedded Systems,58.2,Data Structures and Algorithms,57.9,sensor|embedded|esp32|arduino|raspberry pi|mqtt|bluetooth
WT,1,1,Mobile & IoT Development,Data Structures and Algorithms,73.6,Computer Networks,69.8,Engineering Mathematics-III,65.1,Design & Analysis of Algorithms,63.6,Software Engineering,62.9,iot|microcontroller|gpio|arduino
WT,2,2,Network & Wireless Systems|Cloud & Distributed Systems,IoT,86.6,Microcontroller & Embedded Systems,80.5,Digital Logic & Design,78.7,C++,76.5,Python,76.0,microcontroller|gpio|sensor|esp32|arduino|raspberry pi|mqtt|bluetooth
CCS,3,3,Web Development|Cloud & Distributed Systems|Data Science & Analytics,Automata Theory,80.7,Operating Systems,73.0,Design & Analysis of Algorithms,69.7,Computer Networks,66.9,Database Management Systems,65.7,node|docker|etl|azure|aws|devops|serverless|react|cloud|terraform
ML,2,2,Artificial Intelligence & Machine Learning|Cloud & Distributed Systems,Computer Networks,87.0,Data Structures and Algorithms,86.1,Engineering Mathematics-III,85.2,Operating Systems,83.8,Design & Analysis of Algorithms,78.5,sklearn|numpy|neural network|sensor|keras|regression
WT,1,2,Network & Wireless Systems,Cryptography & Network Security,58.5,Computer Networks,57.1,Microcontroller & Embedded Systems,56.3,IoT,56.3,Engineering Mathematics-IV,53.2,gpio|iot|sensor|embedded|wireless|esp32|mqtt
WT,3,2,Mobile & IoT Development|Network & Wireless Systems|Cloud & Distributed Systems,IoT,79.6,Automata Theory,78.3,Digital Logic & Design,74.4,Microcontroller & Embedded Systems,70.6,Data Structures and Algorithms,70.4,microcontroller|gpio|iot|pandas|embedded|esp32|arduino|bluetooth
ML,1,1,Artificial Intelligence & Machine Learning,Artificial Intelligence,78.7,Data Structures and Algorithms,76.9,Full Stack Development,74.1,Design & Analysis of Algorithms,73.7,Operating Systems,73.6,machine learning|keras|pytorch|regression|nlp
DWM,1,1,Data Science & Analytics,Full Stack Development,54.6,Engineering Mathematics-IV,53.8,Artificial Intelligence,53.4,Computer Networks,52.7,Automata Theory,51.4,power bi|node|data warehouse|dashboard|etl|data mining
WT,2,3,Mobile & IoT Development|Network & Wireless Systems,Data Structures and Algorithms,100.0,Computer Networks,100.0,IoT,100.0,Java,94.7,Operating Systems,88.8,node|microcontroller|iot|sensor|embedded|esp32|raspberry pi|mqtt|bluetooth
ML,3,1,Artificial Intelligence & Machine Learning|Data Science & Analytics|Mobile & IoT Development,Computer Networks,75.05812449900662,Engineering Mathematics-III,67.7,Design & Analysis of Algorithms,67.5,Cryptography & Network Security,66.8,Data Structures and Algorithms,63.0,numpy|deep learning|nlp
WT,2,3,Network & Wireless Systems|Mobile & IoT Development,IoT,87.7,Digital Logic & Design,78.7,Engineering Mathematics-IV,77.9,Microcontroller & Embedded Systems,76.6,Artificial Intelligence,72.8,gpio|iot|embedded|etl|wireless|arduino|esp32|mqtt|bluetooth
CCS,3,1,Cloud & Distributed Systems|Web Development|Network & Wireless Systems,Python,69.1,Engineering Mathematics-IV,66.2,Software Engineering,65.3,Operating Systems,65.0,Data Structures and Algorithms,63.4,node|docker
CCS,3,4,Cloud & Distributed Systems|Web Development|Artificial Intelligence & Machine Learning,Full Stack Development,65.5,Operating Systems,62.9,Automata Theory,61.6,Database Management Systems,59.11711532446768,Design & Analysis of Algorithms,56.5,node|ci/cd|docker|deep learning|fullstack|azure|aws|devops|serverless|react
WT,3,4,Network & Wireless Systems|Mobile & IoT Development|Data Science & Analytics,IoT,72.0,Engineering Mathematics-IV,71.5,Data Structures and Algorithms,69.6,Python,67.67789564524301,Microcontroller & Embedded Systems,67.6,power bi|gpio|iot|embedded|wireless|arduino|analytics|esp32|raspberry pi|mqtt
CCS,3,2,Web Development|Data Science & Analytics|Network & Wireless Systems,Design & Analysis of Algorithms,79.5,Data Structures and Algorithms,77.7,Python,75.2,Cryptography & Network Security,74.9,Full Stack Development,72.9,pandas|serverless|fullstack|cloud|terraform
CCS,4,0,Web Development|Cloud & Distributed Systems|Network & Wireless Systems|Artificial Intelligence & Machine Learning,Full Stack Development,92.9,Database Management Systems,91.5,Operating Systems,86.3,Design & Analysis of Algorithms,84.0,Computer Networks,83.1,
WT,3,0,Network & Wireless Systems|Cloud & Distributed Systems|Data Science & Analytics,Computer Networks,74.3,Microcontroller & Embedded Systems,50.4,Python,45.7,Digital Logic & Design,38.7,IoT,37.1,
CCS,1,1,Cloud & Distributed Systems,Data Structures and Algorithms,100.0,Engineering Mathematics-III,97.9,Digital Logic & Design,96.0,Design & Analysis of Algorithms,93.8,Cryptography & Network Security,93.0,ci/cd|fullstack|react
ML,2,3,Data Science & Analytics|Cloud & Distributed Systems,Cryptography & Network Security,78.0,Operating Systems,73.8,Artificial Intelligence,71.8,Automata Theory,69.7,Python,68.8,sklearn|classification|machine learning|pandas|keras|deep learning|neural network|python|nlp
DWM,2,1,Data Science & Analytics|Artificial Intelligence & Machine Learning,Software Engineering,70.1,Java,62.6,Python,60.4,Artificial Intelligence,51.0,Microcontroller & Embedded Systems,48.7,dashboard|sql|arduino
ML,3,2,Data Science & Analytics|Artificial Intelligence & Machine Learning|Network & Wireless Systems,Digital Logic & Design,68.4,Python,57.8,C++,57.2,Engineering Mathematics-IV,55.2,Operating Systems,52.2,sklearn|classification|pandas|tensorflow|deep learning|pytorch|nlp
CCS,1,2,Cloud & Distributed Systems,Full Stack Development,93.4,Database Management Systems,82.8,Computer Networks,78.6,Operating Systems,77.1,Microcontroller & Embedded Systems,76.3,node|kubernetes|docker|azure|aws|serverless|neural network|cloud|terraform
ML,2,2,Artificial Intelligence & Machine Learning|Cloud & Distributed Systems,Python,65.2,Digital Logic & Design,52.2,Cryptography & Network Security,49.9,Design & Analysis of Algorithms,47.7,Microcontroller & Embedded Systems,44.85036334220911,sklearn|numpy|neural network|machine learning|tensorflow|keras|data mining|deep learning|pytorch|python
WT,3,3,Network & Wireless Systems|Cloud & Distributed Systems|Data Science & Analytics,Operating Systems,50.8,Digital Logic & Design,50.7,Database Management Systems,46.410271335695995,Computer Networks,45.9,Software Engineering,41.8,microcontroller|embedded|wireless|raspberry pi|mqtt|bluetooth
ML,2,2,Artificial Intelligence & Machine Learning|Cloud & Distributed Systems,Data Structures and Algorithms,82.71563331740536,Engineering Mathematics-III,67.5,Python,66.7,Automata Theory,66.2,Engineering Mathematics-IV,65.9,numpy|machine learning|pandas|tensorflow|deep learning|regression|python
CCS,3,2,Web Development|Cloud & Distributed Systems|Artificial Intelligence & Machine Learning,Full Stack Development,89.7,Python,76.7,Engineering Mathematics-III,69.9,Operating Systems,68.4,Database Management Systems,66.5,node|azure|aws|serverless|arduino|react
WT,3,3,Network & Wireless Systems|Mobile & IoT Development|Cloud & Distributed Systems,Artificial Intelligence,58.4,Database Management Systems,56.5,Java,51.7,Computer Networks,50.1,Microcontroller & Embedded Systems,47.5,gpio|iot|sensor|embedded|nlp|esp32|wireless|react|mqtt|bluetooth
DWM,2,4,Data Science & Analytics|Cloud & Distributed Systems,Software Engineering,49.2,Design & Analysis of Algorithms,47.9,Artificial Intelligence,45.8,IoT,44.9,Cryptography & Network Security,43.5,postgresql|etl|analytics|neural network|mqtt|tableau
CCS,3,3,Cloud & Distributed Systems|Data Science & Analytics|Artificial Intelligence & Machine Learning,Computer Networks,76.5,Python,70.9,Database Management Systems,69.18698563327101,C++,67.8,Operating Systems,67.5,node|kubernetes|react|ci/cd|dashboard|embedded|aws|serverless|fullstack|cloud
DWM,2,3,Data Science & Analytics|Cloud & Distributed Systems,Engineering Mathematics-IV,46.2,C++,44.8,Java,44.7,Computer Networks,39.3,Design & Analysis of Algorithms,36.3,power bi|data warehouse|dashboard|mongodb|postgresql|etl|data mining|sql|analytics|raspberry pi
ML,3,1,Artificial Intelligence & Machine Learning|Data Science & Analytics|Cloud & Distributed Systems,Computer Networks,59.3,Python,52.3,Full Stack Development,48.0,Cryptography & Network Security,46.0,Database Management Systems,45.8,pytorch|machine learning|deep learning
WT,4,1,Network & Wireless Systems|Mobile & IoT Development|Cloud & Distributed Systems|Data Science & Analytics,Operating Systems,82.9,Microcontroller & Embedded Systems,76.8,IoT,75.6,Engineering Mathematics-IV,75.2,Design & Analysis of Algorithms,75.0,gpio|sensor|embedded|wireless|arduino|mqtt
WT,2,1,Mobile & IoT Development|Network & Wireless Systems,Microcontroller & Embedded Systems,87.1,Engineering Mathematics-III,76.9,Operating Systems,72.0,Computer Networks,71.4,Automata Theory,70.4,gpio|iot|embedded|esp32|bluetooth
DWM,2,2,Data Science & Analytics|Web Development,Design & Analysis of Algorithms,56.4,Artificial Intelligence,55.6,Database Management Systems,47.9,C++,42.5,Operating Systems,40.3,power bi|mongodb|data warehouse|postgresql|etl|data mining|analytics|tableau
WT,3,1,Network & Wireless Systems|Mobile & IoT Development|Data Science & Analytics,IoT,72.2,Digital Logic & Design,54.4,Software Engineering,50.1,Engineering Mathematics-III,46.4,Engineering Mathematics-IV,45.2,gpio|sensor|embedded|wireless|mqtt
WT,1,4,Network & Wireless Systems,Engineering Mathematics-III,64.0,Operating Systems,63.4,Engineering Mathematics-IV,58.5,Computer Networks,58.0,Digital Logic & Design,56.7,microcontroller|gpio|sensor|iot|esp32|wireless|arduino|raspberry pi|mqtt|bluetooth
ML,2,1,Data Science & Analytics|Artificial Intelligence & Machine Learning,Data Structures and Algorithms,87.5,Engineering Mathematics-IV,86.0,Artificial Intelligence,82.9,Python,77.6,Operating Systems,66.6,numpy|machine learning|pandas|regression|nlp
ML,2,0,Artificial Intelligence & Machine Learning|Data Science & Analytics,Artificial Intelligence,59.3,Software Engineering,46.3,Python,44.8,Cryptography & Network Security,44.5,Data Structures and Algorithms,43.9,
CCS,3,4,Cloud & Distributed Systems|Web Development|Artificial Intelligence & Machine Learning,Data Structures and Algorithms,55.5,Computer Networks,54.8,Software Engineering,50.0,Python,48.80011291466336,Microcontroller & Embedded Systems,42.3,node|ci/cd|docker|data mining|azure|aws|cloud|terraform
DWM,3,1,Web Development|Data Science & Analytics|Mobile & IoT Development,Database Management Systems,87.8,Engineering Mathematics-IV,64.7,Data Structures and Algorithms,62.2,Python,54.6,Design & Analysis of Algorithms,53.3,power bi|data warehouse|dashboard|postgresql|analytics
WT,2,2,Mobile & IoT Development|Data Science & Analytics,Operating Systems,75.7,Engineering Mathematics-III,74.3,Artificial Intelligence,65.0,Python,63.7,Microcontroller & Embedded Systems,59.2,gpio|iot|embedded|etl|azure|esp32|raspberry pi|mqtt
WT,4,4,Mobile & IoT Development|Network & Wireless Systems|Cloud & Distributed Systems|Data Science & Analytics,Software Engineering,83.7,Digital Logic & Design,76.7,IoT,73.7,Engineering Mathematics-IV,71.7,Data Structures and Algorithms,69.2,microcontroller|gpio|iot|sensor|embedded|postgresql|wireless|arduino|sql|esp32
WT,2,3,Network & Wireless Systems|Mobile & IoT Development,Digital Logic & Design,58.0,Operating Systems,55.0,Full Stack Development,53.3,Computer Networks,48.9,Automata Theory,47.8,microcontroller|gpio|iot|embedded|esp32|wireless|mqtt|bluetooth
ML,2,2,Artificial Intelligence & Machine Learning|Data Science & Analytics,Data Structures and Algorithms,90.01399169796055,Artificial Intelligence,76.1,Operating Systems,69.3,Engineering Mathematics-IV,62.9,Python,62.8,sklearn|numpy|neural network|machine learning|pandas|keras|regression|cloud|python
DWM,2,1,Data Science & Analytics|Web Development,Database Management Systems,95.6,Full Stack Development,92.4,Python,83.4,Automata Theory,80.9,Data Structures and Algorithms,80.0,mongodb|data warehouse|dashboard|etl|data mining|tableau
CCS,3,2,Cloud & Distributed Systems|Network & Wireless Systems|Artificial Intelligence & Machine Learning,Operating Systems,87.7,Engineering Mathematics-IV,81.9,Software Engineering,74.3,Digital Logic & Design,71.9,Database Management Systems,69.7,kubernetes|ci/cd|azure|aws|serverless|fullstack|terraform
ML,3,0,Artificial Intelligence & Machine Learning|Data Science & Analytics|Cloud & Distributed Systems,Database Management Systems,64.2,Engineering Mathematics-III,57.8,Software Engineering,53.8,Python,39.2,Design & Analysis of Algorithms,35.1,
CCS,3,3,Web Development|Cloud & Distributed Systems|Data Science & Analytics,Computer Networks,89.9,Engineering Mathematics-IV,77.0,Design & Analysis of Algorithms,76.4,Java,76.1,Data Structures and Algorithms,73.4,node|react|ci/cd|docker|etl|azure|aws|devops|serverless|fullstack
ML,1,1,Data Science & Analytics,Computer Networks,43.3,Engineering Mathematics-IV,29.2,Automata Theory,23.5,Engineering Mathematics-III,17.0,Operating Systems,15.2,numpy|classification|machine learning|keras
WT,2,3,Mobile & IoT Development|Network & Wireless Systems,Python,89.49682403246882,Design & Analysis of Algorithms,85.8,Computer Networks,84.9,Database Management Systems,83.0,Engineering Mathematics-III,78.5,microcontroller|gpio|sensor|iot|embedded|esp32|arduino|bluetooth
CCS,3,2,Cloud & Distributed Systems|Web Development|Network & Wireless Systems,Computer Networks,82.1,Full Stack Development,67.1,Operating Systems,64.2,Software Engineering,55.7,Cryptography & Network Security,55.4,node|kubernetes|ci/cd|data warehouse|azure|devops|serverless|fullstack|terraform
CCS,2,1,Cloud & Distributed Systems|Data Science & Analytics,Engineering Mathematics-IV,100.0,Computer Networks,100.0,Java,95.2,Data Structures and Algorithms,94.1,Full Stack Development,90.8,aws|machine learning|ci/cd
CCS,4,0,Cloud & Distributed Systems|Web Development|Data Science & Analytics|Artificial Intelligence & Machine Learning,Engineering Mathematics-IV,81.4,Engineering Mathematics-III,81.2,Computer Networks,78.7,Software Engineering,78.7,Python,77.5,
DWM,1,2,Data Science & Analytics,Python,92.6,C++,89.4,Engineering Mathematics-IV,83.0,Artificial Intelligence,81.1,Java,80.6,power bi|microcontroller|data warehouse|dashboard|sql|analytics
ML,3,2,Data Science & Analytics|Artificial Intelligence & Machine Learning|Web Development,Python,87.6,Microcontroller & Embedded Systems,79.0,Design & Analysis of Algorithms,76.0,Artificial Intelligence,70.0,Engineering Mathematics-III,69.1,numpy|machine learning|tensorflow|keras|deep learning|neural network|regression|nlp
WT,3,3,Network & Wireless Systems|Mobile & IoT Development|Cloud & Distributed Systems,Java,69.4,Automata Theory,69.0,Software Engineering,58.5,Python,58.0,IoT,57.2,gpio|iot|mongodb|sensor|embedded|wireless|arduino|esp32|bluetooth
CCS,3,1,Cloud & Distributed Systems|Web Development|Data Science & Analytics,Automata Theory,68.5,Python,67.2,Full Stack Development,67.0,Operating Systems,63.5,Software Engineering,63.5,ci/cd|azure|devops|serverless|react|terraform
WT,3,4,Network & Wireless Systems|Mobile & IoT Development|Cloud & Distributed Systems,IoT,74.8,Computer Networks,67.9,Microcontroller & Embedded Systems,60.4,Cryptography & Network Security,58.3,Design & Analysis of Algorithms,56.5,microcontroller|gpio|sensor|embedded|raspberry pi|bluetooth
DWM,2,3,Data Science & Analytics|Web Development,Database Management Systems,64.8,Engineering Mathematics-III,62.6,Python,53.6,Automata Theory,51.1,Artificial Intelligence,45.8,power bi|data warehouse|mongodb|dashboard|postgresql|data mining|devops|sql|tableau
ML,2,2,Data Science & Analytics|Artificial Intelligence & Machine Learning,Automata Theory,65.9,IoT,65.4,Java,63.5,Engineering Mathematics-IV,61.0,Design & Analysis of Algorithms,57.2,numpy|neural network|machine learning|pandas|tensorflow|keras|deep learning|regression|python
DWM,1,2,Data Science & Analytics,Java,69.2,Database Management Systems,55.8,Cryptography & Network Security,49.7,Microcontroller & Embedded Systems,48.6,Python,46.0,power bi|dashboard|postgresql|etl|sql
CCS,3,3,Cloud & Distributed Systems|Web Development|Network & Wireless Systems,Engineering Mathematics-IV,73.3,Software Engineering,65.2,Engineering Mathematics-III,62.0,Computer Networks,55.3,Full Stack Development,52.9,node|microcontroller|ci/cd|fullstack|azure|aws|serverless|react|cloud|terraform
WT,3,2,Network & Wireless Systems|Cloud & Distributed Systems|Data Science & Analytics,Microcontroller & Embedded Systems,100.0,Computer Networks,97.9,Engineering Mathematics-IV,96.7,Cryptography & Network Security,92.5,Digital Logic & Design,92.0,microcontroller|iot|sensor|embedded|wireless|raspberry pi
ML,1,0,Data Science & Analytics,Database Management Systems,78.4,Automata Theory,61.2,Design & Analysis of Algorithms,54.1,Data Structures and Algorithms,53.9,Computer Networks,53.8,
DWM,1,3,Data Science & Analytics,Computer Networks,63.93402977419788,Microcontroller & Embedded Systems,59.2,Cryptography & Network Security,55.9,Engineering Mathematics-IV,54.8,Design & Analysis of Algorithms,54.4,power bi|data warehouse|dashboard|postgresql|etl|data mining|analytics|tableau
DWM,1,1,Data Science & Analytics,Python,73.0,Database Management Systems,61.8,IoT,54.7,Engineering Mathematics-III,53.0,Computer Networks,47.7,data warehouse|dashboard|postgresql|etl|data mining|analytics
CCS,1,3,Cloud & Distributed Systems,Microcontroller & Embedded Systems,57.27534317405114,Java,45.5,Engineering Mathematics-IV,44.5,Computer Networks,39.472045000664664,Digital Logic & Design,36.0,node|kubernetes|ci/cd|tensorflow|docker|fullstack|devops|react|cloud|terraform
ML,2,3,Artificial Intelligence & Machine Learning|Data Science & Analytics,Python,84.9,Database Management Systems,75.1,Data Structures and Algorithms,74.3,IoT,71.3,C++,69.8,power bi|numpy|neural network|machine learning|pandas|deep learning|pytorch|regression|python|nlp
WT,2,4,Network & Wireless Systems|Cloud & Distributed Systems,Full Stack Development,74.4,IoT,72.7,Data Structures and Algorithms,71.5,Microcontroller & Embedded Systems,67.7,Database Management Systems,63.4,microcontroller|iot|sensor|embedded|esp32|arduino|wireless|raspberry pi|mqtt|bluetooth
CCS,2,1,Cloud & Distributed Systems|Artificial Intelligence & Machine Learning,Automata Theory,79.0,Artificial Intelligence,76.89064484496474,Full Stack Development,76.7,Python,75.55338915004936,Operating Systems,66.4,node|ci/cd|aws|devops|terraform
DWM,2,1,Data Science & Analytics|Artificial Intelligence & Machine Learning,IoT,81.0,Automata Theory,77.2,Digital Logic & Design,70.5,Design & Analysis of Algorithms,68.9,Database Management Systems,68.8,data warehouse|dashboard|data mining|sql|tableau
ML,1,1,Data Science & Analytics,Design & Analysis of Algorithms,71.3,Database Management Systems,70.84237700814133,Engineering Mathematics-III,69.2,Data Structures and Algorithms,65.45038910623362,Full Stack Development,65.2,neural network|sklearn|numpy|tensorflow
DWM,2,1,Data Science & Analytics|Artificial Intelligence & Machine Learning,Python,58.1,Database Management Systems,51.7,Cryptography & Network Security,49.7,Automata Theory,49.4,Full Stack Development,49.2,mongodb|power bi|arduino
ML,2,3,Data Science & Analytics|Artificial Intelligence & Machine Learning,Software Engineering,80.8,Artificial Intelligence,73.9,C++,68.4,Data Structures and Algorithms,66.0,Engineering Mathematics-III,65.8,sklearn|power bi|numpy|classification|machine learning|tensorflow|keras|deep learning|pytorch|nlp
DWM,1,3,Data Science & Analytics,Python,43.9,Data Structures and Algorithms,41.1,C++,39.9,Digital Logic & Design,29.4,Engineering Mathematics-IV,26.5,power bi|data warehouse|dashboard|mongodb|data mining|sql|analytics|tableau
ML,2,4,Artificial Intelligence & Machine Learning|Web Development,Python,73.4,Automata Theory,71.8,Cryptography & Network Security,71.8,Full Stack Development,70.6,Artificial Intelligence,68.8,sklearn|classification|neural network|machine learning|tensorflow|keras|deep learning|pytorch|regression|nlp
CCS,2,0,Web Development|Cloud & Distributed Systems,Operating Systems,73.4,Computer Networks,65.68667452546498,Engineering Mathematics-III,59.2,Design & Analysis of Algorithms,58.7,Digital Logic & Design,57.4,
WT,2,3,Network & Wireless Systems|Mobile & IoT Development,C++,80.6,Data Structures and Algorithms,69.3,Database Management Systems,65.0,Automata Theory,63.6,Engineering Mathematics-III,62.4,raspberry pi|esp32|mqtt|bluetooth
WT,4,2,Web Development|Cloud & Distributed Systems|Network & Wireless Systems|Mobile & IoT Development,Digital Logic & Design,58.2,Operating Systems,55.9,Python,54.5,Cryptography & Network Security,54.3,Microcontroller & Embedded Systems,53.9,microcontroller|gpio|sensor|esp32|arduino|wireless|raspberry pi|mqtt|bluetooth
WT,1,3,Network & Wireless Systems,Automata Theory,83.1,Microcontroller & Embedded Systems,82.6,Digital Logic & Design,78.3,Computer Networks,75.3,Operating Systems,66.1,microcontroller|gpio|sensor|iot|embedded|wireless|esp32|arduino|sql|raspberry pi
WT,2,4,Network & Wireless Systems|Cloud & Distributed Systems,Digital Logic & Design,65.2,Microcontroller & Embedded Systems,65.0,Computer Networks,59.8,IoT,59.0,Database Management Systems,46.0,sklearn|microcontroller|gpio|iot|sensor|embedded|data mining|esp32|arduino|wireless
CCS,2,1,Cloud & Distributed Systems|Network & Wireless Systems,Operating Systems,100.0,Computer Networks,100.0,Design & Analysis of Algorithms,100.0,Full Stack Development,100.0,Database Management Systems,99.8,cloud|serverless|ci/cd
WT,2,3,Network & Wireless Systems|Cloud & Distributed Systems,Digital Logic & Design,98.7,Computer Networks,98.0,Microcontroller & Embedded Systems,98.0,Automata Theory,96.5,Design & Analysis of Algorithms,93.4,microcontroller|gpio|iot|sensor|docker|wireless|arduino|esp32
CCS,2,4,Cloud & Distributed Systems|Network & Wireless Systems,Operating Systems,70.3,Automata Theory,68.2,Data Structures and Algorithms,67.2,Database Management Systems,61.8,Engineering Mathematics-IV,61.0,node|kubernetes|machine learning|tensorflow|docker|azure|aws|devops|serverless|sql
ML,4,1,Artificial Intelligence & Machine Learning|Data Science & Analytics|Web Development|Network & Wireless Systems,Engineering Mathematics-IV,65.1,Data Structures and Algorithms,64.63292979181479,Digital Logic & Design,61.7,Software Engineering,59.0,Operating Systems,58.6,numpy|neural network|tensorflow|regression|python
CCS,2,2,Web Development|Network & Wireless Systems,Software Engineering,92.1,Cryptography & Network Security,83.5,Database Management Systems,79.3,Design & Analysis of Algorithms,78.2,Full Stack Development,74.3,node|ci/cd|fullstack|azure|aws|devops|serverless|react|terraform
CCS,2,3,Cloud & Distributed Systems|Web Development,Full Stack Development,65.2,Computer Networks,64.2,Data Structures and Algorithms,64.09477849625183,Engineering Mathematics-III,56.6,Cryptography & Network Security,51.6,node|kubernetes|ci/cd|fullstack|react|neural network|cloud|regression|terraform
DWM,3,2,Data Science & Analytics|Artificial Intelligence & Machine Learning|Cloud & Distributed Systems,Operating Systems,99.7,Data Structures and Algorithms,97.2,Artificial Intelligence,92.0,Engineering Mathematics-III,91.9,Database Management Systems,89.6,power bi|gpio|mongodb|dashboard|postgresql|sql|analytics
WT,2,1,Network & Wireless Systems|Mobile & IoT Development,Digital Logic & Design,75.0,Database Management Systems,70.8,Data Structures and Algorithms,61.3,Microcontroller & Embedded Systems,61.3,Java,61.1,iot|microcontroller|mqtt|bluetooth
WT,3,1,Network & Wireless Systems|Mobile & IoT Development|Cloud & Distributed Systems,Operating Systems,100.0,Computer Networks,100.0,Java,100.0,Cryptography & Network Security,100.0,Full Stack Development,100.0,iot|microcontroller
CCS,3,2,Web Development|Cloud & Distributed Systems|Data Science & Analytics,Operating Systems,60.9,Design & Analysis of Algorithms,60.3,Python,55.4,Automata Theory,53.9,Microcontroller & Embedded Systems,50.9,kubernetes|react|ci/cd|docker|deep learning|azure|serverless|fullstack|cloud|terraform
CCS,2,4,Web Development|Cloud & Distributed Systems,Java,56.7,Python,56.4,Data Structures and Algorithms,53.9,C++,52.0,Full Stack Development,51.6,kubernetes|ci/cd|docker|azure|aws|serverless|react|terraform
DWM,1,2,Data Science & Analytics,Database Management Systems,90.2,Design & Analysis of Algorithms,89.7,Engineering Mathematics-IV,84.6,Data Structures and Algorithms,79.9,Python,79.0,power bi|node|mongodb|dashboard|data warehouse|postgresql|etl|data mining|esp32|analytics
WT,3,4,Mobile & IoT Development|Network & Wireless Systems|Cloud & Distributed Systems,Full Stack Development,87.5,IoT,87.0,Artificial Intelligence,84.78001258531832,C++,84.1,Digital Logic & Design,83.2,microcontroller|gpio|sensor|embedded|esp32|wireless|arduino|mqtt|bluetooth
CCS,1,2,Cloud & Distributed Systems,C++,75.2,Full Stack Development,68.1,Database Management Systems,67.9,Cryptography & Network Security,65.4,Engineering Mathematics-III,64.2,ci/cd|docker|azure|aws|devops|serverless|react|tableau
CCS,3,2,Web Development|Cloud & Distributed Systems|Network & Wireless Systems,IoT,97.0,Engineering Mathematics-III,91.9,Database Management Systems,89.3,Computer Networks,85.3,C++,84.2,node|ci/cd|docker|azure|aws|devops|serverless|fullstack
CCS,2,1,Cloud & Distributed Systems|Web Development,Software Engineering,94.5,Computer Networks,75.6,Full Stack Development,73.4,Operating Systems,70.2,Design & Analysis of Algorithms,69.1,cloud|aws|devops|serverless
CCS,3,1,Web Development|Cloud & Distributed Systems|Artificial Intelligence & Machine Learning,Engineering Mathematics-III,78.1,Java,76.7,Operating Systems,68.8,Computer Networks,66.1,Engineering Mathematics-IV,64.7,aws|serverless|cloud
CCS,2,3,Web Development|Network & Wireless Systems,Computer Networks,93.8,Engineering Mathematics-IV,76.9,Software Engineering,74.0,C++,70.1,Full Stack Development,69.8,node|kubernetes|docker|fullstack|azure|aws|devops|serverless|react
CCS,2,1,Cloud & Distributed Systems|Web Development,Full Stack Development,100.0,Computer Networks,97.0,C++,95.9,Operating Systems,94.3,Automata Theory,85.7,node|kubernetes|ci/cd|iot|docker|azure|devops
CCS,1,4,Web Development,Database Management Systems,88.4,Computer Networks,87.0,Automata Theory,76.9,C++,76.7,Java,76.7,node|kubernetes|react|ci/cd|fullstack|azure|aws|devops|serverless|deep learning
WT,2,2,Mobile & IoT Development|Data Science & Analytics,Microcontroller & Embedded Systems,85.4,Computer Networks,85.0,IoT,81.0,Java,78.4,Operating Systems,76.8,kubernetes|iot|devops|wireless|arduino|bluetooth
WT,2,1,Mobile & IoT Development|Network & Wireless Systems,Microcontroller & Embedded Systems,62.3,IoT,47.9,C++,42.2,Design & Analysis of Algorithms,39.6,Software Engineering,38.7,iot|raspberry pi|arduino|sensor
DWM,1,2,Data Science & Analytics,Automata Theory,80.3,Engineering Mathematics-III,79.2,Python,69.3,Data Structures and Algorithms,67.3,Artificial Intelligence,65.6,power bi|data warehouse|dashboard|etl|analytics|tableau
CCS,3,3,Web Development|Cloud & Distributed Systems|Network & Wireless Systems,Software Engineering,46.2,Digital Logic & Design,43.5,Computer Networks,38.0,Automata Theory,34.3,Data Structures and Algorithms,34.1,node|kubernetes|ci/cd|raspberry pi|docker|azure|aws|devops|serverless|fullstack
DWM,2,2,Data Science & Analytics|Cloud & Distributed Systems,Operating Systems,76.8,Database Management Systems,68.0,Cryptography & Network Security,62.5,Python,61.6,Java,61.3,dashboard|postgresql|keras|etl|data mining|analytics|sql|tableau
CCS,2,2,Web Development|Artificial Intelligence & Machine Learning,Operating Systems,47.7,C++,47.3,Computer Networks,46.1,Cryptography & Network Security,45.8,Engineering Mathematics-III,44.2,node|kubernetes|ci/cd|azure|serverless|terraform
CCS,2,2,Cloud & Distributed Systems|Web Development,Engineering Mathematics-III,60.5,Computer Networks,58.3,Full Stack Development,57.6,C++,57.4,Python,56.1,node|kubernetes|ci/cd|docker|aws|devops|serverless|arduino|cloud
ML,2,3,Data Science & Analytics|Artificial Intelligence & Machine Learning,Engineering Mathematics-III,68.3,Artificial Intelligence,68.3,Cryptography & Network Security,67.6,C++,66.4,Full Stack Development,66.3,numpy|neural network|machine learning|terraform|pandas|deep learning|pytorch|python|nlp
ML,1,1,Data Science & Analytics,Engineering Mathematics-III,69.8,Artificial Intelligence,64.8,Automata Theory,62.2,Python,60.2,Database Management Systems,57.5,sklearn|pandas
CCS,2,2,Web Development|Artificial Intelligence & Machine Learning,Engineering Mathematics-IV,80.4,C++,70.2,Engineering Mathematics-III,63.0,Python,60.4,Full Stack Development,60.0,node|kubernetes|ci/cd|devops|react|cloud
CCS,2,3,Cloud & Distributed Systems|Web Development,Full Stack Development,99.4,Operating Systems,89.4,Artificial Intelligence,80.1,Design & Analysis of Algorithms,78.9,Digital Logic & Design,75.7,node|kubernetes|classification|ci/cd|raspberry pi|docker|azure|aws|devops|serverless
ML,2,1,Artificial Intelligence & Machine Learning|Data Science & Analytics,Software Engineering,84.0,Engineering Mathematics-III,81.9,Artificial Intelligence,81.0,Database Management Systems,80.5,IoT,80.5,neural network|pytorch|pandas|deep learning|regression
DWM,1,0,Data Science & Analytics,Automata Theory,60.5,Software Engineering,58.6,Engineering Mathematics-III,58.3,Artificial Intelligence,54.2,Operating Systems,53.1,
DWM,2,2,Data Science & Analytics|Cloud & Distributed Systems,Computer Networks,79.5,Automata Theory,70.3,Digital Logic & Design,68.2,Operating Systems,63.5,Python,63.2,power bi|etl|data mining|analytics|sql|tableau
WT,2,2,Network & Wireless Systems|Cloud & Distributed Systems,Digital Logic & Design,99.3,Microcontroller & Embedded Systems,88.3,Engineering Mathematics-III,81.8,Design & Analysis of Algorithms,79.4,Data Structures and Algorithms,77.9,gpio|ci/cd|iot|embedded|wireless|arduino|esp32|mqtt
WT,1,3,Network & Wireless Systems,Software Engineering,99.9,Operating Systems,90.4,Microcontroller & Embedded Systems,89.8,Data Structures and Algorithms,88.2,IoT,87.6,microcontroller|sensor|iot|tensorflow|embedded|wireless|arduino|esp32|raspberry pi|mqtt
WT,4,2,Network & Wireless Systems|Mobile & IoT Development|Cloud & Distributed Systems|Data Science & Analytics,Engineering Mathematics-IV,55.8,Software Engineering,55.6,Engineering Mathematics-III,40.5,Design & Analysis of Algorithms,37.8,Artificial Intelligence,36.1,gpio|sensor|esp32|arduino|raspberry pi|bluetooth
DWM,2,1,Data Science & Analytics|Web Development,Engineering Mathematics-III,68.1,Java,62.5,C++,62.4,Full Stack Development,58.2,Data Structures and Algorithms,54.8,dashboard|postgresql|etl|data mining|analytics
WT,2,3,Network & Wireless Systems|Cloud & Distributed Systems,Operating Systems,98.3,Digital Logic & Design,95.0,Computer Networks,92.4,Database Management Systems,91.3,Software Engineering,85.9,microcontroller|gpio|iot|sensor|wireless|arduino|esp32|sql|raspberry pi|mqtt
ML,2,4,Data Science & Analytics|Web Development,Database Management Systems,97.34596595726973,Artificial Intelligence,90.4,Automata Theory,90.1,Full Stack Development,84.9,Data Structures and Algorithms,82.80984431687375,sklearn|neural network|machine learning|pytorch|pandas|docker|tensorflow|keras|analytics|deep learning
DWM,1,3,Data Science & Analytics,Operating Systems,77.8,Cryptography & Network Security,72.3,Computer Networks,68.19209142268188,Software Engineering,67.0,Engineering Mathematics-IV,58.3,data warehouse|dashboard|tensorflow|mongodb|etl|data mining|analytics|sql|tableau
ML,2,2,Artificial Intelligence & Machine Learning|Data Science & Analytics,Microcontroller & Embedded Systems,79.7,Python,77.2,Data Structures and Algorithms,65.9,Computer Networks,61.7,Cryptography & Network Security,58.3,numpy|pytorch|tensorflow|bluetooth|deep learning|neural network|python|nlp
DWM,1,1,Data Science & Analytics,Operating Systems,92.8,Automata Theory,68.7,Java,68.2,Engineering Mathematics-III,68.0,Python,66.1,data warehouse|serverless|analytics
WT,2,3,Mobile & IoT Development|Cloud & Distributed Systems,Microcontroller & Embedded Systems,100.0,Engineering Mathematics-III,94.1,Engineering Mathematics-IV,90.8,Automata Theory,89.0,IoT,86.9,microcontroller|embedded|devops|esp32|arduino|raspberry pi|mqtt|bluetooth
ML,1,1,Data Science & Analytics,Java,63.0,Full Stack Development,62.7,Engineering Mathematics-III,62.5,Engineering Mathematics-IV,58.5,Microcontroller & Embedded Systems,58.4,neural network|regression|machine learning
DWM,2,2,Data Science & Analytics|Web Development,Java,80.2,Python,72.1,Design & Analysis of Algorithms,70.6,Artificial Intelligence,70.6,Automata Theory,70.1,data warehouse|postgresql|esp32|tableau
ML,3,2,Data Science & Analytics|Artificial Intelligence & Machine Learning|Web Development,Computer Networks,53.8,Design & Analysis of Algorithms,49.5,Database Management Systems,46.9,Artificial Intelligence,41.0,Python,36.9,sklearn|numpy|classification|pytorch|dashboard|tensorflow|deep learning|regression
CCS,3,2,Cloud & Distributed Systems|Data Science & Analytics|Artificial Intelligence & Machine Learning,Data Structures and Algorithms,62.7,Java,56.8,Computer Networks,46.9,Full Stack Development,40.0,Engineering Mathematics-III,39.2,node|kubernetes|react|sensor|azure|serverless|fullstack
WT,1,2,Network & Wireless Systems,Digital Logic & Design,59.5,Cryptography & Network Security,55.8,Computer Networks,54.0,IoT,51.5,Operating Systems,49.3,power bi|microcontroller|gpio|iot|fullstack|raspberry pi|bluetooth
CCS,1,2,Cloud & Distributed Systems,Full Stack Development,70.2,Design & Analysis of Algorithms,63.9,Digital Logic & Design,56.2,Database Management Systems,54.4,Automata Theory,53.9,node|ci/cd|embedded|azure|serverless|fullstack|cloud|terraform
WT,1,1,Mobile & IoT Development,Software Engineering,81.5,IoT,80.3,Digital Logic & Design,70.0,Engineering Mathematics-IV,65.8,Artificial Intelligence,61.1,microcontroller|embedded|mqtt
CCS,2,1,Cloud & Distributed Systems|Artificial Intelligence & Machine Learning,Java,84.9,Full Stack Development,83.9,Python,72.1,Digital Logic & Design,70.5,Engineering Mathematics-IV,70.4,node|aws|kubernetes|fullstack
ML,3,1,Data Science & Analytics|Artificial Intelligence & Machine Learning|Cloud & Distributed Systems,Operating Systems,75.6,Database Management Systems,75.4,Computer Networks,72.3,Artificial Intelligence,71.8,Engineering Mathematics-III,70.4,sklearn|neural network|classification|pytorch|python
DWM,1,3,Data Science & Analytics,Design & Analysis of Algorithms,90.8,Software Engineering,90.2,Automata Theory,87.3,Python,85.6,Artificial Intelligence,84.8,mongodb|dashboard|data warehouse|postgresql|data mining|analytics|sql|tableau
WT,2,3,Mobile & IoT Development|Network & Wireless Systems,Microcontroller & Embedded Systems,68.0,Design & Analysis of Algorithms,61.6,Cryptography & Network Security,59.2,Engineering Mathematics-III,58.3,Software Engineering,58.3,microcontroller|gpio|iot|sensor|esp32|arduino|wireless|mqtt|bluetooth
DWM,1,3,Data Science & Analytics,Computer Networks,95.70120588767595,C++,95.4,Database Management Systems,90.9,Full Stack Development,88.2464683444675,Automata Theory,86.8,power bi|mongodb|data warehouse|dashboard|postgresql|etl|data mining|sql|tableau
CCS,1,2,Web Development,Full Stack Development,98.2,Python,71.6,C++,70.8,Engineering Mathematics-III,70.2,Engineering Mathematics-IV,69.1,node|kubernetes|data warehouse|dashboard|docker|aws|devops|terraform
DWM,1,3,Data Science & Analytics,Python,82.2,Data Structures and Algorithms,69.3,Automata Theory,68.0,Design & Analysis of Algorithms,61.9,Full Stack Development,60.9,power bi|numpy|data warehouse|dashboard|mongodb|postgresql|etl|sql|analytics|tableau
DWM,1,3,Data Science & Analytics,Design & Analysis of Algorithms,79.4,Database Management Systems,76.0,Engineering Mathematics-III,75.7,Python,74.4,Data Structures and Algorithms,69.6,power bi|data warehouse|dashboard|postgresql|etl|data mining|sql
CCS,1,3,Web Development,Data Structures and Algorithms,73.53836267622115,C++,71.8,Computer Networks,65.9,Database Management Systems,64.54499822535844,Software Engineering,63.0,node|azure|aws|serverless|react|cloud|terraform
ML,3,2,Artificial Intelligence & Machine Learning|Data Science & Analytics|Web Development,Computer Networks,43.28017708641666,C++,40.6,Python,39.1,Data Structures and Algorithms,38.4,Java,35.1,sklearn|classification|dashboard|tensorflow|deep learning|regression|python|nlp
CCS,2,2,Cloud & Distributed Systems|Data Science & Analytics,Python,100.0,Artificial Intelligence,79.27249663491864,Computer Networks,75.3,Microcontroller & Embedded Systems,75.0,Data Structures and Algorithms,73.3,node|mongodb|docker|azure|serverless|react|cloud|terraform
ML,4,4,Artificial Intelligence & Machine Learning|Data Science & Analytics|Web Development|Network & Wireless Systems,Artificial Intelligence,84.7,Engineering Mathematics-III,75.6,Automata Theory,74.9,Data Structures and Algorithms,73.81123262889014,C++,73.5,sklearn|numpy|neural network|classification|machine learning|iot|keras|pytorch|python|nlp
DWM,1,4,Data Science & Analytics,Python,80.3,C++,77.9,Data Structures and Algorithms,72.7,Database Management Systems,72.3,Operating Systems,71.2,power bi|data warehouse|dashboard|mongodb|postgresql|etl|data mining|sql|analytics
DWM,2,2,Data Science & Analytics|Cloud & Distributed Systems,Automata Theory,83.9,Database Management Systems,83.7,Computer Networks,82.1,Digital Logic & Design,76.3,Operating Systems,68.6,power bi|mongodb|data warehouse|postgresql|etl|data mining|sql|deep learning|analytics|tableau
CCS,3,3,Web Development|Data Science & Analytics|Artificial Intelligence & Machine Learning,Full Stack Development,68.7,Software Engineering,65.7,Engineering Mathematics-III,55.0,Database Management Systems,51.5,C++,50.8,node|docker|azure|data mining|aws|devops|fullstack|terraform
CCS,1,1,Cloud & Distributed Systems,Computer Networks,88.5,Full Stack Development,85.9,Database Management Systems,80.3,Java,77.5,Engineering Mathematics-III,74.6,kubernetes|fullstack
DWM,1,2,Data Science & Analytics,Database Management Systems,100.0,Computer Networks,100.0,C++,100.0,Artificial Intelligence,100.0,Cryptography & Network Security,100.0,power bi|node|mongodb|dashboard|data warehouse|etl|sql|fullstack
DWM,1,3,Data Science & Analytics,Operating Systems,68.8,Computer Networks,65.7,Java,56.8,Cryptography & Network Security,54.3,Database Management Systems,50.3,mongodb|dashboard|data warehouse|postgresql|etl|data mining|analytics|terraform|tableau
DWM,2,2,Artificial Intelligence & Machine Learning|Data Science & Analytics,Software Engineering,75.6,Design & Analysis of Algorithms,67.8,Full Stack Development,64.9,Python,59.0,Database Management Systems,58.1,power bi|mongodb|dashboard|postgresql|etl|sql|tableau
WT,2,2,Mobile & IoT Development|Cloud & Distributed Systems,Microcontroller & Embedded Systems,73.5,Engineering Mathematics-IV,66.6,Engineering Mathematics-III,59.6,IoT,57.4,Computer Networks,54.9,sensor|iot|embedded|arduino|mqtt|bluetooth
WT,3,3,Network & Wireless Systems|Mobile & IoT Development|Cloud & Distributed Systems,IoT,59.7,Design & Analysis of Algorithms,52.1,Database Management Systems,30.35287500246249,Cryptography & Network Security,26.2,Data Structures and Algorithms,24.282237909117935,microcontroller|gpio|wireless|arduino|esp32|raspberry pi|bluetooth
ML,2,3,Data Science & Analytics|Artificial Intelligence & Machine Learning,Artificial Intelligence,55.9,Engineering Mathematics-III,52.4,C++,43.4,Engineering Mathematics-IV,26.7,Python,25.5,sklearn|neural network|pandas|docker|keras|deep learning|pytorch|regression|nlp
DWM,2,2,Data Science & Analytics|Web Development,Engineering Mathematics-III,94.5,Full Stack Development,82.7,Digital Logic & Design,77.7,Database Management Systems,75.8,Computer Networks,75.3,power bi|data warehouse|mongodb|postgresql|etl|data mining|analytics|sql|pytorch|tableau
CCS,2,3,Web Development|Cloud & Distributed Systems,Python,73.7,Operating Systems,71.0,Full Stack Development,66.5,Data Structures and Algorithms,65.97433747038087,Design & Analysis of Algorithms,65.5,node|kubernetes|ci/cd|mongodb|docker|devops|serverless|fullstack|cloud
DWM,1,1,Data Science & Analytics,Data Structures and Algorithms,90.2,Automata Theory,81.5,Microcontroller & Embedded Systems,76.32975342846339,Design & Analysis of Algorithms,72.4,Full Stack Development,71.5,mongodb|dashboard|data warehouse|tableau
ML,2,1,Data Science & Analytics|Network & Wireless Systems,Database Management Systems,62.1,Engineering Mathematics-III,53.6,Design & Analysis of Algorithms,51.0,Data Structures and Algorithms,50.6,Operating Systems,50.6,tensorflow|nlp
CCS,2,2,Cloud & Distributed Systems|Web Development,Computer Networks,99.0,Full Stack Development,98.8,Operating Systems,95.3,Software Engineering,94.5,Database Management Systems,93.1,node|kubernetes|ci/cd|fullstack|azure|devops|serverless|react
DWM,2,3,Data Science & Analytics|Web Development,Java,73.0,Database Management Systems,65.4,Data Structures and Algorithms,64.2,C++,58.0,Artificial Intelligence,55.9,power bi|kubernetes|mongodb|dashboard|data warehouse|postgresql|etl|data mining|tableau
WT,2,2,Cloud & Distributed Systems|Network & Wireless Systems,IoT,89.7,Design & Analysis of Algorithms,88.9,Automata Theory,87.1,Digital Logic & Design,79.1,Python,70.84866647408556,microcontroller|iot|embedded|esp32|arduino|bluetooth
ML,1,2,Artificial Intelligence & Machine Learning,Design & Analysis of Algorithms,42.6,Data Structures and Algorithms,36.1,Artificial Intelligence,35.0,Engineering Mathematics-IV,34.5,Cryptography & Network Security,30.3,sklearn|numpy|classification|machine learning|keras|esp32|deep learning|neural network|python|nlp
ML,2,2,Artificial Intelligence & Machine Learning|Data Science & Analytics,Cryptography & Network Security,86.2,Engineering Mathematics-III,84.0,Engineering Mathematics-IV,82.6,Artificial Intelligence,82.4,Database Management Systems,81.7,sklearn|numpy|machine learning|pytorch|deep learning|regression|nlp
CCS,2,1,Web Development|Cloud & Distributed Systems,Artificial Intelligence,69.4,Design & Analysis of Algorithms,65.4,Operating Systems,56.8,Engineering Mathematics-IV,54.2,Cryptography & Network Security,52.8,node|react
WT,2,1,Mobile & IoT Development|Network & Wireless Systems,C++,69.8,Cryptography & Network Security,66.7,Digital Logic & Design,59.3,IoT,55.4,Microcontroller & Embedded Systems,50.5,microcontroller|gpio|embedded|wireless|arduino|serverless|bluetooth
WT,2,2,Network & Wireless Systems|Mobile & IoT Development,Database Management Systems,43.5,Data Structures and Algorithms,33.3,Computer Networks,33.3,Digital Logic & Design,27.7,Microcontroller & Embedded Systems,23.7,microcontroller|classification|gpio|sensor|iot|embedded|wireless|arduino|deep learning
DWM,2,2,Data Science & Analytics|Web Development,Data Structures and Algorithms,97.1,Engineering Mathematics-III,96.2,Automata Theory,89.3,Design & Analysis of Algorithms,86.5,Artificial Intelligence,84.7,mongodb|dashboard|data warehouse|postgresql|etl|data mining|analytics
WT,1,1,Network & Wireless Systems,Database Management Systems,89.8,Microcontroller & Embedded Systems,86.5,Data Structures and Algorithms,79.4,Automata Theory,77.8,Computer Networks,77.01930540952173,sensor|aws|wireless|arduino|bluetooth
WT,1,2,Network & Wireless Systems,Automata Theory,71.3,Python,69.6,Data Structures and Algorithms,62.6,Cryptography & Network Security,57.7,Microcontroller & Embedded Systems,57.0,node|tableau|gpio|sensor|iot|wireless|arduino|esp32|raspberry pi|bluetooth
ML,2,2,Artificial Intelligence & Machine Learning|Data Science & Analytics,Design & Analysis of Algorithms,99.7,Java,98.4,Microcontroller & Embedded Systems,97.6,Python,91.1,Software Engineering,89.1,sklearn|machine learning|keras|deep learning|regression|python|bluetooth
WT,3,3,Mobile & IoT Development|Network & Wireless Systems|Data Science & Analytics,Operating Systems,54.8,IoT,54.3,Microcontroller & Embedded Systems,50.9,Cryptography & Network Security,46.4,Database Management Systems,44.8,microcontroller|pandas|embedded|wireless|arduino|raspberry pi|mqtt|nlp
DWM,1,2,Data Science & Analytics,Design & Analysis of Algorithms,78.0,Database Management Systems,75.6,Python,74.5,C++,74.0,Artificial Intelligence,73.6,mongodb|data warehouse|dashboard|etl|analytics|tableau
CCS,2,3,Cloud & Distributed Systems|Network & Wireless Systems,Microcontroller & Embedded Systems,86.7,Engineering Mathematics-IV,82.0,C++,77.2,Software Engineering,76.3,Data Structures and Algorithms,71.2,node|kubernetes|ci/cd|azure|analytics|react|cloud
CCS,2,2,Cloud & Distributed Systems|Network & Wireless Systems,IoT,75.7,Computer Networks,73.7,Microcontroller & Embedded Systems,71.9,Artificial Intelligence,70.4,Design & Analysis of Algorithms,68.6,node|kubernetes|ci/cd|azure|aws|devops|fullstack|cloud|terraform
CCS,3,3,Web Development|Cloud & Distributed Systems|Artificial Intelligence & Machine Learning,Java,57.4,Data Structures and Algorithms,50.5,Operating Systems,48.4,Microcontroller & Embedded Systems,38.8,Computer Networks,38.5,node|kubernetes|ci/cd|docker|serverless|react|terraform
DWM,2,4,Data Science & Analytics|Web Development,Data Structures and Algorithms,64.3,Engineering Mathematics-IV,59.6,IoT,47.5,Database Management Systems,44.3,Computer Networks,37.8,power bi|node|gpio|data warehouse|dashboard|mongodb|postgresql|etl|data mining|tableau
CCS,1,1,Cloud & Distributed Systems,Computer Networks,93.5,Database Management Systems,89.4,Microcontroller & Embedded Systems,89.4,Automata Theory,85.8,Operating Systems,83.7,node|react|docker|aws|fullstack|terraform
DWM,1,1,Data Science & Analytics,Database Management Systems,95.7,IoT,79.2,Python,78.3,Automata Theory,76.3,Computer Networks,76.1,data mining|etl|tableau
ML,2,1,Artificial Intelligence & Machine Learning|Data Science & Analytics,Java,57.3,Python,55.7,Engineering Mathematics-III,53.1,Design & Analysis of Algorithms,49.1,Database Management Systems,45.2,numpy|neural network|classification|regression|nlp
WT,2,2,Network & Wireless Systems|Mobile & IoT Development,Database Management Systems,75.3,Microcontroller & Embedded Systems,66.8,IoT,66.0,Computer Networks,59.9,C++,59.6,microcontroller|embedded|azure|esp32|arduino|wireless|mqtt|bluetooth
WT,3,1,Mobile & IoT Development|Network & Wireless Systems|Cloud & Distributed Systems,Python,47.7,Database Management Systems,46.7,Computer Networks,44.4,IoT,37.8,Artificial Intelligence,30.8,sensor|raspberry pi|microcontroller
DWM,3,3,Data Science & Analytics|Artificial Intelligence & Machine Learning|Cloud & Distributed Systems,C++,72.8,Database Management Systems,72.5,Cryptography & Network Security,65.6,Design & Analysis of Algorithms,64.1,Java,63.0,mongodb|dashboard|postgresql|etl|data mining|sql|tableau
DWM,1,2,Data Science & Analytics,Database Management Systems,100.0,Engineering Mathematics-IV,98.9,Operating Systems,92.6,IoT,92.0,Design & Analysis of Algorithms,90.7,power bi|gpio|mongodb|dashboard|data warehouse|etl|data mining|tableau
WT,3,3,Network & Wireless Systems|Mobile & IoT Development|Cloud & Distributed Systems,Digital Logic & Design,73.8,Computer Networks,61.4,Operating Systems,57.1,Full Stack Development,56.5,Microcontroller & Embedded Systems,54.9,microcontroller|iot|esp32|wireless|raspberry pi|mqtt|bluetooth
CCS,2,3,Web Development|Cloud & Distributed Systems,Data Structures and Algorithms,97.8,Operating Systems,91.8,Database Management Systems,88.3,Software Engineering,85.5,Engineering Mathematics-III,81.4,kubernetes|react|ci/cd|docker|aws|devops|serverless|fullstack|cloud|terraform
DWM,2,3,Data Science & Analytics|Web Development,Microcontroller & Embedded Systems,66.8,Database Management Systems,64.8,Artificial Intelligence,58.1,Automata Theory,57.2,C++,53.7,power bi|mongodb|dashboard|embedded|postgresql|etl|data mining|sql|tableau
ML,2,2,Data Science & Analytics|Artificial Intelligence & Machine Learning,Artificial Intelligence,89.0,Design & Analysis of Algorithms,82.3,C++,81.1,Cryptography & Network Security,77.4,Python,76.1,sklearn|numpy|classification|pytorch|tensorflow|neural network|regression
DWM,1,2,Data Science & Analytics,Java,55.5,Data Structures and Algorithms,36.3,Software Engineering,31.8,Engineering Mathematics-IV,29.7,Full Stack Development,28.2,power bi|data warehouse|dashboard|postgresql|etl|sql|analytics|tableau
ML,2,4,Artificial Intelligence & Machine Learning|Data Science & Analytics,Design & Analysis of Algorithms,63.7,Python,63.5,Digital Logic & Design,62.3,Software Engineering,56.7,Cryptography & Network Security,54.2,sklearn|numpy|classification|microcontroller|pytorch|pandas|tensorflow|keras|deep learning|neural network
CCS,2,3,Cloud & Distributed Systems|Web Development,Computer Networks,93.7,Software Engineering,62.3,Digital Logic & Design,62.2,Engineering Mathematics-IV,61.9,IoT,59.4,node|sensor|docker|deep learning|fullstack|azure|devops|serverless|react|terraform
WT,3,4,Network & Wireless Systems|Mobile & IoT Development|Cloud & Distributed Systems,IoT,73.6,Computer Networks,67.7,Microcontroller & Embedded Systems,67.6,Operating Systems,63.9,Cryptography & Network Security,57.7,microcontroller|gpio|sensor|embedded|wireless|arduino|mqtt|bluetooth
CCS,3,1,Cloud & Distributed Systems|Web Development|Artificial Intelligence & Machine Learning,Database Management Systems,84.9,Java,83.2,Software Engineering,81.9,Artificial Intelligence,71.6,Full Stack Development,68.4,azure|kubernetes|devops|ci/cd
WT,2,2,Mobile & IoT Development|Cloud & Distributed Systems,IoT,39.9,Engineering Mathematics-III,37.4,Operating Systems,30.8,Data Structures and Algorithms,24.1,Python,21.0,microcontroller|gpio|sensor|iot|arduino|raspberry pi|mqtt
CCS,2,2,Cloud & Distributed Systems|Web Development,Full Stack Development,97.5,Database Management Systems,93.5,Software Engineering,92.2,Operating Systems,87.7,Computer Networks,86.4,ci/cd|docker|fullstack|azure|devops|serverless|react|terraform
CCS,2,2,Cloud & Distributed Systems|Web Development,Computer Networks,74.24387433181369,Microcontroller & Embedded Systems,66.70653402682478,Database Management Systems,65.6,Python,55.2,C++,50.8,kubernetes|microcontroller|ci/cd|docker|azure|devops|serverless|fullstack|cloud|terraform
DWM,3,2,Data Science & Analytics|Artificial Intelligence & Machine Learning|Cloud & Distributed Systems,Design & Analysis of Algorithms,67.8,Computer Networks,65.6174599617987,Python,65.5,Engineering Mathematics-III,65.4,Automata Theory,65.2,power bi|mongodb|data warehouse|dashboard|etl|data mining|analytics|arduino|cloud|tableau
CCS,2,2,Web Development|Cloud & Distributed Systems,Full Stack Development,42.0,Software Engineering,34.5,Engineering Mathematics-III,30.5,Computer Networks,25.5,Artificial Intelligence,17.5,node|kubernetes|docker|devops|serverless|fullstack|cloud|terraform
WT,3,1,Network & Wireless Systems|Mobile & IoT Development|Cloud & Distributed Systems,Java,78.8,Digital Logic & Design,76.2,IoT,73.5,Engineering Mathematics-III,73.3,Microcontroller & Embedded Systems,69.6,raspberry pi|embedded|esp32|mqtt
DWM,2,1,Data Science & Analytics|Web Development,Java,35.2,Engineering Mathematics-IV,30.8,Computer Networks,29.1,Design & Analysis of Algorithms,24.5,Software Engineering,17.9,data mining|postgresql|mongodb
WT,1,1,Mobile & IoT Development,Microcontroller & Embedded Systems,77.2,IoT,74.6,Engineering Mathematics-III,61.9,Full Stack Development,59.9,Python,58.3,sensor|microcontroller|iot
ML,3,4,Artificial Intelligence & Machine Learning|Data Science & Analytics|Network & Wireless Systems,Artificial Intelligence,83.4,C++,81.8,Data Structures and Algorithms,75.79473203956911,Design & Analysis of Algorithms,73.8,Microcontroller & Embedded Systems,73.7,sklearn|numpy|neural network|machine learning|tensorflow|pandas|keras|data mining|analytics|pytorch
DWM,1,2,Data Science & Analytics,Design & Analysis of Algorithms,58.9,Engineering Mathematics-III,47.0,Artificial Intelligence,45.8,Automata Theory,45.7,Full Stack Development,43.2,data warehouse|dashboard|sql
DWM,1,1,Data Science & Analytics,Java,86.9,Python,83.9,Computer Networks,79.8,Engineering Mathematics-IV,79.1,Digital Logic & Design,79.0,power bi|data warehouse|etl|data mining|wireless|analytics|tableau
CCS,1,2,Web Development,Digital Logic & Design,67.5,Cryptography & Network Security,64.1,Computer Networks,62.6,Full Stack Development,62.6,Software Engineering,59.9,kubernetes|data warehouse|docker|aws|fullstack|terraform
DWM,1,1,Data Science & Analytics,IoT,72.3,Software Engineering,70.0,Engineering Mathematics-IV,69.4,Database Management Systems,67.9,Data Structures and Algorithms,63.2,mongodb|analytics|data warehouse
WT,3,1,Mobile & IoT Development|Network & Wireless Systems|Cloud & Distributed Systems,IoT,78.9,Computer Networks,73.0,Digital Logic & Design,68.9,Operating Systems,63.2,Full Stack Development,63.2,microcontroller|sensor|iot|embedded|wireless|mqtt
DWM,1,2,Data Science & Analytics,Engineering Mathematics-III,100.0,Data Structures and Algorithms,100.0,Python,100.0,C++,100.0,Artificial Intelligence,100.0,data warehouse|dashboard|mongodb|etl|data mining|terraform|tableau
DWM,2,2,Data Science & Analytics|Web Development,Database Management Systems,100.0,Engineering Mathematics-III,84.5,Software Engineering,83.6,Computer Networks,81.7782914345087,IoT,81.7,power bi|data warehouse|dashboard|data mining|tableau
WT,1,3,Network & Wireless Systems,Microcontroller & Embedded Systems,75.4,Engineering Mathematics-IV,72.9,IoT,65.2,C++,60.2,Computer Networks,59.8,iot|mongodb|embedded|esp32|arduino|wireless|raspberry pi|mqtt|bluetooth
WT,2,1,Network & Wireless Systems|Cloud & Distributed Systems,IoT,95.3,Python,86.53235468053418,Operating Systems,83.5,Software Engineering,81.7,Microcontroller & Embedded Systems,80.3,iot|gpio
CCS,1,1,Web Development,Data Structures and Algorithms,73.6,Artificial Intelligence,61.8,Engineering Mathematics-IV,59.6,Computer Networks,59.2,Digital Logic & Design,56.4,dashboard|ci/cd|terraform|react
WT,3,1,Mobile & IoT Development|Network & Wireless Systems|Cloud & Distributed Systems,C++,64.7,Artificial Intelligence,59.6,Design & Analysis of Algorithms,58.9,Operating Systems,56.0,Digital Logic & Design,55.2,power bi|raspberry pi|bluetooth
WT,3,3,Network & Wireless Systems|Mobile & IoT Development|Cloud & Distributed Systems,Computer Networks,98.65929322061407,IoT,95.1,Full Stack Development,86.1218750812658,Microcontroller & Embedded Systems,85.7,Design & Analysis of Algorithms,83.4,microcontroller|gpio|mongodb|embedded|esp32|wireless|arduino|bluetooth
ML,3,3,Artificial Intelligence & Machine Learning|Data Science & Analytics|Web Development,Data Structures and Algorithms,78.4,Engineering Mathematics-III,66.9,Database Management Systems,63.6,Software Engineering,60.1,Operating Systems,55.9,sklearn|numpy|machine learning|pandas|tensorflow|aws|deep learning|pytorch|cloud|regression
DWM,2,3,Data Science & Analytics|Cloud & Distributed Systems,Artificial Intelligence,84.8,Database Management Systems,69.8,Design & Analysis of Algorithms,65.3,Java,64.5,Python,62.5,power bi|data warehouse|mongodb|postgresql|etl|data mining|analytics|sql|tableau
WT,2,3,Network & Wireless Systems|Mobile & IoT Development,Microcontroller & Embedded Systems,61.8,Automata Theory,58.8,Java,54.2,Digital Logic & Design,53.9,Computer Networks,51.2,microcontroller|gpio|sensor|iot|embedded|esp32|arduino|wireless|raspberry pi|mqtt
ML,1,1,Data Science & Analytics,Automata Theory,61.9,Artificial Intelligence,55.8,Operating Systems,50.0,C++,48.2,Engineering Mathematics-III,48.0,sklearn|numpy|pandas|deep learning|pytorch|python
DWM,1,2,Data Science & Analytics,Artificial Intelligence,82.7,Design & Analysis of Algorithms,80.2,Database Management Systems,74.2,Python,71.9,Data Structures and Algorithms,66.9,power bi|data warehouse|dashboard|etl|data mining|analytics|deep learning|tableau
ML,1,1,Artificial Intelligence & Machine Learning,Design & Analysis of Algorithms,55.9,Full Stack Development,48.7,Computer Networks,48.2,Data Structures and Algorithms,47.1,Operating Systems,46.7,classification|aws|deep learning|pytorch|nlp
DWM,2,2,Data Science & Analytics|Web Development,Operating Systems,100.0,Artificial Intelligence,92.8,Data Structures and Algorithms,90.2,C++,85.9,Engineering Mathematics-III,82.9,data warehouse|mongodb|postgresql|analytics|tableau
CCS,2,2,Cloud & Distributed Systems|Network & Wireless Systems,Computer Networks,100.0,C++,100.0,Data Structures and Algorithms,92.2,Digital Logic & Design,90.0,Operating Systems,87.4,node|kubernetes|ci/cd|fullstack
CCS,1,3,Web Development,Software Engineering,82.2,Operating Systems,82.0,Full Stack Development,80.1,Database Management Systems,78.2,Design & Analysis of Algorithms,78.1,node|kubernetes|react|azure|aws|devops|fullstack|cloud|terraform
DWM,1,0,Data Science & Analytics,Python,80.9,Automata Theory,77.3,Database Management Systems,75.5,C++,74.1,Design & Analysis of Algorithms,72.9,
CCS,2,4,Web Development|Cloud & Distributed Systems,Engineering Mathematics-IV,91.6,C++,86.8,Python,85.7,Computer Networks,85.6,Operating Systems,84.7,tensorflow|embedded|fullstack|aws|devops|serverless|react|terraform
ML,3,2,Data Science & Analytics|Artificial Intelligence & Machine Learning|Web Development,Full Stack Development,81.69553373286398,Artificial Intelligence,78.5,Automata Theory,69.1,Software Engineering,66.5,Python,66.2,classification|mongodb|pytorch|tensorflow|neural network|python
DWM,3,2,Data Science & Analytics|Web Development|Cloud & Distributed Systems,Artificial Intelligence,87.5,IoT,87.3,Automata Theory,86.5,Engineering Mathematics-IV,84.1,Full Stack Development,82.1,tableau|dashboard|postgresql|analytics|sql|bluetooth
ML,2,2,Artificial Intelligence & Machine Learning|Web Development,Design & Analysis of Algorithms,71.9,Software Engineering,71.1,Artificial Intelligence,70.4,Full Stack Development,59.8,Database Management Systems,56.7,sklearn|numpy|classification|machine learning|tensorflow|azure|deep learning|neural network|regression|nlp
DWM,2,1,Data Science & Analytics|Artificial Intelligence & Machine Learning,Full Stack Development,72.16475820986572,Data Structures and Algorithms,69.3,Database Management Systems,62.9,Automata Theory,60.4,Design & Analysis of Algorithms,58.8,mongodb|microcontroller|sql
WT,1,1,Mobile & IoT Development,Computer Networks,71.0,Data Structures and Algorithms,69.6437754126903,Database Management Systems,68.75381395713036,Design & Analysis of Algorithms,66.2,Digital Logic & Design,64.8,sensor|iot|embedded|esp32|raspberry pi|mqtt|python
ML,2,4,Data Science & Analytics|Artificial Intelligence & Machine Learning,Engineering Mathematics-IV,85.5,Python,72.4,Operating Systems,71.0,Artificial Intelligence,69.8,Engineering Mathematics-III,64.9,sklearn|numpy|classification|tableau|pytorch|tensorflow|pandas|keras|deep learning|regression
ML,3,3,Data Science & Analytics|Artificial Intelligence & Machine Learning|Web Development,Engineering Mathematics-III,87.3,Automata Theory,83.6,Engineering Mathematics-IV,80.0,Database Management Systems,78.7,Data Structures and Algorithms,77.1,sklearn|numpy|classification|neural network|machine learning|keras|pytorch|regression|python
ML,1,4,Artificial Intelligence & Machine Learning,Operating Systems,68.2,Engineering Mathematics-III,52.9,Engineering Mathematics-IV,45.6,Artificial Intelligence,45.1,Data Structures and Algorithms,43.7,numpy|classification|neural network|pytorch|pandas|keras|deep learning|regression|python
CCS,2,2,Web Development|Cloud & Distributed Systems,Software Engineering,71.1,Full Stack Development,54.3,Computer Networks,54.1,Automata Theory,52.0,Java,51.0,node|devops|serverless
DWM,1,1,Data Science & Analytics,Digital Logic & Design,53.3,Software Engineering,51.1,Database Management Systems,45.3,Python,44.0,Cryptography & Network Security,39.2,mongodb|dashboard|data warehouse|data mining|sql
CCS,2,1,Web Development|Cloud & Distributed Systems,Data Structures and Algorithms,100.0,Computer Networks,100.0,Automata Theory,100.0,Full Stack Development,100.0,Cryptography & Network Security,94.0,cloud|aws|terraform
ML,4,4,Data Science & Analytics|Artificial Intelligence & Machine Learning|Web Development|Network & Wireless Systems,Automata Theory,71.0,Computer Networks,70.9,Engineering Mathematics-IV,59.5,Data Structures and Algorithms,54.7,Software Engineering,51.6,sklearn|numpy|classification|pytorch|dashboard|pandas|tensorflow|keras|deep learning|regression
ML,3,3,Data Science & Analytics|Artificial Intelligence & Machine Learning|Web Development,Python,70.6,Operating Systems,65.8,Digital Logic & Design,65.3,Artificial Intelligence,64.4,Automata Theory,64.2,sklearn|classification|gpio|machine learning|pytorch|pandas|embedded|docker|keras|deep learning
ML,2,4,Artificial Intelligence & Machine Learning|Web Development,Operating Systems,87.8,Engineering Mathematics-IV,71.4,Python,69.8,Data Structures and Algorithms,68.6,Computer Networks,66.89572192156912,sklearn|numpy|machine learning|tensorflow|pandas|keras|analytics|deep learning|regression|python
WT,2,3,Network & Wireless Systems|Mobile & IoT Development,Software Engineering,93.5,IoT,83.9,Database Management Systems,82.3372008982161,Engineering Mathematics-IV,77.3,Java,76.5,sklearn|sensor|iot|keras|arduino|neural network|raspberry pi|mqtt|bluetooth
CCS,2,3,Web Development|Cloud & Distributed Systems,Computer Networks,75.2,Operating Systems,64.0,Database Management Systems,63.8,Full Stack Development,55.2,Software Engineering,53.8,node|ci/cd|docker|azure|serverless|fullstack|cloud|terraform
DWM,1,2,Data Science & Analytics,Engineering Mathematics-IV,90.0,Full Stack Development,87.9,C++,86.8,Data Structures and Algorithms,86.0,Python,83.0,power bi|data warehouse|dashboard|postgresql|analytics
CCS,2,2,Cloud & Distributed Systems|Web Development,Full Stack Development,73.6,Engineering Mathematics-III,68.9,Software Engineering,68.6,Automata Theory,60.1,Cryptography & Network Security,56.6,kubernetes|ci/cd|azure|aws|devops|serverless|react|cloud|bluetooth
ML,1,2,Data Science & Analytics,Python,83.7,Artificial Intelligence,75.2,Java,72.3,Data Structures and Algorithms,71.3,Engineering Mathematics-IV,62.3,sklearn|numpy|neural network|classification|pytorch|deep learning|regression|python|nlp
WT,4,2,Mobile & IoT Development|Network & Wireless Systems|Cloud & Distributed Systems|Data Science & Analytics,Artificial Intelligence,61.0,Software Engineering,58.4,Engineering Mathematics-IV,54.8,Cryptography & Network Security,53.5,IoT,51.8,sensor|esp32|wireless|arduino|analytics|raspberry pi|mqtt|bluetooth
WT,2,3,Network & Wireless Systems|Cloud & Distributed Systems,Microcontroller & Embedded Systems,97.6,Data Structures and Algorithms,95.0,Operating Systems,94.2,Computer Networks,94.1,Digital Logic & Design,91.9,microcontroller|sensor|iot|tensorflow|embedded|wireless|arduino|esp32|raspberry pi
ML,4,3,Data Science & Analytics|Artificial Intelligence & Machine Learning|Web Development|Network & Wireless Systems,Design & Analysis of Algorithms,66.0,C++,62.4,Full Stack Development,59.6,Python,59.2,Automata Theory,53.1,microcontroller|numpy|classification|machine learning|tensorflow|pandas|esp32|deep learning|neural network|python
WT,3,1,Data Science & Analytics|Network & Wireless Systems|Mobile & IoT Development,Computer Networks,81.8,Engineering Mathematics-III,78.3,Data Structures and Algorithms,70.3,Operating Systems,70.2,Software Engineering,66.3,microcontroller|esp32|wireless|raspberry pi|mqtt
CCS,1,4,Cloud & Distributed Systems,Cryptography & Network Security,80.3,Digital Logic & Design,77.2,Software Engineering,71.2,Database Management Systems,70.5,Automata Theory,69.9,node|kubernetes|machine learning|docker|azure|aws|react|cloud|mqtt|terraform
DWM,2,1,Data Science & Analytics|Artificial Intelligence & Machine Learning,C++,83.9,Database Management Systems,77.8,Engineering Mathematics-IV,77.7,Full Stack Development,77.2,Computer Networks,76.0,power bi|mongodb|analytics|etl
CCS,1,1,Web Development,C++,45.3,IoT,43.1,Microcontroller & Embedded Systems,39.8,Computer Networks,39.5,Engineering Mathematics-III,37.0,kubernetes|serverless|analytics|react
ML,1,2,Data Science & Analytics,Engineering Mathematics-IV,100.0,Microcontroller & Embedded Systems,97.49673132302507,Artificial Intelligence,97.1,Engineering Mathematics-III,96.5,Automata Theory,91.3,classification|neural network|tensorflow|pandas|keras|deep learning|pytorch|regression|nlp
WT,1,1,Mobile & IoT Development,Cryptography & Network Security,67.4,Database Management Systems,56.9,Java,54.1,Digital Logic & Design,50.2,IoT,50.2,iot|esp32
ML,3,2,Artificial Intelligence & Machine Learning|Data Science & Analytics|Web Development,Engineering Mathematics-III,100.0,Data Structures and Algorithms,88.1,Design & Analysis of Algorithms,86.8,IoT,84.3,Automata Theory,79.8,sklearn|neural network|classification|machine learning|tensorflow|pandas|pytorch|nlp
ML,3,2,Artificial Intelligence & Machine Learning|Data Science & Analytics|Web Development,C++,68.3,Automata Theory,61.8,Engineering Mathematics-IV,55.1,Design & Analysis of Algorithms,51.8,Computer Networks,51.6,sklearn|numpy|classification|machine learning|dashboard|tensorflow|keras|neural network|regression|python
ML,3,2,Artificial Intelligence & Machine Learning|Data Science & Analytics|Web Development,Data Structures and Algorithms,75.34365839845077,Automata Theory,68.6,IoT,66.0,Computer Networks,62.0,Design & Analysis of Algorithms,56.2,sklearn|numpy|classification|neural network|pandas|tensorflow|embedded|keras|regression|python
DWM,2,2,Data Science & Analytics|Cloud & Distributed Systems,Computer Networks,79.5141253723283,Artificial Intelligence,59.3,Full Stack Development,56.76981879752392,Engineering Mathematics-IV,54.8,Python,54.0,power bi|mongodb|dashboard|postgresql|data mining|sql|analytics|tableau
CCS,1,2,Web Development,Software Engineering,62.6,Operating Systems,52.2,C++,50.4,Data Structures and Algorithms,48.8,Full Stack Development,48.4,ci/cd|docker|aws|devops|serverless|terraform
CCS,2,2,Web Development|Cloud & Distributed Systems,Operating Systems,60.1,Full Stack Development,55.0,Database Management Systems,40.9,Software Engineering,34.5,Computer Networks,32.3,numpy|ci/cd|docker|azure|aws|serverless|fullstack|cloud|terraform
WT,4,1,Data Science & Analytics|Cloud & Distributed Systems|Network & Wireless Systems|Mobile & IoT Development,Full Stack Development,75.1,Data Structures and Algorithms,66.4232247085811,Design & Analysis of Algorithms,59.8,Database Management Systems,58.54692267232376,Automata Theory,56.0,gpio|iot|tensorflow|wireless|mqtt|bluetooth
ML,3,3,Data Science & Analytics|Artificial Intelligence & Machine Learning|Network & Wireless Systems,Artificial Intelligence,87.9,Computer Networks,78.9,Software Engineering,76.3,IoT,76.0,Engineering Mathematics-III,72.2,sklearn|classification|machine learning|keras|azure|deep learning|pytorch|python|nlp
DWM,2,2,Data Science & Analytics|Cloud & Distributed Systems,C++,95.3,Engineering Mathematics-IV,91.3,Automata Theory,90.9,Computer Networks,84.3,IoT,81.2,power bi|mongodb|dashboard|data warehouse|embedded|etl|sql|tableau
CCS,1,1,Cloud & Distributed Systems,Computer Networks,87.55381994345858,Data Structures and Algorithms,74.1,Software Engineering,71.4,Full Stack Development,65.5,Digital Logic & Design,62.2,node|ci/cd|data mining|serverless|terraform
CCS,1,3,Cloud & Distributed Systems,Cryptography & Network Security,83.4,Database Management Systems,77.0,Data Structures and Algorithms,74.4,Full Stack Development,71.4,C++,70.2,node|ci/cd|etl|azure|aws|devops|serverless|fullstack|cloud|terraform
WT,2,0,Mobile & IoT Development|Network & Wireless Systems,Data Structures and Algorithms,100.0,Digital Logic & Design,100.0,Computer Networks,100.0,C++,100.0,Design & Analysis of Algorithms,100.0,
ML,2,3,Data Science & Analytics|Web Development,Artificial Intelligence,41.8,Computer Networks,33.4,Engineering Mathematics-III,24.1,Data Structures and Algorithms,23.0,Python,17.7,numpy|classification|tensorflow|pandas|keras|deep learning|pytorch|regression|python
WT,3,3,Network & Wireless Systems|Mobile & IoT Development|Cloud & Distributed Systems,Computer Networks,86.8,Microcontroller & Embedded Systems,82.5,IoT,80.6,Cryptography & Network Security,75.2,Full Stack Development,73.3,gpio|iot|sensor|embedded|esp32|arduino|react|raspberry pi|mqtt|bluetooth
CCS,2,1,Cloud & Distributed Systems|Network & Wireless Systems,Database Management Systems,67.43714582895515,Engineering Mathematics-III,59.5,Java,54.0,Software Engineering,53.9,Data Structures and Algorithms,51.84035055849315,node|ci/cd|docker|azure|aws|serverless
DWM,2,1,Data Science & Analytics|Artificial Intelligence & Machine Learning,Cryptography & Network Security,77.7,Computer Networks,76.61258212342891,Data Structures and Algorithms,75.5,Java,74.6,Automata Theory,72.8,data warehouse|analytics|tableau
CCS,2,2,Web Development|Cloud & Distributed Systems,Design & Analysis of Algorithms,54.2,Operating Systems,43.9,Cryptography & Network Security,42.7,Artificial Intelligence,41.6,Python,39.2,node|kubernetes|azure|aws|serverless|react|cloud|terraform
WT,2,2,Network & Wireless Systems|Mobile & IoT Development,Digital Logic & Design,64.0,Data Structures and Algorithms,60.2,Microcontroller & Embedded Systems,55.4,IoT,53.2,Engineering Mathematics-IV,51.4,microcontroller|gpio|sensor|iot|wireless|esp32|raspberry pi|mqtt|bluetooth
ML,2,3,Data Science & Analytics|Web Development,Digital Logic & Design,77.2,Java,69.0,Full Stack Development,67.9,Artificial Intelligence,67.7,Cryptography & Network Security,67.0,sklearn|numpy|classification|machine learning|pytorch|pandas|tensorflow|keras|deep learning|regression
WT,2,2,Mobile & IoT Development|Network & Wireless Systems,Java,83.0,Engineering Mathematics-III,79.2,IoT,73.3,Database Management Systems,69.7,Engineering Mathematics-IV,69.5,microcontroller|gpio|iot|embedded|esp32|arduino|mqtt
WT,1,4,Mobile & IoT Development,Cryptography & Network Security,68.7,Database Management Systems,62.9,Design & Analysis of Algorithms,50.5,Software Engineering,43.4,Computer Networks,41.8,microcontroller|gpio|sensor|embedded|esp32|arduino|wireless|raspberry pi|mqtt|bluetooth
ML,2,3,Data Science & Analytics|Network & Wireless Systems,Automata Theory,57.8,Data Structures and Algorithms,55.92553193641099,Artificial Intelligence,51.1,Python,46.9,Java,46.3,numpy|classification|machine learning|pandas|tensorflow|keras|deep learning|regression|nlp
WT,4,2,Data Science & Analytics|Cloud & Distributed Systems|Network & Wireless Systems|Mobile & IoT Development,Data Structures and Algorithms,61.0,Java,60.9,Artificial Intelligence,55.0,Digital Logic & Design,54.3,Engineering Mathematics-IV,51.2,sklearn|microcontroller|iot|sensor|wireless|arduino|mqtt|bluetooth
WT,2,1,Network & Wireless Systems|Mobile & IoT Development,Engineering Mathematics-IV,95.1,Computer Networks,93.0,Microcontroller & Embedded Systems,80.6,Database Management Systems,75.5,Java,68.1,microcontroller|gpio|esp32|wireless|mqtt
CCS,2,1,Web Development|Network & Wireless Systems,Engineering Mathematics-III,80.2,Cryptography & Network Security,78.0,Full Stack Development,76.6,C++,75.0,Python,74.9,fullstack|azure|aws|devops|serverless|react
CCS,1,0,Cloud & Distributed Systems,Python,84.92023570681732,Full Stack Development,79.4,Computer Networks,72.5,Microcontroller & Embedded Systems,72.3,Software Engineering,69.5,
ML,2,3,Artificial Intelligence & Machine Learning|Data Science & Analytics,Database Management Systems,56.76368840535855,Computer Networks,44.1,Data Structures and Algorithms,41.85833205311437,Full Stack Development,39.6,C++,36.7,sklearn|power bi|machine learning|tensorflow|deep learning|pytorch|regression|nlp
DWM,1,3,Data Science & Analytics,Database Management Systems,41.4,Java,40.7,Engineering Mathematics-IV,36.4,Full Stack Development,30.641178071531613,Computer Networks,30.289845088733728,power bi|data warehouse|dashboard|iot|postgresql|etl|analytics|sql|mqtt
WT,4,1,Data Science & Analytics|Cloud & Distributed Systems|Network & Wireless Systems|Mobile & IoT Development,IoT,63.6,Operating Systems,58.5,Computer Networks,58.3,Microcontroller & Embedded Systems,58.0,Data Structures and Algorithms,55.7,microcontroller|embedded|esp32|arduino|raspberry pi|mqtt
DWM,2,1,Data Science & Analytics|Web Development,Database Management Systems,88.1,Computer Networks,67.9,Automata Theory,66.8,Python,56.2,Java,55.3,mongodb|dashboard|data mining|sql|tableau
ML,3,2,Data Science & Analytics|Artificial Intelligence & Machine Learning|Cloud & Distributed Systems,Artificial Intelligence,93.1,Data Structures and Algorithms,91.3,C++,90.9,Cryptography & Network Security,89.4,Engineering Mathematics-III,89.3,numpy|machine learning|keras|pytorch|nlp
CCS,2,4,Web Development|Cloud & Distributed Systems,Computer Networks,73.8,Engineering Mathematics-III,65.4,Java,64.6,Automata Theory,63.9,Data Structures and Algorithms,59.6,node|ci/cd|docker|postgresql|fullstack|azure|devops|react|cloud|terraform
CCS,4,2,Web Development|Cloud & Distributed Systems|Network & Wireless Systems|Artificial Intelligence & Machine Learning,Full Stack Development,51.8,Python,49.12233691732376,Engineering Mathematics-III,47.0,Computer Networks,47.0,C++,45.9,node|ci/cd|docker|fullstack|azure|devops|serverless|react|terraform
DWM,2,3,Data Science & Analytics|Web Development,Database Management Systems,81.5,Digital Logic & Design,64.7,Computer Networks,59.8,Data Structures and Algorithms,59.5,Microcontroller & Embedded Systems,58.9,power bi|iot|dashboard|mongodb|data warehouse|postgresql|etl|data mining|analytics|sql
WT,1,2,Network & Wireless Systems,Microcontroller & Embedded Systems,79.9,Cryptography & Network Security,78.8,Database Management Systems,78.20392576065863,Operating Systems,74.8,Data Structures and Algorithms,72.57375020340034,microcontroller|gpio|embedded|esp32|raspberry pi|mqtt
ML,1,3,Data Science & Analytics,Data Structures and Algorithms,61.9,IoT,53.6,Engineering Mathematics-III,52.1,C++,51.6,Cryptography & Network Security,48.5,power bi|numpy|classification|machine learning|tensorflow|pandas|keras|neural network|python|nlp
ML,2,1,Data Science & Analytics|Artificial Intelligence & Machine Learning,Computer Networks,90.5681640918456,Operating Systems,78.6,Data Structures and Algorithms,76.8,Microcontroller & Embedded Systems,75.3704615319735,Artificial Intelligence,75.1,pytorch|neural network|devops|nlp
CCS,2,2,Web Development|Network & Wireless Systems,Computer Networks,80.2,Full Stack Development,75.8,Operating Systems,70.6,Design & Analysis of Algorithms,65.0,Data Structures and Algorithms,64.9,node|ci/cd|aws|devops|serverless|fullstack|cloud|terraform
DWM,2,3,Data Science & Analytics|Artificial Intelligence & Machine Learning,Full Stack Development,46.6,Database Management Systems,33.2,Data Structures and Algorithms,32.5,Microcontroller & Embedded Systems,26.4,Automata Theory,26.1,mongodb|dashboard|data warehouse|postgresql|etl|data mining|serverless|analytics|tableau
CCS,3,3,Cloud & Distributed Systems|Web Development|Data Science & Analytics,Full Stack Development,62.2,Design & Analysis of Algorithms,41.1,Software Engineering,31.9,Data Structures and Algorithms,26.0,Operating Systems,22.4,node|kubernetes|ci/cd|azure|aws|devops|serverless|fullstack|cloud|terraform
WT,2,4,Network & Wireless Systems|Mobile & IoT Development,Automata Theory,64.8,Engineering Mathematics-III,63.2,Computer Networks,61.7,IoT,60.9,Engineering Mathematics-IV,60.6,microcontroller|numpy|gpio|iot|sensor|embedded|aws|esp32|arduino|raspberry pi
DWM,2,1,Data Science & Analytics|Web Development,Data Structures and Algorithms,63.3,Operating Systems,58.6,Database Management Systems,56.1,Engineering Mathematics-III,55.0,Python,53.1,data warehouse|sql|mongodb|analytics
WT,2,3,Mobile & IoT Development|Network & Wireless Systems,Engineering Mathematics-IV,74.6,Design & Analysis of Algorithms,72.1,IoT,71.8,Operating Systems,71.5,Computer Networks,71.3,microcontroller|gpio|sensor|postgresql|esp32|wireless|raspberry pi|mqtt|bluetooth
DWM,1,2,Data Science & Analytics,C++,59.1,Data Structures and Algorithms,56.4,Digital Logic & Design,52.2,Automata Theory,51.4,Database Management Systems,47.0,power bi|data warehouse|dashboard|mongodb|etl|data mining
WT,3,2,Mobile & IoT Development|Network & Wireless Systems|Cloud & Distributed Systems,Digital Logic & Design,81.3,Artificial Intelligence,76.68844933518113,Microcontroller & Embedded Systems,73.5,Computer Networks,73.3,Data Structures and Algorithms,63.6,microcontroller|iot|sensor|embedded|wireless|arduino|esp32|raspberry pi|mqtt
ML,2,2,Artificial Intelligence & Machine Learning|Data Science & Analytics,Artificial Intelligence,78.9,Operating Systems,76.5,Software Engineering,75.5,Python,74.2,C++,70.4,sklearn|neural network|classification|machine learning|pandas|tensorflow|regression|python
ML,2,4,Data Science & Analytics|Artificial Intelligence & Machine Learning,Full Stack Development,57.6,Database Management Systems,54.5,C++,47.0,Python,45.6,Microcontroller & Embedded Systems,34.3,sklearn|neural network|machine learning|pandas|tensorflow|keras|deep learning|pytorch|cloud|regression
CCS,3,1,Web Development|Cloud & Distributed Systems|Network & Wireless Systems,Design & Analysis of Algorithms,69.5,C++,68.1,IoT,67.8,Python,63.6,Operating Systems,59.0,kubernetes|serverless|terraform|fullstack
ML,1,1,Artificial Intelligence & Machine Learning,Design & Analysis of Algorithms,67.8,Automata Theory,60.9,Artificial Intelligence,52.1,Data Structures and Algorithms,50.6,Computer Networks,48.3,data mining|numpy|python|deep learning
DWM,1,3,Data Science & Analytics,Database Management Systems,52.3,Automata Theory,52.0,Data Structures and Algorithms,49.2,Software Engineering,42.7,Cryptography & Network Security,39.8,power bi|gpio|mongodb|data warehouse|dashboard|postgresql|etl|data mining|analytics|tableau
DWM,2,3,Data Science & Analytics|Artificial Intelligence & Machine Learning,Design & Analysis of Algorithms,80.7,IoT,80.6,Database Management Systems,66.4,Operating Systems,66.4,Full Stack Development,64.4,power bi|data warehouse|dashboard|etl|data mining|tableau
CCS,2,2,Cloud & Distributed Systems|Network & Wireless Systems,Python,51.6,Design & Analysis of Algorithms,51.3,Automata Theory,51.1,Operating Systems,48.5,Computer Networks,40.2,kubernetes|ci/cd|keras|aws|react
ML,3,2,Data Science & Analytics|Artificial Intelligence & Machine Learning|Cloud & Distributed Systems,Computer Networks,76.37585741538575,Artificial Intelligence,70.2,Microcontroller & Embedded Systems,68.00884912494307,Digital Logic & Design,62.9,Software Engineering,57.4,pytorch|tensorflow|analytics|neural network|regression|python
ML,4,1,Artificial Intelligence & Machine Learning|Data Science & Analytics|Cloud & Distributed Systems|Network & Wireless Systems,Java,81.6,Artificial Intelligence,69.8,Automata Theory,68.0,Software Engineering,61.3,Computer Networks,58.8,sklearn|tensorflow|keras|analytics|regression
WT,3,1,Mobile & IoT Development|Network & Wireless Systems|Cloud & Distributed Systems,Design & Analysis of Algorithms,97.4,Digital Logic & Design,96.1,Computer Networks,95.3,IoT,94.6,Microcontroller & Embedded Systems,87.0,raspberry pi|microcontroller|mqtt|arduino
WT,1,3,Mobile & IoT Development,IoT,68.6,Operating Systems,61.3,Computer Networks,58.0,C++,54.0,Engineering Mathematics-III,48.1,microcontroller|gpio|sensor|iot|embedded|esp32|wireless|raspberry pi|bluetooth
WT,3,2,Mobile & IoT Development|Network & Wireless Systems|Cloud & Distributed Systems,Data Structures and Algorithms,56.6,Digital Logic & Design,44.1,Artificial Intelligence,41.203300113228124,Microcontroller & Embedded Systems,35.4,Design & Analysis of Algorithms,34.4,microcontroller|gpio|embedded|esp32|arduino|wireless|raspberry pi
CCS,2,2,Cloud & Distributed Systems|Web Development,Python,62.6,Operating Systems,58.0,Database Management Systems,54.4,Automata Theory,52.7,C++,51.2,sklearn|kubernetes|ci/cd|fullstack|react|regression
ML,2,3,Data Science & Analytics|Cloud & Distributed Systems,Artificial Intelligence,69.0,Database Management Systems,68.4,Data Structures and Algorithms,66.6,Microcontroller & Embedded Systems,66.6,Computer Networks,64.2,sklearn|numpy|classification|machine learning|tensorflow|keras|deep learning|neural network|regression|python
CCS,1,2,Cloud & Distributed Systems,Full Stack Development,91.4,Software Engineering,89.3,Automata Theory,89.2,Operating Systems,88.1,Artificial Intelligence,84.5,gpio|react|ci/cd|docker|devops|serverless|fullstack|terraform
WT,4,1,Data Science & Analytics|Cloud & Distributed Systems|Network & Wireless Systems|Mobile & IoT Development,IoT,66.0,Automata Theory,65.6,C++,61.8,Java,60.3,Cryptography & Network Security,58.0,microcontroller|sensor|esp32|arduino|mqtt
DWM,1,2,Data Science & Analytics,Software Engineering,63.7,Microcontroller & Embedded Systems,55.6,Automata Theory,55.6,C++,53.2,Artificial Intelligence,50.5,power bi|data warehouse|mongodb|embedded|postgresql|etl|tableau
ML,1,2,Artificial Intelligence & Machine Learning,Microcontroller & Embedded Systems,60.3,Cryptography & Network Security,56.0,Full Stack Development,54.4,Python,50.5,Artificial Intelligence,44.0,numpy|classification|machine learning|pytorch|pandas|tensorflow|keras|esp32|neural network|regression
ML,2,2,Data Science & Analytics|Artificial Intelligence & Machine Learning,Artificial Intelligence,84.3,IoT,78.1,Engineering Mathematics-IV,64.6,Cryptography & Network Security,63.7,Data Structures and Algorithms,62.3,numpy|neural network|machine learning|pytorch|deep learning|regression
DWM,2,2,Data Science & Analytics|Web Development,Full Stack Development,60.2,Artificial Intelligence,57.3,C++,53.2,Software Engineering,53.0,Database Management Systems,47.0,power bi|etl|data mining|sql|analytics|tableau
CCS,2,2,Cloud & Distributed Systems|Web Development,Design & Analysis of Algorithms,59.5,Automata Theory,59.4,Software Engineering,50.7,Cryptography & Network Security,50.5,Microcontroller & Embedded Systems,36.2,node|data warehouse|azure|aws|devops|fullstack|terraform
CCS,2,1,Web Development|Data Science & Analytics,Digital Logic & Design,83.7,Operating Systems,79.2,Cryptography & Network Security,79.0,Microcontroller & Embedded Systems,77.6,C++,76.2,cloud|kubernetes
DWM,2,3,Data Science & Analytics|Web Development,Engineering Mathematics-IV,89.8,C++,89.5,Full Stack Development,86.4,Software Engineering,85.8,Computer Networks,82.8,mongodb|dashboard|data warehouse|postgresql|data mining|analytics|sql
ML,3,1,Data Science & Analytics|Artificial Intelligence & Machine Learning|Web Development,Artificial Intelligence,99.0,Data Structures and Algorithms,90.7,Operating Systems,76.3,Python,73.1,Digital Logic & Design,72.0,classification|machine learning|pytorch|python|nlp
WT,4,1,Network & Wireless Systems|Mobile & IoT Development|Cloud & Distributed Systems|Data Science & Analytics,IoT,58.8,C++,52.2,Digital Logic & Design,48.7,Software Engineering,48.0,Engineering Mathematics-IV,46.2,raspberry pi|esp32
CCS,2,4,Web Development|Network & Wireless Systems,Software Engineering,92.1,Digital Logic & Design,83.4,Full Stack Development,79.8,Automata Theory,74.6,Design & Analysis of Algorithms,72.7,kubernetes|ci/cd|azure|aws|devops|serverless|pytorch|mqtt|terraform
CCS,2,1,Cloud & Distributed Systems|Web Development,Data Structures and Algorithms,84.4,Full Stack Development,79.6,Design & Analysis of Algorithms,75.9,Computer Networks,71.7,Artificial Intelligence,66.5,node|azure|cloud|docker
CCS,2,3,Cloud & Distributed Systems|Web Development,Engineering Mathematics-III,82.8,Database Management Systems,76.0,Artificial Intelligence,74.0,Engineering Mathematics-IV,72.0,Software Engineering,71.6,docker|data mining|devops|serverless|react|cloud|terraform
ML,3,1,Artificial Intelligence & Machine Learning|Data Science & Analytics|Cloud & Distributed Systems,Artificial Intelligence,86.0,Automata Theory,83.5,Design & Analysis of Algorithms,81.3,Database Management Systems,81.2,Data Structures and Algorithms,78.4,neural network|python
ML,1,0,Artificial Intelligence & Machine Learning,Artificial Intelligence,82.0,C++,78.1,Python,74.8,IoT,73.6,Digital Logic & Design,70.1,
CCS,3,2,Cloud & Distributed Systems|Web Development|Data Science & Analytics,Full Stack Development,89.7,Engineering Mathematics-III,83.8,Automata Theory,76.1,Digital Logic & Design,75.8,Cryptography & Network Security,70.6,kubernetes|ci/cd|azure|aws|serverless|sql
CCS,3,1,Web Development|Cloud & Distributed Systems|Mobile & IoT Development,Full Stack Development,71.3,Digital Logic & Design,69.4,Computer Networks,68.7,C++,61.2,Java,59.6,power bi|kubernetes|ci/cd|azure|devops|cloud|terraform
ML,2,1,Data Science & Analytics|Artificial Intelligence & Machine Learning,Full Stack Development,82.3,Data Structures and Algorithms,81.1,Automata Theory,76.7,Cryptography & Network Security,75.6,Engineering Mathematics-III,73.7,numpy|gpio|machine learning|tensorflow|neural network|python|nlp
WT,4,1,Data Science & Analytics|Cloud & Distributed Systems|Network & Wireless Systems|Mobile & IoT Development,Microcontroller & Embedded Systems,86.3,Software Engineering,82.3,Database Management Systems,79.7,Computer Networks,78.2,Automata Theory,76.1,esp32|mqtt|deep learning
WT,2,1,Network & Wireless Systems|Mobile & IoT Development,Software Engineering,85.3,C++,77.7,Java,75.0,Artificial Intelligence,73.8,Automata Theory,73.7,microcontroller|sensor|iot|esp32|raspberry pi|bluetooth
ML,3,1,Data Science & Analytics|Artificial Intelligence & Machine Learning|Cloud & Distributed Systems,Python,68.5,Engineering Mathematics-IV,65.3,Design & Analysis of Algorithms,62.5,Full Stack Development,58.7,Microcontroller & Embedded Systems,53.4,numpy|neural network|pandas|tensorflow|deep learning|regression
ML,2,1,Data Science & Analytics|Artificial Intelligence & Machine Learning,Java,61.4,Data Structures and Algorithms,60.6,Python,55.4,Artificial Intelligence,54.6,Digital Logic & Design,53.4,sklearn|power bi|keras|deep learning|pytorch|nlp
CCS,4,2,Web Development|Data Science & Analytics|Cloud & Distributed Systems|Network & Wireless Systems,Data Structures and Algorithms,93.9,Database Management Systems,89.0,Full Stack Development,81.1,Artificial Intelligence,75.9,Design & Analysis of Algorithms,75.3,node|ci/cd|docker|fullstack|devops|react|cloud
ML,3,3,Data Science & Analytics|Artificial Intelligence & Machine Learning|Cloud & Distributed Systems,Engineering Mathematics-III,73.5,IoT,70.0,Microcontroller & Embedded Systems,67.6,Software Engineering,67.5,Design & Analysis of Algorithms,67.5,sklearn|numpy|pandas|tensorflow|keras|data mining|deep learning|pytorch|python|nlp
CCS,3,0,Web Development|Cloud & Distributed Systems|Network & Wireless Systems,Database Management Systems,93.65070454304447,Full Stack Development,89.4,Operating Systems,74.2,Java,73.1,Design & Analysis of Algorithms,73.1,
DWM,3,3,Data Science & Analytics|Web Development|Cloud & Distributed Systems,Full Stack Development,71.52291807079953,Database Management Systems,59.3,Python,50.4,Design & Analysis of Algorithms,48.9,Computer Networks,44.62269324334123,power bi|data warehouse|dashboard|etl|sql|analytics|terraform
ML,3,3,Data Science & Analytics|Cloud & Distributed Systems|Network & Wireless Systems,Artificial Intelligence,77.3,Microcontroller & Embedded Systems,76.01032042376002,Computer Networks,75.41587732960689,Operating Systems,70.7,Database Management Systems,69.4,numpy|machine learning|pandas|tensorflow|pytorch|python|nlp
DWM,1,2,Data Science & Analytics,Python,58.6,Microcontroller & Embedded Systems,51.540998308258025,Database Management Systems,50.6,Engineering Mathematics-IV,48.0,Design & Analysis of Algorithms,47.9,power bi|data warehouse|mongodb|postgresql|etl|sql|analytics|tableau
CCS,2,2,Cloud & Distributed Systems|Web Development,Software Engineering,90.2,Automata Theory,82.8,Engineering Mathematics-IV,79.1,Computer Networks,73.8,Engineering Mathematics-III,73.3,ci/cd|docker|serverless|fullstack|tableau
DWM,2,2,Data Science & Analytics|Artificial Intelligence & Machine Learning,Database Management Systems,92.2,Artificial Intelligence,75.7,Automata Theory,74.5,Java,74.3,Operating Systems,72.6,power bi|mongodb|dashboard|postgresql|etl|data mining|bluetooth|sql|analytics|tableau
WT,2,1,Mobile & IoT Development|Network & Wireless Systems,Computer Networks,91.0,Full Stack Development,83.5,C++,83.4,Microcontroller & Embedded Systems,82.8,Operating Systems,77.9,iot|docker|arduino|raspberry pi|mqtt
DWM,2,3,Data Science & Analytics|Web Development,Python,97.5,Engineering Mathematics-III,96.0,C++,89.0,Full Stack Development,88.1,Engineering Mathematics-IV,85.3,power bi|data warehouse|mongodb|dashboard|data mining|sql|analytics|tableau
DWM,2,0,Data Science & Analytics|Web Development,Database Management Systems,77.2,Python,72.2,Artificial Intelligence,71.8,Engineering Mathematics-IV,68.3,Computer Networks,66.46034216983887,
CCS,2,2,Cloud & Distributed Systems|Data Science & Analytics,Full Stack Development,81.6,Java,62.3,Microcontroller & Embedded Systems,58.1,Computer Networks,55.7,Software Engineering,54.8,node|azure|devops|serverless|arduino|react|cloud|terraform
ML,2,3,Artificial Intelligence & Machine Learning|Data Science & Analytics,Full Stack Development,96.14055591238814,Artificial Intelligence,90.1,Operating Systems,88.4,Data Structures and Algorithms,87.5,Design & Analysis of Algorithms,86.9,classification|pytorch|pandas|keras|azure|deep learning|neural network|python|bluetooth
WT,1,2,Mobile & IoT Development,Digital Logic & Design,93.2,Operating Systems,91.5,Python,89.16015744313704,Java,86.6,Automata Theory,84.0,gpio|sensor|data warehouse|embedded|esp32|arduino|mqtt
DWM,2,2,Data Science & Analytics|Cloud & Distributed Systems,Cryptography & Network Security,67.2,Engineering Mathematics-IV,62.5,Database Management Systems,58.2,Digital Logic & Design,54.3,Automata Theory,53.6,power bi|machine learning|mongodb|etl|data mining
ML,2,4,Artificial Intelligence & Machine Learning|Web Development,Artificial Intelligence,42.1,C++,41.3,Engineering Mathematics-IV,38.4,Automata Theory,31.2,Microcontroller & Embedded Systems,26.2,sklearn|kubernetes|numpy|machine learning|pytorch|keras|deep learning|regression|python
CCS,3,2,Cloud & Distributed Systems|Web Development|Artificial Intelligence & Machine Learning,Data Structures and Algorithms,87.21635906960847,Operating Systems,78.5,Computer Networks,72.0,Database Management Systems,70.42133166401959,Automata Theory,68.9,azure|aws|devops|kubernetes
DWM,3,2,Data Science & Analytics|Cloud & Distributed Systems|Network & Wireless Systems,Database Management Systems,86.5,Java,82.8,Microcontroller & Embedded Systems,74.71468249487721,Engineering Mathematics-IV,72.1,Software Engineering,69.6,power bi|data warehouse|dashboard|mongodb|postgresql|data mining|analytics|sql|deep learning|tableau
ML,2,3,Artificial Intelligence & Machine Learning|Data Science & Analytics,Database Management Systems,99.1,Artificial Intelligence,98.5,Data Structures and Algorithms,97.8,Engineering Mathematics-IV,97.1,Full Stack Development,96.5,sklearn|classification|machine learning|tensorflow|pandas|keras|deep learning|regression|python|nlp
CCS,2,2,Web Development|Cloud & Distributed Systems,Digital Logic & Design,89.4,Database Management Systems,87.3,Automata Theory,84.5,Operating Systems,81.8,Full Stack Development,78.6,kubernetes|ci/cd|docker|azure|aws|serverless|react|cloud|terraform
WT,2,3,Network & Wireless Systems|Mobile & IoT Development,Artificial Intelligence,73.3,Computer Networks,72.9,Software Engineering,63.5,Operating Systems,63.3,Microcontroller & Embedded Systems,61.6,microcontroller|classification|gpio|iot|sensor|pandas|embedded|wireless|arduino|esp32
WT,1,3,Network & Wireless Systems,Digital Logic & Design,67.5,IoT,54.3,Cryptography & Network Security,53.4,Microcontroller & Embedded Systems,39.5,Design & Analysis of Algorithms,39.0,microcontroller|gpio|iot|sensor|embedded|esp32|arduino|raspberry pi|mqtt|bluetooth
ML,2,1,Artificial Intelligence & Machine Learning|Data Science & Analytics,Data Structures and Algorithms,57.3,Operating Systems,42.0,Automata Theory,41.9,Artificial Intelligence,40.3,Engineering Mathematics-IV,38.3,pandas|classification
DWM,2,2,Data Science & Analytics|Artificial Intelligence & Machine Learning,Database Management Systems,63.7,Engineering Mathematics-III,52.1,Cryptography & Network Security,49.3,Design & Analysis of Algorithms,44.3,Python,42.4,power bi|mongodb|dashboard|data warehouse|postgresql|etl|data mining|analytics
CCS,3,2,Web Development|Cloud & Distributed Systems|Network & Wireless Systems,Artificial Intelligence,81.8,Digital Logic & Design,81.6,Data Structures and Algorithms,79.6279699518164,Database Management Systems,72.15710831919613,Cryptography & Network Security,71.8,kubernetes|docker|fullstack|azure|aws|sql|react|terraform
DWM,1,0,Data Science & Analytics,Engineering Mathematics-IV,56.4,Java,55.8,Artificial Intelligence,55.2,Database Management Systems,51.1,Cryptography & Network Security,49.9,
CCS,2,3,Web Development|Cloud & Distributed Systems,Software Engineering,89.1,Java,75.8,Artificial Intelligence,74.3,Automata Theory,73.8,Computer Networks,72.9,kubernetes|ci/cd|azure|aws|devops|serverless|react|terraform
CCS,3,3,Cloud & Distributed Systems|Network & Wireless Systems|Artificial Intelligence & Machine Learning,Software Engineering,98.7,Design & Analysis of Algorithms,94.4,Python,93.9,Operating Systems,92.8,Computer Networks,91.0,kubernetes|ci/cd|docker|aws|react|pytorch|cloud|terraform
DWM,2,4,Data Science & Analytics|Cloud & Distributed Systems,Digital Logic & Design,60.8,Artificial Intelligence,46.50144612167177,Engineering Mathematics-III,46.0,Microcontroller & Embedded Systems,43.1,IoT,42.4,power bi|data warehouse|mongodb|dashboard|postgresql|etl|serverless|analytics|raspberry pi|tableau
CCS,1,2,Cloud & Distributed Systems,Digital Logic & Design,76.2,Software Engineering,64.5,Microcontroller & Embedded Systems,64.36317100243426,Computer Networks,64.2989186761581,Full Stack Development,64.1,node|react|docker|aws|devops|serverless|fullstack|cloud
ML,1,1,Artificial Intelligence & Machine Learning,Java,64.5,Artificial Intelligence,64.3,C++,58.4,Database Management Systems,55.9,Operating Systems,51.5,classification|data warehouse|keras|deep learning|neural network|regression|python
DWM,2,1,Data Science & Analytics|Web Development,C++,53.4,Python,51.3,Database Management Systems,47.0,Data Structures and Algorithms,45.5,Design & Analysis of Algorithms,39.4,data warehouse|etl|tableau
CCS,2,0,Web Development|Cloud & Distributed Systems,Computer Networks,64.0,Digital Logic & Design,48.7,Automata Theory,47.9,Software Engineering,42.9,Operating Systems,38.3,
WT,2,3,Mobile & IoT Development|Cloud & Distributed Systems,Database Management Systems,78.5,Software Engineering,78.4,IoT,77.8,Data Structures and Algorithms,76.4,Computer Networks,71.7,node|microcontroller|gpio|sensor|raspberry pi|wireless|arduino|esp32|cloud|mqtt
CCS,2,0,Web Development|Network & Wireless Systems,Design & Analysis of Algorithms,58.3,Full Stack Development,56.4,Java,55.1,Digital Logic & Design,44.7,Cryptography & Network Security,44.1,
WT,3,2,Network & Wireless Systems|Cloud & Distributed Systems|Data Science & Analytics,Computer Networks,94.6,IoT,88.6,Automata Theory,87.0,Microcontroller & Embedded Systems,83.0,C++,82.9,node|microcontroller|iot|embedded|mqtt
WT,4,2,Network & Wireless Systems|Mobile & IoT Development|Cloud & Distributed Systems|Data Science & Analytics,Computer Networks,69.4,Automata Theory,67.1,Data Structures and Algorithms,53.5,Operating Systems,49.8,Engineering Mathematics-III,49.2,microcontroller|gpio|wireless|arduino|raspberry pi|mqtt
WT,2,1,Mobile & IoT Development|Network & Wireless Systems,Full Stack Development,46.4,C++,46.0,Computer Networks,42.3,Software Engineering,37.3,Engineering Mathematics-IV,33.1,power bi|microcontroller|gpio|iot|embedded|esp32|mqtt
WT,2,4,Network & Wireless Systems|Cloud & Distributed Systems,Computer Networks,73.6,IoT,66.7,C++,60.3,Cryptography & Network Security,60.2,Design & Analysis of Algorithms,59.0,sensor|iot|embedded|devops|wireless|arduino|esp32|raspberry pi|bluetooth
CCS,2,1,Web Development|Cloud & Distributed Systems,Engineering Mathematics-III,82.2,Cryptography & Network Security,72.6,C++,70.7,Engineering Mathematics-IV,70.1,Artificial Intelligence,66.1,ci/cd|azure|serverless|fullstack|terraform
CCS,1,1,Cloud & Distributed Systems,Artificial Intelligence,65.3,Digital Logic & Design,63.7,Java,59.6,Full Stack Development,56.7,Computer Networks,50.1,azure|devops|fullstack|ci/cd
WT,2,1,Mobile & IoT Development|Network & Wireless Systems,Microcontroller & Embedded Systems,87.3,IoT,77.3,Artificial Intelligence,76.9,Design & Analysis of Algorithms,75.1,Digital Logic & Design,74.2,gpio|sensor|embedded|devops|mqtt
WT,4,1,Network & Wireless Systems|Mobile & IoT Development|Cloud & Distributed Systems|Data Science & Analytics,Automata Theory,58.6,IoT,55.4,C++,44.2,Java,44.1,Digital Logic & Design,43.6,power bi|microcontroller|gpio|esp32|arduino
CCS,3,1,Web Development|Cloud & Distributed Systems|Network & Wireless Systems,Computer Networks,77.0,Design & Analysis of Algorithms,71.9,Database Management Systems,61.5,Operating Systems,61.0,Java,54.7,ci/cd|azure|aws|serverless|cloud
DWM,1,4,Data Science & Analytics,Data Structures and Algorithms,72.7,Operating Systems,65.5,Cryptography & Network Security,64.5,Database Management Systems,63.2,Microcontroller & Embedded Systems,62.9,power bi|mongodb|data warehouse|pandas|dashboard|postgresql|etl|data mining|analytics|fullstack
DWM,1,2,Data Science & Analytics,Software Engineering,54.3,Engineering Mathematics-IV,53.0,Operating Systems,49.9,Data Structures and Algorithms,48.8,Digital Logic & Design,47.1,microcontroller|mongodb|postgresql|etl|data mining|tableau
ML,1,1,Artificial Intelligence & Machine Learning,Python,92.0,Engineering Mathematics-III,85.9,Full Stack Development,85.0,Artificial Intelligence,83.7,Computer Networks,81.0,neural network|tensorflow|pandas|keras|pytorch|python
DWM,1,1,Data Science & Analytics,Engineering Mathematics-IV,74.5,Python,69.0,Database Management Systems,67.2,Full Stack Development,66.9,Data Structures and Algorithms,58.6,power bi|mongodb|postgresql|sql|tableau
WT,3,1,Mobile & IoT Development|Network & Wireless Systems|Cloud & Distributed Systems,Engineering Mathematics-III,100.0,Digital Logic & Design,100.0,Operating Systems,100.0,Computer Networks,100.0,Automata Theory,100.0,gpio|iot|dashboard|wireless|raspberry pi|mqtt|bluetooth
DWM,2,2,Data Science & Analytics|Web Development,Database Management Systems,70.3,Design & Analysis of Algorithms,56.4,Cryptography & Network Security,56.2,Engineering Mathematics-IV,55.4,Python,53.5,power bi|mongodb|data warehouse|postgresql|etl|data mining|sql|tableau
WT,2,1,Network & Wireless Systems|Data Science & Analytics,Software Engineering,41.6,Microcontroller & Embedded Systems,31.1,Digital Logic & Design,28.8,Automata Theory,27.6,Computer Networks,27.3,sensor|embedded|aws|raspberry pi|mqtt
CCS,1,3,Web Development,Data Structures and Algorithms,85.8,Computer Networks,84.7,Python,84.21599276876702,Full Stack Development,83.3,Operating Systems,83.1,kubernetes|ci/cd|docker|fullstack|azure|aws|react|cloud
CCS,1,2,Cloud & Distributed Systems,Python,59.9,Computer Networks,59.75047232217558,Database Management Systems,58.2,Software Engineering,48.5,C++,48.5,node|kubernetes|react|dashboard|docker|azure|serverless|fullstack|cloud
WT,2,4,Mobile & IoT Development|Cloud & Distributed Systems,Digital Logic & Design,92.7,Software Engineering,88.2,Operating Systems,87.7,Computer Networks,87.6,Automata Theory,84.4,microcontroller|gpio|sensor|iot|embedded|esp32|arduino|raspberry pi|bluetooth
ML,1,0,Data Science & Analytics,Python,61.7,Data Structures and Algorithms,55.0,Microcontroller & Embedded Systems,51.12544265286593,Database Management Systems,50.8,Full Stack Development,47.9,
DWM,1,1,Data Science & Analytics,Engineering Mathematics-III,54.5,Data Structures and Algorithms,46.6,Artificial Intelligence,35.1,Engineering Mathematics-IV,33.2,Python,31.5,power bi|data warehouse|postgresql|etl|sql|analytics
WT,3,3,Network & Wireless Systems|Mobile & IoT Development|Cloud & Distributed Systems,Computer Networks,54.7,Java,50.6,Engineering Mathematics-III,49.2,Full Stack Development,46.6,Microcontroller & Embedded Systems,38.1,microcontroller|gpio|sensor|iot|esp32|arduino|raspberry pi|bluetooth
CCS,1,3,Web Development,Digital Logic & Design,72.5,Full Stack Development,68.8,Artificial Intelligence,68.2,C++,65.7,Software Engineering,63.0,node|ci/cd|docker|azure|aws|devops|serverless|regression|cloud
ML,3,4,Artificial Intelligence & Machine Learning|Data Science & Analytics|Cloud & Distributed Systems,Database Management Systems,70.8,Data Structures and Algorithms,58.1,Full Stack Development,48.2,Automata Theory,46.6,C++,44.9,numpy|classification|neural network|machine learning|pandas|keras|fullstack|pytorch|regression|nlp
CCS,1,2,Cloud & Distributed Systems,Engineering Mathematics-IV,100.0,Operating Systems,100.0,Computer Networks,100.0,Python,100.0,Automata Theory,100.0,node|ci/cd|docker|aws|serverless|react|neural network|cloud
CCS,2,2,Cloud & Distributed Systems|Network & Wireless Systems,Database Management Systems,75.0,Engineering Mathematics-IV,69.6,Full Stack Development,68.2,Computer Networks,67.2,Digital Logic & Design,65.6,kubernetes|ci/cd|docker|azure|devops|serverless|fullstack|cloud
CCS,3,2,Cloud & Distributed Systems|Web Development|Network & Wireless Systems,Database Management Systems,85.1,Java,78.5,Data Structures and Algorithms,68.4,Design & Analysis of Algorithms,66.1,Engineering Mathematics-III,63.6,numpy|gpio|ci/cd|docker|aws|devops|fullstack|cloud|terraform
DWM,1,2,Data Science & Analytics,Python,82.19695472575606,Digital Logic & Design,81.6,Software Engineering,80.9,Artificial Intelligence,77.7260301488831,Cryptography & Network Security,77.2,power bi|postgresql|etl|aws|analytics
WT,2,2,Mobile & IoT Development|Network & Wireless Systems,Microcontroller & Embedded Systems,89.6,Cryptography & Network Security,87.6,Artificial Intelligence,87.1,Computer Networks,85.4,Design & Analysis of Algorithms,82.6,gpio|mqtt|bluetooth
WT,1,2,Network & Wireless Systems,Data Structures and Algorithms,73.24987333196275,C++,65.2,Operating Systems,64.6,Engineering Mathematics-IV,63.4,Software Engineering,63.1,microcontroller|sensor|pandas|esp32|arduino|wireless|raspberry pi|bluetooth
CCS,1,4,Cloud & Distributed Systems,Database Management Systems,65.7,Python,65.7,Software Engineering,52.9,Full Stack Development,48.7,Engineering Mathematics-IV,48.2,node|kubernetes|sklearn|react|ci/cd|docker|azure|aws|serverless|fullstack
DWM,1,4,Data Science & Analytics,Database Management Systems,85.6,Data Structures and Algorithms,81.7,Engineering Mathematics-IV,79.2,IoT,78.1,Computer Networks,76.8,power bi|data warehouse|mongodb|postgresql|etl|data mining|aws|analytics|sql|tableau
ML,2,2,Artificial Intelligence & Machine Learning|Cloud & Distributed Systems,Operating Systems,51.6,Java,45.4,Python,39.7,C++,37.3,Automata Theory,31.4,neural network|keras|deep learning|pytorch|regression
CCS,2,4,Cloud & Distributed Systems|Web Development,Operating Systems,40.8,Software Engineering,40.1,Engineering Mathematics-III,36.7,Automata Theory,32.8,Data Structures and Algorithms,22.1,kubernetes|react|ci/cd|docker|azure|aws|serverless|fullstack|cloud|python
ML,4,2,Data Science & Analytics|Artificial Intelligence & Machine Learning|Cloud & Distributed Systems|Network & Wireless Systems,Cryptography & Network Security,75.7,Engineering Mathematics-III,60.8,Software Engineering,59.6,Operating Systems,58.5,Database Management Systems,56.6,sklearn|numpy|neural network|tensorflow|pandas|keras|deep learning|regression|python
WT,2,4,Network & Wireless Systems|Mobile & IoT Development,C++,45.4,Operating Systems,43.5,Database Management Systems,41.5,Java,40.9,Automata Theory,40.5,gpio|iot|data warehouse|embedded|esp32|wireless|arduino|raspberry pi|bluetooth
CCS,2,1,Cloud & Distributed Systems|Web Development,Full Stack Development,96.5,Database Management Systems,95.2,Python,94.9,Digital Logic & Design,91.8,Artificial Intelligence,90.9,node|ci/cd|aws|devops|cloud|terraform
CCS,2,3,Web Development|Network & Wireless Systems,Full Stack Development,87.5,Engineering Mathematics-IV,70.1,Python,66.47712254029818,Software Engineering,60.5,Java,54.2,kubernetes|ci/cd|data warehouse|docker|aws|devops|serverless|react|cloud|terraform
DWM,2,3,Data Science & Analytics|Artificial Intelligence & Machine Learning,Data Structures and Algorithms,51.5,Automata Theory,50.5,Design & Analysis of Algorithms,50.0,Python,47.6,Software Engineering,46.1,power bi|mongodb|data warehouse|postgresql|etl|analytics|sql|mqtt|tableau
ML,1,3,Artificial Intelligence & Machine Learning,C++,69.7,Engineering Mathematics-III,64.7,Digital Logic & Design,63.1,Software Engineering,62.7,Microcontroller & Embedded Systems,60.052741329444174,numpy|classification|machine learning|nlp|keras|deep learning|neural network|regression|python|bluetooth
DWM,3,1,Artificial Intelligence & Machine Learning|Data Science & Analytics|Network & Wireless Systems,Data Structures and Algorithms,71.9,Design & Analysis of Algorithms,68.6,Cryptography & Network Security,68.4,Java,67.7,Automata Theory,57.9,power bi|mongodb|postgresql|data mining|sql|analytics
DWM,1,4,Data Science & Analytics,Data Structures and Algorithms,100.0,Database Management Systems,100.0,Python,100.0,Operating Systems,99.4,Computer Networks,98.23008868064952,gpio|mongodb|data warehouse|dashboard|postgresql|etl|data mining|analytics|sql|tableau
WT,2,1,Data Science & Analytics|Mobile & IoT Development,Database Management Systems,77.1,Software Engineering,73.3,Automata Theory,72.4,Computer Networks,70.3,Python,69.5,raspberry pi|embedded|arduino|bluetooth
WT,2,1,Mobile & IoT Development|Cloud & Distributed Systems,Computer Networks,100.0,IoT,100.0,Software Engineering,95.1,Microcontroller & Embedded Systems,86.1,Operating Systems,85.5,iot|sensor|wireless|arduino|mqtt
CCS,4,1,Web Development|Artificial Intelligence & Machine Learning|Cloud & Distributed Systems|Data Science & Analytics,Full Stack Development,71.5,Cryptography & Network Security,68.8,Computer Networks,64.1,Python,60.9,Microcontroller & Embedded Systems,57.9,azure|kubernetes|devops|fullstack
DWM,1,4,Data Science & Analytics,Engineering Mathematics-IV,100.0,Data Structures and Algorithms,100.0,Python,100.0,Artificial Intelligence,100.0,Cryptography & Network Security,100.0,power bi|mongodb|dashboard|data warehouse|embedded|postgresql|etl|data mining|analytics|sql
DWM,2,2,Data Science & Analytics|Artificial Intelligence & Machine Learning,Software Engineering,98.8,Engineering Mathematics-III,94.9,Full Stack Development,92.6,Python,91.3,Data Structures and Algorithms,89.7,power bi|mongodb|postgresql|etl|data mining|analytics|sql|tableau
ML,1,2,Artificial Intelligence & Machine Learning,Python,84.3,Full Stack Development,78.8,C++,73.0,Artificial Intelligence,68.9,Operating Systems,66.9,sklearn|classification|machine learning|pytorch|pandas|devops|wireless|deep learning|regression|nlp
ML,2,2,Artificial Intelligence & Machine Learning|Data Science & Analytics,Engineering Mathematics-III,100.0,Database Management Systems,100.0,Microcontroller & Embedded Systems,100.0,Python,100.0,C++,100.0,classification|machine learning|pandas|deep learning|neural network|python
WT,3,3,Network & Wireless Systems|Mobile & IoT Development|Data Science & Analytics,Microcontroller & Embedded Systems,94.6,C++,80.2,Digital Logic & Design,76.0,Engineering Mathematics-III,72.3,Database Management Systems,68.4,microcontroller|gpio|iot|embedded|esp32|raspberry pi|mqtt|bluetooth
WT,2,2,Network & Wireless Systems|Cloud & Distributed Systems,Software Engineering,70.7,Computer Networks,69.5,Python,67.2,Operating Systems,66.7,C++,65.5,microcontroller|sensor|embedded|wireless|arduino|mqtt
DWM,1,2,Data Science & Analytics,Software Engineering,45.1,Computer Networks,41.9,Cryptography & Network Security,40.0,Engineering Mathematics-IV,33.0,Python,30.1,power bi|dashboard|postgresql|etl|sql
ML,1,2,Data Science & Analytics,Operating Systems,72.6,Data Structures and Algorithms,70.7,Engineering Mathematics-IV,70.0,C++,69.7,Database Management Systems,66.6,classification|neural network|pandas|keras|wireless|deep learning|regression|python|nlp
DWM,1,2,Data Science & Analytics,Computer Networks,72.30798276322611,Microcontroller & Embedded Systems,60.8,Automata Theory,51.9,Data Structures and Algorithms,49.4,Software Engineering,47.7,power bi|machine learning|data warehouse|dashboard|mongodb|embedded|postgresql|etl|sql|tableau
CCS,2,0,Web Development|Artificial Intelligence & Machine Learning,Database Management Systems,53.2,Data Structures and Algorithms,51.3,Python,48.5,Engineering Mathematics-III,46.7,Operating Systems,40.5,
CCS,2,2,Web Development|Cloud & Distributed Systems,Digital Logic & Design,69.6,Java,62.5,C++,58.9,Software Engineering,58.2,Automata Theory,55.7,node|kubernetes|react|ci/cd|embedded|azure|aws|serverless|fullstack|terraform
DWM,1,3,Data Science & Analytics,Data Structures and Algorithms,70.8,Automata Theory,68.6,Operating Systems,60.6,Engineering Mathematics-III,56.7,Design & Analysis of Algorithms,54.8,power bi|mongodb|dashboard|data warehouse|postgresql|etl|data mining|sql|nlp
CCS,2,4,Web Development|Artificial Intelligence & Machine Learning,Full Stack Development,62.4,Data Structures and Algorithms,43.1,Engineering Mathematics-III,40.0,Software Engineering,39.7,Database Management Systems,37.1,node|kubernetes|ci/cd|docker|azure|aws|serverless|react|terraform
DWM,2,1,Data Science & Analytics|Cloud & Distributed Systems,Cryptography & Network Security,54.3,C++,50.6,Digital Logic & Design,47.0,Database Management Systems,40.5,Engineering Mathematics-III,39.5,mongodb|dashboard|tableau
WT,1,2,Mobile & IoT Development,IoT,54.5,Cryptography & Network Security,48.0,Engineering Mathematics-IV,45.4,Artificial Intelligence,39.4,Python,35.9,microcontroller|sensor|iot|embedded|wireless|raspberry pi|mqtt|bluetooth
DWM,1,2,Data Science & Analytics,Cryptography & Network Security,57.1,Computer Networks,53.6,Database Management Systems,52.5,Artificial Intelligence,52.3,Java,48.1,mongodb|power bi|analytics|tableau
DWM,1,0,Data Science & Analytics,Data Structures and Algorithms,100.0,Database Management Systems,100.0,Operating Systems,99.6,Engineering Mathematics-IV,98.7,Cryptography & Network Security,98.1,
CCS,4,1,Web Development|Cloud & Distributed Systems|Data Science & Analytics|Artificial Intelligence & Machine Learning,Computer Networks,85.56722990843481,Engineering Mathematics-IV,85.4,Operating Systems,75.4,C++,69.8,Python,69.5,node|ci/cd|iot|azure|terraform
ML,4,1,Artificial Intelligence & Machine Learning|Data Science & Analytics|Cloud & Distributed Systems|Network & Wireless Systems,Automata Theory,57.5,Data Structures and Algorithms,55.9,Engineering Mathematics-III,50.8,Artificial Intelligence,47.7,Digital Logic & Design,40.3,classification|machine learning|tensorflow|docker|regression
DWM,2,3,Data Science & Analytics|Artificial Intelligence & Machine Learning,Automata Theory,80.6,Full Stack Development,75.7,Engineering Mathematics-III,74.3,Python,73.9,Design & Analysis of Algorithms,72.0,dashboard|postgresql|etl|sql|analytics|tableau
CCS,1,2,Cloud & Distributed Systems,Design & Analysis of Algorithms,70.7,Computer Networks,68.6,Cryptography & Network Security,65.5,Software Engineering,61.7,Data Structures and Algorithms,59.4,kubernetes|ci/cd|fullstack|react|terraform
CCS,2,1,Web Development|Cloud & Distributed Systems,Computer Networks,67.6,Data Structures and Algorithms,61.2,Design & Analysis of Algorithms,51.3,Cryptography & Network Security,49.5,Full Stack Development,48.6,node|ci/cd|docker|devops|regression
ML,3,3,Data Science & Analytics|Artificial Intelligence & Machine Learning|Cloud & Distributed Systems,Python,68.9,Data Structures and Algorithms,42.9,Software Engineering,38.3,IoT,37.5,Full Stack Development,34.182596312486,sklearn|kubernetes|numpy|pytorch|pandas|tensorflow|keras|neural network|python|nlp
ML,3,2,Data Science & Analytics|Artificial Intelligence & Machine Learning|Web Development,Artificial Intelligence,89.9,Database Management Systems,88.3,Engineering Mathematics-III,85.6,Full Stack Development,84.4,Software Engineering,84.3,numpy|machine learning|pytorch|pandas|tensorflow|react|neural network|python|deep learning
WT,3,3,Network & Wireless Systems|Mobile & IoT Development|Cloud & Distributed Systems,Digital Logic & Design,64.0,Data Structures and Algorithms,58.5,Cryptography & Network Security,57.6,Operating Systems,50.7,C++,49.2,microcontroller|gpio|iot|sensor|docker|esp32|arduino|wireless|raspberry pi|mqtt
CCS,1,3,Web Development,Microcontroller & Embedded Systems,66.8,Engineering Mathematics-III,66.5,Automata Theory,66.0,Python,65.2,Operating Systems,64.3,node|kubernetes|ci/cd|docker|azure|aws|serverless|react|cloud
CCS,3,1,Cloud & Distributed Systems|Web Development|Network & Wireless Systems,Computer Networks,94.3,Data Structures and Algorithms,93.3,Design & Analysis of Algorithms,92.9,Python,85.8,IoT,83.1,node|react
CCS,1,2,Cloud & Distributed Systems,Operating Systems,73.0,Microcontroller & Embedded Systems,65.4909009869267,Computer Networks,59.99635832034304,Data Structures and Algorithms,55.9,Full Stack Development,55.8,node|kubernetes|ci/cd|devops|react
ML,3,2,Data Science & Analytics|Artificial Intelligence & Machine Learning|Network & Wireless Systems,Artificial Intelligence,87.4,Python,73.1,Automata Theory,68.6,Operating Systems,66.8,Microcontroller & Embedded Systems,65.0,sklearn|numpy|machine learning|pandas|tensorflow|keras|sql|neural network|python
ML,4,1,Artificial Intelligence & Machine Learning|Data Science & Analytics|Cloud & Distributed Systems|Mobile & IoT Development,Design & Analysis of Algorithms,88.3,Python,73.2,Engineering Mathematics-III,71.5,Computer Networks,71.3,Operating Systems,61.9,neural network|nlp
ML,3,4,Data Science & Analytics|Artificial Intelligence & Machine Learning|Cloud & Distributed Systems,Artificial Intelligence,88.2,Operating Systems,72.8,Automata Theory,71.8,Engineering Mathematics-III,69.1,Design & Analysis of Algorithms,68.3,classification|machine learning|pytorch|pandas|tensorflow|deep learning|neural network|regression|python|nlp
DWM,3,1,Data Science & Analytics|Web Development|Cloud & Distributed Systems,Engineering Mathematics-III,77.3,Design & Analysis of Algorithms,73.7,Database Management Systems,71.4,Engineering Mathematics-IV,63.4,Automata Theory,63.2,power bi|postgresql|devops|sql|tableau
WT,1,1,Mobile & IoT Development,C++,77.6,Computer Networks,58.8123001395401,Design & Analysis of Algorithms,56.4,Engineering Mathematics-IV,49.1,Digital Logic & Design,47.8,gpio|keras|wireless|mqtt|bluetooth
ML,2,2,Data Science & Analytics|Artificial Intelligence & Machine Learning,Engineering Mathematics-III,58.9,Java,57.4,Operating Systems,54.0,Data Structures and Algorithms,49.4,Cryptography & Network Security,48.9,sklearn|numpy|classification|machine learning|pandas|aws|python|nlp
CCS,2,2,Web Development|Cloud & Distributed Systems,Computer Networks,72.7,Engineering Mathematics-IV,62.3,Operating Systems,56.7,Artificial Intelligence,55.6,Engineering Mathematics-III,55.5,kubernetes|react|docker|etl|aws|serverless|fullstack|cloud
DWM,1,4,Data Science & Analytics,Java,79.3,Database Management Systems,77.3,Design & Analysis of Algorithms,75.7,Cryptography & Network Security,74.0,Computer Networks,73.8,power bi|microcontroller|data warehouse|mongodb|etl|data mining|esp32|sql|react|analytics
DWM,1,1,Data Science & Analytics,Database Management Systems,84.2,Operating Systems,80.4,Computer Networks,79.6,Data Structures and Algorithms,79.2,Cryptography & Network Security,79.1,data warehouse|dashboard|postgresql|sql|nlp
CCS,2,2,Cloud & Distributed Systems|Web Development,Full Stack Development,58.7,Engineering Mathematics-IV,54.3,Python,49.25097536749884,Design & Analysis of Algorithms,44.7,Artificial Intelligence,44.0624052850067,ci/cd|embedded|docker|azure|serverless|terraform
CCS,2,2,Web Development|Cloud & Distributed Systems,Cryptography & Network Security,56.1,Full Stack Development,50.0,Computer Networks,46.9,Operating Systems,42.7,Database Management Systems,40.3,node|kubernetes|ci/cd|fullstack|serverless|react|terraform
CCS,3,2,Web Development|Cloud & Distributed Systems|Network & Wireless Systems,Operating Systems,96.4,Software Engineering,78.6,Computer Networks,76.0,Full Stack Development,74.7,Python,73.8,kubernetes|ci/cd|azure|devops|react|cloud|terraform
WT,3,2,Network & Wireless Systems|Mobile & IoT Development|Data Science & Analytics,Engineering Mathematics-IV,74.2,Automata Theory,66.0,Digital Logic & Design,57.9,C++,57.0,Cryptography & Network Security,47.8,node|gpio|sensor|iot|embedded|esp32|arduino|raspberry pi|bluetooth
WT,2,1,Network & Wireless Systems|Data Science & Analytics,C++,63.9,Engineering Mathematics-III,61.2,Software Engineering,52.6,Python,50.1,Microcontroller & Embedded Systems,49.6,raspberry pi|microcontroller|gpio|arduino
CCS,3,1,Web Development|Cloud & Distributed Systems|Network & Wireless Systems,Software Engineering,100.0,Operating Systems,86.2,IoT,83.9,Database Management Systems,81.7,Engineering Mathematics-IV,81.4,node|kubernetes|aws|ci/cd
ML,3,0,Artificial Intelligence & Machine Learning|Data Science & Analytics|Cloud & Distributed Systems,Database Management Systems,72.7,C++,68.2,Full Stack Development,66.8,Software Engineering,63.3,Artificial Intelligence,63.3,
ML,1,1,Data Science & Analytics,Data Structures and Algorithms,73.9,Engineering Mathematics-III,71.8,Python,66.8,Digital Logic & Design,64.1,Computer Networks,60.8,regression|pandas|classification|machine learning
CCS,3,1,Web Development|Cloud & Distributed Systems|Data Science & Analytics,Software Engineering,51.6,Computer Networks,40.9,Python,40.5,Cryptography & Network Security,39.1,Engineering Mathematics-III,36.5,node|kubernetes|docker|cloud
CCS,2,2,Web Development|Cloud & Distributed Systems,Full Stack Development,87.1,Automata Theory,85.9,C++,80.2,Operating Systems,78.3,Data Structures and Algorithms,75.5,node|kubernetes|react|ci/cd|data warehouse|serverless|fullstack
DWM,2,3,Data Science & Analytics|Artificial Intelligence & Machine Learning,Engineering Mathematics-IV,100.0,Data Structures and Algorithms,100.0,Database Management Systems,100.0,Operating Systems,100.0,Computer Networks,100.0,power bi|data warehouse|dashboard|mongodb|postgresql|etl|sql|analytics|tableau
WT,2,2,Network & Wireless Systems|Cloud & Distributed Systems,IoT,65.6,Engineering Mathematics-IV,63.8,Cryptography & Network Security,61.2,Digital Logic & Design,61.1,Computer Networks,60.8,iot|sensor|embedded|wireless|esp32|fullstack|terraform
CCS,3,1,Web Development|Cloud & Distributed Systems|Data Science & Analytics,Engineering Mathematics-IV,64.5,Data Structures and Algorithms,64.4,Full Stack Development,59.3,Computer Networks,59.0,Software Engineering,56.7,docker|aws|devops|serverless|bluetooth
CCS,3,2,Cloud & Distributed Systems|Web Development|Data Science & Analytics,Microcontroller & Embedded Systems,40.4,Python,38.1,Engineering Mathematics-IV,35.7,C++,31.6,Artificial Intelligence,29.6,ci/cd|mongodb|azure|serverless|fullstack|cloud|terraform
CCS,1,2,Web Development,Engineering Mathematics-III,74.7,Computer Networks,73.2,Full Stack Development,64.8,Operating Systems,63.5,Artificial Intelligence,63.4,kubernetes|docker|azure|aws|deep learning|cloud
CCS,1,3,Cloud & Distributed Systems,Data Structures and Algorithms,57.9,Computer Networks,56.9,Engineering Mathematics-III,49.2,Engineering Mathematics-IV,44.8,Software Engineering,44.0,node|kubernetes|docker|fullstack|azure|aws|devops|esp32|react|cloud
WT,4,2,Web Development|Data Science & Analytics|Network & Wireless Systems|Mobile & IoT Development,Microcontroller & Embedded Systems,77.8,Database Management Systems,74.1,Full Stack Development,62.0,Software Engineering,59.0,Python,51.3,gpio|iot|sensor|embedded|arduino|mqtt|bluetooth
WT,3,2,Cloud & Distributed Systems|Network & Wireless Systems|Mobile & IoT Development,IoT,75.0,Microcontroller & Embedded Systems,74.9,Database Management Systems,68.8,Software Engineering,60.5,Computer Networks,58.9,microcontroller|numpy|gpio|embedded|esp32|arduino|mqtt|bluetooth
CCS,1,2,Cloud & Distributed Systems,Full Stack Development,62.0,Automata Theory,56.0,Java,54.6,Database Management Systems,43.9,Software Engineering,40.6,kubernetes|react|ci/cd|devops|serverless|fullstack|cloud
ML,3,2,Artificial Intelligence & Machine Learning|Data Science & Analytics|Web Development,Java,62.5,Digital Logic & Design,57.5,Engineering Mathematics-III,56.3,Software Engineering,51.6,C++,50.7,sklearn|numpy|pandas|keras|deep learning
DWM,1,4,Data Science & Analytics,Computer Networks,57.1736555954797,Digital Logic & Design,52.2,Full Stack Development,51.625941700113685,Engineering Mathematics-III,51.5,Java,50.6,power bi|data warehouse|mongodb|dashboard|docker|postgresql|etl|data mining|analytics|sql
WT,3,4,Mobile & IoT Development|Network & Wireless Systems|Cloud & Distributed Systems,C++,52.2,Digital Logic & Design,48.9,Engineering Mathematics-IV,39.1,Operating Systems,34.3,Java,29.6,microcontroller|gpio|raspberry pi|iot|sensor|embedded|esp32|arduino|wireless|cloud
CCS,3,2,Web Development|Cloud & Distributed Systems|Data Science & Analytics,Operating Systems,67.5,Engineering Mathematics-IV,58.8,Microcontroller & Embedded Systems,56.9,Design & Analysis of Algorithms,55.1,Computer Networks,52.8,node|kubernetes|react|docker|serverless|fullstack|cloud
CCS,3,0,Cloud & Distributed Systems|Web Development|Network & Wireless Systems,Engineering Mathematics-III,83.1,Full Stack Development,82.1,Microcontroller & Embedded Systems,76.9,Engineering Mathematics-IV,72.0,Operating Systems,65.3,
DWM,1,3,Data Science & Analytics,Artificial Intelligence,100.0,Operating Systems,95.6,Python,89.21435694469272,Full Stack Development,88.2,Data Structures and Algorithms,83.1,power bi|mongodb|nlp|postgresql|etl|analytics|sql|neural network|deep learning|tableau
ML,2,2,Data Science & Analytics|Cloud & Distributed Systems,Engineering Mathematics-IV,90.5,Full Stack Development,88.0,Data Structures and Algorithms,86.96501222518056,Database Management Systems,86.88832317554817,Artificial Intelligence,85.3,machine learning|pytorch|tensorflow|pandas|keras|regression|python
ML,1,1,Artificial Intelligence & Machine Learning,Database Management Systems,62.92808393849101,Automata Theory,58.4,Software Engineering,58.3,Full Stack Development,50.7,Microcontroller & Embedded Systems,48.2,sklearn|classification|tensorflow|keras|neural network|python
WT,2,3,Mobile & IoT Development|Network & Wireless Systems,Microcontroller & Embedded Systems,53.9,Computer Networks,50.0,Engineering Mathematics-IV,49.9,Digital Logic & Design,46.3,Database Management Systems,44.0,node|gpio|sensor|iot|embedded|esp32|wireless|analytics|mqtt
DWM,1,1,Data Science & Analytics,Engineering Mathematics-III,81.5,Database Management Systems,80.1,Digital Logic & Design,77.7,Design & Analysis of Algorithms,72.1,Microcontroller & Embedded Systems,71.3,power bi|analytics
WT,3,3,Mobile & IoT Development|Network & Wireless Systems|Cloud & Distributed Systems,Design & Analysis of Algorithms,69.2,Java,65.3,Computer Networks,64.7,Engineering Mathematics-III,63.0,Database Management Systems,58.8,microcontroller|gpio|iot|wireless|esp32|arduino|mqtt|bluetooth
CCS,2,1,Web Development|Cloud & Distributed Systems,Automata Theory,75.3,Python,64.4,Computer Networks,63.5,Operating Systems,63.4,Data Structures and Algorithms,62.9,node|ci/cd|azure|devops|fullstack|cloud
WT,2,2,Network & Wireless Systems|Cloud & Distributed Systems,Computer Networks,65.1,C++,62.4,Engineering Mathematics-III,58.9,Microcontroller & Embedded Systems,51.9,IoT,49.3,microcontroller|gpio|iot|embedded|analytics|raspberry pi|mqtt|bluetooth
DWM,1,4,Data Science & Analytics,Software Engineering,48.5,Operating Systems,46.8,Computer Networks,44.4,Engineering Mathematics-III,44.2,Full Stack Development,43.7,power bi|mongodb|data warehouse|dashboard|etl|data mining|sql|analytics|arduino|tableau
ML,1,2,Data Science & Analytics,C++,80.3,Operating Systems,68.9,Automata Theory,64.3,Database Management Systems,60.0,Cryptography & Network Security,58.9,numpy|neural network|classification|pytorch|tensorflow|pandas|deep learning|regression
DWM,2,0,Data Science & Analytics|Web Development,Java,94.9,Artificial Intelligence,89.4,Cryptography & Network Security,86.6,Data Structures and Algorithms,83.8,Python,83.5,
DWM,1,3,Data Science & Analytics,Database Management Systems,66.4,Computer Networks,59.4,Artificial Intelligence,57.515317458936195,Full Stack Development,56.6,Python,54.608712840030904,power bi|mongodb|data warehouse|dashboard|postgresql|data mining|esp32|analytics|wireless|tableau
DWM,2,1,Data Science & Analytics|Artificial Intelligence & Machine Learning,Database Management Systems,95.4,Data Structures and Algorithms,94.1,Python,87.4,Full Stack Development,74.5,Engineering Mathematics-IV,66.6,mongodb|postgresql
DWM,2,2,Data Science & Analytics|Web Development,Engineering Mathematics-III,46.6,Engineering Mathematics-IV,42.1,IoT,39.0,Artificial Intelligence,33.3,Database Management Systems,32.5,power bi|mongodb|dashboard|data warehouse|etl|data mining|analytics|tableau
CCS,2,3,Cloud & Distributed Systems|Network & Wireless Systems,Artificial Intelligence,85.4,Engineering Mathematics-IV,83.1,Computer Networks,79.2,Data Structures and Algorithms,70.2,Full Stack Development,66.5,node|ci/cd|postgresql|fullstack|azure|aws|devops|serverless|react|terraform
ML,2,3,Data Science & Analytics|Artificial Intelligence & Machine Learning,Software Engineering,93.7,Data Structures and Algorithms,80.99411597758535,C++,80.6,Cryptography & Network Security,76.6,Database Management Systems,74.01150552230632,sklearn|numpy|tensorflow|esp32|deep learning|python|nlp
WT,2,1,Mobile & IoT Development|Network & Wireless Systems,Engineering Mathematics-IV,67.5,Computer Networks,66.6565594986955,Full Stack Development,64.56818135321805,Automata Theory,57.3,Artificial Intelligence,56.4,iot|embedded|mqtt|sensor
CCS,3,4,Cloud & Distributed Systems|Web Development|Data Science & Analytics,Computer Networks,99.48370864463055,Python,95.0,Full Stack Development,91.8,Digital Logic & Design,90.7,Software Engineering,89.4,node|kubernetes|docker|fullstack|azure|aws|devops|serverless|react|terraform
CCS,2,2,Web Development|Cloud & Distributed Systems,Computer Networks,100.0,Database Management Systems,93.57934618560185,Data Structures and Algorithms,86.20723598957085,Full Stack Development,84.4,Digital Logic & Design,82.3,node|kubernetes|ci/cd|aws|terraform
CCS,3,4,Cloud & Distributed Systems|Web Development|Artificial Intelligence & Machine Learning,C++,65.8,Software Engineering,62.3,Microcontroller & Embedded Systems,61.7,Design & Analysis of Algorithms,60.5,Database Management Systems,58.7,node|kubernetes|ci/cd|embedded|docker|azure|aws|serverless|react|cloud
DWM,1,1,Data Science & Analytics,Database Management Systems,90.3,Data Structures and Algorithms,87.9,Automata Theory,86.9,Design & Analysis of Algorithms,85.2,Computer Networks,84.10999931560441,mongodb|dashboard|data warehouse|analytics|tableau
ML,2,4,Artificial Intelligence & Machine Learning|Data Science & Analytics,Python,86.7,Data Structures and Algorithms,83.6,Artificial Intelligence,79.7,Cryptography & Network Security,76.4,Computer Networks,73.3,sklearn|classification|neural network|pytorch|keras|deep learning|regression|raspberry pi|python|nlp
ML,2,2,Artificial Intelligence & Machine Learning|Cloud & Distributed Systems,IoT,64.4,Automata Theory,58.4,Full Stack Development,57.8,C++,51.8,Cryptography & Network Security,51.1,numpy|neural network|classification|machine learning|pytorch|python
DWM,1,2,Data Science & Analytics,Engineering Mathematics-IV,47.1,Artificial Intelligence,43.9,IoT,40.6,C++,39.7,Microcontroller & Embedded Systems,37.2,power bi|mongodb|dashboard|data mining|analytics|pytorch
WT,1,2,Mobile & IoT Development,IoT,64.6,Digital Logic & Design,37.5,Full Stack Development,33.2,Python,30.9,C++,29.6,gpio|embedded|wireless|arduino
DWM,2,3,Data Science & Analytics|Web Development,Artificial Intelligence,53.8,Cryptography & Network Security,48.6,Operating Systems,39.9,Design & Analysis of Algorithms,39.3,Data Structures and Algorithms,34.6,power bi|data warehouse|dashboard|etl|data mining|sql|analytics|tableau
ML,3,2,Data Science & Analytics|Artificial Intelligence & Machine Learning|Cloud & Distributed Systems,Artificial Intelligence,78.1,Java,62.7,Database Management Systems,59.4,Python,55.1,Operating Systems,52.0,numpy|neural network|machine learning|terraform|tensorflow|deep learning|pytorch|regression|python|nlp
DWM,1,1,Data Science & Analytics,C++,66.3,Microcontroller & Embedded Systems,64.7,Automata Theory,64.0,Artificial Intelligence,62.1,Engineering Mathematics-III,58.9,pytorch|mongodb|data mining
DWM,1,4,Data Science & Analytics,Data Structures and Algorithms,100.0,Database Management Systems,100.0,Python,100.0,Cryptography & Network Security,100.0,Computer Networks,98.78879134850764,power bi|mongodb|data warehouse|dashboard|nlp|etl|data mining|analytics|tableau
ML,2,1,Data Science & Analytics|Artificial Intelligence & Machine Learning,Operating Systems,45.0,Database Management Systems,42.9,Java,38.2,Cryptography & Network Security,36.0,Data Structures and Algorithms,34.1,sklearn|pandas
WT,3,1,Network & Wireless Systems|Cloud & Distributed Systems|Data Science & Analytics,Data Structures and Algorithms,72.6,C++,69.9,Design & Analysis of Algorithms,65.7,Digital Logic & Design,63.4,Computer Networks,61.1,machine learning|sensor|embedded|wireless|arduino|mqtt
ML,1,2,Artificial Intelligence & Machine Learning,Database Management Systems,87.4,Artificial Intelligence,85.9,Automata Theory,83.6,Engineering Mathematics-III,79.8,Operating Systems,78.3,sklearn|classification|machine learning|tensorflow|keras|deep learning|regression|python|nlp
WT,3,1,Data Science & Analytics|Network & Wireless Systems|Mobile & IoT Development,Microcontroller & Embedded Systems,100.0,Data Structures and Algorithms,84.95316897629755,Design & Analysis of Algorithms,80.5,Python,75.8,Engineering Mathematics-IV,74.8,iot|embedded|esp32|bluetooth
WT,1,2,Mobile & IoT Development,Computer Networks,58.8,Java,52.5,Cryptography & Network Security,40.3,Design & Analysis of Algorithms,39.3,IoT,37.9,microcontroller|gpio|iot|embedded|wireless|raspberry pi|bluetooth
ML,2,3,Data Science & Analytics|Artificial Intelligence & Machine Learning,Java,99.4,C++,90.4,Cryptography & Network Security,90.3,Database Management Systems,86.0,Artificial Intelligence,81.0,sklearn|numpy|classification|pytorch|pandas|tensorflow|keras|regression|nlp
DWM,1,1,Data Science & Analytics,Artificial Intelligence,74.7,Engineering Mathematics-IV,69.4,Database Management Systems,69.1,Software Engineering,68.7,Computer Networks,68.3,dashboard|etl|sql|analytics|tableau
CCS,1,2,Cloud & Distributed Systems,Computer Networks,90.5,Automata Theory,88.5,Full Stack Development,87.7,Engineering Mathematics-III,81.9,Database Management Systems,79.2,node|docker|azure|fullstack|cloud
CCS,3,3,Web Development|Cloud & Distributed Systems|Network & Wireless Systems,Operating Systems,74.3,Software Engineering,71.1,C++,65.6,Computer Networks,65.1,Python,62.9,docker|azure|aws|devops|cloud|terraform
ML,1,3,Data Science & Analytics,Computer Networks,54.5,Engineering Mathematics-IV,47.3,Design & Analysis of Algorithms,44.8,C++,40.2,Database Management Systems,35.8,numpy|mongodb|keras|deep learning|pytorch|python|nlp
WT,3,1,Network & Wireless Systems|Mobile & IoT Development|Cloud & Distributed Systems,Engineering Mathematics-III,93.9,Java,91.2,Operating Systems,83.2,Computer Networks,82.6,IoT,81.3,microcontroller|embedded|arduino|raspberry pi|bluetooth
ML,3,2,Artificial Intelligence & Machine Learning|Data Science & Analytics|Cloud & Distributed Systems,Operating Systems,78.6,Artificial Intelligence,74.3,Engineering Mathematics-III,73.2,C++,72.5,Digital Logic & Design,69.6,classification|mongodb|embedded|deep learning|pytorch|nlp
CCS,2,1,Web Development|Cloud & Distributed Systems,Design & Analysis of Algorithms,56.5,Full Stack Development,56.4,Engineering Mathematics-III,45.9,C++,45.5,Computer Networks,44.0,kubernetes|react|docker|postgresql|devops|fullstack|terraform
WT,2,3,Mobile & IoT Development|Network & Wireless Systems,Cryptography & Network Security,84.0,Computer Networks,81.3045526001549,Microcontroller & Embedded Systems,81.0,Engineering Mathematics-IV,78.9,C++,78.5,microcontroller|gpio|sensor|iot|esp32|arduino|mqtt|bluetooth
WT,2,2,Cloud & Distributed Systems|Mobile & IoT Development,Operating Systems,94.1,Digital Logic & Design,84.7,Python,81.4,Automata Theory,78.3,Artificial Intelligence,77.6,gpio|sensor|iot|aws|esp32|wireless|mqtt
WT,1,2,Mobile & IoT Development,Database Management Systems,92.1,Microcontroller & Embedded Systems,64.0,IoT,63.6,Digital Logic & Design,46.3,C++,45.0,microcontroller|gpio|iot|sensor|serverless
CCS,2,3,Web Development|Network & Wireless Systems,Computer Networks,57.65021830911056,Engineering Mathematics-III,53.2,Microcontroller & Embedded Systems,52.35881375150329,Data Structures and Algorithms,42.1,Automata Theory,40.2,node|kubernetes|ci/cd|pandas|docker|aws|devops|serverless|fullstack|cloud
CCS,3,3,Web Development|Cloud & Distributed Systems|Data Science & Analytics,Python,85.7,Java,82.4,Artificial Intelligence,74.6,Software Engineering,73.2,Full Stack Development,68.2,node|kubernetes|sklearn|react|azure|devops|serverless|fullstack|cloud|terraform
WT,3,2,Mobile & IoT Development|Network & Wireless Systems|Cloud & Distributed Systems,Computer Networks,82.4,Microcontroller & Embedded Systems,80.5,Database Management Systems,72.4,IoT,72.3,Full Stack Development,71.3,microcontroller|machine learning|sensor|embedded|esp32|wireless|arduino|raspberry pi|mqtt
CCS,2,2,Web Development|Network & Wireless Systems,Cryptography & Network Security,63.5,Full Stack Development,55.9,Design & Analysis of Algorithms,50.1,Python,48.0,Data Structures and Algorithms,44.3,azure|aws|devops|serverless|sql|fullstack
DWM,1,1,Data Science & Analytics,C++,52.9,Design & Analysis of Algorithms,47.4,Engineering Mathematics-IV,42.9,Data Structures and Algorithms,42.7,Full Stack Development,41.7,mongodb|sql|power bi|ci/cd
ML,2,1,Artificial Intelligence & Machine Learning|Data Science & Analytics,Python,59.8,Engineering Mathematics-IV,55.8,Database Management Systems,55.7,Full Stack Development,52.3,Microcontroller & Embedded Systems,51.6,numpy|machine learning|tensorflow|deep learning|pytorch|python
DWM,2,0,Data Science & Analytics|Artificial Intelligence & Machine Learning,Database Management Systems,59.1,Data Structures and Algorithms,54.5,Python,48.6,Operating Systems,44.0,Automata Theory,43.5,
WT,2,4,Mobile & IoT Development|Network & Wireless Systems,Engineering Mathematics-IV,60.8,IoT,58.8,Engineering Mathematics-III,56.3,Computer Networks,53.9,Full Stack Development,50.6,microcontroller|gpio|iot|sensor|wireless|arduino|esp32|raspberry pi|mqtt|bluetooth
DWM,2,2,Data Science & Analytics|Artificial Intelligence & Machine Learning,Full Stack Development,59.546890554484264,Database Management Systems,56.9,Data Structures and Algorithms,55.9,Computer Networks,51.75547319984965,C++,50.9,ci/cd|mongodb|dashboard|data warehouse|etl|sql
WT,1,1,Mobile & IoT Development,Operating Systems,54.3,Data Structures and Algorithms,48.9,Design & Analysis of Algorithms,48.2,Engineering Mathematics-III,48.0,IoT,41.8,sensor|bluetooth
DWM,1,2,Data Science & Analytics,Automata Theory,70.7,Full Stack Development,65.4,Operating Systems,63.2,Database Management Systems,54.9,Artificial Intelligence,51.5,data warehouse|mongodb|postgresql|etl|analytics|sql|tableau
DWM,2,2,Data Science & Analytics|Web Development,Database Management Systems,54.9,Data Structures and Algorithms,50.5,Software Engineering,49.8,Engineering Mathematics-IV,48.8,Python,47.4,power bi|ci/cd|mongodb|data warehouse|dashboard|postgresql|sql|analytics
CCS,1,3,Cloud & Distributed Systems,Cryptography & Network Security,75.9,Full Stack Development,64.0,Engineering Mathematics-III,59.5,Design & Analysis of Algorithms,59.5,Operating Systems,56.2,node|kubernetes|classification|ci/cd|docker|fullstack|azure|devops|react|cloud
CCS,2,1,Web Development|Cloud & Distributed Systems,Java,94.3,Operating Systems,94.0,Software Engineering,92.8,Full Stack Development,92.7,Automata Theory,88.4,node|docker|azure|react|cloud|terraform
DWM,1,1,Data Science & Analytics,Data Structures and Algorithms,67.6,Artificial Intelligence,56.0,Database Management Systems,55.5,Automata Theory,48.8,C++,47.8,data warehouse|etl|tableau
DWM,2,0,Data Science & Analytics|Artificial Intelligence & Machine Learning,Python,99.2,Computer Networks,92.7,Engineering Mathematics-IV,92.2,Digital Logic & Design,90.7,Artificial Intelligence,90.6,
ML,3,2,Artificial Intelligence & Machine Learning|Data Science & Analytics|Network & Wireless Systems,Python,62.4,Artificial Intelligence,61.6,Database Management Systems,59.2,Design & Analysis of Algorithms,58.0,IoT,56.7,sklearn|numpy|tensorflow|keras|devops|nlp
WT,1,1,Network & Wireless Systems,Computer Networks,80.4,C++,78.5,Microcontroller & Embedded Systems,76.2,IoT,70.0,Software Engineering,69.7,microcontroller|esp32|wireless|react|raspberry pi|bluetooth
WT,2,2,Mobile & IoT Development|Network & Wireless Systems,Software Engineering,82.1,Computer Networks,76.4,Design & Analysis of Algorithms,72.0,Engineering Mathematics-IV,71.1,Operating Systems,66.6,gpio|nlp|esp32|arduino|mqtt|bluetooth
ML,3,3,Data Science & Analytics|Artificial Intelligence & Machine Learning|Cloud & Distributed Systems,Full Stack Development,93.2136831684073,C++,83.6,Python,72.5,Computer Networks,70.72678610759483,Engineering Mathematics-III,67.9,numpy|machine learning|pandas|keras|deep learning|neural network
CCS,1,2,Cloud & Distributed Systems,Software Engineering,72.9,Engineering Mathematics-III,70.3,C++,68.0,Database Management Systems,67.3,Operating Systems,66.0,node|kubernetes|docker|azure|devops|serverless|cloud|terraform
CCS,4,2,Web Development|Artificial Intelligence & Machine Learning|Cloud & Distributed Systems|Data Science & Analytics,Microcontroller & Embedded Systems,62.4,Database Management Systems,62.1,Java,59.1,Computer Networks,58.8,Engineering Mathematics-IV,58.2,kubernetes|gpio|ci/cd|docker|azure|aws|fullstack|terraform
DWM,1,4,Data Science & Analytics,Python,61.5,Engineering Mathematics-IV,53.8,Artificial Intelligence,51.4,Design & Analysis of Algorithms,51.1,Full Stack Development,46.1,power bi|react|data warehouse|dashboard|mongodb|postgresql|etl|sql|analytics|tableau
WT,2,4,Network & Wireless Systems|Cloud & Distributed Systems,Database Management Systems,83.4,Operating Systems,83.0,Design & Analysis of Algorithms,79.2,Digital Logic & Design,78.0,Data Structures and Algorithms,77.2,microcontroller|gpio|iot|sensor|pandas|embedded|wireless|arduino|raspberry pi|mqtt
ML,2,1,Data Science & Analytics|Cloud & Distributed Systems,Engineering Mathematics-IV,96.9,Artificial Intelligence,92.7,Java,91.8,Digital Logic & Design,78.2,Python,77.2,classification|pytorch|pandas|tensorflow|neural network
CCS,2,0,Cloud & Distributed Systems|Web Development,IoT,71.2,Database Management Systems,68.8,Design & Analysis of Algorithms,63.4,Cryptography & Network Security,63.0,Python,58.1,
WT,1,3,Network & Wireless Systems,IoT,89.5,Automata Theory,85.8,Cryptography & Network Security,84.0,Data Structures and Algorithms,81.0,Microcontroller & Embedded Systems,77.5,microcontroller|gpio|iot|sensor|embedded|esp32|arduino|react|wireless|raspberry pi
WT,3,0,Mobile & IoT Development|Network & Wireless Systems|Cloud & Distributed Systems,Artificial Intelligence,83.6,IoT,81.7,Microcontroller & Embedded Systems,80.5,Data Structures and Algorithms,79.4,C++,76.8,
CCS,3,2,Web Development|Cloud & Distributed Systems|Data Science & Analytics,Data Structures and Algorithms,64.4,Full Stack Development,60.0,Engineering Mathematics-III,56.7,Digital Logic & Design,54.8,Operating Systems,53.6,node|kubernetes|react|devops|serverless|fullstack|terraform
DWM,1,3,Data Science & Analytics,Computer Networks,81.6,Artificial Intelligence,78.0,Software Engineering,73.6,Cryptography & Network Security,69.9,Engineering Mathematics-IV,68.6,power bi|node|machine learning|mongodb|dashboard|data warehouse|postgresql|etl|data mining|analytics
ML,3,4,Artificial Intelligence & Machine Learning|Data Science & Analytics|Cloud & Distributed Systems,Artificial Intelligence,97.9,Digital Logic & Design,91.7,Python,89.8,Computer Networks,88.8,Design & Analysis of Algorithms,84.6,sklearn|classification|gpio|machine learning|pytorch|tensorflow|pandas|docker|keras|deep learning
CCS,3,2,Web Development|Cloud & Distributed Systems|Artificial Intelligence & Machine Learning,Full Stack Development,75.9,IoT,74.5,Computer Networks,71.3,Operating Systems,69.8,Data Structures and Algorithms,69.3,kubernetes|ci/cd|raspberry pi|docker|azure|aws|devops|react|cloud|terraform
ML,1,1,Data Science & Analytics,Database Management Systems,58.2,Engineering Mathematics-III,56.4,Java,56.4,Artificial Intelligence,55.0,Automata Theory,53.3,pytorch|pandas|nlp
DWM,1,2,Data Science & Analytics,Artificial Intelligence,91.7,Design & Analysis of Algorithms,87.2,Software Engineering,87.0,C++,83.0,Cryptography & Network Security,82.4,power bi|numpy|data warehouse|postgresql|etl|data mining|sql|analytics|tableau
WT,2,1,Mobile & IoT Development|Network & Wireless Systems,Computer Networks,82.6,Microcontroller & Embedded Systems,80.0,Digital Logic & Design,78.2,Engineering Mathematics-IV,77.0,Java,76.8,gpio|iot|esp32|wireless|arduino|bluetooth
DWM,2,2,Data Science & Analytics|Web Development,Data Structures and Algorithms,73.1,Computer Networks,69.02395125652258,Operating Systems,68.6,Engineering Mathematics-III,60.0,Python,58.4,mongodb|postgresql|etl|data mining|analytics|sql|tableau
WT,1,2,Mobile & IoT Development,Automata Theory,67.7,Database Management Systems,65.1,Design & Analysis of Algorithms,63.3,Engineering Mathematics-IV,53.0,Computer Networks,50.9,microcontroller|gpio|iot|sensor|embedded|wireless
DWM,1,3,Data Science & Analytics,Database Management Systems,68.2,Engineering Mathematics-IV,62.0,Cryptography & Network Security,61.5,Engineering Mathematics-III,60.8,IoT,60.7,power bi|data warehouse|dashboard|docker|postgresql|etl|data mining|analytics|sql|tableau
CCS,3,1,Cloud & Distributed Systems|Web Development|Data Science & Analytics,Computer Networks,100.0,Java,93.2,Software Engineering,92.1,Database Management Systems,90.7,Cryptography & Network Security,90.0,node|devops|fullstack
WT,2,3,Network & Wireless Systems|Mobile & IoT Development,Cryptography & Network Security,65.0,Computer Networks,55.3,Java,55.2,Digital Logic & Design,52.0,Data Structures and Algorithms,49.0,gpio|sensor|iot|wireless|arduino|esp32|raspberry pi|mqtt
ML,3,3,Data Science & Analytics|Web Development|Network & Wireless Systems,Design & Analysis of Algorithms,46.8,Automata Theory,35.2,Engineering Mathematics-III,35.1,C++,34.5,Data Structures and Algorithms,33.1,numpy|classification|machine learning|pandas|regression|python|nlp
WT,1,2,Mobile & IoT Development,Database Management Systems,72.3,IoT,72.3,Engineering Mathematics-IV,71.6,Computer Networks,71.5,Microcontroller & Embedded Systems,68.6,gpio|bluetooth|wireless|raspberry pi|mqtt|nlp
DWM,2,3,Data Science & Analytics|Web Development,Database Management Systems,100.0,Python,93.2,Engineering Mathematics-IV,86.0,Automata Theory,76.1,Computer Networks,75.4,power bi|mongodb|dashboard|data warehouse|postgresql|data mining|analytics|tableau
WT,1,3,Mobile & IoT Development,Cryptography & Network Security,86.6,Java,79.7,Microcontroller & Embedded Systems,75.1,Digital Logic & Design,71.0,Computer Networks,70.8,microcontroller|gpio|iot|sensor|wireless|arduino|esp32|mqtt|bluetooth
ML,3,2,Data Science & Analytics|Artificial Intelligence & Machine Learning|Cloud & Distributed Systems,Database Management Systems,100.0,Data Structures and Algorithms,93.2,Full Stack Development,89.00582492816118,Java,88.2,Design & Analysis of Algorithms,86.6,sklearn|kubernetes|numpy|classification|machine learning|pytorch|pandas|regression|cloud|python
DWM,1,1,Data Science & Analytics,Database Management Systems,73.7,Operating Systems,71.2,Cryptography & Network Security,69.4,Python,69.1,Data Structures and Algorithms,68.7,data warehouse|mongodb|postgresql|data mining|analytics|sql|python
ML,3,2,Data Science & Analytics|Artificial Intelligence & Machine Learning|Network & Wireless Systems,Full Stack Development,75.2,Computer Networks,69.5,Data Structures and Algorithms,63.2,Python,62.6,Artificial Intelligence,58.6,sklearn|tensorflow|keras|deep learning|pytorch|regression
DWM,2,2,Data Science & Analytics|Cloud & Distributed Systems,C++,84.5,Software Engineering,82.4,Python,80.5,Full Stack Development,76.8,Engineering Mathematics-III,72.9,power bi|mongodb|dashboard|etl|data mining|analytics|sql
WT,2,4,Mobile & IoT Development|Network & Wireless Systems,Engineering Mathematics-IV,46.9,Java,44.5,IoT,33.5,Python,29.873841008093784,Computer Networks,26.5,microcontroller|gpio|iot|embedded|wireless|esp32|arduino|neural network|raspberry pi|mqtt
CCS,2,2,Cloud & Distributed Systems|Network & Wireless Systems,Digital Logic & Design,90.0,Full Stack Development,79.0,Engineering Mathematics-III,71.9,Computer Networks,70.9,Software Engineering,70.0,node|kubernetes|docker|serverless|react|terraform|bluetooth
DWM,1,2,Data Science & Analytics,Artificial Intelligence,53.3,Data Structures and Algorithms,51.2,Software Engineering,49.0,Engineering Mathematics-IV,45.2,Computer Networks,43.2,machine learning|data warehouse|dashboard|mongodb|etl|data mining|analytics|tableau
CCS,2,2,Web Development|Cloud & Distributed Systems,C++,68.7,Data Structures and Algorithms,63.60162365458963,Database Management Systems,53.59996374161663,Java,50.3,IoT,49.0,node|kubernetes|azure|aws|devops|terraform
DWM,2,2,Data Science & Analytics|Cloud & Distributed Systems,Database Management Systems,91.9,Software Engineering,72.6,Engineering Mathematics-IV,66.3,Design & Analysis of Algorithms,64.1,Operating Systems,58.0,power bi|microcontroller|mongodb|dashboard|postgresql|data mining|analytics|sql|mqtt|tableau
WT,3,4,Network & Wireless Systems|Mobile & IoT Development|Cloud & Distributed Systems,Computer Networks,56.4,Design & Analysis of Algorithms,56.1,C++,55.1,Database Management Systems,54.2,Cryptography & Network Security,54.1,microcontroller|gpio|iot|sensor|embedded|esp32|arduino|wireless|raspberry pi|mqtt
WT,2,4,Mobile & IoT Development|Cloud & Distributed Systems,Java,100.0,Automata Theory,100.0,Design & Analysis of Algorithms,100.0,Full Stack Development,100.0,IoT,100.0,microcontroller|gpio|sensor|iot|embedded|wireless|arduino|raspberry pi|mqtt|bluetooth
CCS,3,1,Cloud & Distributed Systems|Web Development|Data Science & Analytics,Full Stack Development,62.4,Cryptography & Network Security,55.4,Software Engineering,54.8,Operating Systems,54.4,Engineering Mathematics-III,52.7,kubernetes|ci/cd|terraform|fullstack
WT,1,2,Mobile & IoT Development,Java,51.3,Cryptography & Network Security,50.5,Engineering Mathematics-IV,45.9,Design & Analysis of Algorithms,44.8,Data Structures and Algorithms,41.6,microcontroller|gpio|iot|sensor|wireless|arduino|raspberry pi
ML,2,2,Artificial Intelligence & Machine Learning|Data Science & Analytics,Data Structures and Algorithms,82.0,Artificial Intelligence,81.4,Cryptography & Network Security,80.6,Python,77.2,Computer Networks,77.0,sklearn|numpy|deep learning|keras
ML,2,2,Artificial Intelligence & Machine Learning|Data Science & Analytics,Cryptography & Network Security,40.9,Data Structures and Algorithms,37.8,C++,33.7,Operating Systems,33.3,Python,30.1,sklearn|numpy|keras|deep learning|regression|python|tableau
DWM,3,1,Data Science & Analytics|Web Development|Cloud & Distributed Systems,Python,96.38716513150291,Artificial Intelligence,88.75000145732642,Engineering Mathematics-III,77.3,IoT,75.6,Operating Systems,74.7,power bi|data warehouse|postgresql|etl|sql
DWM,2,3,Data Science & Analytics|Artificial Intelligence & Machine Learning,Computer Networks,98.29888338898276,Operating Systems,66.7,Software Engineering,64.7,Java,53.7,Python,52.4,data warehouse|dashboard|embedded|postgresql|etl|data mining|sql|analytics
CCS,2,1,Cloud & Distributed Systems|Web Development,Software Engineering,51.4,C++,50.4,Microcontroller & Embedded Systems,43.9,Engineering Mathematics-IV,43.2,Python,42.9,terraform|react
ML,2,2,Artificial Intelligence & Machine Learning|Data Science & Analytics,Computer Networks,89.13828006284865,C++,87.1,Microcontroller & Embedded Systems,86.09682848639491,Artificial Intelligence,84.2,Python,83.8,neural network|postgresql|keras|deep learning|pytorch|regression|python|nlp
WT,2,3,Network & Wireless Systems|Cloud & Distributed Systems,Engineering Mathematics-IV,100.0,Operating Systems,100.0,Data Structures and Algorithms,97.4,Java,97.3,Computer Networks,96.4,microcontroller|gpio|react|iot|sensor|embedded|wireless|arduino|esp32|serverless
CCS,1,3,Cloud & Distributed Systems,Full Stack Development,58.1,Engineering Mathematics-III,54.6,Operating Systems,48.5,Computer Networks,44.4,Data Structures and Algorithms,44.2,node|kubernetes|microcontroller|ci/cd|azure|aws|devops|serverless|fullstack|terraform
ML,2,2,Artificial Intelligence & Machine Learning|Data Science & Analytics,Engineering Mathematics-III,82.7,Artificial Intelligence,81.0,Cryptography & Network Security,79.4,Design & Analysis of Algorithms,76.5,IoT,76.4,sklearn|machine learning|tensorflow|pandas|keras|devops|deep learning
DWM,1,2,Data Science & Analytics,Python,88.7,Automata Theory,85.5,C++,81.5,Software Engineering,80.2,Cryptography & Network Security,80.0,power bi|mongodb|dashboard|postgresql|data mining|analytics|sql|tableau
WT,1,4,Network & Wireless Systems,Database Management Systems,85.778939105645,Computer Networks,84.2,Engineering Mathematics-III,78.8,Digital Logic & Design,73.7,Automata Theory,72.7,microcontroller|gpio|iot|embedded|bluetooth|esp32|wireless|serverless|arduino|raspberry pi
ML,2,1,Data Science & Analytics|Artificial Intelligence & Machine Learning,Artificial Intelligence,94.5,Design & Analysis of Algorithms,86.5,C++,85.1,Database Management Systems,83.8,Automata Theory,80.7,numpy|neural network|tensorflow|esp32|deep learning|pytorch|nlp
DWM,2,2,Data Science & Analytics|Web Development,Engineering Mathematics-IV,94.0,Engineering Mathematics-III,85.3,Database Management Systems,72.5,Automata Theory,68.0,C++,67.8,ci/cd|data warehouse|dashboard|etl|sql
DWM,1,2,Data Science & Analytics,Python,70.05999700811738,Artificial Intelligence,55.23788191763117,Java,54.1,Database Management Systems,53.3,Cryptography & Network Security,53.3,data warehouse|data mining|postgresql|sql
WT,1,3,Network & Wireless Systems,Design & Analysis of Algorithms,100.0,Digital Logic & Design,99.7,Computer Networks,94.37554594497618,Microcontroller & Embedded Systems,90.1,Operating Systems,88.8,microcontroller|gpio|sensor|iot|embedded|esp32|wireless|arduino|raspberry pi|mqtt
WT,3,2,Network & Wireless Systems|Mobile & IoT Development|Data Science & Analytics,Operating Systems,83.8,Digital Logic & Design,83.3,Engineering Mathematics-III,83.2,Data Structures and Algorithms,82.40390637825631,Automata Theory,78.9,microcontroller|gpio|sensor|embedded|wireless|esp32|raspberry pi
WT,2,3,Mobile & IoT Development|Cloud & Distributed Systems,Full Stack Development,72.7,Database Management Systems,69.3,Data Structures and Algorithms,63.1,Design & Analysis of Algorithms,58.6,C++,58.2,microcontroller|gpio|iot|sensor|embedded|wireless|arduino|raspberry pi|mqtt|bluetooth
WT,1,1,Mobile & IoT Development,IoT,100.0,Operating Systems,99.2,Cryptography & Network Security,97.9,Design & Analysis of Algorithms,96.3,C++,94.4,iot|sensor|embedded|wireless|regression|raspberry pi|mqtt
ML,2,2,Artificial Intelligence & Machine Learning|Data Science & Analytics,C++,73.3,Software Engineering,71.5,Full Stack Development,68.6,Python,62.9,Automata Theory,62.1,neural network|machine learning|keras|regression|nlp
CCS,3,3,Cloud & Distributed Systems|Web Development|Artificial Intelligence & Machine Learning,Operating Systems,91.8,Full Stack Development,80.9,Python,80.1,Computer Networks,71.1,Automata Theory,66.4,node|kubernetes|ci/cd|docker|aws|devops|serverless|react|cloud|terraform
ML,1,3,Artificial Intelligence & Machine Learning,Artificial Intelligence,95.8,Engineering Mathematics-III,84.6,Full Stack Development,84.1,Database Management Systems,78.6,Python,73.8,sklearn|numpy|classification|gpio|machine learning|neural network|tensorflow|pandas|deep learning|regression
CCS,3,3,Cloud & Distributed Systems|Web Development|Artificial Intelligence & Machine Learning,Operating Systems,43.0,Software Engineering,39.3,Java,39.1,Engineering Mathematics-IV,38.3,Computer Networks,37.3,kubernetes|react|ci/cd|iot|aws|devops|fullstack|cloud|terraform
CCS,3,2,Web Development|Network & Wireless Systems|Artificial Intelligence & Machine Learning,Software Engineering,56.6,Full Stack Development,51.7,Data Structures and Algorithms,44.9,Engineering Mathematics-IV,42.8,Computer Networks,38.2,node|kubernetes|ci/cd|docker|azure|aws|serverless|cloud|terraform
CCS,2,0,Web Development|Cloud & Distributed Systems,Operating Systems,84.0,Data Structures and Algorithms,78.8,Python,73.8,Software Engineering,69.1,Full Stack Development,62.5,
ML,3,2,Artificial Intelligence & Machine Learning|Data Science & Analytics|Cloud & Distributed Systems,Full Stack Development,100.0,Artificial Intelligence,98.8,Engineering Mathematics-IV,92.4,Design & Analysis of Algorithms,82.5,Database Management Systems,72.9,machine learning|tensorflow|pandas|deep learning|neural network|python
WT,2,2,Mobile & IoT Development|Network & Wireless Systems,Engineering Mathematics-III,62.2,Database Management Systems,59.7,C++,45.6,Full Stack Development,43.6,Software Engineering,39.1,microcontroller|gpio|mongodb|iot|esp32|wireless|arduino|pytorch
DWM,2,1,Data Science & Analytics|Artificial Intelligence & Machine Learning,Python,81.8,Automata Theory,71.5,Computer Networks,68.1,Java,64.1,Full Stack Development,63.5,dashboard|sql|postgresql|analytics
ML,2,2,Artificial Intelligence & Machine Learning|Data Science & Analytics,Python,48.3,Database Management Systems,46.8,Design & Analysis of Algorithms,42.7,Engineering Mathematics-IV,41.7,C++,37.5,sklearn|classification|machine learning|tensorflow|keras|deep learning|nlp
CCS,2,1,Cloud & Distributed Systems|Web Development,Engineering Mathematics-III,67.1,Full Stack Development,61.9,Database Management Systems,59.9,Engineering Mathematics-IV,55.4,Operating Systems,52.3,ci/cd|azure|serverless|fullstack|cloud|terraform
CCS,1,3,Web Development,Engineering Mathematics-III,56.8,C++,54.7,Java,54.7,Design & Analysis of Algorithms,50.9,Full Stack Development,48.3,node|kubernetes|ci/cd|docker|fullstack|aws|serverless|react|cloud
WT,1,4,Mobile & IoT Development,Digital Logic & Design,78.0,Microcontroller & Embedded Systems,74.0,Computer Networks,73.5,Design & Analysis of Algorithms,73.4,Software Engineering,71.6,microcontroller|iot|embedded|esp32|wireless|raspberry pi|mqtt|bluetooth
CCS,3,4,Web Development|Cloud & Distributed Systems|Data Science & Analytics,Engineering Mathematics-III,100.0,Database Management Systems,100.0,Full Stack Development,100.0,Computer Networks,99.3,Microcontroller & Embedded Systems,98.6,node|kubernetes|ci/cd|docker|fullstack|azure|aws|devops|wireless|serverless
ML,3,4,Artificial Intelligence & Machine Learning|Data Science & Analytics|Cloud & Distributed Systems,Computer Networks,59.9,Artificial Intelligence,54.5,Database Management Systems,54.02192781240666,Data Structures and Algorithms,46.08492916058738,Engineering Mathematics-III,45.6,sklearn|numpy|machine learning|pytorch|tensorflow|pandas|postgresql|keras|deep learning|neural network
ML,1,1,Artificial Intelligence & Machine Learning,Python,63.9,Database Management Systems,63.8,Digital Logic & Design,63.1,Operating Systems,58.6,Full Stack Development,56.73924612611724,docker|tensorflow|classification
DWM,2,3,Data Science & Analytics|Artificial Intelligence & Machine Learning,C++,83.9,Data Structures and Algorithms,82.0,Database Management Systems,81.5,Computer Networks,79.9,Python,78.4,microcontroller|mongodb|data warehouse|dashboard|postgresql|etl|data mining|sql|analytics|terraform
ML,3,2,Artificial Intelligence & Machine Learning|Data Science & Analytics|Cloud & Distributed Systems,C++,63.0,Data Structures and Algorithms,58.9,Database Management Systems,57.1,Java,57.0,Engineering Mathematics-III,56.8,sklearn|neural network|machine learning|pandas|pytorch|regression|nlp
ML,2,3,Data Science & Analytics|Artificial Intelligence & Machine Learning,Operating Systems,62.1,Python,57.6,Artificial Intelligence,47.6,Database Management Systems,45.5,Design & Analysis of Algorithms,37.1,sklearn|classification|machine learning|pandas|deep learning|neural network|tableau
DWM,2,1,Data Science & Analytics|Cloud & Distributed Systems,Java,84.8,Data Structures and Algorithms,79.4,Full Stack Development,71.7,Digital Logic & Design,67.3,Cryptography & Network Security,64.8,power bi|node|mongodb|data warehouse|analytics
ML,2,2,Artificial Intelligence & Machine Learning|Data Science & Analytics,Computer Networks,70.7,Engineering Mathematics-III,69.3,Engineering Mathematics-IV,68.8,Database Management Systems,65.5,Java,62.3,machine learning|tensorflow|docker|keras|wireless|regression|nlp
ML,2,3,Artificial Intelligence & Machine Learning|Cloud & Distributed Systems,Design & Analysis of Algorithms,90.9,C++,83.3,Automata Theory,82.5,Software Engineering,79.0,Java,79.0,sklearn|numpy|classification|machine learning|tensorflow|pandas|keras|wireless|deep learning|pytorch
WT,3,2,Mobile & IoT Development|Network & Wireless Systems|Cloud & Distributed Systems,Operating Systems,57.9,IoT,45.9,Computer Networks,42.0,C++,41.8,Database Management Systems,39.8,microcontroller|gpio|cloud|iot|sensor|embedded|raspberry pi|mqtt|bluetooth
WT,3,2,Mobile & IoT Development|Network & Wireless Systems|Cloud & Distributed Systems,Microcontroller & Embedded Systems,89.5,Operating Systems,78.8,Computer Networks,72.6,Data Structures and Algorithms,72.0,Automata Theory,71.4,gpio|sensor|iot|wireless|arduino|raspberry pi|mqtt
WT,2,3,Network & Wireless Systems|Cloud & Distributed Systems,IoT,57.9,Java,52.5,Automata Theory,52.5,Software Engineering,49.6,Operating Systems,39.5,microcontroller|classification|gpio|embedded|etl|esp32|wireless|arduino|raspberry pi|mqtt
DWM,1,3,Data Science & Analytics,Digital Logic & Design,74.2,Automata Theory,67.7,Data Structures and Algorithms,67.2,C++,67.0,Engineering Mathematics-IV,66.7,microcontroller|ci/cd|data warehouse|dashboard|mongodb|postgresql|etl|data mining|analytics|sql
WT,2,2,Network & Wireless Systems|Mobile & IoT Development,IoT,60.9,Engineering Mathematics-III,58.4,Operating Systems,54.9,Engineering Mathematics-IV,52.7,Java,51.3,iot|sensor|esp32|wireless|arduino|bluetooth
CCS,3,2,Web Development|Cloud & Distributed Systems|Network & Wireless Systems,Design & Analysis of Algorithms,77.6,Python,74.9,Engineering Mathematics-III,70.4,Computer Networks,66.5,Cryptography & Network Security,58.9,kubernetes|docker|fullstack|devops|react|cloud
DWM,1,3,Data Science & Analytics,Automata Theory,93.2,Operating Systems,91.7,Database Management Systems,87.6,Cryptography & Network Security,84.8,Software Engineering,84.1,power bi|data warehouse|postgresql|etl|data mining|analytics|sql|tableau
ML,3,0,Artificial Intelligence & Machine Learning|Data Science & Analytics|Network & Wireless Systems,Design & Analysis of Algorithms,41.5,Artificial Intelligence,38.9,C++,30.7,Engineering Mathematics-IV,26.2,Data Structures and Algorithms,21.2,
ML,2,2,Data Science & Analytics|Web Development,Python,40.8,Data Structures and Algorithms,37.8,Computer Networks,36.11850250258423,Artificial Intelligence,33.9,Engineering Mathematics-IV,21.9,sklearn|machine learning|mongodb|pandas|deep learning|pytorch|regression|nlp
CCS,2,4,Cloud & Distributed Systems|Data Science & Analytics,Operating Systems,67.1,Python,61.6,Full Stack Development,61.6,Computer Networks,60.5,Digital Logic & Design,59.3,sklearn|kubernetes|node|ci/cd|fullstack|azure|aws|serverless|react|pytorch
DWM,1,3,Data Science & Analytics,Database Management Systems,94.5,Automata Theory,93.7,Microcontroller & Embedded Systems,88.98133881978336,Data Structures and Algorithms,87.4,Java,85.2,power bi|mongodb|dashboard|data warehouse|postgresql|data mining|sql|analytics|pytorch|tableau
DWM,2,2,Data Science & Analytics|Web Development,Database Management Systems,87.7,Automata Theory,87.5,Data Structures and Algorithms,85.7,Artificial Intelligence,82.1,Engineering Mathematics-III,81.4,machine learning|postgresql|analytics|fullstack|sql
DWM,1,4,Data Science & Analytics,Operating Systems,94.2,Artificial Intelligence,80.3,Automata Theory,75.1,Data Structures and Algorithms,73.6,Database Management Systems,72.3,power bi|node|data warehouse|dashboard|mongodb|postgresql|etl|data mining|bluetooth|sql
ML,2,2,Artificial Intelligence & Machine Learning|Data Science & Analytics,Data Structures and Algorithms,62.0,Python,58.2,Artificial Intelligence,57.2,Cryptography & Network Security,53.7,Automata Theory,53.0,power bi|numpy|neural network|classification|machine learning|tensorflow|serverless|regression|nlp
WT,4,2,Mobile & IoT Development|Network & Wireless Systems|Cloud & Distributed Systems|Data Science & Analytics,Full Stack Development,74.9,Python,70.6,Microcontroller & Embedded Systems,68.7,Computer Networks,67.4,Operating Systems,63.6,microcontroller|gpio|iot|sensor|azure|esp32|arduino|wireless|raspberry pi|bluetooth
ML,3,3,Data Science & Analytics|Artificial Intelligence & Machine Learning|Web Development,Full Stack Development,90.8,Software Engineering,87.3,Database Management Systems,84.28831069035436,Automata Theory,84.0,Python,83.8,sklearn|numpy|classification|pandas|tensorflow|keras|data mining|neural network|regression|python
ML,3,2,Data Science & Analytics|Artificial Intelligence & Machine Learning|Cloud & Distributed Systems,Cryptography & Network Security,43.3,Data Structures and Algorithms,40.5,Microcontroller & Embedded Systems,40.12541045060608,Artificial Intelligence,39.0,Software Engineering,36.5,sklearn|numpy|machine learning|tensorflow|deep learning|pytorch|nlp
WT,2,3,Network & Wireless Systems|Mobile & IoT Development,IoT,74.1,Database Management Systems,70.80469879033144,Digital Logic & Design,66.4,Java,62.3,Automata Theory,57.3,microcontroller|gpio|iot|wireless|arduino|esp32|raspberry pi|mqtt|bluetooth
WT,3,3,Mobile & IoT Development|Network & Wireless Systems|Data Science & Analytics,Microcontroller & Embedded Systems,70.9,Python,70.4,Database Management Systems,63.5,Computer Networks,61.4,Full Stack Development,59.2,microcontroller|gpio|iot|sensor|embedded|esp32|arduino|raspberry pi|mqtt
ML,2,2,Data Science & Analytics|Network & Wireless Systems,Microcontroller & Embedded Systems,67.8,Artificial Intelligence,63.7,Database Management Systems,57.5,Cryptography & Network Security,57.2,Full Stack Development,53.1,sklearn|numpy|classification|machine learning|pandas|tensorflow|keras|aws|neural network
ML,2,1,Artificial Intelligence & Machine Learning|Web Development,Artificial Intelligence,79.7,Cryptography & Network Security,75.9,Computer Networks,62.029042426229154,Design & Analysis of Algorithms,58.4,Engineering Mathematics-III,56.8,numpy|classification|nlp
WT,3,4,Mobile & IoT Development|Network & Wireless Systems|Cloud & Distributed Systems,Engineering Mathematics-IV,92.2,Microcontroller & Embedded Systems,73.9,Data Structures and Algorithms,70.0,Digital Logic & Design,68.7,Computer Networks,68.4,microcontroller|ci/cd|iot|sensor|embedded|wireless|arduino|esp32|analytics|raspberry pi
ML,2,1,Data Science & Analytics|Artificial Intelligence & Machine Learning,Data Structures and Algorithms,53.7,Artificial Intelligence,46.8,Database Management Systems,46.3,Software Engineering,40.4,Digital Logic & Design,40.1,numpy|pytorch|tensorflow|neural network|regression
CCS,2,1,Cloud & Distributed Systems|Web Development,C++,89.0,Engineering Mathematics-III,88.8,Engineering Mathematics-IV,88.5,Computer Networks,83.3,Design & Analysis of Algorithms,82.4,azure|aws|serverless|react
WT,1,1,Network & Wireless Systems,IoT,92.6,Artificial Intelligence,84.6,Computer Networks,83.0,Design & Analysis of Algorithms,79.3,Digital Logic & Design,75.7,arduino|bluetooth
CCS,2,2,Cloud & Distributed Systems|Data Science & Analytics,Computer Networks,75.5,Design & Analysis of Algorithms,72.8,Cryptography & Network Security,65.8,Microcontroller & Embedded Systems,60.3,C++,54.5,node|kubernetes|ci/cd|fullstack|azure|aws|data mining|devops|serverless|react
CCS,1,3,Web Development,Engineering Mathematics-IV,93.4,Engineering Mathematics-III,76.3,Cryptography & Network Security,76.1,Data Structures and Algorithms,74.7,C++,72.6,node|kubernetes|ci/cd|dashboard|docker|aws|devops|react|cloud
WT,3,2,Network & Wireless Systems|Mobile & IoT Development|Data Science & Analytics,Computer Networks,79.7,Operating Systems,74.9,Digital Logic & Design,72.3,Cryptography & Network Security,71.7,C++,70.0,iot|sensor|embedded|wireless|arduino|raspberry pi|mqtt|terraform|bluetooth
CCS,1,0,Cloud & Distributed Systems,Full Stack Development,96.9,Software Engineering,89.8,Python,88.0,Design & Analysis of Algorithms,83.9,Java,81.1,
CCS,1,2,Web Development,Java,85.8,Computer Networks,83.8,Engineering Mathematics-III,77.9,Digital Logic & Design,77.8,Software Engineering,77.6,node|azure|aws|devops|react|terraform
CCS,3,1,Cloud & Distributed Systems|Web Development|Artificial Intelligence & Machine Learning,Database Management Systems,51.6,Data Structures and Algorithms,41.5,Engineering Mathematics-IV,40.8,Software Engineering,38.0,Microcontroller & Embedded Systems,37.1,fullstack|ci/cd
CCS,3,2,Cloud & Distributed Systems|Web Development|Data Science & Analytics,Full Stack Development,56.9,Operating Systems,55.8,Automata Theory,52.9,Microcontroller & Embedded Systems,47.3,Python,43.3,node|gpio|mongodb|docker|azure|aws|devops|serverless|fullstack|terraform
WT,2,2,Network & Wireless Systems|Mobile & IoT Development,Microcontroller & Embedded Systems,57.4,Operating Systems,55.8,Automata Theory,54.7,IoT,52.7,Digital Logic & Design,52.4,ci/cd|sensor|iot|embedded|esp32|wireless|analytics|raspberry pi
ML,1,1,Artificial Intelligence & Machine Learning,Data Structures and Algorithms,80.4,Software Engineering,65.0,Artificial Intelligence,64.0,Engineering Mathematics-IV,59.6,Python,58.0,pandas|keras
ML,2,2,Data Science & Analytics|Artificial Intelligence & Machine Learning,Software Engineering,86.7,Python,75.0,Data Structures and Algorithms,71.7,Cryptography & Network Security,68.5,C++,68.2,classification|tensorflow|keras|deep learning|neural network|nlp
CCS,1,4,Cloud & Distributed Systems,Computer Networks,63.1,Full Stack Development,62.5,Design & Analysis of Algorithms,62.0,IoT,59.4,Digital Logic & Design,47.2,node|kubernetes|microcontroller|mongodb|pandas|docker|fullstack|azure|aws|devops
DWM,1,1,Data Science & Analytics,Design & Analysis of Algorithms,79.2,Java,78.9,Database Management Systems,75.4,Data Structures and Algorithms,72.4,Operating Systems,71.0,power bi|mongodb|dashboard|etl|data mining|analytics
CCS,2,1,Web Development|Cloud & Distributed Systems,Database Management Systems,73.0,Design & Analysis of Algorithms,72.7,Full Stack Development,72.5,Digital Logic & Design,72.3,Automata Theory,67.7,node|fullstack
CCS,3,2,Web Development|Cloud & Distributed Systems|Artificial Intelligence & Machine Learning,Software Engineering,79.2,Operating Systems,73.1,Microcontroller & Embedded Systems,72.2,Full Stack Development,72.1,Database Management Systems,71.8,react|ci/cd|azure|devops|serverless|fullstack|regression|terraform
WT,2,1,Web Development|Network & Wireless Systems,Database Management Systems,59.4,Java,59.0,C++,51.6,Artificial Intelligence,48.7,Python,47.0,microcontroller|mqtt|bluetooth
ML,2,1,Data Science & Analytics|Cloud & Distributed Systems,Engineering Mathematics-III,69.1,Engineering Mathematics-IV,65.3,Operating Systems,59.5,Cryptography & Network Security,59.2,Software Engineering,50.3,keras|deep learning|machine learning|nlp
DWM,1,4,Data Science & Analytics,Database Management Systems,65.1,Python,56.8,Engineering Mathematics-IV,50.8,Computer Networks,44.5,IoT,35.0,node|power bi|data warehouse|mongodb|postgresql|data mining|analytics|sql|neural network|tableau
ML,3,1,Artificial Intelligence & Machine Learning|Data Science & Analytics|Cloud & Distributed Systems,Database Management Systems,44.79337437202605,Computer Networks,43.5,Digital Logic & Design,37.1,C++,31.7,Artificial Intelligence,28.5,sklearn|numpy|classification|neural network|pandas|regression
DWM,1,2,Data Science & Analytics,Python,89.8,Full Stack Development,80.10234162583241,Artificial Intelligence,80.1,Operating Systems,75.4,Computer Networks,74.90739481575197,mongodb|data warehouse|postgresql|etl|sql|tableau
ML,1,2,Data Science & Analytics,Engineering Mathematics-III,84.8,Python,74.0,Automata Theory,66.1,Engineering Mathematics-IV,65.5,Design & Analysis of Algorithms,53.0,kubernetes|numpy|classification|machine learning|pandas|tensorflow|keras|deep learning|pytorch|python
WT,1,3,Mobile & IoT Development,Digital Logic & Design,56.6,Engineering Mathematics-III,47.8,Full Stack Development,45.3,Cryptography & Network Security,38.2,Microcontroller & Embedded Systems,38.1,node|microcontroller|gpio|sensor|esp32|arduino|wireless|raspberry pi|mqtt
ML,2,3,Data Science & Analytics|Web Development,Python,62.9,Microcontroller & Embedded Systems,47.4,Artificial Intelligence,42.7,Data Structures and Algorithms,39.9,Software Engineering,37.6,sklearn|numpy|classification|pytorch|pandas|nlp|keras|deep learning|neural network|regression
ML,1,2,Data Science & Analytics,Cryptography & Network Security,92.1,Data Structures and Algorithms,85.5,Engineering Mathematics-IV,84.6,Database Management Systems,83.5,Artificial Intelligence,82.5,sklearn|numpy|classification|pytorch|tensorflow|pandas|keras|regression|mqtt|python
WT,2,2,Network & Wireless Systems|Cloud & Distributed Systems,C++,64.4,Engineering Mathematics-IV,51.7,IoT,49.7,Operating Systems,43.8,Cryptography & Network Security,43.5,microcontroller|gpio|sensor|iot|embedded|wireless|arduino|raspberry pi|bluetooth
CCS,3,4,Cloud & Distributed Systems|Web Development|Data Science & Analytics,Computer Networks,87.7,Artificial Intelligence,75.8,Database Management Systems,75.4,Software Engineering,75.1,Data Structures and Algorithms,72.6,node|kubernetes|power bi|ci/cd|dashboard|docker|azure|aws|devops|fullstack
CCS,2,2,Web Development|Data Science & Analytics,Artificial Intelligence,90.3,Computer Networks,89.1,Operating Systems,87.4,Automata Theory,87.0,Software Engineering,86.7,ci/cd|docker|aws|devops|serverless|react|cloud
ML,2,2,Data Science & Analytics|Artificial Intelligence & Machine Learning,Engineering Mathematics-IV,70.8,Software Engineering,67.8,Engineering Mathematics-III,59.7,Java,57.7,Python,54.6,sklearn|classification|machine learning|tensorflow|pandas|aws|deep learning|pytorch|python
DWM,1,2,Data Science & Analytics,Engineering Mathematics-III,93.7,Full Stack Development,79.9,Database Management Systems,79.4,Digital Logic & Design,72.3,Computer Networks,72.2,mongodb|postgresql|data mining|analytics|neural network|tableau
ML,2,2,Data Science & Analytics|Artificial Intelligence & Machine Learning,Data Structures and Algorithms,85.00206904500274,Database Management Systems,82.34480065222037,Engineering Mathematics-IV,69.9,Engineering Mathematics-III,66.7,Design & Analysis of Algorithms,56.7,sklearn|pandas|tensorflow|keras|regression|python
CCS,2,1,Web Development|Data Science & Analytics,Operating Systems,89.3,Cryptography & Network Security,85.7,Computer Networks,76.1,Database Management Systems,74.4,Microcontroller & Embedded Systems,72.0,node|docker
CCS,1,1,Cloud & Distributed Systems,Data Structures and Algorithms,92.2,Operating Systems,79.9,Digital Logic & Design,74.8,Software Engineering,72.2,Computer Networks,71.9,node|react|aws|fullstack|terraform
CCS,2,2,Web Development|Network & Wireless Systems,Computer Networks,44.7,Python,42.9,Software Engineering,38.9,Data Structures and Algorithms,36.7,Cryptography & Network Security,36.4,node|kubernetes|azure|devops|serverless|fullstack|terraform
WT,3,0,Network & Wireless Systems|Mobile & IoT Development|Cloud & Distributed Systems,Computer Networks,97.6,Digital Logic & Design,96.7,Design & Analysis of Algorithms,91.4,Engineering Mathematics-IV,91.2,Data Structures and Algorithms,91.0,
CCS,5,1,Data Science & Analytics|Web Development|Artificial Intelligence & Machine Learning|Network & Wireless Systems|Cloud & Distributed Systems,Microcontroller & Embedded Systems,73.37564787644806,Software Engineering,69.6,Operating Systems,65.5,Full Stack Development,62.4,Data Structures and Algorithms,58.2,ci/cd|docker|azure|terraform|tableau
DWM,2,3,Data Science & Analytics|Web Development,C++,54.7,Cryptography & Network Security,45.5,Engineering Mathematics-III,39.4,Full Stack Development,36.4,Microcontroller & Embedded Systems,35.3,power bi|data warehouse|mongodb|postgresql|etl|data mining|analytics|sql|cloud|terraform
CCS,2,2,Cloud & Distributed Systems|Web Development,Java,82.7,Full Stack Development,76.8,Microcontroller & Embedded Systems,71.1,C++,69.3,Database Management Systems,67.8,node|numpy|iot|docker|aws|fullstack|cloud|terraform
WT,3,3,Network & Wireless Systems|Mobile & IoT Development|Data Science & Analytics,Cryptography & Network Security,71.5,Microcontroller & Embedded Systems,65.5,Java,63.9,C++,61.4,Artificial Intelligence,61.2,gpio|iot|embedded|data mining|esp32|arduino|wireless|raspberry pi|mqtt|bluetooth
ML,2,1,Artificial Intelligence & Machine Learning|Data Science & Analytics,Software Engineering,91.5,Cryptography & Network Security,90.0,Java,89.7,Engineering Mathematics-III,86.1,Microcontroller & Embedded Systems,83.9,numpy|neural network|classification|pandas|keras|pytorch
CCS,3,2,Cloud & Distributed Systems|Web Development|Network & Wireless Systems,Cryptography & Network Security,85.8,Java,82.2,Operating Systems,80.2,Database Management Systems,79.8,Digital Logic & Design,74.0,kubernetes|react|docker|azure|data mining|devops|serverless|wireless|fullstack|cloud
DWM,1,1,Data Science & Analytics,Java,78.7,Python,76.3,Full Stack Development,74.0,Cryptography & Network Security,73.8,Computer Networks,73.5,power bi|etl
DWM,2,3,Data Science & Analytics|Web Development,Full Stack Development,66.9,Engineering Mathematics-IV,63.7,IoT,61.3,Python,56.1,Artificial Intelligence,55.6,numpy|mongodb|postgresql|etl|data mining|analytics|sql|tableau
WT,3,1,Cloud & Distributed Systems|Network & Wireless Systems|Mobile & IoT Development,Digital Logic & Design,69.4,Cryptography & Network Security,65.5,Design & Analysis of Algorithms,64.7,C++,62.3,IoT,59.7,sensor|embedded|wireless|arduino|esp32|serverless|mqtt
ML,1,2,Artificial Intelligence & Machine Learning,Artificial Intelligence,66.1,Data Structures and Algorithms,54.94771698430178,Database Management Systems,48.0341188024661,Computer Networks,44.6,Design & Analysis of Algorithms,43.3,classification|machine learning|tensorflow|keras|regression
CCS,1,4,Web Development,Database Management Systems,46.3,Cryptography & Network Security,42.8,Software Engineering,39.0,Design & Analysis of Algorithms,31.2,Java,30.2,node|kubernetes|ci/cd|docker|fullstack|azure|aws|devops|serverless|react
CCS,2,2,Cloud & Distributed Systems|Web Development,Database Management Systems,72.8,Python,59.4,Java,58.0,Microcontroller & Embedded Systems,57.4,Software Engineering,57.2,sklearn|kubernetes|aws|devops|serverless|react|terraform
CCS,1,1,Web Development,Engineering Mathematics-IV,95.8,Engineering Mathematics-III,75.2,Automata Theory,73.5,Data Structures and Algorithms,70.3,Database Management Systems,66.3,node|docker|serverless|ci/cd
ML,2,1,Artificial Intelligence & Machine Learning|Cloud & Distributed Systems,Cryptography & Network Security,87.7,Engineering Mathematics-III,87.6,Data Structures and Algorithms,82.9,Java,77.3,Python,74.2,sklearn|tensorflow|pandas|keras|regression
DWM,1,2,Data Science & Analytics,Design & Analysis of Algorithms,68.5,C++,53.0,Operating Systems,51.4,Digital Logic & Design,51.2,Engineering Mathematics-IV,49.5,mongodb|dashboard|data warehouse|postgresql|data mining|analytics|sql|tableau
WT,2,3,Network & Wireless Systems|Mobile & IoT Development,Digital Logic & Design,100.0,Microcontroller & Embedded Systems,100.0,Software Engineering,100.0,Python,100.0,IoT,100.0,microcontroller|gpio|sensor|iot|keras|wireless|esp32|arduino|raspberry pi|tableau
ML,2,2,Data Science & Analytics|Artificial Intelligence & Machine Learning,Artificial Intelligence,89.2,Operating Systems,87.0,Python,84.5,Cryptography & Network Security,84.4,Database Management Systems,84.2,sklearn|kubernetes|numpy|pytorch|tensorflow|pandas|keras|neural network|python|bluetooth
WT,2,2,Network & Wireless Systems|Mobile & IoT Development,Engineering Mathematics-III,100.0,Computer Networks,100.0,Design & Analysis of Algorithms,100.0,IoT,100.0,Database Management Systems,99.8,microcontroller|sensor|iot|embedded|esp32|mqtt
WT,3,4,Network & Wireless Systems|Mobile & IoT Development|Cloud & Distributed Systems,Artificial Intelligence,34.4,Digital Logic & Design,29.2,Microcontroller & Embedded Systems,26.2,Operating Systems,25.1,C++,24.5,microcontroller|gpio|sensor|iot|embedded|aws|esp32|wireless|raspberry pi|mqtt
ML,2,1,Artificial Intelligence & Machine Learning|Data Science & Analytics,Artificial Intelligence,89.8,Design & Analysis of Algorithms,77.9,Full Stack Development,72.09780743516029,Automata Theory,69.8,Python,67.3,regression|deep learning
ML,1,3,Data Science & Analytics,Python,88.3,C++,82.0,Engineering Mathematics-IV,79.7,Operating Systems,77.7,Full Stack Development,77.1,sklearn|numpy|classification|neural network|pandas|tensorflow|keras|azure|regression|nlp
WT,3,4,Network & Wireless Systems|Mobile & IoT Development|Cloud & Distributed Systems,Automata Theory,42.6,Engineering Mathematics-III,38.5,Digital Logic & Design,37.7,Java,34.9,Design & Analysis of Algorithms,34.5,gpio|iot|sensor|embedded|wireless|raspberry pi|mqtt|bluetooth
ML,2,2,Data Science & Analytics|Artificial Intelligence & Machine Learning,Engineering Mathematics-III,91.4,Automata Theory,90.0,Engineering Mathematics-IV,86.5,Design & Analysis of Algorithms,85.0,Data Structures and Algorithms,84.3,numpy|classification|pytorch|pandas|keras|deep learning|neural network|regression|python
WT,3,2,Network & Wireless Systems|Mobile & IoT Development|Cloud & Distributed Systems,IoT,77.6,Data Structures and Algorithms,73.2,Operating Systems,71.5,Engineering Mathematics-III,67.0,Computer Networks,66.0,gpio|iot|sensor|wireless|arduino|esp32|mqtt
ML,2,2,Data Science & Analytics|Artificial Intelligence & Machine Learning,Artificial Intelligence,82.0,Operating Systems,66.3,Python,60.4,Engineering Mathematics-III,59.5,Full Stack Development,59.4,sklearn|classification|tensorflow|analytics|deep learning|neural network|python|nlp
DWM,1,2,Data Science & Analytics,Database Management Systems,75.2,Design & Analysis of Algorithms,71.8,Data Structures and Algorithms,71.0,Cryptography & Network Security,69.5,Engineering Mathematics-IV,67.2,mongodb|dashboard|data warehouse|data mining|sql|analytics|cloud|tableau
ML,4,1,Data Science & Analytics|Artificial Intelligence & Machine Learning|Cloud & Distributed Systems|Network & Wireless Systems,Data Structures and Algorithms,75.2,Python,68.1,Microcontroller & Embedded Systems,62.8,Artificial Intelligence,62.8,Java,60.2,neural network|regression|machine learning
DWM,1,1,Data Science & Analytics,Cryptography & Network Security,61.3,Database Management Systems,57.7,Data Structures and Algorithms,55.5,Engineering Mathematics-IV,54.6,Automata Theory,49.8,mongodb|data warehouse|embedded|postgresql|analytics|tableau
WT,3,2,Network & Wireless Systems|Mobile & IoT Development|Cloud & Distributed Systems,C++,69.6,Automata Theory,69.6,IoT,66.3,Data Structures and Algorithms,64.5,Artificial Intelligence,64.1,microcontroller|gpio|sensor|iot|embedded
DWM,2,3,Data Science & Analytics|Web Development,Cryptography & Network Security,80.4,Database Management Systems,79.6,Software Engineering,66.4,Microcontroller & Embedded Systems,63.3,Java,61.2,power bi|mongodb|dashboard|data warehouse|postgresql|etl|data mining|analytics|sql
ML,3,2,Artificial Intelligence & Machine Learning|Data Science & Analytics|Web Development,C++,79.3,Java,79.1,Database Management Systems,72.1,Artificial Intelligence,66.0,Digital Logic & Design,65.8,sklearn|numpy|classification|gpio|tensorflow|pandas|fullstack|deep learning|pytorch|python
CCS,3,1,Web Development|Cloud & Distributed Systems|Data Science & Analytics,Computer Networks,73.1,Design & Analysis of Algorithms,68.7,Database Management Systems,65.6,Operating Systems,65.1,Cryptography & Network Security,62.6,regression|kubernetes|ci/cd
DWM,2,2,Data Science & Analytics|Web Development,Database Management Systems,65.3,Design & Analysis of Algorithms,47.9,Java,42.3,Data Structures and Algorithms,42.2,Python,41.4,power bi|mongodb|dashboard|postgresql|data mining|analytics|sql
WT,2,1,Network & Wireless Systems|Cloud & Distributed Systems,Artificial Intelligence,84.29788763410997,IoT,83.6,Python,79.70731495112592,C++,76.8,Digital Logic & Design,72.3,sensor|node|wireless|iot
WT,1,4,Network & Wireless Systems,Operating Systems,78.9,C++,76.4,Engineering Mathematics-III,71.8,Database Management Systems,71.8,Automata Theory,71.5,microcontroller|classification|gpio|iot|sensor|embedded|wireless|arduino|esp32|raspberry pi
ML,1,1,Artificial Intelligence & Machine Learning,Engineering Mathematics-IV,86.2,Full Stack Development,79.3,Data Structures and Algorithms,76.6,Python,75.8,C++,75.6,neural network|numpy
DWM,2,1,Web Development|Data Science & Analytics,Artificial Intelligence,79.8,Software Engineering,76.5,Python,71.8,Design & Analysis of Algorithms,66.7,Computer Networks,66.08534361154922,power bi|postgresql|sql|tableau
ML,2,2,Artificial Intelligence & Machine Learning|Data Science & Analytics,Python,93.6,Artificial Intelligence,93.1,Data Structures and Algorithms,86.1,Microcontroller & Embedded Systems,85.13551234059385,Java,83.9,node|numpy|classification|pandas|aws|python
WT,3,3,Mobile & IoT Development|Cloud & Distributed Systems|Data Science & Analytics,Engineering Mathematics-III,87.8,Microcontroller & Embedded Systems,82.6,C++,80.3,Computer Networks,80.2,Automata Theory,79.6,microcontroller|gpio|sensor|iot|embedded|esp32|wireless|raspberry pi|mqtt|bluetooth
WT,2,2,Mobile & IoT Development|Network & Wireless Systems,Engineering Mathematics-IV,100.0,Operating Systems,100.0,IoT,100.0,Computer Networks,96.9,Database Management Systems,95.1,microcontroller|classification|sensor|embedded|wireless|arduino
DWM,2,2,Data Science & Analytics|Cloud & Distributed Systems,Data Structures and Algorithms,55.8,Computer Networks,41.486804193392956,Operating Systems,40.7,Engineering Mathematics-IV,39.0,Database Management Systems,38.3,power bi|data warehouse|mongodb|postgresql|sql|fullstack|analytics
ML,3,3,Data Science & Analytics|Cloud & Distributed Systems|Network & Wireless Systems,Automata Theory,41.1,Software Engineering,31.7,Computer Networks,30.0,Java,24.9,Engineering Mathematics-IV,14.9,sklearn|classification|machine learning|mongodb|tensorflow|pandas|react|pytorch|nlp
ML,3,1,Data Science & Analytics|Artificial Intelligence & Machine Learning|Web Development,Engineering Mathematics-IV,100.0,Data Structures and Algorithms,100.0,Python,100.0,Artificial Intelligence,100.0,Cryptography & Network Security,100.0,classification|pytorch|pandas|neural network|python|nlp
DWM,2,2,Artificial Intelligence & Machine Learning|Data Science & Analytics,Data Structures and Algorithms,100.0,Computer Networks,73.2,Engineering Mathematics-IV,72.8,Python,64.0,C++,63.6,power bi|mongodb|data mining|sql|terraform|tableau
CCS,1,1,Cloud & Distributed Systems,Data Structures and Algorithms,97.4,Computer Networks,94.9,Java,93.4,Automata Theory,90.7,Python,86.9507114495907,node|kubernetes|azure|serverless|react|cloud
CCS,3,3,Cloud & Distributed Systems|Web Development|Data Science & Analytics,Digital Logic & Design,83.2,Software Engineering,80.8,Java,77.0,IoT,75.2,Computer Networks,74.4,node|kubernetes|react|ci/cd|docker|azure|aws|esp32|serverless|fullstack
WT,3,3,Network & Wireless Systems|Mobile & IoT Development|Cloud & Distributed Systems,Cryptography & Network Security,70.7,Artificial Intelligence,62.4,Microcontroller & Embedded Systems,57.7,Digital Logic & Design,57.3,Engineering Mathematics-III,55.6,microcontroller|gpio|iot|sensor|embedded|esp32|raspberry pi|mqtt
CCS,3,3,Web Development|Cloud & Distributed Systems|Data Science & Analytics,Cryptography & Network Security,71.0,Digital Logic & Design,63.6,Computer Networks,63.24902666019546,Full Stack Development,63.1,Engineering Mathematics-III,57.8,node|ci/cd|dashboard|docker|fullstack|azure|aws|devops|serverless|react
WT,3,3,Network & Wireless Systems|Mobile & IoT Development|Cloud & Distributed Systems,IoT,52.0,Data Structures and Algorithms,47.0,Python,46.33079669841963,Computer Networks,45.8,Digital Logic & Design,44.7,microcontroller|classification|gpio|embedded|aws|esp32|arduino|raspberry pi|mqtt|bluetooth
DWM,2,1,Data Science & Analytics|Cloud & Distributed Systems,Artificial Intelligence,52.60960164227725,Database Management Systems,47.9,Operating Systems,44.9,Python,42.19678359247767,Software Engineering,40.1,data warehouse|data mining|etl
ML,1,1,Artificial Intelligence & Machine Learning,Engineering Mathematics-IV,63.6,Computer Networks,60.21609068534292,Java,58.5,Database Management Systems,51.5,Engineering Mathematics-III,49.4,numpy|neural network|machine learning|pandas|pytorch
ML,2,3,Data Science & Analytics|Cloud & Distributed Systems,Operating Systems,54.7,Cryptography & Network Security,52.4,C++,47.8,Java,47.3,Software Engineering,43.7,sklearn|classification|machine learning|iot|keras|python
CCS,2,3,Web Development|Cloud & Distributed Systems,Digital Logic & Design,66.9,Database Management Systems,65.5,Engineering Mathematics-IV,63.0,Full Stack Development,63.0,Operating Systems,62.9,node|kubernetes|ci/cd|docker|azure|aws|serverless|cloud|terraform
DWM,1,2,Data Science & Analytics,Cryptography & Network Security,85.5,Design & Analysis of Algorithms,85.0,Full Stack Development,76.2,Data Structures and Algorithms,75.6,Database Management Systems,75.6,power bi|tableau|mongodb|dashboard|postgresql|data mining|sql|analytics|nlp
WT,2,0,Network & Wireless Systems|Mobile & IoT Development,Computer Networks,58.0,Digital Logic & Design,56.6,C++,55.2,Database Management Systems,53.7,IoT,45.3,
WT,1,2,Mobile & IoT Development,Computer Networks,73.2,Operating Systems,68.1,Database Management Systems,67.2,Java,67.0,Data Structures and Algorithms,63.3,gpio|sensor|iot|esp32|arduino|mqtt|python
ML,1,2,Data Science & Analytics,Data Structures and Algorithms,57.7,Design & Analysis of Algorithms,54.4,Artificial Intelligence,53.2,Cryptography & Network Security,51.5,Digital Logic & Design,48.9,numpy|machine learning|tensorflow|keras|pytorch|regression|python
ML,2,1,Data Science & Analytics|Artificial Intelligence & Machine Learning,Engineering Mathematics-III,72.8,Data Structures and Algorithms,71.2,Full Stack Development,70.2,C++,69.3,Python,69.2,numpy|pytorch|tensorflow|regression|python
CCS,1,4,Cloud & Distributed Systems,Python,92.4,Computer Networks,88.2,Operating Systems,86.4,Design & Analysis of Algorithms,85.5,Automata Theory,85.1,node|kubernetes|power bi|react|ci/cd|docker|azure|aws|devops|serverless
WT,3,1,Artificial Intelligence & Machine Learning|Data Science & Analytics|Network & Wireless Systems,Computer Networks,79.1,Digital Logic & Design,75.0,Design & Analysis of Algorithms,74.7,Cryptography & Network Security,72.3,Operating Systems,70.4,microcontroller|gpio|embedded|wireless|bluetooth
CCS,2,4,Web Development|Cloud & Distributed Systems,Cryptography & Network Security,74.3,Engineering Mathematics-III,70.2,Data Structures and Algorithms,62.5,Operating Systems,56.2,Computer Networks,54.9,node|kubernetes|ci/cd|pandas|docker|azure|aws|devops|serverless|fullstack
DWM,1,2,Data Science & Analytics,Artificial Intelligence,90.01467358818388,Python,85.72797858516088,Database Management Systems,75.3,Engineering Mathematics-IV,70.3,Cryptography & Network Security,65.9,mongodb|data warehouse|postgresql|etl|sql|analytics
DWM,2,2,Data Science & Analytics|Web Development,Operating Systems,91.8,Artificial Intelligence,91.4,C++,86.9,Data Structures and Algorithms,83.7,Design & Analysis of Algorithms,81.6,power bi|dashboard|postgresql|data mining|analytics|tableau
DWM,2,1,Web Development|Data Science & Analytics,Automata Theory,65.2,Cryptography & Network Security,57.7,Design & Analysis of Algorithms,52.0,IoT,51.6,Software Engineering,49.5,data warehouse|embedded|etl|data mining|sql
ML,3,3,Artificial Intelligence & Machine Learning|Data Science & Analytics|Cloud & Distributed Systems,Database Management Systems,43.7,Engineering Mathematics-III,39.1,Artificial Intelligence,22.7,Automata Theory,21.2,Operating Systems,20.5,numpy|machine learning|tensorflow|keras|deep learning|regression|cloud|python|nlp
DWM,2,2,Data Science & Analytics|Artificial Intelligence & Machine Learning,Software Engineering,71.8,Design & Analysis of Algorithms,66.5,Python,63.6,Database Management Systems,62.6,IoT,60.6,power bi|sklearn|data warehouse|mongodb|postgresql|analytics|sql
CCS,2,3,Cloud & Distributed Systems|Network & Wireless Systems,Engineering Mathematics-IV,63.0,Full Stack Development,61.8,Digital Logic & Design,54.1,Computer Networks,50.7,Java,48.5,fullstack|azure|devops|serverless|react|cloud|terraform
CCS,2,2,Cloud & Distributed Systems|Web Development,Automata Theory,65.5,Python,47.0,Engineering Mathematics-III,45.5,Database Management Systems,43.9,Software Engineering,43.0,node|power bi|aws|devops|serverless|fullstack|terraform
CCS,2,2,Cloud & Distributed Systems|Web Development,Artificial Intelligence,75.1,Python,73.0,Full Stack Development,69.4,Automata Theory,57.6,Java,57.3,kubernetes|ci/cd|azure|serverless|fullstack|cloud|terraform
WT,3,3,Mobile & IoT Development|Network & Wireless Systems|Data Science & Analytics,C++,88.6,IoT,83.1,Computer Networks,81.9,Database Management Systems,73.9,Software Engineering,72.2,microcontroller|gpio|sensor|iot|docker|aws|wireless|esp32|mqtt|bluetooth
WT,2,3,Mobile & IoT Development|Network & Wireless Systems,Engineering Mathematics-IV,80.6,Database Management Systems,77.7,Software Engineering,76.1,Digital Logic & Design,73.6,Automata Theory,72.7,gpio|sensor|embedded|wireless|esp32|raspberry pi|mqtt|bluetooth
DWM,1,2,Data Science & Analytics,Full Stack Development,100.0,Java,92.6,Data Structures and Algorithms,91.2,Computer Networks,85.74242610997692,Python,85.3,power bi|data warehouse|postgresql|data mining|sql|analytics|terraform
CCS,4,1,Cloud & Distributed Systems|Web Development|Data Science & Analytics|Artificial Intelligence & Machine Learning,Computer Networks,100.0,Operating Systems,98.2,Full Stack Development,95.6,C++,94.5,Digital Logic & Design,93.8,azure|kubernetes|react
CCS,1,1,Cloud & Distributed Systems,Full Stack Development,61.8,C++,55.7,Microcontroller & Embedded Systems,55.6,Artificial Intelligence,53.9,Engineering Mathematics-IV,50.7,kubernetes|ci/cd|aws|serverless|fullstack
CCS,1,3,Web Development,Full Stack Development,51.6,Data Structures and Algorithms,48.9,Java,31.6,Operating Systems,29.6,C++,29.3,node|docker|azure|aws|serverless|cloud
WT,3,1,Network & Wireless Systems|Mobile & IoT Development|Cloud & Distributed Systems,Operating Systems,80.0,Design & Analysis of Algorithms,70.8,Java,67.8,Engineering Mathematics-IV,66.6,Python,63.2,microcontroller|gpio|embedded|wireless|raspberry pi
DWM,1,1,Data Science & Analytics,Java,71.2,Design & Analysis of Algorithms,69.8,Full Stack Development,66.4,Digital Logic & Design,63.2,Cryptography & Network Security,62.9,data warehouse|analytics|tableau
WT,2,2,Mobile & IoT Development|Data Science & Analytics,IoT,86.1,Computer Networks,76.9,Automata Theory,74.5,Microcontroller & Embedded Systems,72.9,C++,65.4,microcontroller|gpio|iot|wireless|arduino|raspberry pi|mqtt|bluetooth
ML,2,3,Artificial Intelligence & Machine Learning|Data Science & Analytics,Artificial Intelligence,41.1,C++,33.8,Python,33.0,Design & Analysis of Algorithms,32.3,Data Structures and Algorithms,27.1,sklearn|classification|gpio|machine learning|pandas|tensorflow|keras|deep learning|neural network|regression
WT,3,3,Mobile & IoT Development|Network & Wireless Systems|Cloud & Distributed Systems,Microcontroller & Embedded Systems,75.6,C++,67.7,Artificial Intelligence,66.79230839815608,Operating Systems,65.2,Java,64.5,power bi|microcontroller|gpio|sensor|embedded|nlp|esp32|arduino|raspberry pi|mqtt
WT,3,2,Network & Wireless Systems|Mobile & IoT Development|Cloud & Distributed Systems,IoT,96.0,Design & Analysis of Algorithms,87.8,Digital Logic & Design,87.5,Software Engineering,84.6,C++,78.8,microcontroller|gpio|iot|sensor|embedded|wireless|arduino|deep learning|mqtt|bluetooth
DWM,2,1,Data Science & Analytics|Cloud & Distributed Systems,C++,85.5,Operating Systems,83.0,Data Structures and Algorithms,77.8,Computer Networks,75.8,Full Stack Development,64.6,data warehouse|iot|postgresql|etl|sql|analytics
DWM,1,4,Data Science & Analytics,Cryptography & Network Security,66.7,Java,61.0,Operating Systems,57.5,Database Management Systems,57.0,Python,56.9,power bi|numpy|machine learning|data warehouse|mongodb|postgresql|etl|data mining|analytics|sql
DWM,1,2,Data Science & Analytics,Microcontroller & Embedded Systems,74.2,C++,72.7,Engineering Mathematics-IV,63.6,Design & Analysis of Algorithms,57.4,Digital Logic & Design,55.8,power bi|machine learning|data warehouse|dashboard|postgresql|data mining|tableau
CCS,3,1,Web Development|Cloud & Distributed Systems|Network & Wireless Systems,Software Engineering,82.1,Engineering Mathematics-III,75.7,Computer Networks,75.4,Database Management Systems,73.93509709205459,Digital Logic & Design,67.9,node|kubernetes|deep learning|azure|devops|fullstack|terraform
CCS,2,4,Cloud & Distributed Systems|Web Development,Python,70.4,Software Engineering,70.3,Operating Systems,67.9,Engineering Mathematics-IV,67.5,Microcontroller & Embedded Systems,66.9,node|kubernetes|ci/cd|aws|devops|serverless|analytics|react|cloud|terraform
ML,3,3,Artificial Intelligence & Machine Learning|Data Science & Analytics|Cloud & Distributed Systems,Database Management Systems,52.2,Engineering Mathematics-IV,48.9,Artificial Intelligence,46.3,Microcontroller & Embedded Systems,46.1,Cryptography & Network Security,46.0,classification|machine learning|keras|neural network|python
WT,2,1,Mobile & IoT Development|Cloud & Distributed Systems,Digital Logic & Design,87.1,Cryptography & Network Security,85.3,Computer Networks,81.1,Database Management Systems,74.7,Artificial Intelligence,74.6,sklearn|microcontroller|gpio|embedded|wireless|bluetooth
ML,2,2,Artificial Intelligence & Machine Learning|Data Science & Analytics,Engineering Mathematics-III,100.0,Data Structures and Algorithms,100.0,Software Engineering,94.1,Artificial Intelligence,93.2,Java,88.5,node|machine learning|pandas|tensorflow|keras|pytorch|regression|python
DWM,1,4,Data Science & Analytics,Python,93.7,C++,82.4,Full Stack Development,78.0,Database Management Systems,76.4,Software Engineering,75.8,mongodb|postgresql|etl|data mining|sql|analytics|terraform|tableau
ML,1,2,Artificial Intelligence & Machine Learning,Software Engineering,96.7,Computer Networks,76.099816696781,Engineering Mathematics-IV,75.4,Python,75.4,Operating Systems,75.2,sklearn|machine learning|data warehouse|pandas|keras|pytorch|nlp
CCS,1,2,Cloud & Distributed Systems,Cryptography & Network Security,64.6,Computer Networks,57.37601859431149,Artificial Intelligence,45.0,C++,42.5,Software Engineering,38.9,node|ci/cd|docker|fullstack|azure|aws|devops|react
DWM,1,3,Data Science & Analytics,Software Engineering,80.4,Database Management Systems,71.1,C++,64.2,Computer Networks,60.7,Cryptography & Network Security,60.5,power bi|tableau|mongodb|etl|data mining|esp32|sql|analytics|bluetooth
CCS,2,2,Cloud & Distributed Systems|Web Development,Java,84.4,C++,71.9,Digital Logic & Design,68.0,Engineering Mathematics-IV,67.5,IoT,67.3,node|kubernetes|ci/cd|docker|azure|aws
DWM,1,2,Data Science & Analytics,Operating Systems,62.1,Java,58.9,Python,53.4,Full Stack Development,52.6,Engineering Mathematics-IV,52.3,power bi|data mining|data warehouse|tableau
WT,2,2,Mobile & IoT Development|Network & Wireless Systems,Data Structures and Algorithms,100.0,Operating Systems,100.0,Software Engineering,100.0,C++,100.0,Java,100.0,microcontroller|iot|esp32|wireless|raspberry pi|mqtt|bluetooth
WT,2,2,Mobile & IoT Development|Network & Wireless Systems,Design & Analysis of Algorithms,52.2,Java,41.3,Database Management Systems,40.1,Digital Logic & Design,39.8,IoT,38.3,microcontroller|iot|mongodb|wireless|raspberry pi|mqtt|bluetooth
WT,3,1,Mobile & IoT Development|Network & Wireless Systems|Cloud & Distributed Systems,Engineering Mathematics-III,82.6,Operating Systems,81.8,Digital Logic & Design,78.0,Microcontroller & Embedded Systems,77.6,Cryptography & Network Security,75.2,microcontroller|iot|wireless|arduino|mqtt|bluetooth
WT,1,2,Network & Wireless Systems,Operating Systems,100.0,Digital Logic & Design,85.5,Data Structures and Algorithms,75.5,Python,75.3,Java,73.2,microcontroller|gpio|iot|sensor|wireless|raspberry pi|bluetooth
DWM,2,2,Data Science & Analytics|Web Development,Python,91.8,Automata Theory,90.8,Database Management Systems,89.3,Cryptography & Network Security,85.8,Full Stack Development,84.1,power bi|classification|etl|data mining|analytics|sql|tableau
ML,3,2,Data Science & Analytics|Artificial Intelligence & Machine Learning|Network & Wireless Systems,Digital Logic & Design,84.1,Design & Analysis of Algorithms,76.6,Engineering Mathematics-IV,72.0,Software Engineering,70.5,Engineering Mathematics-III,65.8,sklearn|classification|pytorch|pandas|neural network|python|nlp
DWM,3,0,Data Science & Analytics|Web Development|Cloud & Distributed Systems,Python,98.01465748344698,Data Structures and Algorithms,97.7,Software Engineering,95.0,Engineering Mathematics-IV,94.0,Computer Networks,92.4,
DWM,1,1,Data Science & Analytics,Artificial Intelligence,86.6,Computer Networks,56.1,C++,56.0,Java,52.9,Design & Analysis of Algorithms,52.1,data mining|etl
CCS,3,1,Cloud & Distributed Systems|Web Development|Data Science & Analytics,Java,80.0,Software Engineering,73.3,C++,69.4,Database Management Systems,66.3,IoT,65.4,azure|devops|terraform
CCS,2,2,Cloud & Distributed Systems|Web Development,Full Stack Development,80.8,Computer Networks,80.0,Software Engineering,77.2,Operating Systems,76.6,Cryptography & Network Security,71.8,node|kubernetes|gpio|react|ci/cd|azure|fullstack|cloud|terraform
DWM,2,0,Data Science & Analytics|Web Development,Database Management Systems,97.0,Full Stack Development,93.4,C++,91.7,Digital Logic & Design,87.8,Engineering Mathematics-IV,82.7,
DWM,2,3,Data Science & Analytics|Web Development,Database Management Systems,64.1,Engineering Mathematics-IV,63.8,Operating Systems,62.9,Data Structures and Algorithms,62.5,Artificial Intelligence,58.3,mongodb|dashboard|tensorflow|postgresql|etl|data mining|sql|analytics|tableau
DWM,2,1,Data Science & Analytics|Artificial Intelligence & Machine Learning,Operating Systems,76.6,Software Engineering,74.6,C++,72.3,IoT,70.3,Engineering Mathematics-IV,65.0,data warehouse|dashboard|data mining|tableau
CCS,1,2,Web Development,Java,88.2,Digital Logic & Design,86.3,Computer Networks,82.4,Design & Analysis of Algorithms,77.7,Engineering Mathematics-III,73.9,react|azure|aws|devops|serverless|fullstack|python
CCS,2,3,Cloud & Distributed Systems|Data Science & Analytics,Data Structures and Algorithms,100.0,Python,96.78582307164996,Software Engineering,93.7,Computer Networks,93.5,Full Stack Development,89.8,sklearn|docker|fullstack|aws|devops|serverless|react
CCS,3,1,Cloud & Distributed Systems|Data Science & Analytics|Mobile & IoT Development,Design & Analysis of Algorithms,71.7,Computer Networks,67.1,Cryptography & Network Security,64.7,Database Management Systems,62.9,Microcontroller & Embedded Systems,58.3,keras|cloud|serverless|ci/cd
CCS,1,0,Web Development,Python,98.4,Operating Systems,92.3,Computer Networks,88.9,Database Management Systems,88.6,Full Stack Development,88.5,
CCS,3,2,Web Development|Cloud & Distributed Systems|Data Science & Analytics,Computer Networks,84.7,C++,84.4,Full Stack Development,79.3,Cryptography & Network Security,75.7,Artificial Intelligence,70.8,kubernetes|ci/cd|data warehouse|docker|azure|aws|fullstack|terraform
DWM,2,4,Data Science & Analytics|Web Development,Database Management Systems,66.9,Python,57.273740575930894,Computer Networks,54.1,Automata Theory,50.5,Data Structures and Algorithms,46.4,power bi|machine learning|data warehouse|dashboard|postgresql|etl|sql|analytics|tableau
CCS,1,1,Web Development,Software Engineering,72.4,Database Management Systems,72.3,Design & Analysis of Algorithms,65.5,Full Stack Development,64.7,Automata Theory,63.3,node|kubernetes|docker|embedded|azure|devops|cloud
DWM,3,2,Data Science & Analytics|Web Development|Cloud & Distributed Systems,Automata Theory,62.1,Computer Networks,57.4,Python,56.75615103077432,C++,56.6,Cryptography & Network Security,52.8,power bi|data warehouse|dashboard|tensorflow|embedded|etl|data mining|sql|tableau
ML,3,1,Artificial Intelligence & Machine Learning|Data Science & Analytics|Cloud & Distributed Systems,Artificial Intelligence,81.3,Data Structures and Algorithms,74.6,Python,72.9,Cryptography & Network Security,71.6,Computer Networks,69.4,pytorch|machine learning|keras
ML,3,3,Data Science & Analytics|Artificial Intelligence & Machine Learning|Web Development,C++,46.0,Engineering Mathematics-III,43.4,Database Management Systems,43.1,Java,38.0,Digital Logic & Design,37.8,sklearn|numpy|classification|machine learning|pytorch|mongodb|tensorflow|pandas|deep learning|neural network
ML,3,2,Artificial Intelligence & Machine Learning|Data Science & Analytics|Web Development,Artificial Intelligence,80.3,Python,76.7,Engineering Mathematics-III,74.7,Computer Networks,73.7,Database Management Systems,73.2,sklearn|neural network|keras|regression|python
ML,4,3,Artificial Intelligence & Machine Learning|Data Science & Analytics|Cloud & Distributed Systems|Network & Wireless Systems,Python,60.1,Computer Networks,50.76537490082607,Software Engineering,45.6,Automata Theory,45.4,Digital Logic & Design,42.7,sklearn|numpy|machine learning|pytorch|tensorflow|keras|fullstack|neural network|regression|python
CCS,2,2,Web Development|Data Science & Analytics,C++,75.7,Full Stack Development,75.5,Operating Systems,75.3,Software Engineering,73.0,Computer Networks,71.7,docker|aws|devops|serverless|fullstack
ML,2,3,Artificial Intelligence & Machine Learning|Data Science & Analytics,Data Structures and Algorithms,80.9,Python,80.0,Artificial Intelligence,76.1,Computer Networks,75.79364472392601,Java,71.0,numpy|machine learning|pandas|tensorflow|bluetooth|deep learning|neural network|regression|python|nlp
DWM,1,3,Data Science & Analytics,Cryptography & Network Security,75.3,Data Structures and Algorithms,69.4,Full Stack Development,67.7,Automata Theory,66.0,Database Management Systems,63.7,sklearn|power bi|data warehouse|dashboard|mongodb|postgresql|etl|data mining|sql
ML,1,2,Artificial Intelligence & Machine Learning,Engineering Mathematics-IV,100.0,Full Stack Development,91.1,Computer Networks,85.3,Java,85.2,Engineering Mathematics-III,77.1,sklearn|numpy|classification|iot|pandas|data mining|deep learning|neural network
ML,4,1,Artificial Intelligence & Machine Learning|Data Science & Analytics|Cloud & Distributed Systems|Network & Wireless Systems,Software Engineering,89.7,Operating Systems,83.0,Data Structures and Algorithms,79.39585234794345,Engineering Mathematics-IV,70.5,Java,69.6,neural network|keras
CCS,3,2,Web Development|Cloud & Distributed Systems|Data Science & Analytics,Database Management Systems,95.1,Computer Networks,77.5,Digital Logic & Design,74.2,Software Engineering,71.2,Engineering Mathematics-IV,68.0,kubernetes|ci/cd|dashboard|docker|azure|aws|devops|serverless|react|terraform
ML,3,3,Data Science & Analytics|Artificial Intelligence & Machine Learning|Network & Wireless Systems,Artificial Intelligence,68.7,Full Stack Development,62.4,Cryptography & Network Security,58.3,Automata Theory,55.3,Python,49.5,sklearn|numpy|classification|tensorflow|deep learning|neural network|regression|python|nlp
CCS,1,3,Cloud & Distributed Systems,Java,55.6,Data Structures and Algorithms,50.1,Digital Logic & Design,49.3,Computer Networks,47.3,IoT,45.9,node|kubernetes|numpy|ci/cd|aws|devops|serverless|analytics|fullstack|cloud
DWM,2,2,Data Science & Analytics|Cloud & Distributed Systems,Python,99.17409255726643,Full Stack Development,92.1,Engineering Mathematics-IV,90.9,Digital Logic & Design,88.6,Microcontroller & Embedded Systems,88.3,data warehouse|mongodb|postgresql|etl|data mining|sql|analytics|pytorch|tableau
CCS,2,2,Web Development|Data Science & Analytics,Full Stack Development,69.9,Data Structures and Algorithms,60.3,Microcontroller & Embedded Systems,60.2,Python,60.0,Java,59.4,kubernetes|docker|azure|aws|serverless|react|terraform
WT,2,3,Network & Wireless Systems|Mobile & IoT Development,Digital Logic & Design,82.7,Engineering Mathematics-III,81.4,Microcontroller & Embedded Systems,81.1,Cryptography & Network Security,73.5,IoT,70.7,microcontroller|gpio|machine learning|wireless|raspberry pi|mqtt|bluetooth
WT,3,4,Mobile & IoT Development|Network & Wireless Systems|Cloud & Distributed Systems,Java,86.3,Computer Networks,84.6,Data Structures and Algorithms,81.3,Full Stack Development,76.8,Cryptography & Network Security,76.4,microcontroller|gpio|machine learning|iot|embedded|esp32|arduino|raspberry pi|mqtt|bluetooth
DWM,1,2,Data Science & Analytics,Software Engineering,54.9,Computer Networks,53.1,Design & Analysis of Algorithms,49.5,Engineering Mathematics-IV,47.3,Database Management Systems,46.8,mongodb|dashboard|postgresql|sql|analytics
ML,3,1,Artificial Intelligence & Machine Learning|Data Science & Analytics|Cloud & Distributed Systems,Artificial Intelligence,92.8,Engineering Mathematics-III,92.4,Data Structures and Algorithms,89.6,C++,87.9,Full Stack Development,87.5,pytorch|neural network|python
ML,3,2,Artificial Intelligence & Machine Learning|Data Science & Analytics|Cloud & Distributed Systems,Automata Theory,74.2,Artificial Intelligence,73.9,Full Stack Development,73.81505760068804,Computer Networks,68.14536553390538,Data Structures and Algorithms,61.2,sklearn|numpy|classification|machine learning|pandas|keras|serverless|deep learning|pytorch|regression
ML,4,3,Artificial Intelligence & Machine Learning|Data Science & Analytics|Web Development|Network & Wireless Systems,Java,56.7,Cryptography & Network Security,55.9,Full Stack Development,55.5,Python,54.8,Database Management Systems,53.1,sklearn|numpy|pytorch|sensor|tensorflow|pandas|keras|aws|deep learning|neural network
WT,3,3,Mobile & IoT Development|Network & Wireless Systems|Cloud & Distributed Systems,Microcontroller & Embedded Systems,51.6,Data Structures and Algorithms,47.5,Java,46.2,Digital Logic & Design,44.2,IoT,36.3,microcontroller|gpio|iot|sensor|tensorflow|embedded|devops|esp32|arduino|wireless
ML,1,4,Data Science & Analytics,Operating Systems,87.4,Java,82.4,Database Management Systems,79.6,C++,79.4,Data Structures and Algorithms,79.2,numpy|neural network|classification|tableau|terraform|keras|deep learning|pytorch|regression|python
CCS,1,2,Cloud & Distributed Systems,Automata Theory,63.2,Operating Systems,49.1,Computer Networks,47.9,Database Management Systems,46.92444318490985,Full Stack Development,42.4,ci/cd|docker|azure|devops|serverless|react|cloud|terraform
DWM,2,2,Data Science & Analytics|Artificial Intelligence & Machine Learning,Python,85.2525607498841,IoT,84.1,Operating Systems,79.8,Database Management Systems,77.3,Engineering Mathematics-III,74.6,power bi|mongodb|postgresql|etl|data mining|sql|analytics|tableau
DWM,2,1,Data Science & Analytics|Web Development,Database Management Systems,62.1,Python,52.0,Digital Logic & Design,49.8,Engineering Mathematics-IV,47.5,C++,47.3,power bi|postgresql|arduino
CCS,3,2,Web Development|Data Science & Analytics|Network & Wireless Systems,Database Management Systems,74.23195293781654,Full Stack Development,68.5,Cryptography & Network Security,68.4,C++,65.9,Software Engineering,60.9,node|kubernetes|azure|aws|devops|cloud|terraform
WT,2,3,Network & Wireless Systems|Cloud & Distributed Systems,Automata Theory,78.1,Operating Systems,60.1,Full Stack Development,60.0,Engineering Mathematics-III,54.3,Microcontroller & Embedded Systems,49.8,microcontroller|gpio|sensor|dashboard|tensorflow|iot|arduino|raspberry pi
WT,2,3,Network & Wireless Systems|Cloud & Distributed Systems,Python,58.23567885223936,Cryptography & Network Security,46.8,Digital Logic & Design,46.5,Artificial Intelligence,39.08914131273105,Java,36.0,sklearn|sensor|iot|embedded|arduino|raspberry pi|mqtt|bluetooth
ML,2,1,Artificial Intelligence & Machine Learning|Data Science & Analytics,Computer Networks,43.996906028861204,Full Stack Development,43.528922958311796,Design & Analysis of Algorithms,33.9,Microcontroller & Embedded Systems,24.4,Database Management Systems,23.6,sklearn|numpy|pytorch|neural network|regression|python
CCS,3,3,Web Development|Cloud & Distributed Systems|Data Science & Analytics,Data Structures and Algorithms,74.0,Engineering Mathematics-III,64.6,Operating Systems,62.2,IoT,60.8,Microcontroller & Embedded Systems,59.6,kubernetes|ci/cd|sensor|docker|fullstack|azure|aws|devops|serverless|react
WT,2,3,Mobile & IoT Development|Network & Wireless Systems,Automata Theory,68.1,Data Structures and Algorithms,67.25561840539318,Engineering Mathematics-III,64.4,Computer Networks,63.7,Java,62.7,microcontroller|gpio|sensor|iot|etl|esp32|raspberry pi|mqtt
DWM,2,3,Data Science & Analytics|Web Development,Python,83.2,Automata Theory,79.7,Computer Networks,75.68575408125373,Database Management Systems,71.2,Artificial Intelligence,66.2,classification|react|mongodb|dashboard|postgresql|sql|analytics
ML,1,3,Artificial Intelligence & Machine Learning,Computer Networks,74.8,C++,67.7,Data Structures and Algorithms,67.2,Engineering Mathematics-III,66.3,Cryptography & Network Security,65.4,kubernetes|machine learning|pandas|keras|deep learning|pytorch|regression|python
DWM,1,1,Data Science & Analytics,Full Stack Development,67.8,C++,65.4,Java,65.1,IoT,64.8,Python,64.2,data mining|power bi
ML,1,1,Data Science & Analytics,Microcontroller & Embedded Systems,63.397065865412536,Artificial Intelligence,57.7,C++,55.5,Data Structures and Algorithms,51.9,Engineering Mathematics-IV,50.5,numpy|classification|machine learning|neural network|regression|nlp
CCS,2,1,Web Development|Cloud & Distributed Systems,Full Stack Development,77.7,Cryptography & Network Security,76.0,Automata Theory,68.5,Software Engineering,66.1,Engineering Mathematics-IV,66.0,etl|devops|ci/cd
ML,2,1,Artificial Intelligence & Machine Learning|Cloud & Distributed Systems,Design & Analysis of Algorithms,59.4,Data Structures and Algorithms,52.9,Python,49.9,Digital Logic & Design,45.7,C++,45.7,pandas|classification
CCS,2,1,Web Development|Cloud & Distributed Systems,Cryptography & Network Security,89.7,Python,77.8,Database Management Systems,75.2,Computer Networks,72.6,Full Stack Development,67.5,node|ci/cd|docker|aws|fullstack
CCS,3,1,Cloud & Distributed Systems|Web Development|Data Science & Analytics,C++,89.7,Operating Systems,81.2,Computer Networks,77.3,Database Management Systems,76.71687304126476,Automata Theory,75.7,docker|aws|devops|serverless|react|cloud
CCS,1,3,Cloud & Distributed Systems,Java,73.8,Computer Networks,62.99474888925568,Engineering Mathematics-IV,62.7,Design & Analysis of Algorithms,58.4,Python,56.9,kubernetes|classification|react|ci/cd|azure|aws|fullstack|cloud|terraform
ML,3,2,Artificial Intelligence & Machine Learning|Data Science & Analytics|Cloud & Distributed Systems,Artificial Intelligence,91.6,C++,78.0,Data Structures and Algorithms,77.2,Engineering Mathematics-IV,76.0,Computer Networks,71.0,sklearn|numpy|classification|pytorch|pandas|keras|devops|deep learning|neural network|regression
ML,2,1,Data Science & Analytics|Cloud & Distributed Systems,Engineering Mathematics-III,64.5,C++,63.9,Artificial Intelligence,52.8,Software Engineering,52.0,Python,52.0,sklearn|numpy|machine learning|keras|azure|python
CCS,3,1,Web Development|Cloud & Distributed Systems|Network & Wireless Systems,Java,83.5,Cryptography & Network Security,62.4,Python,60.7,Automata Theory,58.0,Software Engineering,54.6,node|kubernetes|cloud|fullstack
DWM,3,2,Data Science & Analytics|Web Development|Cloud & Distributed Systems,Computer Networks,87.1,Database Management Systems,57.6,Operating Systems,56.7,Cryptography & Network Security,50.8,Software Engineering,50.2,power bi|mongodb|dashboard|data warehouse|postgresql|etl|analytics|fullstack|sql|terraform
ML,2,2,Data Science & Analytics|Network & Wireless Systems,Software Engineering,40.2,Database Management Systems,36.3,Data Structures and Algorithms,35.3,Full Stack Development,27.0,Engineering Mathematics-III,26.7,sklearn|power bi|numpy|classification|neural network|machine learning|pytorch|tensorflow|deep learning|regression
CCS,1,1,Cloud & Distributed Systems,Operating Systems,56.6,Full Stack Development,55.8,Software Engineering,52.5,Database Management Systems,50.7,Cryptography & Network Security,46.6,node|kubernetes|aws|react|cloud
ML,2,1,Data Science & Analytics|Artificial Intelligence & Machine Learning,Python,67.5,Automata Theory,57.2,Java,55.6,Data Structures and Algorithms,45.4,Microcontroller & Embedded Systems,44.9,sklearn|tensorflow|classification|ci/cd
DWM,2,1,Data Science & Analytics|Artificial Intelligence & Machine Learning,Engineering Mathematics-IV,92.8,Engineering Mathematics-III,78.5,C++,78.4,Java,77.5,Full Stack Development,74.2,mongodb|etl|dashboard|tableau
CCS,3,3,Cloud & Distributed Systems|Web Development|Network & Wireless Systems,Database Management Systems,84.7,Full Stack Development,82.3,Computer Networks,80.5,Engineering Mathematics-III,80.1,Python,78.2,kubernetes|react|ci/cd|aws|devops|serverless|arduino|fullstack|esp32
CCS,2,1,Web Development|Cloud & Distributed Systems,Full Stack Development,68.1,Automata Theory,41.8,Microcontroller & Embedded Systems,35.3,C++,34.2,Artificial Intelligence,33.5,kubernetes|ci/cd|dashboard|docker|devops|fullstack
ML,2,0,Artificial Intelligence & Machine Learning|Data Science & Analytics,Design & Analysis of Algorithms,71.3,Full Stack Development,67.0,Data Structures and Algorithms,62.3,Java,60.3,Artificial Intelligence,59.7,
ML,2,3,Artificial Intelligence & Machine Learning|Cloud & Distributed Systems,Artificial Intelligence,53.1,Data Structures and Algorithms,47.0,Database Management Systems,41.8,Digital Logic & Design,36.9,Software Engineering,35.6,sklearn|numpy|classification|machine learning|pandas|keras|deep learning|pytorch|regression|mqtt
ML,2,2,Artificial Intelligence & Machine Learning|Network & Wireless Systems,Java,81.7,Engineering Mathematics-III,76.7,Cryptography & Network Security,75.9,Computer Networks,74.1,Design & Analysis of Algorithms,71.6,classification|machine learning|iot|pandas|keras|deep learning|regression|nlp
ML,1,1,Data Science & Analytics,Engineering Mathematics-IV,48.5,Artificial Intelligence,29.8,Cryptography & Network Security,25.3,Operating Systems,23.9,Database Management Systems,22.839829760610968,pandas|tensorflow|deep learning
CCS,2,2,Cloud & Distributed Systems|Network & Wireless Systems,Java,65.1,Microcontroller & Embedded Systems,61.00802415596382,Database Management Systems,57.8,C++,57.3,Operating Systems,55.4,node|kubernetes|react|tensorflow|azure|aws|devops|serverless|fullstack
WT,2,3,Mobile & IoT Development|Cloud & Distributed Systems,Computer Networks,61.1,Operating Systems,59.5,IoT,53.6,C++,52.3,Java,50.6,microcontroller|machine learning|sensor|embedded|esp32|arduino|raspberry pi|mqtt|bluetooth
DWM,1,4,Data Science & Analytics,Full Stack Development,81.2,Cryptography & Network Security,77.6,C++,71.3,Python,66.9,Engineering Mathematics-III,63.8,power bi|mongodb|iot|dashboard|data warehouse|postgresql|etl|data mining|analytics|sql
CCS,3,3,Web Development|Cloud & Distributed Systems|Network & Wireless Systems,Python,58.42268408561114,IoT,34.7,Automata Theory,31.6,Software Engineering,31.3,Digital Logic & Design,29.7,node|kubernetes|ci/cd|docker|fullstack|azure|devops|wireless|serverless|react
ML,2,2,Data Science & Analytics|Artificial Intelligence & Machine Learning,Automata Theory,100.0,Software Engineering,99.8,Design & Analysis of Algorithms,96.0,Artificial Intelligence,93.5,C++,88.2,sklearn|numpy|classification|neural network|mongodb|tensorflow|esp32|pytorch|python|nlp
DWM,2,2,Web Development|Data Science & Analytics,Operating Systems,69.9,Automata Theory,63.8,Java,63.4,Engineering Mathematics-IV,61.8,Design & Analysis of Algorithms,60.5,mongodb|data warehouse|dashboard|etl|sql|analytics|tableau
WT,3,4,Network & Wireless Systems|Mobile & IoT Development|Cloud & Distributed Systems,Data Structures and Algorithms,51.6,Computer Networks,47.7,Microcontroller & Embedded Systems,47.6,Java,39.7,C++,39.0,microcontroller|gpio|sensor|iot|embedded|esp32|arduino|deep learning|raspberry pi
ML,3,1,Artificial Intelligence & Machine Learning|Data Science & Analytics|Network & Wireless Systems,Database Management Systems,69.8,Data Structures and Algorithms,64.3,Computer Networks,63.92404711277948,Microcontroller & Embedded Systems,59.8185866513424,Cryptography & Network Security,56.4,neural network|sklearn|pandas
ML,1,3,Data Science & Analytics,Artificial Intelligence,97.5,IoT,97.4,Database Management Systems,94.4,Design & Analysis of Algorithms,92.9,Data Structures and Algorithms,92.3,sklearn|numpy|pytorch|tensorflow|keras|deep learning|neural network|regression|python|nlp
ML,2,1,Data Science & Analytics|Artificial Intelligence & Machine Learning,Artificial Intelligence,77.4,Design & Analysis of Algorithms,75.7,Software Engineering,72.7,Python,72.3,IoT,69.4,regression|sklearn
DWM,2,2,Data Science & Analytics|Cloud & Distributed Systems,Python,74.34150483593456,IoT,71.7,C++,64.3,Engineering Mathematics-IV,61.9,Database Management Systems,61.6,power bi|data warehouse|mongodb|dashboard|nlp|postgresql|etl|data mining|analytics|sql
CCS,1,3,Web Development,Computer Networks,78.3,C++,74.3,Engineering Mathematics-III,73.7,Database Management Systems,73.0,Automata Theory,65.4,ci/cd|docker|azure|aws|devops|terraform
WT,3,1,Mobile & IoT Development|Cloud & Distributed Systems|Data Science & Analytics,Software Engineering,72.3,Automata Theory,71.0,Microcontroller & Embedded Systems,70.8,Artificial Intelligence,70.73204803112341,IoT,70.5,node|gpio|iot|esp32|bluetooth
ML,3,2,Data Science & Analytics|Artificial Intelligence & Machine Learning|Web Development,Operating Systems,92.1,Python,91.2,Automata Theory,87.2,Data Structures and Algorithms,84.8,Engineering Mathematics-III,71.4,sklearn|machine learning|pytorch|tensorflow|wireless|deep learning|regression|python
DWM,1,1,Data Science & Analytics,Microcontroller & Embedded Systems,94.5,IoT,75.5,Full Stack Development,72.1,Data Structures and Algorithms,71.0,Python,59.7,power bi|data warehouse|dashboard|postgresql|etl|data mining|wireless
ML,2,1,Artificial Intelligence & Machine Learning|Data Science & Analytics,Database Management Systems,56.5,Artificial Intelligence,46.6,Engineering Mathematics-III,46.3,Automata Theory,35.9,Operating Systems,35.4,sklearn|sensor|numpy|deep learning
WT,4,1,Network & Wireless Systems|Mobile & IoT Development|Cloud & Distributed Systems|Data Science & Analytics,Data Structures and Algorithms,45.3,Full Stack Development,45.0,Computer Networks,44.7,Digital Logic & Design,44.4,Microcontroller & Embedded Systems,42.9,microcontroller|sensor|embedded|esp32|arduino
DWM,2,3,Data Science & Analytics|Web Development,Automata Theory,57.9,Design & Analysis of Algorithms,53.6,Database Management Systems,51.5,Computer Networks,49.7,Engineering Mathematics-IV,41.1,data warehouse|dashboard|mongodb|postgresql|etl|analytics|sql|mqtt
WT,2,1,Mobile & IoT Development|Cloud & Distributed Systems,Operating Systems,70.5,Engineering Mathematics-IV,69.8,IoT,69.3,Data Structures and Algorithms,66.7,C++,65.9,gpio|iot|wireless|arduino|mqtt
DWM,2,2,Data Science & Analytics|Artificial Intelligence & Machine Learning,Engineering Mathematics-III,100.0,Data Structures and Algorithms,100.0,Software Engineering,100.0,Java,100.0,Database Management Systems,98.1,power bi|data warehouse|mongodb|dashboard|etl|bluetooth|sql|tableau
WT,1,1,Mobile & IoT Development,Microcontroller & Embedded Systems,98.2,Java,91.7,Engineering Mathematics-IV,91.6,Digital Logic & Design,89.8,Computer Networks,89.2,iot|dashboard|wireless
ML,3,3,Artificial Intelligence & Machine Learning|Data Science & Analytics|Network & Wireless Systems,Software Engineering,25.8,Engineering Mathematics-III,23.0,Automata Theory,17.2,Data Structures and Algorithms,16.2,Cryptography & Network Security,14.6,sklearn|numpy|neural network|machine learning|tensorflow|docker|keras|pytorch|regression
DWM,2,3,Data Science & Analytics|Web Development,Database Management Systems,59.5,Full Stack Development,51.955266075655715,Design & Analysis of Algorithms,51.7,Data Structures and Algorithms,49.7,Artificial Intelligence,46.0,power bi|mongodb|dashboard|data warehouse|postgresql|etl|data mining|sql|analytics|tableau
CCS,2,3,Cloud & Distributed Systems|Web Development,Data Structures and Algorithms,71.8,Engineering Mathematics-IV,48.2,Full Stack Development,30.9,Software Engineering,27.8,Engineering Mathematics-III,27.1,power bi|kubernetes|fullstack|azure|devops|serverless|react|terraform
WT,3,3,Mobile & IoT Development|Network & Wireless Systems|Cloud & Distributed Systems,C++,37.3,Engineering Mathematics-IV,37.0,Data Structures and Algorithms,31.94424851036515,Computer Networks,25.3,Cryptography & Network Security,24.9,node|microcontroller|sensor|embedded|postgresql|esp32|wireless|arduino|raspberry pi|mqtt
DWM,2,2,Data Science & Analytics|Web Development,Database Management Systems,94.1,Automata Theory,89.3,IoT,81.1,Data Structures and Algorithms,79.6,Java,79.5,power bi|tableau|data warehouse|dashboard|mongodb|etl|data mining|analytics|bluetooth
CCS,1,4,Cloud & Distributed Systems,Full Stack Development,71.0,Software Engineering,68.6,Automata Theory,62.2,Microcontroller & Embedded Systems,57.4,Computer Networks,52.4,ci/cd|sensor|docker|aws|devops|serverless|fullstack|cloud|terraform
DWM,1,1,Data Science & Analytics,Data Structures and Algorithms,91.2,Engineering Mathematics-IV,90.9,Computer Networks,90.80225180317174,Software Engineering,89.5,Database Management Systems,86.9,power bi|mongodb|dashboard|docker|postgresql
DWM,1,2,Data Science & Analytics,Data Structures and Algorithms,79.7,Database Management Systems,70.0,Artificial Intelligence,66.9,Java,62.5,Full Stack Development,62.3,power bi|mongodb|dashboard|postgresql|analytics|sql|tableau
CCS,1,3,Web Development,Software Engineering,73.2,C++,73.0,Automata Theory,69.0,Artificial Intelligence,67.8,Full Stack Development,67.1,kubernetes|gpio|ci/cd|data warehouse|docker|aws|devops|serverless|fullstack|cloud
ML,2,1,Data Science & Analytics|Artificial Intelligence & Machine Learning,Software Engineering,59.2,IoT,43.1,Cryptography & Network Security,41.0,Engineering Mathematics-III,40.7,Automata Theory,40.5,nlp|keras
WT,4,2,Mobile & IoT Development|Network & Wireless Systems|Cloud & Distributed Systems|Data Science & Analytics,Computer Networks,85.9,Cryptography & Network Security,85.5,Full Stack Development,78.3,Operating Systems,76.6,Data Structures and Algorithms,75.99234598033179,microcontroller|gpio|sensor|embedded|esp32|sql|raspberry pi|mqtt|bluetooth
ML,2,1,Artificial Intelligence & Machine Learning|Data Science & Analytics,Python,71.5,Data Structures and Algorithms,70.7,Full Stack Development,66.5,Software Engineering,61.8,Digital Logic & Design,54.9,sklearn|machine learning|pandas|deep learning|neural network
WT,3,2,Data Science & Analytics|Network & Wireless Systems|Mobile & IoT Development,Microcontroller & Embedded Systems,70.3,Engineering Mathematics-IV,69.8,Data Structures and Algorithms,66.1,Software Engineering,63.4,C++,61.2,microcontroller|iot|embedded|wireless|arduino|raspberry pi|mqtt
DWM,1,1,Data Science & Analytics,Design & Analysis of Algorithms,75.1,Python,73.8,Database Management Systems,71.4,C++,69.3,IoT,66.5,tableau|analytics|etl
CCS,1,2,Web Development,Full Stack Development,95.1,Computer Networks,89.13959175269243,Operating Systems,88.7,Digital Logic & Design,86.6,Automata Theory,84.0,node|kubernetes|power bi|ci/cd|azure|devops|serverless|fullstack|terraform
DWM,2,3,Data Science & Analytics|Artificial Intelligence & Machine Learning,Database Management Systems,58.4,Cryptography & Network Security,57.6,Microcontroller & Embedded Systems,57.204360143071995,Operating Systems,46.1,Digital Logic & Design,41.0,power bi|numpy|data warehouse|postgresql|etl|data mining|analytics|sql
ML,3,2,Artificial Intelligence & Machine Learning|Data Science & Analytics|Cloud & Distributed Systems,Engineering Mathematics-III,70.3,Python,63.9,Computer Networks,63.5,Digital Logic & Design,63.1,C++,62.8,numpy|classification|pandas|pytorch|regression|python|nlp
WT,2,2,Network & Wireless Systems|Cloud & Distributed Systems,Engineering Mathematics-III,59.7,Design & Analysis of Algorithms,58.5,Artificial Intelligence,53.3,Microcontroller & Embedded Systems,50.9,Operating Systems,48.1,microcontroller|embedded|esp32|arduino|bluetooth
WT,2,2,Network & Wireless Systems|Mobile & IoT Development,Computer Networks,89.1,Digital Logic & Design,75.9,Microcontroller & Embedded Systems,73.4,Cryptography & Network Security,71.8,IoT,70.5,microcontroller|numpy|gpio|sensor|iot|embedded|esp32|arduino|wireless
ML,1,3,Artificial Intelligence & Machine Learning,Artificial Intelligence,67.5,Computer Networks,57.26426739372174,Design & Analysis of Algorithms,56.8,Microcontroller & Embedded Systems,55.08554909085197,Cryptography & Network Security,55.0,sklearn|numpy|pytorch|pandas|tensorflow|keras|analytics|neural network|regression|nlp
WT,1,2,Network & Wireless Systems,Operating Systems,71.8,Software Engineering,65.3,Database Management Systems,55.07681706628059,Cryptography & Network Security,51.1,Microcontroller & Embedded Systems,49.2,microcontroller|gpio|sensor|esp32|arduino|react|wireless
ML,2,2,Data Science & Analytics|Artificial Intelligence & Machine Learning,Artificial Intelligence,58.6,Engineering Mathematics-III,57.9,Operating Systems,53.9,Computer Networks,46.4,Automata Theory,45.2,machine learning|tensorflow|pandas|keras|pytorch
ML,3,3,Artificial Intelligence & Machine Learning|Data Science & Analytics|Cloud & Distributed Systems,Full Stack Development,91.3,Operating Systems,79.2,Data Structures and Algorithms,68.1,Python,62.9,Java,61.6,sklearn|power bi|numpy|classification|machine learning|tensorflow|pandas|deep learning|pytorch|regression
CCS,3,3,Web Development|Cloud & Distributed Systems|Data Science & Analytics,Full Stack Development,62.6,Artificial Intelligence,61.3,Microcontroller & Embedded Systems,57.04191042010628,Engineering Mathematics-IV,50.9,Operating Systems,50.8,kubernetes|numpy|docker|azure|devops|serverless|fullstack|cloud
WT,1,2,Network & Wireless Systems,Cryptography & Network Security,89.8,Database Management Systems,77.3,Automata Theory,77.1,Java,75.0,Artificial Intelligence,73.4,sensor|iot|embedded|esp32|arduino|raspberry pi|bluetooth
WT,2,1,Mobile & IoT Development|Network & Wireless Systems,Database Management Systems,79.5,Design & Analysis of Algorithms,73.9,Java,69.9,Artificial Intelligence,67.8,IoT,66.7,raspberry pi|gpio|wireless
WT,2,4,Network & Wireless Systems|Mobile & IoT Development,IoT,75.2,Operating Systems,64.9,Microcontroller & Embedded Systems,60.1,Computer Networks,51.6,Python,50.8,microcontroller|gpio|sensor|wireless|arduino|esp32|raspberry pi|mqtt|bluetooth
CCS,1,2,Cloud & Distributed Systems,Artificial Intelligence,87.93343130840842,Computer Networks,86.5,Automata Theory,82.6,Software Engineering,80.9,Design & Analysis of Algorithms,74.9,ci/cd|docker|fullstack|azure|devops|serverless|react|cloud|terraform|bluetooth
WT,3,3,Network & Wireless Systems|Mobile & IoT Development|Cloud & Distributed Systems,IoT,97.5,Cryptography & Network Security,89.2,Digital Logic & Design,85.5,Microcontroller & Embedded Systems,84.8,Operating Systems,81.6,sensor|iot|pandas|embedded|dashboard|wireless|arduino|raspberry pi|mqtt|bluetooth
ML,2,2,Artificial Intelligence & Machine Learning|Data Science & Analytics,Database Management Systems,82.1,Automata Theory,72.4,Python,68.1,Data Structures and Algorithms,67.7,Design & Analysis of Algorithms,66.4,sklearn|numpy|neural network|classification|tensorflow|pytorch
ML,2,0,Data Science & Analytics|Artificial Intelligence & Machine Learning,Database Management Systems,65.13748930920683,Full Stack Development,49.9,Python,47.6,Cryptography & Network Security,44.6,Operating Systems,41.2,
WT,3,1,Network & Wireless Systems|Mobile & IoT Development|Cloud & Distributed Systems,Computer Networks,61.1,Data Structures and Algorithms,58.1,Operating Systems,55.7,Microcontroller & Embedded Systems,55.1,Automata Theory,54.5,microcontroller|gpio|wireless|esp32|bluetooth
CCS,2,2,Web Development|Cloud & Distributed Systems,Full Stack Development,41.5,Computer Networks,39.0,IoT,24.4,Engineering Mathematics-IV,20.6,Software Engineering,16.2,ci/cd|docker|deep learning|azure|serverless|react|terraform
WT,2,3,Mobile & IoT Development|Cloud & Distributed Systems,Digital Logic & Design,88.7,IoT,82.3,Design & Analysis of Algorithms,78.9,Engineering Mathematics-III,77.8,Artificial Intelligence,76.69517529976852,iot|sensor|embedded|esp32|wireless|arduino|raspberry pi|mqtt|bluetooth
CCS,2,2,Cloud & Distributed Systems|Data Science & Analytics,Full Stack Development,77.2,Java,75.5,Data Structures and Algorithms,72.4,Python,64.7,Design & Analysis of Algorithms,63.2,kubernetes|docker|azure|aws|serverless|cloud|terraform
CCS,1,3,Cloud & Distributed Systems,Design & Analysis of Algorithms,93.7,Computer Networks,86.9,Engineering Mathematics-III,86.4,Software Engineering,85.5,Database Management Systems,84.6,kubernetes|ci/cd|docker|fullstack|azure|aws|devops|react
DWM,2,2,Data Science & Analytics|Cloud & Distributed Systems,Python,72.5,Engineering Mathematics-III,71.0,Artificial Intelligence,69.7,Full Stack Development,69.5,Cryptography & Network Security,69.0,power bi|mongodb|dashboard|postgresql|etl|sql|tableau
DWM,1,1,Data Science & Analytics,Design & Analysis of Algorithms,67.2,C++,63.4,Digital Logic & Design,61.4,Data Structures and Algorithms,59.5,Microcontroller & Embedded Systems,55.8,power bi|mongodb|analytics|react
WT,3,1,Network & Wireless Systems|Mobile & IoT Development|Cloud & Distributed Systems,Computer Networks,92.31861362794665,IoT,85.8,Software Engineering,85.0,Engineering Mathematics-III,78.4,Full Stack Development,77.7259391996142,microcontroller|gpio|sensor|dashboard|esp32|arduino|bluetooth
WT,2,2,Web Development|Network & Wireless Systems,Automata Theory,78.9,Computer Networks,72.8,Database Management Systems,69.62468272780545,Python,60.1,Engineering Mathematics-IV,58.2,microcontroller|gpio|sensor|embedded|etl|raspberry pi|mqtt
ML,3,1,Data Science & Analytics|Artificial Intelligence & Machine Learning|Cloud & Distributed Systems,Full Stack Development,89.7,Data Structures and Algorithms,84.5,Operating Systems,84.5,Engineering Mathematics-III,82.5,Artificial Intelligence,81.1,sklearn|classification|tensorflow|keras|neural network
CCS,1,2,Web Development,Automata Theory,71.8,Operating Systems,68.4,Cryptography & Network Security,61.0,Python,59.8,Computer Networks,58.5,node|power bi|aws|devops|serverless|react|terraform
ML,1,1,Data Science & Analytics,Cryptography & Network Security,82.1,Operating Systems,81.7,Automata Theory,79.1,Python,73.4,Engineering Mathematics-IV,71.6,regression|numpy|keras
CCS,3,2,Web Development|Cloud & Distributed Systems|Network & Wireless Systems,Data Structures and Algorithms,72.0,Full Stack Development,64.8,Java,58.8,Computer Networks,58.4,Database Management Systems,51.5,kubernetes|docker|azure|aws|data mining|devops|serverless|terraform
DWM,2,2,Data Science & Analytics|Mobile & IoT Development,Full Stack Development,70.4,Computer Networks,68.4,Python,66.6,Design & Analysis of Algorithms,65.1,Software Engineering,57.8,power bi|mongodb|dashboard|data warehouse|postgresql|etl|analytics|tableau
CCS,2,2,Cloud & Distributed Systems|Web Development,Engineering Mathematics-IV,45.3,C++,42.8,Automata Theory,40.9,Python,34.9,Design & Analysis of Algorithms,34.7,node|azure|serverless|fullstack|cloud|deep learning
ML,4,1,Data Science & Analytics|Artificial Intelligence & Machine Learning|Cloud & Distributed Systems|Network & Wireless Systems,Artificial Intelligence,70.6,Digital Logic & Design,65.4,Engineering Mathematics-IV,64.7,Cryptography & Network Security,61.9,Data Structures and Algorithms,59.0,neural network|numpy|tensorflow|keras
DWM,1,3,Data Science & Analytics,C++,34.0,Microcontroller & Embedded Systems,33.3,Automata Theory,30.1,Data Structures and Algorithms,29.8,Computer Networks,29.8,power bi|data warehouse|mongodb|dashboard|postgresql|etl|data mining|analytics|raspberry pi|tableau
CCS,2,1,Cloud & Distributed Systems|Web Development,Database Management Systems,61.1,Microcontroller & Embedded Systems,39.5,Digital Logic & Design,36.7,Artificial Intelligence,36.5,C++,35.5,node|kubernetes|aws|fullstack|cloud
DWM,1,1,Data Science & Analytics,Data Structures and Algorithms,100.0,Database Management Systems,98.3,Engineering Mathematics-III,97.1,Computer Networks,94.5,Artificial Intelligence,92.1,power bi|mongodb|dashboard|data warehouse|etl|react|tableau
DWM,2,3,Data Science & Analytics|Artificial Intelligence & Machine Learning,Operating Systems,84.2,Database Management Systems,81.0,Data Structures and Algorithms,78.7,Python,78.4,Computer Networks,76.9,power bi|mongodb|dashboard|data warehouse|postgresql|etl|analytics|fullstack|sql|tableau
WT,3,1,Mobile & IoT Development|Network & Wireless Systems|Cloud & Distributed Systems,Digital Logic & Design,86.2,Data Structures and Algorithms,74.4,Design & Analysis of Algorithms,68.3,Engineering Mathematics-IV,66.4,Artificial Intelligence,61.8,microcontroller|iot|embedded|raspberry pi|bluetooth
ML,2,2,Artificial Intelligence & Machine Learning|Data Science & Analytics,Artificial Intelligence,58.1,Full Stack Development,55.0,Database Management Systems,54.86462564327935,Java,52.8,Python,52.7,sklearn|numpy|classification|gpio|machine learning|tensorflow|pandas|regression
WT,2,2,Mobile & IoT Development|Cloud & Distributed Systems,Computer Networks,73.9,Software Engineering,71.4,Database Management Systems,68.3,Design & Analysis of Algorithms,62.5,IoT,62.3,microcontroller|gpio|iot|embedded|esp32|arduino|deep learning|raspberry pi|mqtt
WT,2,1,Mobile & IoT Development|Network & Wireless Systems,Computer Networks,88.3,Software Engineering,86.4,Design & Analysis of Algorithms,83.6,IoT,76.5,Digital Logic & Design,74.9,mqtt|bluetooth
DWM,2,3,Data Science & Analytics|Artificial Intelligence & Machine Learning,Artificial Intelligence,81.84837134713685,Computer Networks,77.9,Full Stack Development,73.6,Automata Theory,68.8,Java,65.1,power bi|data warehouse|mongodb|sensor|dashboard|postgresql|etl|analytics|sql|python
WT,2,2,Mobile & IoT Development|Network & Wireless Systems,Computer Networks,87.8,Engineering Mathematics-III,86.1,Java,80.5,Digital Logic & Design,75.3,Design & Analysis of Algorithms,73.6,microcontroller|gpio|machine learning|sensor|embedded|wireless|arduino|raspberry pi|mqtt|bluetooth
WT,3,3,Mobile & IoT Development|Network & Wireless Systems|Cloud & Distributed Systems,Computer Networks,89.1,Digital Logic & Design,87.9,Software Engineering,86.8,Data Structures and Algorithms,86.0,Database Management Systems,85.0,iot|sensor|data warehouse|embedded|wireless|arduino|raspberry pi|mqtt|bluetooth
ML,2,2,Artificial Intelligence & Machine Learning|Data Science & Analytics,Design & Analysis of Algorithms,46.0,C++,45.8,Database Management Systems,45.4,Python,43.2,Artificial Intelligence,40.0,power bi|pytorch|tensorflow|neural network|nlp
DWM,2,0,Data Science & Analytics|Web Development,Engineering Mathematics-III,100.0,Database Management Systems,100.0,Digital Logic & Design,100.0,C++,100.0,Cryptography & Network Security,100.0,
DWM,1,2,Data Science & Analytics,Database Management Systems,58.5,Design & Analysis of Algorithms,57.1,Data Structures and Algorithms,55.6,Computer Networks,55.4,Software Engineering,50.9,data warehouse|sensor|postgresql|etl|data mining|sql|analytics|tableau
ML,1,2,Artificial Intelligence & Machine Learning,Database Management Systems,73.9,Full Stack Development,54.7,Python,49.8,Digital Logic & Design,49.3,Automata Theory,48.0,classification|machine learning|pandas|embedded|serverless|neural network|python|nlp
CCS,2,1,Web Development|Cloud & Distributed Systems,Operating Systems,94.0,Software Engineering,77.3,Digital Logic & Design,76.8,Database Management Systems,63.6,Computer Networks,58.0,docker|devops|serverless
CCS,2,3,Web Development|Network & Wireless Systems,Database Management Systems,60.2,Full Stack Development,48.8,Computer Networks,42.2,Software Engineering,40.3,Digital Logic & Design,39.7,sklearn|kubernetes|react|docker|devops|serverless|fullstack|cloud|terraform
ML,1,2,Artificial Intelligence & Machine Learning,Operating Systems,74.6,Python,74.1,Software Engineering,72.9,Data Structures and Algorithms,72.6,Artificial Intelligence,62.6,classification|iot|pytorch|pandas|tensorflow|keras|etl|deep learning|neural network|regression
WT,2,3,Network & Wireless Systems|Mobile & IoT Development,Java,59.7,Computer Networks,53.1,Database Management Systems,48.5,Engineering Mathematics-IV,47.5,Cryptography & Network Security,46.8,microcontroller|gpio|iot|sensor|embedded|esp32|wireless|mqtt|python|bluetooth
ML,3,2,Artificial Intelligence & Machine Learning|Data Science & Analytics|Cloud & Distributed Systems,Engineering Mathematics-III,70.7,Digital Logic & Design,62.7,Cryptography & Network Security,60.6,Computer Networks,56.5,Automata Theory,56.2,neural network|machine learning|pytorch|pandas|deep learning|regression|nlp
ML,1,2,Data Science & Analytics,Artificial Intelligence,77.0,Cryptography & Network Security,77.0,Database Management Systems,71.4,Design & Analysis of Algorithms,69.2,Python,63.7,sklearn|classification|tensorflow|keras|deep learning|regression|python|nlp
WT,3,4,Network & Wireless Systems|Mobile & IoT Development|Cloud & Distributed Systems,Automata Theory,71.1,Computer Networks,64.0,Design & Analysis of Algorithms,58.8,Artificial Intelligence,52.1,Operating Systems,51.9,microcontroller|tableau|ci/cd|iot|sensor|embedded|devops|wireless|arduino|esp32
WT,3,0,Network & Wireless Systems|Mobile & IoT Development|Cloud & Distributed Systems,Digital Logic & Design,100.0,Operating Systems,100.0,Microcontroller & Embedded Systems,100.0,Java,100.0,IoT,100.0,
DWM,2,1,Data Science & Analytics|Artificial Intelligence & Machine Learning,Data Structures and Algorithms,100.0,Database Management Systems,100.0,Engineering Mathematics-IV,97.8,C++,97.5,Design & Analysis of Algorithms,96.4,power bi|mongodb|postgresql|data mining|sql|tableau
ML,2,4,Data Science & Analytics|Artificial Intelligence & Machine Learning,Python,100.0,Cryptography & Network Security,97.4,Engineering Mathematics-IV,96.4,Engineering Mathematics-III,95.1,Database Management Systems,93.3,numpy|neural network|classification|machine learning|tensorflow|pandas|keras|devops|deep learning|pytorch
DWM,2,3,Data Science & Analytics|Web Development,Software Engineering,56.7,Engineering Mathematics-III,54.9,C++,53.0,Automata Theory,44.6,Data Structures and Algorithms,44.3,mongodb|dashboard|postgresql|etl|data mining|azure|tableau
WT,3,4,Mobile & IoT Development|Network & Wireless Systems|Cloud & Distributed Systems,Computer Networks,100.0,Design & Analysis of Algorithms,82.8,Microcontroller & Embedded Systems,82.5,Engineering Mathematics-IV,79.3,Full Stack Development,77.76779817738262,microcontroller|gpio|iot|sensor|dashboard|embedded|esp32|arduino|wireless|mqtt
DWM,2,2,Data Science & Analytics|Artificial Intelligence & Machine Learning,Database Management Systems,74.1,Computer Networks,73.7,Engineering Mathematics-III,59.8,Engineering Mathematics-IV,59.3,Artificial Intelligence,54.1,power bi|mongodb|postgresql|etl|data mining|analytics|tableau
CCS,2,1,Cloud & Distributed Systems|Web Development,Computer Networks,86.0,C++,71.5,Digital Logic & Design,69.9,Design & Analysis of Algorithms,68.4,Artificial Intelligence,66.8,node|react|fullstack|regression|terraform
WT,2,1,Mobile & IoT Development|Network & Wireless Systems,IoT,61.0,Data Structures and Algorithms,56.9,Design & Analysis of Algorithms,46.0,Digital Logic & Design,42.4,Artificial Intelligence,40.0,gpio|embedded|esp32|bluetooth
DWM,1,3,Data Science & Analytics,Python,89.8,IoT,77.8,Digital Logic & Design,73.5,Cryptography & Network Security,71.7,Artificial Intelligence,68.3,power bi|etl|data mining|sql|tableau
CCS,3,2,Web Development|Cloud & Distributed Systems|Data Science & Analytics,Python,79.19855221331585,Database Management Systems,75.2,Engineering Mathematics-IV,71.6,Operating Systems,68.9,Cryptography & Network Security,68.2,kubernetes|raspberry pi|docker|azure|aws|serverless|react|cloud
WT,1,2,Mobile & IoT Development,Microcontroller & Embedded Systems,67.0,Database Management Systems,64.9,Computer Networks,62.4,C++,62.1,Operating Systems,61.9,gpio|sensor|iot|embedded|wireless|arduino|pytorch|raspberry pi|mqtt|bluetooth
CCS,2,3,Web Development|Cloud & Distributed Systems,Engineering Mathematics-IV,64.8,Cryptography & Network Security,64.5,Database Management Systems,60.8,Operating Systems,57.7,Microcontroller & Embedded Systems,57.338863638340854,node|kubernetes|gpio|mongodb|fullstack|azure|aws|serverless|wireless|react
CCS,1,4,Web Development,Java,82.2,Design & Analysis of Algorithms,79.3,Full Stack Development,78.9,Cryptography & Network Security,73.1,Automata Theory,68.3,node|docker|azure|aws|devops|fullstack|terraform
DWM,1,1,Data Science & Analytics,Database Management Systems,91.9,Engineering Mathematics-IV,76.0,IoT,75.0,Full Stack Development,73.3,Python,70.6,postgresql|analytics|etl
ML,3,2,Data Science & Analytics|Artificial Intelligence & Machine Learning|Network & Wireless Systems,Engineering Mathematics-IV,62.7,Cryptography & Network Security,59.5,Data Structures and Algorithms,55.9,Operating Systems,47.2,Artificial Intelligence,47.0,numpy|classification|pandas|postgresql|keras|deep learning|pytorch
DWM,2,2,Data Science & Analytics|Cloud & Distributed Systems,Full Stack Development,43.4,Engineering Mathematics-III,43.1,Data Structures and Algorithms,38.4,Computer Networks,31.3,Engineering Mathematics-IV,27.8,power bi|mongodb|data warehouse|etl|analytics|sql|tableau
WT,2,2,Network & Wireless Systems|Cloud & Distributed Systems,Operating Systems,79.8,Software Engineering,73.5,Java,68.5,Microcontroller & Embedded Systems,67.5,Engineering Mathematics-IV,59.9,iot|data warehouse|embedded|wireless|arduino|raspberry pi|mqtt|bluetooth
CCS,2,1,Cloud & Distributed Systems|Web Development,Java,67.9,Automata Theory,57.4,Data Structures and Algorithms,55.4,IoT,53.2,Operating Systems,52.4,kubernetes|docker|aws|serverless|react|bluetooth
DWM,1,2,Data Science & Analytics,Automata Theory,70.0,Data Structures and Algorithms,69.2,Engineering Mathematics-IV,61.0,Database Management Systems,59.9,Microcontroller & Embedded Systems,58.7,power bi|mongodb|postgresql|data mining|sql|analytics|tableau
WT,3,2,Mobile & IoT Development|Network & Wireless Systems|Cloud & Distributed Systems,Cryptography & Network Security,75.4,Data Structures and Algorithms,72.07899640786381,Design & Analysis of Algorithms,70.9,Operating Systems,70.0,Database Management Systems,69.55889167284987,microcontroller|gpio|iot|sensor|embedded|esp32|raspberry pi|mqtt|bluetooth
ML,2,2,Artificial Intelligence & Machine Learning|Data Science & Analytics,Artificial Intelligence,63.4,Digital Logic & Design,62.8,C++,51.4,Python,47.7,IoT,47.1,numpy|tensorflow|pandas|keras|wireless|regression|python|nlp
CCS,1,2,Cloud & Distributed Systems,Software Engineering,75.1,Computer Networks,54.6,C++,51.0,Engineering Mathematics-IV,48.0,Java,44.9,node|kubernetes|react|ci/cd|docker|azure|devops|serverless|fullstack|terraform
CCS,1,2,Web Development,Engineering Mathematics-III,100.0,Database Management Systems,100.0,Full Stack Development,100.0,Software Engineering,97.9,Microcontroller & Embedded Systems,91.3,kubernetes|mongodb|docker|azure|aws|devops|serverless|cloud|terraform
WT,2,2,Mobile & IoT Development|Network & Wireless Systems,Microcontroller & Embedded Systems,94.1,Cryptography & Network Security,75.3,Python,72.54302492936152,IoT,68.8,Database Management Systems,65.1,sensor|gpio|embedded|wireless
CCS,2,2,Web Development|Artificial Intelligence & Machine Learning,Database Management Systems,68.4955324831929,Computer Networks,63.5,Software Engineering,54.9,Cryptography & Network Security,53.6,Artificial Intelligence,48.2,node|kubernetes|ci/cd|sensor|azure|serverless|fullstack|cloud|terraform
CCS,2,1,Cloud & Distributed Systems|Data Science & Analytics,Computer Networks,79.0,Full Stack Development,76.0,Automata Theory,72.0,Cryptography & Network Security,71.5,C++,70.0,azure|devops
DWM,2,4,Data Science & Analytics|Artificial Intelligence & Machine Learning,Full Stack Development,94.99590249118299,Database Management Systems,92.4,Engineering Mathematics-IV,79.4,Data Structures and Algorithms,76.8,Python,74.4,power bi|data warehouse|dashboard|postgresql|etl|data mining|sql|analytics|tableau
DWM,2,0,Data Science & Analytics|Web Development,Database Management Systems,98.1,Software Engineering,97.7,Data Structures and Algorithms,96.6,Digital Logic & Design,94.8,Design & Analysis of Algorithms,93.8,
ML,2,4,Artificial Intelligence & Machine Learning|Network & Wireless Systems,Engineering Mathematics-III,100.0,Data Structures and Algorithms,91.8,Operating Systems,90.5,Python,88.7,Software Engineering,83.4,sklearn|machine learning|pytorch|pandas|keras|deep learning|neural network|regression|mqtt|python
DWM,2,1,Data Science & Analytics|Cloud & Distributed Systems,C++,68.9,Computer Networks,66.5,Engineering Mathematics-IV,63.6,Engineering Mathematics-III,58.9,Java,55.7,power bi|machine learning|dashboard|etl|data mining|analytics|tableau
WT,3,2,Mobile & IoT Development|Network & Wireless Systems|Cloud & Distributed Systems,IoT,100.0,Java,90.3,Full Stack Development,88.1,Computer Networks,84.9,Operating Systems,81.5,gpio|sensor|embedded|arduino|raspberry pi|mqtt|bluetooth
CCS,3,2,Cloud & Distributed Systems|Web Development|Data Science & Analytics,Python,90.36770111770637,Artificial Intelligence,83.49097841523697,Computer Networks,83.2,C++,81.7,Engineering Mathematics-III,78.8,node|kubernetes|react|azure|serverless|fullstack|terraform
ML,2,1,Data Science & Analytics|Web Development,Data Structures and Algorithms,46.6,Python,39.3,Database Management Systems,35.6,Engineering Mathematics-IV,34.6,Automata Theory,32.5,regression|classification|wireless
DWM,1,2,Data Science & Analytics,Database Management Systems,100.0,Engineering Mathematics-IV,88.0,Full Stack Development,87.9,Data Structures and Algorithms,86.8,Engineering Mathematics-III,86.5,mongodb|dashboard|postgresql|sql|analytics|raspberry pi
CCS,3,1,Web Development|Cloud & Distributed Systems|Network & Wireless Systems,Digital Logic & Design,54.1,Java,49.9,Full Stack Development,48.4,Engineering Mathematics-III,48.0,Engineering Mathematics-IV,41.5,azure|aws|devops
WT,2,2,Mobile & IoT Development|Cloud & Distributed Systems,Database Management Systems,100.0,Software Engineering,93.6,Digital Logic & Design,93.0,IoT,92.9,Java,90.8,microcontroller|gpio|sensor|iot|esp32|arduino|wireless|tableau
DWM,1,4,Data Science & Analytics,Database Management Systems,99.6,Cryptography & Network Security,99.1,Engineering Mathematics-III,95.7,Python,94.58857389392017,Automata Theory,87.5,power bi|mongodb|data warehouse|dashboard|sensor|etl|data mining|sql|analytics|tableau
CCS,1,4,Web Development,C++,87.7,Engineering Mathematics-III,82.4,Operating Systems,82.1,Database Management Systems,80.3,Data Structures and Algorithms,78.5,node|kubernetes|ci/cd|pandas|fullstack|devops|react|cloud|terraform
ML,3,3,Data Science & Analytics|Artificial Intelligence & Machine Learning|Web Development,Python,93.2,Artificial Intelligence,86.5,Data Structures and Algorithms,86.4,Full Stack Development,84.8,Engineering Mathematics-III,83.3,sklearn|tableau|classification|neural network|machine learning|tensorflow|keras|deep learning|pytorch|regression
DWM,1,3,Data Science & Analytics,Engineering Mathematics-III,83.4,Cryptography & Network Security,71.4,Automata Theory,66.4,Software Engineering,61.3,Database Management Systems,60.8,power bi|postgresql|etl|keras|data mining|sql|analytics|terraform|tableau
ML,3,2,Data Science & Analytics|Artificial Intelligence & Machine Learning|Cloud & Distributed Systems,Engineering Mathematics-IV,73.6,Artificial Intelligence,67.1,Python,57.9,IoT,52.1,Cryptography & Network Security,52.0,sklearn|numpy|neural network|classification|machine learning|terraform|microcontroller|pandas|pytorch|regression
DWM,1,3,Data Science & Analytics,Python,71.8,Computer Networks,71.0,Software Engineering,68.2,Data Structures and Algorithms,65.5,Automata Theory,64.2,mongodb|dashboard|data warehouse|postgresql|etl|analytics|tableau
DWM,1,2,Data Science & Analytics,Digital Logic & Design,71.7,Operating Systems,51.7,Data Structures and Algorithms,50.5,Python,47.4,Engineering Mathematics-IV,42.7,power bi|data warehouse|dashboard|mongodb|postgresql|etl|data mining|sql
WT,2,2,Mobile & IoT Development|Network & Wireless Systems,Computer Networks,72.6,Microcontroller & Embedded Systems,57.4,Software Engineering,55.1,Java,53.4,Database Management Systems,50.1,embedded|esp32|wireless|arduino|raspberry pi
CCS,1,2,Cloud & Distributed Systems,Artificial Intelligence,65.5,Python,63.7,Full Stack Development,54.0,IoT,50.8,Engineering Mathematics-III,47.4,react|docker|azure|aws|devops|sql|fullstack
CCS,2,4,Web Development|Cloud & Distributed Systems,Full Stack Development,64.9,Data Structures and Algorithms,59.4,Computer Networks,52.1,Database Management Systems,46.7,Operating Systems,45.7,node|ci/cd|docker|fullstack|azure|aws|devops|serverless|react|cloud
CCS,2,1,Web Development|Cloud & Distributed Systems,Computer Networks,89.9,Cryptography & Network Security,84.8,Design & Analysis of Algorithms,82.0,Engineering Mathematics-IV,81.5,Full Stack Development,76.8,azure|kubernetes|terraform|react
DWM,2,1,Data Science & Analytics|Artificial Intelligence & Machine Learning,Full Stack Development,72.4,Engineering Mathematics-III,58.2,Java,57.9,Data Structures and Algorithms,51.2,Artificial Intelligence,50.7352290809852,mongodb|power bi|nlp
WT,3,2,Mobile & IoT Development|Network & Wireless Systems|Cloud & Distributed Systems,Database Management Systems,78.0,Engineering Mathematics-IV,77.4,Digital Logic & Design,73.8,Engineering Mathematics-III,63.4,Operating Systems,62.4,microcontroller|iot|sensor|mongodb|esp32|wireless|mqtt|bluetooth
CCS,2,3,Cloud & Distributed Systems|Artificial Intelligence & Machine Learning,Computer Networks,45.6,Python,41.7,C++,40.4,Design & Analysis of Algorithms,39.0,Operating Systems,38.9,node|kubernetes|ci/cd|docker|azure|aws|devops|serverless|react|cloud
ML,2,3,Data Science & Analytics|Artificial Intelligence & Machine Learning,Data Structures and Algorithms,85.39520456549269,Artificial Intelligence,80.9,Engineering Mathematics-III,80.7,Computer Networks,79.7,Software Engineering,74.3,numpy|classification|machine learning|pytorch|pandas|tensorflow|keras|arduino|deep learning|neural network
WT,2,0,Network & Wireless Systems|Mobile & IoT Development,Computer Networks,93.3,Microcontroller & Embedded Systems,85.7,Design & Analysis of Algorithms,83.8,Data Structures and Algorithms,82.5,Digital Logic & Design,79.4,
CCS,2,2,Cloud & Distributed Systems|Web Development,Artificial Intelligence,92.4,Computer Networks,87.5,Software Engineering,83.7,Automata Theory,77.4,Engineering Mathematics-IV,77.1,node|kubernetes|docker|aws|devops|serverless|react|terraform
ML,2,2,Artificial Intelligence & Machine Learning|Data Science & Analytics,Design & Analysis of Algorithms,78.9,Cryptography & Network Security,71.7,Artificial Intelligence,71.3,IoT,70.9,Database Management Systems,63.1,sklearn|classification|machine learning|pytorch|pandas|keras|regression
ML,2,3,Data Science & Analytics|Network & Wireless Systems,Python,90.7,Design & Analysis of Algorithms,79.9,Full Stack Development,74.4,Artificial Intelligence,72.4,Data Structures and Algorithms,70.8,numpy|machine learning|pandas|keras|wireless|pytorch|regression|python
DWM,2,1,Data Science & Analytics|Artificial Intelligence & Machine Learning,Database Management Systems,71.4,Software Engineering,68.7,Artificial Intelligence,63.0,Engineering Mathematics-IV,60.1,Data Structures and Algorithms,59.9,power bi|sklearn|data warehouse|data mining|sql|analytics
DWM,1,1,Data Science & Analytics,Python,39.2,Engineering Mathematics-III,38.9,Automata Theory,31.5,Java,27.8,Engineering Mathematics-IV,27.1,power bi|dashboard|pandas|data mining|sql|tableau
CCS,2,2,Cloud & Distributed Systems|Network & Wireless Systems,Engineering Mathematics-IV,45.4,Database Management Systems,42.4,Data Structures and Algorithms,38.1,Java,37.9,Python,37.7,cloud|aws|terraform|react
WT,1,1,Network & Wireless Systems,Microcontroller & Embedded Systems,100.0,Computer Networks,99.4,Java,85.3,Cryptography & Network Security,83.2,Digital Logic & Design,82.9,microcontroller|esp32|wireless|arduino|serverless|raspberry pi
CCS,3,1,Web Development|Cloud & Distributed Systems|Data Science & Analytics,Computer Networks,58.0,Engineering Mathematics-IV,57.7,Database Management Systems,52.6,Software Engineering,51.2,Engineering Mathematics-III,49.0,kubernetes|ci/cd|devops|react|cloud
CCS,2,2,Web Development|Network & Wireless Systems,Database Management Systems,80.56713529437077,Java,74.6,Computer Networks,73.9,Software Engineering,69.8,Data Structures and Algorithms,69.60084338257302,ci/cd|data mining|serverless|react|cloud
WT,2,1,Network & Wireless Systems|Mobile & IoT Development,Design & Analysis of Algorithms,64.2,Engineering Mathematics-IV,61.8,IoT,52.2,Microcontroller & Embedded Systems,50.8,Cryptography & Network Security,50.2,sensor|esp32|wireless
CCS,1,1,Web Development,Full Stack Development,90.5,Computer Networks,86.4,Python,78.8,Operating Systems,76.9,Engineering Mathematics-IV,73.5,node|fullstack|terraform|react
CCS,3,1,Cloud & Distributed Systems|Web Development|Artificial Intelligence & Machine Learning,Artificial Intelligence,99.8,Java,76.4,IoT,74.7,Software Engineering,73.8,Operating Systems,72.9,ci/cd|serverless|react
DWM,2,3,Data Science & Analytics|Web Development,Database Management Systems,85.6,Python,77.9,Design & Analysis of Algorithms,75.9,Digital Logic & Design,75.8,Engineering Mathematics-III,71.5,power bi|kubernetes|data warehouse|dashboard|mongodb|embedded|postgresql|etl|analytics|sql
DWM,2,3,Data Science & Analytics|Artificial Intelligence & Machine Learning,Engineering Mathematics-IV,49.9,Artificial Intelligence,46.8,Software Engineering,42.9,Python,42.6,Operating Systems,40.7,ci/cd|data warehouse|dashboard|mongodb|etl|data mining|sql|analytics
DWM,1,2,Data Science & Analytics,Computer Networks,62.0,Database Management Systems,59.4,Artificial Intelligence,56.0,Python,53.4,Digital Logic & Design,51.7,power bi|mongodb|dashboard|data warehouse|iot|data mining|analytics|sql
WT,1,2,Mobile & IoT Development,Computer Networks,83.28028062642836,Database Management Systems,68.3,Python,60.0,IoT,59.6,Automata Theory,58.8,microcontroller|gpio|embedded|raspberry pi|mqtt
ML,2,2,Artificial Intelligence & Machine Learning|Data Science & Analytics,Python,78.5,Data Structures and Algorithms,70.4,Computer Networks,68.2,Artificial Intelligence,63.2,Automata Theory,56.3,machine learning|pytorch|pandas|keras|neural network|python|nlp
ML,3,2,Artificial Intelligence & Machine Learning|Data Science & Analytics|Cloud & Distributed Systems,Full Stack Development,100.0,Database Management Systems,92.5,Software Engineering,92.3,C++,92.3,Computer Networks,91.40397794243383,sklearn|classification|pandas|tensorflow|arduino|pytorch|regression|python
ML,3,0,Artificial Intelligence & Machine Learning|Data Science & Analytics|Web Development,Artificial Intelligence,78.9,Java,78.5,Engineering Mathematics-IV,73.8,Computer Networks,71.5,Data Structures and Algorithms,70.8,
WT,2,1,Mobile & IoT Development|Network & Wireless Systems,IoT,72.5,Engineering Mathematics-III,69.6,Microcontroller & Embedded Systems,67.1,C++,64.9,Data Structures and Algorithms,63.0,sensor|arduino
DWM,2,2,Data Science & Analytics|Artificial Intelligence & Machine Learning,Computer Networks,73.9,Data Structures and Algorithms,72.7,C++,71.3,Java,66.2,Full Stack Development,64.4,postgresql|etl|data mining|analytics|sql|tableau
WT,2,2,Network & Wireless Systems|Mobile & IoT Development,Automata Theory,95.1,Database Management Systems,89.1,Full Stack Development,83.1,Computer Networks,83.0,Engineering Mathematics-III,76.4,microcontroller|iot|esp32|arduino|react|raspberry pi|bluetooth
ML,2,2,Data Science & Analytics|Web Development,Design & Analysis of Algorithms,63.2,C++,60.3,Java,59.8,Data Structures and Algorithms,54.3,Engineering Mathematics-III,52.5,regression|keras|tensorflow|nlp
ML,2,3,Data Science & Analytics|Artificial Intelligence & Machine Learning,Python,74.4,Engineering Mathematics-III,68.4,Operating Systems,61.6,Database Management Systems,60.0,Java,56.2,sklearn|classification|machine learning|pandas|keras|deep learning|neural network|regression|nlp
WT,2,2,Mobile & IoT Development|Network & Wireless Systems,Computer Networks,64.4,Java,58.0,Operating Systems,53.8,Database Management Systems,53.4,Engineering Mathematics-IV,52.9,gpio|ci/cd|embedded|esp32|arduino|raspberry pi|mqtt|bluetooth
DWM,2,1,Data Science & Analytics|Cloud & Distributed Systems,Operating Systems,96.4,Software Engineering,90.9,Data Structures and Algorithms,82.1,Database Management Systems,79.0,IoT,79.0,data warehouse|dashboard|data mining|sql
ML,2,3,Artificial Intelligence & Machine Learning|Data Science & Analytics,Microcontroller & Embedded Systems,75.20050712295775,Data Structures and Algorithms,74.1,Automata Theory,72.5,Digital Logic & Design,68.4,Python,67.1,numpy|classification|pytorch|tensorflow|nlp|keras|wireless|neural network|regression|tableau
CCS,2,2,Cloud & Distributed Systems|Data Science & Analytics,Engineering Mathematics-IV,51.7,Cryptography & Network Security,44.9,Design & Analysis of Algorithms,39.6,Full Stack Development,38.3,Artificial Intelligence,34.4,node|kubernetes|ci/cd|docker|data mining|azure|serverless|cloud
ML,2,2,Data Science & Analytics|Artificial Intelligence & Machine Learning,Engineering Mathematics-IV,74.1,C++,67.4,Java,65.1,Database Management Systems,64.1,Operating Systems,61.0,numpy|tensorflow|neural network|regression|nlp
WT,2,2,Mobile & IoT Development|Network & Wireless Systems,Database Management Systems,86.6,Design & Analysis of Algorithms,83.6,Engineering Mathematics-III,83.3,Microcontroller & Embedded Systems,83.0,Cryptography & Network Security,80.9,microcontroller|embedded|esp32|raspberry pi|bluetooth
ML,2,3,Data Science & Analytics|Artificial Intelligence & Machine Learning,Artificial Intelligence,65.4,Microcontroller & Embedded Systems,62.0,Operating Systems,54.2,C++,54.0,Java,52.7,sklearn|numpy|classification|machine learning|pandas|aws|neural network|python|nlp
WT,2,3,Network & Wireless Systems|Mobile & IoT Development,Operating Systems,65.6,Java,56.4,Full Stack Development,56.2,C++,55.4,Automata Theory,54.6,microcontroller|gpio|iot|azure|esp32|wireless|raspberry pi|mqtt|bluetooth
WT,3,2,Mobile & IoT Development|Network & Wireless Systems|Cloud & Distributed Systems,Engineering Mathematics-III,78.8,Operating Systems,77.9,Digital Logic & Design,77.5,Microcontroller & Embedded Systems,76.1,C++,73.4,microcontroller|gpio|sensor|wireless|analytics|raspberry pi|bluetooth
CCS,3,1,Web Development|Cloud & Distributed Systems|Data Science & Analytics,Engineering Mathematics-IV,87.0,Python,86.0,Design & Analysis of Algorithms,84.5,Full Stack Development,76.0,Data Structures and Algorithms,74.0,kubernetes|docker|azure|aws|react|terraform
CCS,2,2,Cloud & Distributed Systems|Web Development,Digital Logic & Design,75.5,Database Management Systems,66.0,Computer Networks,59.3,Python,57.3,Software Engineering,53.0,kubernetes|react|ci/cd|azure|aws|devops|serverless|fullstack|terraform
CCS,2,2,Cloud & Distributed Systems|Web Development,Python,87.4,Engineering Mathematics-IV,75.5,Artificial Intelligence,75.4,Data Structures and Algorithms,73.9,Design & Analysis of Algorithms,71.7,azure|aws|react|fullstack
ML,3,1,Data Science & Analytics|Artificial Intelligence & Machine Learning|Cloud & Distributed Systems,Microcontroller & Embedded Systems,70.8,Digital Logic & Design,64.0,Database Management Systems,57.5,Computer Networks,56.4,Automata Theory,53.6,numpy|neural network|machine learning|wireless|pytorch|regression|nlp
WT,1,2,Network & Wireless Systems,Artificial Intelligence,61.1,Computer Networks,54.9,IoT,53.6,Cryptography & Network Security,53.0,Design & Analysis of Algorithms,52.0,gpio|mongodb|iot|embedded|nlp|wireless|bluetooth
WT,3,3,Network & Wireless Systems|Mobile & IoT Development|Cloud & Distributed Systems,Data Structures and Algorithms,64.4,Cryptography & Network Security,64.3,Microcontroller & Embedded Systems,58.8,C++,58.4,IoT,57.2,node|microcontroller|gpio|iot|sensor|docker|azure|wireless|arduino|raspberry pi
WT,3,2,Mobile & IoT Development|Network & Wireless Systems|Cloud & Distributed Systems,Cryptography & Network Security,96.0,IoT,91.9,Engineering Mathematics-III,80.5,Data Structures and Algorithms,78.3,Digital Logic & Design,76.6,microcontroller|gpio|iot|sensor|devops|esp32|wireless|serverless|raspberry pi|bluetooth
WT,3,2,Network & Wireless Systems|Mobile & IoT Development|Cloud & Distributed Systems,Database Management Systems,87.2,Computer Networks,87.2,Operating Systems,84.6,Microcontroller & Embedded Systems,83.8,Digital Logic & Design,83.2,gpio|ci/cd|iot|sensor|embedded|esp32|raspberry pi|bluetooth
DWM,1,2,Data Science & Analytics,Engineering Mathematics-IV,99.6,Automata Theory,84.8,Python,82.9,Cryptography & Network Security,78.0,Data Structures and Algorithms,77.4,power bi|mongodb|dashboard|data mining|analytics
CCS,3,4,Cloud & Distributed Systems|Web Development|Data Science & Analytics,Digital Logic & Design,56.9,Automata Theory,50.0,Full Stack Development,46.2,Java,45.6,Engineering Mathematics-III,42.6,node|kubernetes|machine learning|docker|azure|aws|devops|serverless|fullstack|cloud
CCS,3,1,Cloud & Distributed Systems|Network & Wireless Systems|Artificial Intelligence & Machine Learning,Database Management Systems,100.0,Operating Systems,99.4,Full Stack Development,98.2,Digital Logic & Design,97.0,Computer Networks,95.3,node|devops|terraform
WT,2,2,Mobile & IoT Development|Cloud & Distributed Systems,Automata Theory,100.0,Microcontroller & Embedded Systems,98.3,Java,82.2,IoT,71.9,Design & Analysis of Algorithms,71.3,gpio|sensor|embedded|wireless|arduino|mqtt|bluetooth
CCS,1,2,Web Development,Engineering Mathematics-III,77.1,Full Stack Development,72.3,Design & Analysis of Algorithms,70.0,Computer Networks,69.8,C++,66.3,node|ci/cd|fullstack|azure|serverless|react|cloud
WT,1,1,Network & Wireless Systems,IoT,88.2,Operating Systems,78.8,Automata Theory,76.2,Cryptography & Network Security,72.2,Python,71.8,embedded|arduino|raspberry pi|mqtt|tableau
CCS,2,4,Web Development|Network & Wireless Systems,Full Stack Development,97.1,Data Structures and Algorithms,89.3,Software Engineering,82.9,Computer Networks,81.2,Cryptography & Network Security,79.9,kubernetes|fullstack|azure|aws|devops|react|cloud|terraform
DWM,1,3,Data Science & Analytics,Data Structures and Algorithms,64.4,Software Engineering,56.7,Full Stack Development,55.9,Computer Networks,52.444122589026136,Digital Logic & Design,51.2,power bi|microcontroller|mongodb|dashboard|data warehouse|postgresql|etl|data mining|sql|python
CCS,2,4,Web Development|Cloud & Distributed Systems,Engineering Mathematics-III,53.5,Python,53.1,C++,46.7,Operating Systems,42.6,Database Management Systems,40.7,kubernetes|ci/cd|docker|fullstack|azure|aws|serverless|react|cloud|terraform
WT,2,2,Cloud & Distributed Systems|Mobile & IoT Development,Computer Networks,76.7,IoT,72.0,Software Engineering,70.1,Data Structures and Algorithms,64.9,Artificial Intelligence,64.1,sensor|data warehouse|embedded|wireless|arduino|bluetooth
WT,2,1,Network & Wireless Systems|Mobile & IoT Development,Software Engineering,88.4,Automata Theory,88.4,IoT,84.6,Engineering Mathematics-III,83.7,Digital Logic & Design,80.9,sensor|microcontroller|arduino
WT,2,3,Network & Wireless Systems|Cloud & Distributed Systems,Engineering Mathematics-III,100.0,Digital Logic & Design,100.0,Microcontroller & Embedded Systems,100.0,Software Engineering,100.0,Design & Analysis of Algorithms,100.0,gpio|sensor|iot|embedded|esp32|fullstack|cloud|bluetooth
WT,1,4,Network & Wireless Systems,Database Management Systems,74.9,Microcontroller & Embedded Systems,69.1,Full Stack Development,67.6,Design & Analysis of Algorithms,66.6,IoT,65.5,microcontroller|gpio|sensor|iot|embedded|docker|esp32|arduino|raspberry pi|mqtt
CCS,2,2,Cloud & Distributed Systems|Web Development,Full Stack Development,95.6,Digital Logic & Design,93.7,Operating Systems,89.9,Data Structures and Algorithms,89.0,Database Management Systems,88.3,node|kubernetes|ci/cd|docker|azure|aws|data mining|serverless|fullstack
ML,2,3,Artificial Intelligence & Machine Learning|Data Science & Analytics,Python,94.2,Engineering Mathematics-III,75.9,Computer Networks,71.58785496981818,Database Management Systems,68.3,Artificial Intelligence,67.8,sklearn|numpy|classification|pandas|tensorflow|keras|deep learning|regression|nlp
ML,1,2,Artificial Intelligence & Machine Learning,Computer Networks,99.64531926553805,Microcontroller & Embedded Systems,98.55889064188446,Artificial Intelligence,87.5,Engineering Mathematics-III,86.2,Cryptography & Network Security,84.4,numpy|machine learning|tensorflow|keras|deep learning|regression
ML,2,3,Artificial Intelligence & Machine Learning|Data Science & Analytics,Software Engineering,82.1,Computer Networks,55.5,Cryptography & Network Security,55.3,Java,53.8,Engineering Mathematics-III,46.9,sklearn|numpy|neural network|machine learning|dashboard|pandas|tensorflow|keras|etl|pytorch
ML,3,4,Artificial Intelligence & Machine Learning|Web Development|Network & Wireless Systems,Computer Networks,62.46776639533718,Python,53.7,Artificial Intelligence,53.2,Operating Systems,50.9,Digital Logic & Design,50.3,sklearn|numpy|classification|tensorflow|pandas|devops|analytics|deep learning|pytorch|regression
DWM,2,1,Data Science & Analytics|Artificial Intelligence & Machine Learning,Cryptography & Network Security,89.1,Design & Analysis of Algorithms,86.8,Automata Theory,86.7,Microcontroller & Embedded Systems,85.8,Data Structures and Algorithms,83.8,mongodb|data warehouse|postgresql|analytics|sql
DWM,2,2,Data Science & Analytics|Artificial Intelligence & Machine Learning,Design & Analysis of Algorithms,95.6,Python,95.4,Database Management Systems,94.3,Cryptography & Network Security,94.0,Data Structures and Algorithms,93.2,power bi|mongodb|dashboard|data warehouse|postgresql|etl|data mining|esp32|arduino|tableau
WT,2,3,Mobile & IoT Development|Cloud & Distributed Systems,Engineering Mathematics-III,100.0,Microcontroller & Embedded Systems,95.0,Computer Networks,93.2637627005642,Operating Systems,85.0,IoT,84.5,gpio|iot|dashboard|embedded|esp32|arduino|wireless|raspberry pi|mqtt|bluetooth
ML,2,2,Data Science & Analytics|Artificial Intelligence & Machine Learning,Artificial Intelligence,74.1,Data Structures and Algorithms,68.9,Java,55.3,Design & Analysis of Algorithms,43.9,C++,41.0,sklearn|numpy|pytorch|keras|regression
ML,3,3,Data Science & Analytics|Artificial Intelligence & Machine Learning|Cloud & Distributed Systems,Java,99.6,Automata Theory,95.4,Python,94.1,Data Structures and Algorithms,93.1,Artificial Intelligence,91.1,sklearn|numpy|classification|neural network|machine learning|pytorch|pandas|tensorflow|keras|wireless
DWM,2,1,Data Science & Analytics|Artificial Intelligence & Machine Learning,Engineering Mathematics-III,73.8,Python,70.4,Microcontroller & Embedded Systems,67.96598702177798,Operating Systems,66.9,Cryptography & Network Security,65.9,mongodb|data mining|sql|analytics|tableau
DWM,1,2,Data Science & Analytics,Database Management Systems,68.8,Microcontroller & Embedded Systems,68.6,Python,67.3,Operating Systems,63.6,C++,59.8,mongodb|etl|data mining|analytics|tableau
ML,3,2,Artificial Intelligence & Machine Learning|Data Science & Analytics|Cloud & Distributed Systems,Computer Networks,45.8,Engineering Mathematics-IV,42.9,Design & Analysis of Algorithms,37.6,Full Stack Development,32.7,Software Engineering,29.6,classification|machine learning|tensorflow|deep learning|pytorch|regression
WT,2,3,Network & Wireless Systems|Mobile & IoT Development,IoT,78.7,Computer Networks,73.6,Microcontroller & Embedded Systems,71.7,Database Management Systems,60.265202479079235,Java,60.0,microcontroller|gpio|sensor|embedded|esp32|arduino|wireless|raspberry pi|mqtt|bluetooth
CCS,1,2,Web Development,Automata Theory,77.0,Full Stack Development,74.7,Computer Networks,73.3,Python,68.5,Engineering Mathematics-IV,67.3,node|kubernetes|react|ci/cd|docker|aws|devops|serverless|fullstack|cloud
CCS,2,2,Cloud & Distributed Systems|Web Development,Python,65.9,Engineering Mathematics-IV,59.2,Full Stack Development,48.4,Automata Theory,48.3,Digital Logic & Design,43.1,kubernetes|react|ci/cd|aws|serverless|fullstack|cloud|terraform
DWM,1,3,Data Science & Analytics,Software Engineering,56.5,Database Management Systems,52.2,IoT,51.8,Automata Theory,47.2,Full Stack Development,44.0,power bi|data warehouse|dashboard|embedded|postgresql|data mining|esp32|analytics|tableau
ML,3,3,Data Science & Analytics|Artificial Intelligence & Machine Learning|Cloud & Distributed Systems,Computer Networks,96.23097128096258,Artificial Intelligence,83.9,Engineering Mathematics-IV,81.1,Automata Theory,80.5,Python,76.5,sklearn|numpy|neural network|classification|machine learning|tensorflow|pandas|keras|etl|pytorch
ML,1,2,Artificial Intelligence & Machine Learning,Software Engineering,98.0,Data Structures and Algorithms,90.2,Computer Networks,85.6,Python,84.5,Digital Logic & Design,80.3,machine learning|pandas|tensorflow|keras|deep learning
DWM,2,1,Data Science & Analytics|Web Development,Computer Networks,92.1,Artificial Intelligence,79.7,Database Management Systems,77.3,Cryptography & Network Security,74.0,IoT,71.7,data warehouse|etl
ML,2,1,Data Science & Analytics|Artificial Intelligence & Machine Learning,Engineering Mathematics-IV,73.5,Database Management Systems,67.4,Automata Theory,63.6,Artificial Intelligence,57.5,Python,55.7,machine learning|pandas|keras|regression|nlp
ML,1,2,Artificial Intelligence & Machine Learning,Operating Systems,60.4,Full Stack Development,59.8,Database Management Systems,57.6,Engineering Mathematics-IV,57.0,Software Engineering,56.0,sklearn|numpy|classification|tensorflow|deep learning|neural network|bluetooth
DWM,1,2,Data Science & Analytics,Software Engineering,73.7,Microcontroller & Embedded Systems,73.03894732253694,Artificial Intelligence,68.7,Engineering Mathematics-III,67.2,Operating Systems,67.0,numpy|mongodb|data warehouse|postgresql|data mining|bluetooth|analytics|tableau
ML,2,1,Artificial Intelligence & Machine Learning|Data Science & Analytics,Artificial Intelligence,61.1,Engineering Mathematics-III,54.1,Full Stack Development,53.0,Digital Logic & Design,48.7,Python,45.1,sklearn|gpio|tensorflow|deep learning|neural network
ML,2,2,Data Science & Analytics|Cloud & Distributed Systems,Data Structures and Algorithms,77.24217079752259,Engineering Mathematics-IV,59.0,Engineering Mathematics-III,58.8,Design & Analysis of Algorithms,58.8,Cryptography & Network Security,56.4,sklearn|classification|tensorflow|deep learning|neural network|python|nlp
CCS,2,2,Web Development|Artificial Intelligence & Machine Learning,Data Structures and Algorithms,51.0,Python,48.9,Digital Logic & Design,45.6,Cryptography & Network Security,39.0,Design & Analysis of Algorithms,34.9,node|kubernetes|docker|azure|aws|cloud
CCS,3,1,Web Development|Cloud & Distributed Systems|Data Science & Analytics,C++,30.6,Computer Networks,28.386130474811505,Engineering Mathematics-IV,21.6,Artificial Intelligence,18.9,Engineering Mathematics-III,17.8,azure|fullstack
DWM,3,2,Data Science & Analytics|Artificial Intelligence & Machine Learning|Cloud & Distributed Systems,Data Structures and Algorithms,74.4,Database Management Systems,73.4,Java,72.5,C++,70.8,Cryptography & Network Security,67.9,power bi|data warehouse|dashboard|mongodb|etl|analytics|tableau
DWM,3,2,Artificial Intelligence & Machine Learning|Data Science & Analytics|Mobile & IoT Development,IoT,64.2,Computer Networks,59.1,Cryptography & Network Security,57.0,Data Structures and Algorithms,52.4,Microcontroller & Embedded Systems,51.6,data warehouse|dashboard|postgresql|data mining|analytics
ML,1,3,Data Science & Analytics,Automata Theory,87.8,Artificial Intelligence,81.9,Operating Systems,80.6,Data Structures and Algorithms,78.9,Engineering Mathematics-III,77.7,sklearn|numpy|classification|neural network|machine learning|pytorch|dashboard|keras|regression|nlp
ML,2,1,Data Science & Analytics|Cloud & Distributed Systems,Data Structures and Algorithms,54.4,Engineering Mathematics-III,48.8,Java,47.7,C++,47.6,Software Engineering,42.3,sklearn|machine learning|dashboard|keras|regression
WT,2,1,Network & Wireless Systems|Cloud & Distributed Systems,IoT,54.1,Digital Logic & Design,47.4,Computer Networks,44.3,Engineering Mathematics-IV,42.1,Microcontroller & Embedded Systems,40.4,esp32|arduino|wireless
WT,2,1,Data Science & Analytics|Mobile & IoT Development,Database Management Systems,88.9,Automata Theory,76.3,IoT,73.3,Full Stack Development,70.1,Computer Networks,67.8,iot|microcontroller|esp32
WT,1,2,Network & Wireless Systems,Python,52.3,Design & Analysis of Algorithms,50.8,Microcontroller & Embedded Systems,48.4,Engineering Mathematics-IV,47.5,C++,46.3,microcontroller|gpio|sensor|embedded|esp32|wireless|mqtt|bluetooth
DWM,2,0,Data Science & Analytics|Artificial Intelligence & Machine Learning,Data Structures and Algorithms,77.3,Automata Theory,72.1,Cryptography & Network Security,68.9,Artificial Intelligence,68.8,Full Stack Development,68.7,
DWM,1,3,Data Science & Analytics,Computer Networks,56.6,Database Management Systems,56.1,Engineering Mathematics-III,55.0,Operating Systems,54.2,IoT,52.7,power bi|mongodb|dashboard|postgresql|etl|data mining|analytics|sql|mqtt|tableau
DWM,1,3,Data Science & Analytics,Data Structures and Algorithms,71.3,Full Stack Development,69.8,IoT,68.4,Design & Analysis of Algorithms,64.9,Software Engineering,58.8,power bi|mongodb|dashboard|data warehouse|postgresql|data mining|sql|analytics|tableau
CCS,1,2,Web Development,Full Stack Development,86.7,Engineering Mathematics-III,70.5,Database Management Systems,68.4,Software Engineering,64.2,Engineering Mathematics-IV,63.9,node|ci/cd|docker|cloud|terraform
DWM,3,4,Data Science & Analytics|Web Development|Cloud & Distributed Systems,Operating Systems,79.2,Engineering Mathematics-III,78.8,Full Stack Development,78.73205761531815,Engineering Mathematics-IV,78.4,Data Structures and Algorithms,77.1,power bi|numpy|mongodb|dashboard|data warehouse|postgresql|data mining|esp32|analytics|sql
CCS,2,4,Cloud & Distributed Systems|Data Science & Analytics,Python,67.8,Database Management Systems,49.1,Software Engineering,39.8,Digital Logic & Design,39.2,Automata Theory,39.0,node|kubernetes|ci/cd|docker|azure|aws|devops|fullstack|terraform
WT,2,4,Network & Wireless Systems|Mobile & IoT Development,Microcontroller & Embedded Systems,89.8,Engineering Mathematics-IV,87.7,Operating Systems,86.7,IoT,83.0,Computer Networks,82.8,microcontroller|iot|dashboard|embedded|arduino|react|raspberry pi|bluetooth
ML,2,3,Artificial Intelligence & Machine Learning|Data Science & Analytics,Artificial Intelligence,100.0,Full Stack Development,98.83140906048122,Computer Networks,97.4424340164538,Operating Systems,97.3,Data Structures and Algorithms,97.2,classification|machine learning|deep learning|neural network|regression|terraform
ML,3,3,Artificial Intelligence & Machine Learning|Data Science & Analytics|Network & Wireless Systems,Engineering Mathematics-III,88.1,Cryptography & Network Security,85.6,Data Structures and Algorithms,75.7,Python,74.0,Full Stack Development,71.7,numpy|mongodb|tensorflow|pandas|keras|deep learning|regression|raspberry pi|python
CCS,2,2,Web Development|Cloud & Distributed Systems,Digital Logic & Design,75.1,IoT,75.0,Computer Networks,73.56915950968272,Data Structures and Algorithms,72.2,Cryptography & Network Security,69.5,node|kubernetes|numpy|react|docker|devops|wireless|fullstack|cloud|terraform
CCS,1,0,Cloud & Distributed Systems,Java,90.3,Full Stack Development,90.3,Design & Analysis of Algorithms,88.9,Microcontroller & Embedded Systems,85.3,Software Engineering,82.9,
WT,4,2,Web Development|Cloud & Distributed Systems|Network & Wireless Systems|Mobile & IoT Development,Software Engineering,68.6,Data Structures and Algorithms,65.61408631389196,Engineering Mathematics-III,63.3,Full Stack Development,62.0,Operating Systems,61.8,microcontroller|gpio|sensor|iot|embedded|wireless|esp32|bluetooth
DWM,3,2,Data Science & Analytics|Web Development|Cloud & Distributed Systems,C++,78.6,Microcontroller & Embedded Systems,65.2,Database Management Systems,62.8,Engineering Mathematics-IV,61.6,Java,61.6,power bi|mongodb|etl|data mining|analytics|sql|python
DWM,1,4,Data Science & Analytics,Database Management Systems,74.0,Python,69.0,Data Structures and Algorithms,59.9,Operating Systems,55.8,Software Engineering,55.4,power bi|node|mongodb|dashboard|data warehouse|etl|data mining|analytics|sql|mqtt
WT,2,1,Mobile & IoT Development|Cloud & Distributed Systems,Microcontroller & Embedded Systems,60.3,Cryptography & Network Security,49.0,Engineering Mathematics-III,36.1,Digital Logic & Design,35.3,Operating Systems,35.0,sensor|raspberry pi|esp32|bluetooth
DWM,1,2,Data Science & Analytics,Design & Analysis of Algorithms,84.9,Full Stack Development,84.09236396990481,Computer Networks,79.50944627775857,Artificial Intelligence,78.5,Database Management Systems,76.8,mongodb|dashboard|data warehouse|postgresql|etl|sql|analytics|tableau
ML,3,2,Data Science & Analytics|Artificial Intelligence & Machine Learning|Web Development,Computer Networks,84.2,C++,83.9,Data Structures and Algorithms,71.1,Artificial Intelligence,70.3,Software Engineering,70.2,sklearn|numpy|pandas|embedded|neural network|regression|python
DWM,1,2,Data Science & Analytics,Computer Networks,90.35960777527805,Full Stack Development,75.4255473917884,Python,73.6,Database Management Systems,72.7,Cryptography & Network Security,71.7,data warehouse|dashboard|data mining|analytics|fullstack|sql|tableau
WT,3,1,Network & Wireless Systems|Mobile & IoT Development|Cloud & Distributed Systems,IoT,60.6,Microcontroller & Embedded Systems,42.7,Computer Networks,36.7,Database Management Systems,36.0,Engineering Mathematics-IV,33.9,iot|raspberry pi|embedded|arduino
DWM,2,1,Artificial Intelligence & Machine Learning|Data Science & Analytics,C++,60.5,Microcontroller & Embedded Systems,56.8,Python,56.8,Java,54.8,IoT,54.4,power bi|dashboard|tableau
DWM,1,2,Data Science & Analytics,Full Stack Development,47.1,Database Management Systems,46.2,Engineering Mathematics-IV,44.0,Artificial Intelligence,42.7,Python,42.4,power bi|dashboard|postgresql|etl|analytics|tableau
CCS,2,3,Cloud & Distributed Systems|Web Development,Full Stack Development,57.9,Database Management Systems,55.0,Engineering Mathematics-IV,48.2,Artificial Intelligence,47.00509205366756,Python,45.948368474304566,node|ci/cd|pandas|docker|fullstack|azure|aws|react
WT,1,3,Network & Wireless Systems,Computer Networks,75.1,IoT,72.0,Cryptography & Network Security,69.9,Data Structures and Algorithms,63.0,Database Management Systems,62.9,microcontroller|gpio|iot|embedded|etl|esp32|arduino|raspberry pi
DWM,2,2,Data Science & Analytics|Web Development,Software Engineering,87.5,Engineering Mathematics-IV,86.3,Operating Systems,83.9,Data Structures and Algorithms,73.6,Java,69.1,power bi|classification|mongodb|data warehouse|etl|data mining|sql|analytics|tableau
DWM,1,1,Data Science & Analytics,Computer Networks,66.7,Python,54.9,Artificial Intelligence,48.8,Engineering Mathematics-III,43.3,Operating Systems,42.8,mongodb|dashboard|postgresql|data warehouse
CCS,2,1,Cloud & Distributed Systems|Network & Wireless Systems,Computer Networks,66.89983962488077,Data Structures and Algorithms,59.0,Digital Logic & Design,57.0,Design & Analysis of Algorithms,51.8,Microcontroller & Embedded Systems,51.5985020640818,node|aws|serverless|cloud|terraform
WT,2,1,Mobile & IoT Development|Cloud & Distributed Systems,Python,78.33534724956631,Artificial Intelligence,68.9949516171742,Database Management Systems,64.2,Automata Theory,64.1,Computer Networks,60.7,sensor|raspberry pi|classification|arduino
DWM,2,0,Data Science & Analytics|Cloud & Distributed Systems,Computer Networks,71.5,Engineering Mathematics-III,69.6,Artificial Intelligence,65.6,Python,65.0,Data Structures and Algorithms,64.1,
WT,3,1,Data Science & Analytics|Network & Wireless Systems|Mobile & IoT Development,Data Structures and Algorithms,74.7,Full Stack Development,68.8,Automata Theory,62.2,Database Management Systems,56.0,Operating Systems,54.0,sensor|wireless
WT,3,1,Mobile & IoT Development|Network & Wireless Systems|Cloud & Distributed Systems,Software Engineering,79.0,Automata Theory,67.8,Engineering Mathematics-IV,67.1,IoT,62.1,Full Stack Development,61.9,iot|gpio
WT,3,3,Network & Wireless Systems|Cloud & Distributed Systems|Data Science & Analytics,IoT,96.1,Cryptography & Network Security,88.9,Computer Networks,87.2,Software Engineering,77.0,Data Structures and Algorithms,76.56801165226196,gpio|sensor|iot|embedded|wireless|arduino|serverless|raspberry pi
CCS,2,3,Cloud & Distributed Systems|Artificial Intelligence & Machine Learning,Computer Networks,58.5,Python,57.0,Full Stack Development,54.6,Automata Theory,46.0,Software Engineering,43.2,node|kubernetes|react|ci/cd|docker|azure|devops|serverless|fullstack|cloud
WT,2,3,Network & Wireless Systems|Mobile & IoT Development,Computer Networks,56.2,Engineering Mathematics-IV,51.4,Design & Analysis of Algorithms,48.5,Data Structures and Algorithms,48.4,Artificial Intelligence,46.7,microcontroller|gpio|iot|sensor|esp32|arduino|wireless|raspberry pi|mqtt|bluetooth
WT,1,4,Network & Wireless Systems,Engineering Mathematics-IV,100.0,Digital Logic & Design,100.0,Operating Systems,100.0,Computer Networks,100.0,Design & Analysis of Algorithms,100.0,microcontroller|gpio|iot|mongodb|embedded|esp32|wireless|arduino|mqtt
CCS,3,3,Cloud & Distributed Systems|Web Development|Network & Wireless Systems,Software Engineering,76.8,Computer Networks,68.8,Full Stack Development,60.8,Digital Logic & Design,60.3,Python,60.2,node|kubernetes|react|ci/cd|docker|aws|devops|esp32|fullstack|terraform
WT,1,2,Mobile & IoT Development,IoT,77.3,C++,54.8,Automata Theory,53.8,Microcontroller & Embedded Systems,53.7,Data Structures and Algorithms,48.0,microcontroller|gpio|sensor|esp32|arduino|raspberry pi|mqtt|bluetooth
ML,2,1,Artificial Intelligence & Machine Learning|Cloud & Distributed Systems,Software Engineering,87.8,Cryptography & Network Security,87.3,Database Management Systems,86.0,Operating Systems,85.7,Java,84.1,neural network|sklearn|pandas
ML,3,2,Cloud & Distributed Systems|Data Science & Analytics|Network & Wireless Systems,Artificial Intelligence,70.1,Engineering Mathematics-IV,70.0,Software Engineering,67.1,C++,64.7,Full Stack Development,61.5,classification|neural network|pandas|keras|deep learning|regression
ML,2,1,Data Science & Analytics|Web Development,Operating Systems,62.1,Python,56.3,Engineering Mathematics-III,54.7,Artificial Intelligence,50.5,Database Management Systems,46.2,regression|sklearn|nlp
DWM,2,2,Data Science & Analytics|Network & Wireless Systems,Engineering Mathematics-III,71.4,Design & Analysis of Algorithms,55.6,Data Structures and Algorithms,54.9,Engineering Mathematics-IV,53.0,Python,49.7,data mining|dashboard|analytics|etl
WT,1,1,Mobile & IoT Development,Automata Theory,81.6,C++,71.1,Cryptography & Network Security,70.1,Python,67.8,Operating Systems,61.3,iot|microcontroller|deep learning|sensor
CCS,2,2,Cloud & Distributed Systems|Web Development,Full Stack Development,91.8,Software Engineering,87.9,Digital Logic & Design,85.1,Computer Networks,83.6,Artificial Intelligence,83.27410083420614,node|kubernetes|react|docker|azure|aws|serverless|fullstack|cloud
CCS,2,3,Cloud & Distributed Systems|Network & Wireless Systems,Full Stack Development,97.1,Data Structures and Algorithms,95.7,Design & Analysis of Algorithms,94.7,C++,92.6,Database Management Systems,92.4,node|kubernetes|docker|azure|aws|devops|serverless|fullstack
DWM,1,3,Data Science & Analytics,Database Management Systems,66.1,Operating Systems,62.2,Data Structures and Algorithms,53.9,Engineering Mathematics-III,48.0,Engineering Mathematics-IV,45.0,power bi|mongodb|dashboard|etl|data mining|sql|analytics|tableau
DWM,2,2,Data Science & Analytics|Web Development,Python,87.10536983263336,Artificial Intelligence,74.19769774738134,Operating Systems,70.0,Design & Analysis of Algorithms,66.5,Data Structures and Algorithms,64.5,power bi|machine learning|mongodb|dashboard|data warehouse|analytics|fullstack
DWM,1,2,Data Science & Analytics,Data Structures and Algorithms,78.7,Java,72.5,C++,70.7,Computer Networks,66.6,Operating Systems,65.6,mongodb|dashboard|data warehouse|postgresql|etl|data mining|analytics
CCS,3,0,Web Development|Cloud & Distributed Systems|Artificial Intelligence & Machine Learning,IoT,69.6,Java,67.0,Digital Logic & Design,63.2,Full Stack Development,61.9,Engineering Mathematics-IV,60.2,
CCS,3,1,Cloud & Distributed Systems|Web Development|Network & Wireless Systems,Computer Networks,83.2,Full Stack Development,77.6,Design & Analysis of Algorithms,70.8,Automata Theory,67.6,Microcontroller & Embedded Systems,67.2,react|ci/cd|devops|serverless|fullstack
CCS,2,1,Web Development|Network & Wireless Systems,Full Stack Development,72.5,Database Management Systems,69.1,Computer Networks,58.8,IoT,56.7,Automata Theory,53.5,aws|devops|fullstack|ci/cd
DWM,1,2,Data Science & Analytics,Python,70.4,Automata Theory,64.1,Data Structures and Algorithms,63.5,Design & Analysis of Algorithms,62.5,Engineering Mathematics-III,61.8,mongodb|data warehouse|postgresql|etl|data mining|tableau
WT,3,1,Data Science & Analytics|Network & Wireless Systems|Mobile & IoT Development,Data Structures and Algorithms,64.0,Engineering Mathematics-III,62.2,Computer Networks,61.8,Operating Systems,60.1,Design & Analysis of Algorithms,55.2,embedded|esp32|arduino|raspberry pi|mqtt|bluetooth
WT,2,2,Network & Wireless Systems|Mobile & IoT Development,Microcontroller & Embedded Systems,69.9,Engineering Mathematics-III,67.9,Database Management Systems,67.6,Computer Networks,67.45002677060825,Operating Systems,65.2,microcontroller|gpio|sensor|embedded|postgresql|esp32|wireless|arduino|mqtt
DWM,1,0,Data Science & Analytics,Java,94.6,Data Structures and Algorithms,93.6,Database Management Systems,89.6,Design & Analysis of Algorithms,85.0,Python,84.8,
ML,2,1,Data Science & Analytics|Artificial Intelligence & Machine Learning,Design & Analysis of Algorithms,45.6,C++,37.2,Artificial Intelligence,33.7,Database Management Systems,31.3,Software Engineering,27.4,sklearn|numpy|docker|deep learning|nlp
CCS,1,1,Cloud & Distributed Systems,Computer Networks,58.9,Engineering Mathematics-IV,57.5,Database Management Systems,53.1,Data Structures and Algorithms,52.3,Automata Theory,51.8,node|azure|terraform|ci/cd
DWM,3,1,Data Science & Analytics|Artificial Intelligence & Machine Learning|Cloud & Distributed Systems,Python,58.7,Engineering Mathematics-IV,52.3,Cryptography & Network Security,50.4,Design & Analysis of Algorithms,49.4,Java,40.4,power bi|dashboard|etl|data mining|analytics|tableau
DWM,1,2,Data Science & Analytics,Data Structures and Algorithms,37.2,Microcontroller & Embedded Systems,33.239268002640955,Automata Theory,29.6,Engineering Mathematics-III,27.5,Full Stack Development,27.5,power bi|data warehouse|dashboard|docker|etl|sql
DWM,2,1,Data Science & Analytics|Artificial Intelligence & Machine Learning,Artificial Intelligence,77.2,Operating Systems,71.8,Engineering Mathematics-III,68.2,Computer Networks,59.1,Database Management Systems,59.0,power bi|data warehouse|dashboard|pandas|postgresql|data mining|analytics
ML,2,2,Artificial Intelligence & Machine Learning|Data Science & Analytics,Data Structures and Algorithms,83.8,Computer Networks,81.6,Python,78.4,Artificial Intelligence,72.1,Automata Theory,70.2,numpy|tensorflow|deep learning|regression|python|nlp
DWM,1,2,Data Science & Analytics,Full Stack Development,77.8,Software Engineering,77.2,Cryptography & Network Security,75.1,C++,74.4,Python,73.7,power bi|data warehouse|docker|postgresql|analytics|sql|tableau
DWM,2,1,Data Science & Analytics|Web Development,Data Structures and Algorithms,74.0,Digital Logic & Design,63.8,Computer Networks,60.6,Automata Theory,58.8,Engineering Mathematics-III,57.1,power bi|machine learning|mongodb|postgresql|etl|data mining|tableau
ML,2,3,Artificial Intelligence & Machine Learning|Network & Wireless Systems,Operating Systems,72.4,Engineering Mathematics-III,72.0,Microcontroller & Embedded Systems,69.1,Automata Theory,63.3,Design & Analysis of Algorithms,61.2,classification|pytorch|pandas|tensorflow|postgresql|regression|python
DWM,2,1,Data Science & Analytics|Artificial Intelligence & Machine Learning,Data Structures and Algorithms,69.6,Database Management Systems,69.4,Full Stack Development,65.0,Microcontroller & Embedded Systems,61.6,Cryptography & Network Security,58.2,power bi|data warehouse|dashboard|etl|analytics|tableau
CCS,2,2,Web Development|Cloud & Distributed Systems,Operating Systems,94.0,Cryptography & Network Security,85.4,Computer Networks,83.50543427145021,Artificial Intelligence,77.8,Design & Analysis of Algorithms,77.1,node|ci/cd|serverless|fullstack|cloud
DWM,1,1,Data Science & Analytics,Digital Logic & Design,71.3,Computer Networks,71.1,Data Structures and Algorithms,63.4,Java,61.6,IoT,60.3,data warehouse|mongodb|etl|sql|tableau
DWM,2,1,Data Science & Analytics|Artificial Intelligence & Machine Learning,Java,73.0,Computer Networks,69.6,Python,67.2,Database Management Systems,65.3,Artificial Intelligence,64.6,data mining|dashboard|power bi|etl
CCS,2,1,Web Development|Cloud & Distributed Systems,Operating Systems,80.2,Data Structures and Algorithms,77.2,Python,77.1,Digital Logic & Design,72.7,Engineering Mathematics-III,72.5,node|aws|cloud
WT,2,3,Mobile & IoT Development|Cloud & Distributed Systems,Computer Networks,55.9,Python,54.4,Digital Logic & Design,53.4,C++,45.3,IoT,44.0,microcontroller|gpio|iot|embedded|esp32|arduino|mqtt|tableau
CCS,3,4,Cloud & Distributed Systems|Web Development|Artificial Intelligence & Machine Learning,Engineering Mathematics-III,38.2,Full Stack Development,34.0,Artificial Intelligence,32.6,Computer Networks,29.9,Database Management Systems,26.2,node|kubernetes|react|ci/cd|azure|aws|devops|serverless|sql|fullstack
CCS,3,1,Cloud & Distributed Systems|Web Development|Network & Wireless Systems,Full Stack Development,84.2,C++,71.3,Cryptography & Network Security,71.0,Artificial Intelligence,69.0,Computer Networks,67.6,node|kubernetes|ci/cd|serverless|react|terraform
DWM,2,2,Data Science & Analytics|Artificial Intelligence & Machine Learning,C++,88.9,Full Stack Development,88.2,Microcontroller & Embedded Systems,82.2,Database Management Systems,79.6,Computer Networks,77.6,power bi|mongodb|dashboard|data warehouse|postgresql|sql
ML,2,1,Artificial Intelligence & Machine Learning|Network & Wireless Systems,Artificial Intelligence,99.5,C++,91.7,Computer Networks,85.9,Engineering Mathematics-III,85.4,Full Stack Development,83.3,data warehouse|numpy|machine learning|tensorflow
ML,2,1,Artificial Intelligence & Machine Learning|Data Science & Analytics,Artificial Intelligence,40.7,Python,37.4,Database Management Systems,35.9,Digital Logic & Design,34.6,Engineering Mathematics-IV,33.7,tensorflow|keras|fullstack|neural network|python
WT,4,2,Web Development|Cloud & Distributed Systems|Network & Wireless Systems|Mobile & IoT Development,IoT,83.8,Operating Systems,80.8,Engineering Mathematics-III,69.5,Microcontroller & Embedded Systems,68.3,Computer Networks,66.5,microcontroller|gpio|iot|sensor|wireless|arduino|esp32|raspberry pi|bluetooth
WT,3,2,Mobile & IoT Development|Network & Wireless Systems|Cloud & Distributed Systems,Python,73.9,Cryptography & Network Security,66.5,Microcontroller & Embedded Systems,65.2,Data Structures and Algorithms,57.1,Operating Systems,54.5,gpio|machine learning|iot|sensor|embedded|esp32|arduino|wireless|bluetooth
ML,3,2,Artificial Intelligence & Machine Learning|Data Science & Analytics|Mobile & IoT Development,Microcontroller & Embedded Systems,85.83077108638012,Software Engineering,80.0,Design & Analysis of Algorithms,75.3,Engineering Mathematics-III,74.3,Database Management Systems,73.3,numpy|classification|machine learning|tensorflow|keras|fullstack|neural network|python|regression|deep learning
WT,3,3,Mobile & IoT Development|Network & Wireless Systems|Cloud & Distributed Systems,Operating Systems,100.0,Engineering Mathematics-III,97.6,Computer Networks,96.1,Digital Logic & Design,95.9,IoT,94.5,gpio|sensor|iot|esp32|arduino|raspberry pi|bluetooth
CCS,2,2,Cloud & Distributed Systems|Data Science & Analytics,Full Stack Development,69.0,Database Management Systems,66.3,Software Engineering,63.5,Operating Systems,60.0,Design & Analysis of Algorithms,57.9,node|devops|terraform
CCS,3,1,Web Development|Cloud & Distributed Systems|Artificial Intelligence & Machine Learning,Engineering Mathematics-IV,52.3,Operating Systems,51.4,Python,50.7,IoT,46.3,Java,45.8,node|azure|serverless|fullstack|cloud|terraform
WT,2,4,Mobile & IoT Development|Network & Wireless Systems,Python,77.8,Operating Systems,75.4,C++,74.7,Engineering Mathematics-III,67.5,Digital Logic & Design,65.1,microcontroller|gpio|iot|sensor|embedded|wireless|esp32|raspberry pi|mqtt|python
CCS,2,1,Cloud & Distributed Systems|Artificial Intelligence & Machine Learning,Full Stack Development,86.4,Artificial Intelligence,74.08931401230357,Computer Networks,72.5,Software Engineering,71.3,Engineering Mathematics-IV,70.1,kubernetes|deep learning|fullstack|azure|devops|react|terraform
CCS,2,4,Web Development|Cloud & Distributed Systems,Computer Networks,50.0,Operating Systems,38.1,Full Stack Development,37.6,Design & Analysis of Algorithms,37.2,IoT,35.4,node|gpio|ci/cd|docker|azure|aws|devops|serverless|fullstack|cloud
WT,1,3,Mobile & IoT Development,Cryptography & Network Security,62.1,IoT,59.8,Engineering Mathematics-IV,53.1,Engineering Mathematics-III,47.3,Automata Theory,46.6,microcontroller|sensor|tensorflow|embedded|arduino|raspberry pi|mqtt|bluetooth
DWM,3,2,Data Science & Analytics|Artificial Intelligence & Machine Learning|Cloud & Distributed Systems,Database Management Systems,50.1,Design & Analysis of Algorithms,43.4,C++,40.1,Cryptography & Network Security,36.7,Engineering Mathematics-III,35.6,data warehouse|dashboard|mongodb|etl|sql|analytics|tableau
ML,3,3,Data Science & Analytics|Artificial Intelligence & Machine Learning|Web Development,Operating Systems,88.9,Computer Networks,88.5,C++,85.5,Database Management Systems,85.2,Java,84.2,sklearn|numpy|machine learning|tensorflow|pandas|deep learning|pytorch|regression|nlp
CCS,3,4,Cloud & Distributed Systems|Data Science & Analytics|Artificial Intelligence & Machine Learning,Database Management Systems,69.2,Software Engineering,61.8,Full Stack Development,61.8,Python,55.5,Microcontroller & Embedded Systems,54.1,node|kubernetes|react|ci/cd|docker|azure|aws|serverless|fullstack|regression
DWM,2,1,Data Science & Analytics|Web Development,Artificial Intelligence,61.6,Engineering Mathematics-IV,61.5,Python,57.3,Java,57.0,Data Structures and Algorithms,54.0,power bi|analytics
ML,2,1,Data Science & Analytics|Artificial Intelligence & Machine Learning,Artificial Intelligence,100.0,Automata Theory,86.5,Design & Analysis of Algorithms,75.4,Digital Logic & Design,74.4,IoT,73.8,python|tensorflow|pandas
ML,3,1,Artificial Intelligence & Machine Learning|Data Science & Analytics|Web Development,Computer Networks,82.1,Data Structures and Algorithms,74.6,Software Engineering,74.1,Artificial Intelligence,66.6,Automata Theory,64.2,machine learning|pytorch|keras|deep learning|neural network
WT,3,0,Mobile & IoT Development|Network & Wireless Systems|Cloud & Distributed Systems,Software Engineering,81.3,Data Structures and Algorithms,80.88677750241919,IoT,75.9,Engineering Mathematics-III,67.4,Cryptography & Network Security,61.2,
ML,2,1,Data Science & Analytics|Artificial Intelligence & Machine Learning,Software Engineering,58.0,Engineering Mathematics-III,57.7,Data Structures and Algorithms,57.56779666192428,Automata Theory,51.6,Engineering Mathematics-IV,49.9,azure|python|machine learning|nlp
ML,2,1,Artificial Intelligence & Machine Learning|Web Development,Operating Systems,72.3,Full Stack Development,64.2,C++,56.6,Artificial Intelligence,55.5,Python,50.9,regression|cloud|pandas
ML,1,2,Data Science & Analytics,Database Management Systems,72.2,Engineering Mathematics-IV,70.6,Operating Systems,64.9,Full Stack Development,63.4,Digital Logic & Design,63.2,sklearn|numpy|classification|deep learning|pytorch|python|nlp
CCS,2,2,Cloud & Distributed Systems|Web Development,Computer Networks,79.4,Data Structures and Algorithms,78.2,Cryptography & Network Security,76.6,Database Management Systems,75.1,Microcontroller & Embedded Systems,71.6,node|ci/cd|docker|azure|serverless
WT,1,1,Mobile & IoT Development,Computer Networks,79.7,Microcontroller & Embedded Systems,70.6,Engineering Mathematics-III,58.3,Data Structures and Algorithms,57.4,Engineering Mathematics-IV,52.4,esp32|wireless
DWM,2,2,Data Science & Analytics|Cloud & Distributed Systems,Database Management Systems,72.4,Cryptography & Network Security,58.9,Design & Analysis of Algorithms,55.8,Java,55.2,Computer Networks,54.1,sklearn|data warehouse|dashboard|mongodb|postgresql|etl|sql|analytics|tableau
ML,1,3,Artificial Intelligence & Machine Learning,Data Structures and Algorithms,73.7,Artificial Intelligence,60.6,Java,54.6,Engineering Mathematics-III,54.0,Design & Analysis of Algorithms,53.9,sklearn|classification|pandas|tensorflow|etl|keras|deep learning|neural network|python
WT,2,2,Mobile & IoT Development|Network & Wireless Systems,C++,57.2,Python,53.4,Operating Systems,51.9,Digital Logic & Design,49.6,Cryptography & Network Security,48.4,microcontroller|gpio|sensor|pandas|embedded|wireless|arduino|raspberry pi|mqtt
CCS,4,1,Cloud & Distributed Systems|Web Development|Data Science & Analytics|Artificial Intelligence & Machine Learning,Computer Networks,64.5,Database Management Systems,61.1,Engineering Mathematics-III,55.4,Operating Systems,54.3,Python,49.6,ci/cd|docker|azure|aws|devops|serverless
WT,2,2,Mobile & IoT Development|Network & Wireless Systems,Computer Networks,89.0,Microcontroller & Embedded Systems,84.6,IoT,82.0,Digital Logic & Design,72.9,Cryptography & Network Security,70.8,microcontroller|gpio|sensor|embedded|data mining|esp32|arduino|raspberry pi|mqtt|bluetooth
ML,2,1,Data Science & Analytics|Cloud & Distributed Systems,Java,80.3,Artificial Intelligence,79.2,Database Management Systems,66.1,Design & Analysis of Algorithms,61.8,Engineering Mathematics-IV,59.5,pytorch|classification
WT,3,2,Network & Wireless Systems|Mobile & IoT Development|Cloud & Distributed Systems,Data Structures and Algorithms,67.07242397343086,Full Stack Development,59.1,Microcontroller & Embedded Systems,52.8,IoT,52.8,Design & Analysis of Algorithms,51.5,numpy|gpio|sensor|embedded|esp32|wireless|arduino|raspberry pi|mqtt
ML,2,2,Artificial Intelligence & Machine Learning|Web Development,Operating Systems,60.3,Artificial Intelligence,60.2,Engineering Mathematics-III,58.4,Design & Analysis of Algorithms,48.0,Database Management Systems,44.2,microcontroller|classification|machine learning|pandas|pytorch|nlp
CCS,2,2,Cloud & Distributed Systems|Data Science & Analytics,Software Engineering,74.3,C++,56.1,Design & Analysis of Algorithms,54.0,Database Management Systems,50.1,Computer Networks,44.0,kubernetes|ci/cd|sensor|pandas|fullstack|azure|aws|devops|react|terraform
WT,3,3,Mobile & IoT Development|Network & Wireless Systems|Cloud & Distributed Systems,Computer Networks,96.1,IoT,90.9,Microcontroller & Embedded Systems,85.5,Digital Logic & Design,83.2,Python,79.8,microcontroller|embedded|esp32|wireless|arduino|raspberry pi|mqtt|bluetooth
ML,2,1,Artificial Intelligence & Machine Learning|Data Science & Analytics,Artificial Intelligence,79.0,Data Structures and Algorithms,73.8,Design & Analysis of Algorithms,70.8,Python,69.6,Engineering Mathematics-III,68.2,pandas|tensorflow|machine learning|nlp
ML,3,2,Artificial Intelligence & Machine Learning|Data Science & Analytics|Cloud & Distributed Systems,Design & Analysis of Algorithms,70.7,Full Stack Development,61.4,Engineering Mathematics-III,61.0,Artificial Intelligence,58.8,Java,58.4,numpy|machine learning|pytorch|pandas|keras|neural network|python|nlp
DWM,2,0,Data Science & Analytics|Cloud & Distributed Systems,Data Structures and Algorithms,100.0,Operating Systems,92.8,Python,91.07180225024734,Engineering Mathematics-IV,88.0,Cryptography & Network Security,87.6,
DWM,1,4,Data Science & Analytics,Data Structures and Algorithms,69.4,Engineering Mathematics-III,65.8,Microcontroller & Embedded Systems,65.1,Engineering Mathematics-IV,63.5,Full Stack Development,62.2,mongodb|data warehouse|dashboard|postgresql|etl|data mining|sql|tableau
DWM,2,2,Data Science & Analytics|Cloud & Distributed Systems,Data Structures and Algorithms,84.8,Python,83.3,Cryptography & Network Security,83.2,Design & Analysis of Algorithms,82.5,Operating Systems,75.6,power bi|mongodb|data warehouse|dashboard|etl|data mining|analytics|tableau
WT,2,2,Mobile & IoT Development|Network & Wireless Systems,Microcontroller & Embedded Systems,63.6,Java,61.6,Engineering Mathematics-III,59.9,Database Management Systems,52.5,Cryptography & Network Security,52.3,ci/cd|sensor|iot|wireless|mqtt|bluetooth
ML,1,0,Artificial Intelligence & Machine Learning,Data Structures and Algorithms,83.5,Computer Networks,70.3,Engineering Mathematics-III,65.8,Full Stack Development,64.3,Operating Systems,63.0,
CCS,2,1,Cloud & Distributed Systems|Web Development,Digital Logic & Design,67.5,Computer Networks,64.1,Engineering Mathematics-IV,62.8,C++,59.7,Data Structures and Algorithms,57.6,kubernetes|azure|serverless|fullstack|cloud
CCS,3,1,Web Development|Cloud & Distributed Systems|Network & Wireless Systems,Software Engineering,85.9,Engineering Mathematics-III,84.3,Full Stack Development,78.2,Python,76.4,Operating Systems,76.3,node|cloud|serverless|terraform
DWM,1,1,Data Science & Analytics,Automata Theory,69.0,Engineering Mathematics-IV,62.2,Database Management Systems,60.9,Operating Systems,60.9,Design & Analysis of Algorithms,57.0,power bi|data warehouse|iot|postgresql|analytics
WT,2,2,Mobile & IoT Development|Network & Wireless Systems,Microcontroller & Embedded Systems,95.6,Data Structures and Algorithms,92.1,IoT,91.9,Computer Networks,88.1,Automata Theory,85.2,iot|embedded|wireless|arduino|esp32|raspberry pi|mqtt|bluetooth
ML,1,1,Data Science & Analytics,Artificial Intelligence,89.1,Data Structures and Algorithms,56.7,Operating Systems,54.4,Database Management Systems,51.1,Digital Logic & Design,46.8,sklearn|numpy|pandas|keras|neural network
CCS,2,4,Web Development|Data Science & Analytics,Full Stack Development,75.5,Operating Systems,73.9,Software Engineering,70.6,Engineering Mathematics-IV,68.6,Data Structures and Algorithms,66.7,node|kubernetes|react|ci/cd|azure|devops|serverless|fullstack|terraform|bluetooth
DWM,1,0,Data Science & Analytics,Engineering Mathematics-IV,61.8,Database Management Systems,60.9,Java,54.1,Cryptography & Network Security,52.9,IoT,47.5,
ML,1,3,Artificial Intelligence & Machine Learning,Data Structures and Algorithms,100.0,Engineering Mathematics-IV,91.8,Database Management Systems,88.73650581410519,Python,85.1,C++,82.7,sklearn|tableau|classification|neural network|machine learning|tensorflow|keras|deep learning|pytorch|nlp
CCS,1,1,Web Development,Digital Logic & Design,86.9,Full Stack Development,84.7,Software Engineering,82.5,Data Structures and Algorithms,81.2,Engineering Mathematics-III,79.3,azure|aws|data mining|devops|serverless|fullstack|cloud
CCS,3,4,Cloud & Distributed Systems|Web Development|Network & Wireless Systems,Engineering Mathematics-III,83.4,IoT,80.2,Java,79.7,Database Management Systems,74.3,Artificial Intelligence,73.1,node|kubernetes|numpy|react|ci/cd|docker|azure|aws|devops|serverless
ML,2,3,Artificial Intelligence & Machine Learning|Data Science & Analytics,Database Management Systems,73.04324476656554,Automata Theory,71.8,Data Structures and Algorithms,66.30145062484104,Engineering Mathematics-III,62.1,Java,59.5,sklearn|sensor|pytorch|tensorflow|keras|deep learning|regression|nlp
ML,3,3,Artificial Intelligence & Machine Learning|Data Science & Analytics|Cloud & Distributed Systems,Database Management Systems,99.6,Artificial Intelligence,98.4,Engineering Mathematics-III,93.8,Software Engineering,93.2,Operating Systems,89.6,numpy|classification|neural network|machine learning|tensorflow|pandas|pytorch|regression|python|nlp
ML,2,3,Data Science & Analytics|Network & Wireless Systems,C++,66.3,Data Structures and Algorithms,64.7,Python,61.7,Computer Networks,59.4,Operating Systems,59.2,sklearn|numpy|classification|neural network|machine learning|keras|devops|deep learning|pytorch|regression
DWM,4,2,Web Development|Artificial Intelligence & Machine Learning|Data Science & Analytics|Cloud & Distributed Systems,Operating Systems,84.9,Python,82.5,Engineering Mathematics-III,80.8,Engineering Mathematics-IV,78.9,Artificial Intelligence,71.9,mongodb|dashboard|postgresql|data mining|sql|regression
DWM,2,3,Data Science & Analytics|Web Development,Data Structures and Algorithms,60.8,Automata Theory,53.8,Artificial Intelligence,40.5,Engineering Mathematics-III,39.9,C++,39.8,power bi|mongodb|data warehouse|tensorflow|postgresql|data mining|tableau
ML,3,3,Artificial Intelligence & Machine Learning|Cloud & Distributed Systems|Network & Wireless Systems,Data Structures and Algorithms,60.3,Java,57.5,Software Engineering,56.7,Artificial Intelligence,51.4,Automata Theory,50.3,sklearn|numpy|neural network|machine learning|mongodb|pytorch|tensorflow|pandas|deep learning|regression
WT,3,3,Mobile & IoT Development|Network & Wireless Systems|Cloud & Distributed Systems,Computer Networks,68.6,Microcontroller & Embedded Systems,68.5,Operating Systems,67.0,Data Structures and Algorithms,55.5,Cryptography & Network Security,54.3,microcontroller|gpio|sensor|iot|embedded|esp32|wireless|raspberry pi|mqtt|bluetooth
ML,3,1,Artificial Intelligence & Machine Learning|Cloud & Distributed Systems|Network & Wireless Systems,Full Stack Development,88.22576598745766,Artificial Intelligence,79.3,Computer Networks,75.50620891445332,Data Structures and Algorithms,72.4,Automata Theory,72.2,neural network|classification|python
WT,2,2,Network & Wireless Systems|Mobile & IoT Development,Design & Analysis of Algorithms,77.4,Artificial Intelligence,75.77050426893844,Cryptography & Network Security,68.4,Operating Systems,66.8,Java,59.7,microcontroller|gpio|embedded|wireless|mqtt|bluetooth
CCS,3,2,Cloud & Distributed Systems|Web Development|Network & Wireless Systems,Design & Analysis of Algorithms,78.1,Software Engineering,72.8,Engineering Mathematics-IV,70.9,Automata Theory,70.9,Computer Networks,69.4,docker|azure|aws|devops|cloud
WT,1,1,Network & Wireless Systems,Engineering Mathematics-III,65.0,Operating Systems,61.6,C++,59.9,Artificial Intelligence,56.95363749522309,IoT,56.0,gpio|sensor|esp32|fullstack|raspberry pi|mqtt
WT,3,1,Mobile & IoT Development|Network & Wireless Systems|Cloud & Distributed Systems,Digital Logic & Design,82.6,Engineering Mathematics-III,80.0,Microcontroller & Embedded Systems,75.4,Software Engineering,75.4,Python,74.0,iot|gpio|mqtt|sensor
DWM,2,2,Data Science & Analytics|Web Development,Artificial Intelligence,88.7,Engineering Mathematics-IV,86.6,Digital Logic & Design,84.8,Computer Networks,82.6,Database Management Systems,81.1,data warehouse|mongodb|dashboard|postgresql|etl|sql|react|tableau
CCS,2,1,Cloud & Distributed Systems|Web Development,Python,26.3,Design & Analysis of Algorithms,22.5,Database Management Systems,19.6,C++,16.3,Engineering Mathematics-IV,15.3,aws|fullstack
WT,2,1,Network & Wireless Systems|Mobile & IoT Development,Automata Theory,82.2,Operating Systems,78.2,Database Management Systems,77.1,Computer Networks,75.0,IoT,74.1,microcontroller|gpio|sensor|embedded|wireless|esp32
DWM,2,2,Data Science & Analytics|Web Development,Design & Analysis of Algorithms,58.3,Database Management Systems,49.7,Computer Networks,49.7,Full Stack Development,47.8,Software Engineering,46.1,power bi|data warehouse|docker|postgresql|sql|tableau
CCS,2,1,Cloud & Distributed Systems|Web Development,Engineering Mathematics-III,83.4,Design & Analysis of Algorithms,81.0,Microcontroller & Embedded Systems,72.97405132841718,Automata Theory,71.1,Full Stack Development,71.0,kubernetes|react|azure|devops|fullstack
CCS,1,0,Cloud & Distributed Systems,Data Structures and Algorithms,77.8,C++,75.8,Python,74.8,Automata Theory,74.4,Software Engineering,71.9,
WT,1,2,Mobile & IoT Development,Software Engineering,62.2,Cryptography & Network Security,59.6,Digital Logic & Design,57.8,Python,54.5,IoT,53.9,gpio|embedded|wireless|mqtt|bluetooth
ML,1,3,Artificial Intelligence & Machine Learning,Computer Networks,67.51312958725444,Engineering Mathematics-III,58.1,Operating Systems,54.9,Full Stack Development,53.66436057932327,Automata Theory,53.0,sklearn|numpy|classification|neural network|machine learning|pandas|keras|wireless|deep learning|pytorch
WT,3,2,Mobile & IoT Development|Network & Wireless Systems|Cloud & Distributed Systems,IoT,78.9,Microcontroller & Embedded Systems,66.0,Java,65.1,Data Structures and Algorithms,63.8,Software Engineering,63.1,microcontroller|gpio|esp32|arduino|raspberry pi
WT,1,4,Mobile & IoT Development,Python,77.4,Engineering Mathematics-IV,72.6,IoT,69.5,Design & Analysis of Algorithms,61.8,Software Engineering,57.8,microcontroller|gpio|iot|sensor|embedded|docker|wireless|arduino|esp32|raspberry pi
ML,1,3,Artificial Intelligence & Machine Learning,Python,80.0,Artificial Intelligence,78.7,Operating Systems,71.3,Java,67.9,Engineering Mathematics-III,66.7,sklearn|numpy|classification|machine learning|tensorflow|regression|python|nlp
WT,3,3,Network & Wireless Systems|Mobile & IoT Development|Cloud & Distributed Systems,Database Management Systems,100.0,Data Structures and Algorithms,87.77022195087315,Computer Networks,86.0,IoT,77.7,Digital Logic & Design,77.4,microcontroller|sensor|iot|embedded|etl|wireless|arduino|raspberry pi|mqtt|bluetooth
ML,4,4,Data Science & Analytics|Artificial Intelligence & Machine Learning|Cloud & Distributed Systems|Network & Wireless Systems,Python,86.4,Engineering Mathematics-III,77.6,Cryptography & Network Security,76.0,Data Structures and Algorithms,74.81539447696575,Artificial Intelligence,70.5,sklearn|numpy|neural network|classification|terraform|tensorflow|pandas|keras|deep learning|pytorch
DWM,1,4,Data Science & Analytics,Software Engineering,63.0,Operating Systems,60.9,Database Management Systems,60.7,Java,54.8,Design & Analysis of Algorithms,53.8,power bi|mongodb|data warehouse|dashboard|etl|data mining|sql|arduino
DWM,3,3,Data Science & Analytics|Web Development|Cloud & Distributed Systems,Cryptography & Network Security,73.7,Database Management Systems,73.2,Software Engineering,72.1,Computer Networks,71.1,Data Structures and Algorithms,70.3,power bi|mongodb|data warehouse|pandas|data mining|analytics|sql|mqtt
WT,2,2,Mobile & IoT Development|Cloud & Distributed Systems,Data Structures and Algorithms,83.90123627681966,Java,69.7,Database Management Systems,65.44998864978639,C++,64.5,Microcontroller & Embedded Systems,62.1,microcontroller|gpio|sensor|embedded|wireless|raspberry pi|mqtt|bluetooth
WT,1,3,Mobile & IoT Development,Microcontroller & Embedded Systems,98.0,Digital Logic & Design,94.9,Computer Networks,94.1,Software Engineering,88.2,Design & Analysis of Algorithms,88.1,kubernetes|gpio|iot|embedded|wireless|arduino|raspberry pi|mqtt|bluetooth
WT,2,1,Mobile & IoT Development|Cloud & Distributed Systems,Full Stack Development,92.14926134104303,Computer Networks,91.59325564184675,Data Structures and Algorithms,85.1,C++,84.8,IoT,83.0,gpio|iot|sensor|embedded|esp32|analytics|mqtt
DWM,1,3,Data Science & Analytics,Database Management Systems,75.1,Design & Analysis of Algorithms,70.5,Engineering Mathematics-IV,69.6,Python,68.0,Computer Networks,65.2,data warehouse|dashboard|mongodb|iot|postgresql|data mining|analytics|sql|tableau
DWM,1,2,Data Science & Analytics,Engineering Mathematics-IV,80.4,Cryptography & Network Security,79.3,C++,78.9,Database Management Systems,72.9,Java,72.3,mongodb|dashboard|data warehouse|postgresql|etl|sql|analytics|tableau
WT,3,2,Mobile & IoT Development|Network & Wireless Systems|Data Science & Analytics,Cryptography & Network Security,79.0,IoT,78.2,Database Management Systems,78.11320656084436,Digital Logic & Design,78.0,Microcontroller & Embedded Systems,77.5,power bi|microcontroller|gpio|iot|dashboard|embedded|esp32|wireless|raspberry pi
WT,3,1,Mobile & IoT Development|Network & Wireless Systems|Cloud & Distributed Systems,Automata Theory,67.1,Database Management Systems,51.6,Computer Networks,51.3,Cryptography & Network Security,49.4,C++,48.2,esp32|wireless|arduino
DWM,1,1,Data Science & Analytics,Cryptography & Network Security,64.6,Database Management Systems,63.5,Engineering Mathematics-IV,61.0,Design & Analysis of Algorithms,59.8,Engineering Mathematics-III,59.0,etl|tableau
WT,1,1,Network & Wireless Systems,Digital Logic & Design,56.7,Design & Analysis of Algorithms,56.4,Engineering Mathematics-IV,55.3,Computer Networks,47.0,Cryptography & Network Security,46.9,microcontroller|gpio|iot|esp32|wireless|mqtt
DWM,1,2,Data Science & Analytics,Data Structures and Algorithms,79.3,Digital Logic & Design,71.5,Cryptography & Network Security,67.2,Engineering Mathematics-IV,65.5,Python,65.0,numpy|dashboard|etl|data mining|sql|tableau
CCS,3,1,Cloud & Distributed Systems|Data Science & Analytics|Artificial Intelligence & Machine Learning,Python,66.8,Cryptography & Network Security,55.0,Digital Logic & Design,50.0,Java,42.5,Engineering Mathematics-III,40.3,react|docker|aws|fullstack|cloud
ML,3,2,Data Science & Analytics|Artificial Intelligence & Machine Learning|Web Development,Software Engineering,91.0,Python,89.0,Full Stack Development,87.9,Java,83.0,Automata Theory,81.4,kubernetes|numpy|machine learning|pytorch|tensorflow|pandas|data mining|neural network|python|nlp
DWM,3,2,Web Development|Data Science & Analytics|Network & Wireless Systems,Python,63.9,Automata Theory,62.2,Engineering Mathematics-IV,59.3,Operating Systems,57.1,Data Structures and Algorithms,56.7,mongodb|dashboard|data warehouse|data mining|sql|tableau
WT,2,2,Network & Wireless Systems|Mobile & IoT Development,Automata Theory,94.3,Engineering Mathematics-IV,78.9,IoT,76.9,Operating Systems,74.9,Computer Networks,73.7,microcontroller|wireless|raspberry pi|mqtt|bluetooth
WT,1,2,Mobile & IoT Development,Java,64.9,Artificial Intelligence,64.33512744268315,Operating Systems,63.9,Microcontroller & Embedded Systems,62.1,C++,55.6,microcontroller|gpio|machine learning|iot|embedded|arduino|mqtt|bluetooth
CCS,1,4,Web Development,Design & Analysis of Algorithms,70.9,Full Stack Development,60.2,Automata Theory,59.5,Artificial Intelligence,58.7,Database Management Systems,55.559899319895905,node|kubernetes|microcontroller|react|ci/cd|data warehouse|tensorflow|docker|azure|aws
WT,3,3,Network & Wireless Systems|Cloud & Distributed Systems|Data Science & Analytics,Computer Networks,73.7,Engineering Mathematics-III,70.1,Data Structures and Algorithms,70.0,Python,67.6730585382621,Operating Systems,61.5,microcontroller|gpio|sensor|iot|raspberry pi|bluetooth
CCS,2,2,Web Development|Cloud & Distributed Systems,Computer Networks,71.7,Software Engineering,63.8,Digital Logic & Design,59.4,Design & Analysis of Algorithms,59.3,Full Stack Development,56.9,kubernetes|machine learning|docker|azure|aws|devops|serverless|fullstack
ML,3,1,Data Science & Analytics|Artificial Intelligence & Machine Learning|Cloud & Distributed Systems,Operating Systems,67.4,Computer Networks,66.0,Artificial Intelligence,59.4,Engineering Mathematics-III,55.0,Design & Analysis of Algorithms,52.8,sklearn|numpy|classification|machine learning|pytorch|data warehouse|regression
CCS,1,3,Cloud & Distributed Systems,Database Management Systems,68.7,Computer Networks,60.0,Automata Theory,59.7,Digital Logic & Design,59.3,Full Stack Development,52.9,node|kubernetes|ci/cd|azure|aws|serverless|fullstack|cloud
WT,3,4,Network & Wireless Systems|Mobile & IoT Development|Cloud & Distributed Systems,Data Structures and Algorithms,94.1,Microcontroller & Embedded Systems,84.4,Operating Systems,78.4,IoT,72.7,Engineering Mathematics-IV,71.7,microcontroller|iot|sensor|embedded|nlp|wireless|esp32|raspberry pi|mqtt|python
DWM,2,2,Data Science & Analytics|Artificial Intelligence & Machine Learning,Digital Logic & Design,74.7,Computer Networks,71.6,C++,65.8,Design & Analysis of Algorithms,61.1,Operating Systems,59.5,mongodb|postgresql|etl|azure|analytics
ML,3,2,Data Science & Analytics|Artificial Intelligence & Machine Learning|Cloud & Distributed Systems,Artificial Intelligence,73.2,IoT,61.0,Java,59.2,Engineering Mathematics-III,57.8,Operating Systems,56.3,sklearn|classification|sensor|pytorch|pandas|deep learning|neural network
WT,3,2,Mobile & IoT Development|Network & Wireless Systems|Cloud & Distributed Systems,Data Structures and Algorithms,100.0,Computer Networks,100.0,Microcontroller & Embedded Systems,100.0,Java,100.0,IoT,100.0,gpio|sensor|esp32|arduino|wireless|raspberry pi|mqtt|bluetooth
WT,2,2,Network & Wireless Systems|Mobile & IoT Development,Computer Networks,95.0,Data Structures and Algorithms,81.73678148340939,C++,77.7,Microcontroller & Embedded Systems,77.2,Design & Analysis of Algorithms,70.9,kubernetes|microcontroller|iot|sensor|embedded|wireless|arduino|serverless|raspberry pi
CCS,2,3,Web Development|Cloud & Distributed Systems,Software Engineering,68.1,Cryptography & Network Security,66.9,Full Stack Development,61.9,Computer Networks,61.8,Operating Systems,61.7,node|kubernetes|docker|postgresql|azure|devops|serverless|fullstack|terraform
ML,2,3,Data Science & Analytics|Web Development,Engineering Mathematics-IV,38.2,C++,31.9,Python,29.7,Digital Logic & Design,28.2,Data Structures and Algorithms,17.7,numpy|neural network|machine learning|pandas|tensorflow|docker|pytorch|regression|python
ML,2,2,Artificial Intelligence & Machine Learning|Data Science & Analytics,Operating Systems,62.4,Artificial Intelligence,61.6,Engineering Mathematics-IV,55.6,Digital Logic & Design,50.5,Full Stack Development,46.3,classification|pandas|deep learning|regression|python
DWM,2,2,Data Science & Analytics|Artificial Intelligence & Machine Learning,Engineering Mathematics-III,72.5,Cryptography & Network Security,68.7,Database Management Systems,68.4,Data Structures and Algorithms,65.3,Full Stack Development,64.7,sklearn|data warehouse|mongodb|postgresql|tableau
WT,1,3,Network & Wireless Systems,Digital Logic & Design,84.4,IoT,82.5,Computer Networks,81.8,Microcontroller & Embedded Systems,80.9,Operating Systems,80.1,microcontroller|gpio|sensor|iot|mongodb|embedded|esp32|wireless|serverless|raspberry pi
ML,2,2,Data Science & Analytics|Web Development,Python,55.6,Java,52.6,Engineering Mathematics-III,51.7,Operating Systems,46.5,Artificial Intelligence,44.3,sklearn|numpy|keras|neural network|regression|nlp
CCS,2,3,Web Development|Cloud & Distributed Systems,C++,83.5,Python,81.2,Full Stack Development,80.3,Cryptography & Network Security,79.5,Digital Logic & Design,78.4,node|kubernetes|docker|fullstack|azure|devops|serverless|react|cloud|terraform
WT,2,0,Mobile & IoT Development|Network & Wireless Systems,C++,89.9,Cryptography & Network Security,80.0,Database Management Systems,68.8,Python,63.9,Microcontroller & Embedded Systems,59.5,
CCS,2,3,Web Development|Cloud & Distributed Systems,Full Stack Development,90.2,Design & Analysis of Algorithms,78.9,Database Management Systems,70.5,Automata Theory,69.8,Engineering Mathematics-IV,69.6,node|kubernetes|numpy|ci/cd|iot|docker|azure|devops|serverless|cloud
CCS,2,3,Web Development|Network & Wireless Systems,Python,75.40675280458308,Computer Networks,54.2,Data Structures and Algorithms,42.5,Full Stack Development,41.2,Design & Analysis of Algorithms,40.8,kubernetes|ci/cd|docker|etl|keras|azure|aws|devops|fullstack|terraform
DWM,1,1,Data Science & Analytics,Database Management Systems,70.9,Cryptography & Network Security,68.0,Data Structures and Algorithms,61.6,C++,61.2,Full Stack Development,55.3,data warehouse|dashboard|embedded|sql
WT,3,4,Mobile & IoT Development|Network & Wireless Systems|Cloud & Distributed Systems,Automata Theory,48.1,Microcontroller & Embedded Systems,42.8,Software Engineering,41.6,Digital Logic & Design,39.1,Data Structures and Algorithms,36.4,microcontroller|gpio|sensor|iot|embedded|esp32|wireless|arduino|raspberry pi|bluetooth
ML,1,1,Data Science & Analytics,Artificial Intelligence,81.7,Cryptography & Network Security,67.2,Design & Analysis of Algorithms,66.6,Java,63.8,Engineering Mathematics-IV,63.6,numpy|classification|nlp
CCS,3,1,Web Development|Cloud & Distributed Systems|Data Science & Analytics,Data Structures and Algorithms,81.9,IoT,76.9,Cryptography & Network Security,76.4,Automata Theory,72.5,Operating Systems,67.8,kubernetes|terraform|cloud|fullstack
DWM,2,3,Data Science & Analytics|Web Development,Python,59.2,Data Structures and Algorithms,59.0,Database Management Systems,55.7,Engineering Mathematics-IV,54.1,Java,52.3,data warehouse|dashboard|mongodb|etl|data mining|devops|tableau
ML,2,2,Data Science & Analytics|Cloud & Distributed Systems,Artificial Intelligence,97.0,Engineering Mathematics-III,73.7,Digital Logic & Design,73.7,Data Structures and Algorithms,73.6,Operating Systems,72.2,classification|tensorflow|pandas|keras|python|nlp
CCS,2,2,Cloud & Distributed Systems|Web Development,Design & Analysis of Algorithms,50.2,Artificial Intelligence,46.5,Operating Systems,45.3,Full Stack Development,45.0,Engineering Mathematics-IV,39.4,node|ci/cd|docker|azure|aws|devops|serverless|react|cloud|terraform
WT,2,1,Mobile & IoT Development|Network & Wireless Systems,Java,75.6,IoT,72.0,Operating Systems,70.7,Full Stack Development,67.9,Microcontroller & Embedded Systems,67.6,gpio|embedded|esp32|wireless|bluetooth
WT,2,3,Network & Wireless Systems|Cloud & Distributed Systems,Software Engineering,100.0,IoT,94.6,Java,86.8,C++,85.9,Computer Networks,84.0,microcontroller|iot|embedded|aws|esp32|react|raspberry pi|mqtt|bluetooth
DWM,1,3,Data Science & Analytics,Software Engineering,56.0,Engineering Mathematics-IV,49.2,Python,47.1,Automata Theory,46.8,Microcontroller & Embedded Systems,45.7,power bi|mongodb|analytics|python|tableau
CCS,1,1,Web Development,Java,84.6,Python,81.5,Cryptography & Network Security,73.2,Operating Systems,69.5,Design & Analysis of Algorithms,65.0,node|aws|sensor|react
ML,5,2,Data Science & Analytics|Artificial Intelligence & Machine Learning|Web Development|Network & Wireless Systems|Mobile & IoT Development,Digital Logic & Design,76.0,Artificial Intelligence,71.6,Python,67.5,C++,66.3,Microcontroller & Embedded Systems,63.5,numpy|pytorch|pandas|regression|nlp
WT,2,1,Mobile & IoT Development|Network & Wireless Systems,IoT,77.4,Software Engineering,61.3,Automata Theory,56.9,Computer Networks,56.3,Digital Logic & Design,55.0,numpy|gpio|iot|wireless|arduino|bluetooth
DWM,2,3,Data Science & Analytics|Web Development,C++,68.1,Computer Networks,58.957045564623,Software Engineering,58.8,Java,50.8,Design & Analysis of Algorithms,50.5,power bi|dashboard|postgresql|etl|data mining|bluetooth|analytics|deep learning|tableau
WT,4,3,Network & Wireless Systems|Mobile & IoT Development|Cloud & Distributed Systems|Data Science & Analytics,Database Management Systems,77.1,IoT,71.8,Microcontroller & Embedded Systems,70.1,Cryptography & Network Security,68.7,Operating Systems,65.3,microcontroller|gpio|iot|sensor|docker|wireless|arduino|esp32|bluetooth
ML,2,1,Artificial Intelligence & Machine Learning|Data Science & Analytics,Data Structures and Algorithms,89.1735118708224,Design & Analysis of Algorithms,66.5,Database Management Systems,57.2,Engineering Mathematics-IV,57.1,Artificial Intelligence,55.8,pytorch|tensorflow|pandas|python
ML,2,2,Artificial Intelligence & Machine Learning|Network & Wireless Systems,Software Engineering,70.3,Database Management Systems,62.8,Cryptography & Network Security,61.7,Full Stack Development,61.4,Artificial Intelligence,58.3,classification|machine learning|pandas|deep learning|pytorch|nlp
ML,2,1,Artificial Intelligence & Machine Learning|Data Science & Analytics,Artificial Intelligence,90.8,Java,83.5,Database Management Systems,77.1,Computer Networks,67.3,Python,61.5,numpy|tensorflow|keras|regression|python|nlp
DWM,2,1,Data Science & Analytics|Artificial Intelligence & Machine Learning,Engineering Mathematics-IV,87.2,Full Stack Development,76.7,Computer Networks,70.4,Data Structures and Algorithms,70.0,Database Management Systems,69.7,data mining|analytics
WT,1,2,Mobile & IoT Development,Digital Logic & Design,57.3,Data Structures and Algorithms,52.5,Software Engineering,45.6,Automata Theory,44.7,Computer Networks,42.6,microcontroller|iot|data warehouse|esp32|arduino|bluetooth
CCS,3,2,Web Development|Cloud & Distributed Systems|Data Science & Analytics,Automata Theory,75.1,Cryptography & Network Security,46.8,Python,29.9,Computer Networks,26.3,Full Stack Development,24.4,node|docker|azure|react|terraform
WT,3,3,Mobile & IoT Development|Network & Wireless Systems|Data Science & Analytics,Software Engineering,62.4,Artificial Intelligence,60.2,IoT,59.0,Computer Networks,55.4,Database Management Systems,47.6,microcontroller|gpio|iot|sensor|dashboard|embedded|esp32|wireless|arduino|raspberry pi
WT,2,4,Network & Wireless Systems|Mobile & IoT Development,IoT,66.8,C++,62.0,Design & Analysis of Algorithms,51.2,Computer Networks,50.3,Cryptography & Network Security,45.3,kubernetes|microcontroller|iot|sensor|embedded|esp32|arduino|wireless|raspberry pi|mqtt
ML,3,4,Data Science & Analytics|Artificial Intelligence & Machine Learning|Cloud & Distributed Systems,Artificial Intelligence,85.1,Automata Theory,81.1,Engineering Mathematics-IV,77.1,Engineering Mathematics-III,65.5,Microcontroller & Embedded Systems,63.4,sklearn|numpy|classification|neural network|machine learning|pandas|docker|nlp|keras|pytorch
CCS,3,1,Web Development|Cloud & Distributed Systems|Data Science & Analytics,Python,90.2,Operating Systems,84.3,Java,83.2,Software Engineering,78.4,Engineering Mathematics-III,77.8,kubernetes|ci/cd|docker|azure|aws|devops
DWM,1,3,Data Science & Analytics,Design & Analysis of Algorithms,63.3,Cryptography & Network Security,56.8,Digital Logic & Design,56.2,Engineering Mathematics-III,55.8,C++,54.7,power bi|data warehouse|mongodb|dashboard|etl|data mining|sql|tableau
CCS,4,1,Web Development|Data Science & Analytics|Cloud & Distributed Systems|Network & Wireless Systems,Engineering Mathematics-IV,77.4,Python,75.5,Digital Logic & Design,73.1,Operating Systems,67.1,Design & Analysis of Algorithms,66.3,cloud|docker|terraform|react
ML,3,0,Data Science & Analytics|Artificial Intelligence & Machine Learning|Web Development,Python,98.8,Full Stack Development,94.15830220593656,Artificial Intelligence,93.6,Engineering Mathematics-IV,93.3,Database Management Systems,90.5,
ML,1,2,Artificial Intelligence & Machine Learning,C++,67.0,Engineering Mathematics-IV,64.5,Microcontroller & Embedded Systems,58.7,Design & Analysis of Algorithms,54.8,Java,53.9,machine learning|keras|deep learning|pytorch|python|terraform
CCS,1,2,Web Development,C++,60.0,Operating Systems,57.0,Full Stack Development,55.2,Software Engineering,44.6,Automata Theory,38.5,kubernetes|ci/cd|iot|docker|postgresql|azure|aws|react
WT,3,2,Network & Wireless Systems|Mobile & IoT Development|Cloud & Distributed Systems,Engineering Mathematics-IV,65.7,Digital Logic & Design,58.0,IoT,55.4,Computer Networks,53.8,Microcontroller & Embedded Systems,49.4,microcontroller|gpio|sensor|embedded|fullstack|deep learning|raspberry pi|mqtt
WT,2,2,Network & Wireless Systems|Mobile & IoT Development,IoT,91.0,Data Structures and Algorithms,80.75603291662331,C++,79.2,Operating Systems,71.6,Design & Analysis of Algorithms,61.9,microcontroller|gpio|sensor|iot|embedded
ML,2,1,Artificial Intelligence & Machine Learning|Data Science & Analytics,Full Stack Development,92.92123313757504,Artificial Intelligence,91.9,Engineering Mathematics-III,88.1,Data Structures and Algorithms,86.1,Python,86.0,pytorch|tensorflow
CCS,1,3,Web Development,Data Structures and Algorithms,63.6,Database Management Systems,59.3,Full Stack Development,55.3,Java,54.0,IoT,53.5,node|kubernetes|ci/cd|docker|fullstack|azure|aws|devops|serverless|react
WT,3,2,Network & Wireless Systems|Mobile & IoT Development|Cloud & Distributed Systems,IoT,70.5,Computer Networks,65.7,Software Engineering,58.0,Database Management Systems,57.1,Digital Logic & Design,54.9,microcontroller|gpio|iot|embedded|arduino|bluetooth
CCS,2,3,Web Development|Cloud & Distributed Systems,Python,100.0,Database Management Systems,98.5,Java,95.3,Microcontroller & Embedded Systems,93.4,Software Engineering,89.3,numpy|ci/cd|docker|azure|aws|devops|serverless|cloud
DWM,1,2,Data Science & Analytics,Computer Networks,91.2,Operating Systems,87.2,Cryptography & Network Security,85.7,Database Management Systems,85.6,Design & Analysis of Algorithms,85.5,power bi|data warehouse|mongodb|postgresql|etl|data mining|analytics|sql|tableau
WT,2,0,Mobile & IoT Development|Data Science & Analytics,Computer Networks,74.6,Engineering Mathematics-III,70.7,Microcontroller & Embedded Systems,67.1,Operating Systems,62.7,Database Management Systems,62.2,
WT,1,1,Network & Wireless Systems,Java,100.0,IoT,100.0,Design & Analysis of Algorithms,99.1,Automata Theory,98.5,Microcontroller & Embedded Systems,98.4,microcontroller|embedded|esp32|raspberry pi|terraform
WT,2,1,Mobile & IoT Development|Cloud & Distributed Systems,Operating Systems,79.1,Digital Logic & Design,76.6,C++,70.3,Computer Networks,69.5,Artificial Intelligence,63.8,microcontroller|sensor|postgresql|esp32|raspberry pi|mqtt
WT,1,3,Mobile & IoT Development,Data Structures and Algorithms,100.0,Cryptography & Network Security,100.0,Computer Networks,96.2,Microcontroller & Embedded Systems,92.4,Design & Analysis of Algorithms,89.3,microcontroller|iot|arduino|sql|raspberry pi|mqtt|bluetooth
ML,2,1,Artificial Intelligence & Machine Learning|Cloud & Distributed Systems,Java,62.4,Engineering Mathematics-IV,59.5,Digital Logic & Design,59.2,Microcontroller & Embedded Systems,55.82022187418724,Software Engineering,55.7,sklearn|classification|neural network|python|nlp
DWM,1,3,Data Science & Analytics,Database Management Systems,85.5,Full Stack Development,69.2,Python,68.5,Computer Networks,66.5,Java,64.0,power bi|mongodb|dashboard|data warehouse|postgresql|etl|data mining|analytics|sql|raspberry pi
CCS,3,2,Web Development|Cloud & Distributed Systems|Mobile & IoT Development,Engineering Mathematics-III,73.1,IoT,72.9,Java,70.4,Engineering Mathematics-IV,63.3,Full Stack Development,61.2,node|kubernetes|ci/cd|azure|devops|serverless|sql
WT,3,3,Network & Wireless Systems|Mobile & IoT Development|Cloud & Distributed Systems,Python,48.1,Full Stack Development,46.3,Data Structures and Algorithms,38.5,Computer Networks,37.0,IoT,35.5,gpio|iot|embedded|postgresql|wireless|arduino|raspberry pi
ML,3,1,Artificial Intelligence & Machine Learning|Data Science & Analytics|Web Development,Full Stack Development,85.59913635140302,Design & Analysis of Algorithms,76.6,Python,74.4,Artificial Intelligence,72.6,Computer Networks,68.13508587741065,sklearn|numpy|machine learning|tensorflow|cloud|nlp
ML,3,2,Artificial Intelligence & Machine Learning|Web Development|Network & Wireless Systems,Digital Logic & Design,68.8,Python,60.7,Java,58.6,Engineering Mathematics-IV,58.1,Engineering Mathematics-III,52.6,power bi|sklearn|numpy|machine learning|pytorch|tensorflow|pandas|neural network|regression|nlp
ML,2,1,Data Science & Analytics|Web Development,Artificial Intelligence,95.7,Cryptography & Network Security,92.4,Engineering Mathematics-III,87.8,Automata Theory,87.6,Python,86.8,nlp|python|deep learning
DWM,3,3,Data Science & Analytics|Artificial Intelligence & Machine Learning|Cloud & Distributed Systems,Database Management Systems,76.4,Cryptography & Network Security,73.0,Software Engineering,72.8,Java,67.3,Design & Analysis of Algorithms,65.1,power bi|data warehouse|mongodb|postgresql|etl|analytics|sql|tableau
ML,2,2,Data Science & Analytics|Artificial Intelligence & Machine Learning,Python,60.3,Cryptography & Network Security,54.6,Software Engineering,52.4,Microcontroller & Embedded Systems,49.4,Data Structures and Algorithms,45.1,sklearn|numpy|tensorflow|keras|etl
CCS,2,2,Cloud & Distributed Systems|Network & Wireless Systems,Software Engineering,66.8,Database Management Systems,55.9,Automata Theory,52.8,Computer Networks,52.6,Engineering Mathematics-III,51.9,kubernetes|ci/cd|azure|aws|devops|serverless|react|pytorch|cloud
WT,2,2,Network & Wireless Systems|Mobile & IoT Development,Engineering Mathematics-IV,100.0,Digital Logic & Design,99.3,Microcontroller & Embedded Systems,95.6,IoT,95.4,Operating Systems,93.8,microcontroller|gpio|iot|sensor|esp32|arduino|mqtt
ML,2,1,Data Science & Analytics|Artificial Intelligence & Machine Learning,Computer Networks,96.5,Artificial Intelligence,89.2,Python,88.7,Software Engineering,83.8,Full Stack Development,79.9,neural network|sklearn|classification|deep learning
DWM,1,2,Data Science & Analytics,Engineering Mathematics-IV,100.0,Database Management Systems,100.0,Python,100.0,Computer Networks,98.1,Automata Theory,96.7,ci/cd|data warehouse|postgresql|etl|data mining|analytics|tableau
CCS,1,1,Cloud & Distributed Systems,Data Structures and Algorithms,38.0,Java,36.8,Automata Theory,36.3,Python,34.2,Cryptography & Network Security,28.0,kubernetes|gpio|terraform|react
ML,2,2,Artificial Intelligence & Machine Learning|Network & Wireless Systems,Computer Networks,79.8,Java,65.5,Artificial Intelligence,57.4,Engineering Mathematics-III,53.2,Data Structures and Algorithms,46.4,neural network|classification|machine learning|pandas|keras|wireless|deep learning|regression
ML,1,1,Artificial Intelligence & Machine Learning,Data Structures and Algorithms,64.7,Design & Analysis of Algorithms,62.0,Database Management Systems,58.9,Python,58.9,IoT,54.2,sklearn|machine learning|pandas|keras|cloud|nlp
WT,2,2,Mobile & IoT Development|Network & Wireless Systems,Operating Systems,50.6,C++,50.6,Automata Theory,46.9,Software Engineering,46.7,Microcontroller & Embedded Systems,41.8,gpio|iot|sensor|embedded|wireless|raspberry pi|bluetooth
CCS,3,3,Web Development|Cloud & Distributed Systems|Network & Wireless Systems,Engineering Mathematics-III,82.5,C++,82.5,Computer Networks,82.2,Software Engineering,78.2,Data Structures and Algorithms,76.1,node|power bi|kubernetes|docker|aws|devops|serverless|react|cloud
WT,3,3,Network & Wireless Systems|Cloud & Distributed Systems|Data Science & Analytics,Engineering Mathematics-III,75.7,Computer Networks,72.7,Digital Logic & Design,56.6,Java,56.5,Design & Analysis of Algorithms,52.2,microcontroller|gpio|sensor|wireless|arduino|raspberry pi|mqtt|terraform
CCS,1,4,Web Development,Design & Analysis of Algorithms,77.7,Engineering Mathematics-III,68.8,Python,68.4,IoT,66.8,Cryptography & Network Security,66.6,react|ci/cd|docker|azure|devops|serverless|fullstack|regression|cloud|terraform
DWM,2,3,Data Science & Analytics|Artificial Intelligence & Machine Learning,Operating Systems,67.3,Data Structures and Algorithms,65.8,Computer Networks,62.4688728104702,Engineering Mathematics-III,60.9,Java,58.8,data warehouse|mongodb|docker|postgresql|etl|data mining|analytics|sql|mqtt
DWM,1,4,Data Science & Analytics,Database Management Systems,68.7,Engineering Mathematics-IV,62.4,Software Engineering,61.0,Data Structures and Algorithms,60.9,Microcontroller & Embedded Systems,57.0,power bi|data warehouse|mongodb|docker|postgresql|etl|data mining|analytics|arduino|tableau
DWM,2,3,Data Science & Analytics|Artificial Intelligence & Machine Learning,Artificial Intelligence,92.5,Engineering Mathematics-IV,85.9,Automata Theory,82.8,Computer Networks,77.4,C++,77.1,power bi|data warehouse|dashboard|postgresql|data mining|wireless|analytics|tableau
DWM,1,3,Data Science & Analytics,C++,61.5,Computer Networks,43.8,Database Management Systems,36.0,Python,27.4,Digital Logic & Design,26.6,power bi|react|mongodb|dashboard|data warehouse|etl|data mining|analytics|sql|terraform
ML,3,3,Artificial Intelligence & Machine Learning|Data Science & Analytics|Cloud & Distributed Systems,Cryptography & Network Security,88.2,Automata Theory,87.9,Artificial Intelligence,83.9,Java,83.0,Software Engineering,80.6,sklearn|numpy|classification|gpio|machine learning|terraform|pandas|keras|regression|python
WT,3,2,Data Science & Analytics|Network & Wireless Systems|Mobile & IoT Development,Digital Logic & Design,77.0,Microcontroller & Embedded Systems,53.2,Python,53.1,Engineering Mathematics-III,50.1,IoT,50.0,gpio|iot|sensor|embedded|wireless|raspberry pi|bluetooth
WT,1,3,Mobile & IoT Development,Cryptography & Network Security,86.6,Full Stack Development,85.8,Engineering Mathematics-III,84.3,Microcontroller & Embedded Systems,71.3,Database Management Systems,69.1,microcontroller|gpio|iot|embedded|esp32|arduino|deep learning|wireless|sql|raspberry pi
ML,1,2,Artificial Intelligence & Machine Learning,Database Management Systems,100.0,Operating Systems,100.0,Python,100.0,Artificial Intelligence,100.0,Software Engineering,99.1,sklearn|numpy|classification|pandas|tensorflow|keras|azure|deep learning|pytorch|regression
ML,3,2,Data Science & Analytics|Artificial Intelligence & Machine Learning|Network & Wireless Systems,Artificial Intelligence,86.0,Full Stack Development,85.2,Engineering Mathematics-III,82.9,IoT,82.7,Digital Logic & Design,78.3,classification|machine learning|pytorch|pandas|tensorflow|keras|deep learning|regression|python
DWM,2,1,Data Science & Analytics|Cloud & Distributed Systems,Engineering Mathematics-III,46.0,Python,37.2,Digital Logic & Design,22.3,Data Structures and Algorithms,21.4,C++,21.4,power bi|dashboard|data mining|analytics
DWM,1,4,Data Science & Analytics,Computer Networks,69.20665861660449,Java,65.3,Full Stack Development,63.4,Database Management Systems,61.8,Operating Systems,52.9,data warehouse|dashboard|nlp|postgresql|keras|etl|data mining|analytics|sql|cloud
WT,2,1,Network & Wireless Systems|Cloud & Distributed Systems,IoT,37.8,Data Structures and Algorithms,28.1,Software Engineering,27.7,Microcontroller & Embedded Systems,20.2,Digital Logic & Design,18.3,microcontroller|sensor|embedded|wireless|arduino|tableau
DWM,1,1,Data Science & Analytics,Cryptography & Network Security,37.9,Automata Theory,35.5,Operating Systems,35.2,Design & Analysis of Algorithms,22.8,C++,22.7,power bi|classification|data warehouse|dashboard|postgresql|etl|analytics
ML,2,3,Artificial Intelligence & Machine Learning|Data Science & Analytics,Design & Analysis of Algorithms,67.8,Software Engineering,64.6,Database Management Systems,62.4,Full Stack Development,59.8,IoT,58.0,sklearn|numpy|classification|machine learning|pytorch|pandas|keras|neural network|regression
DWM,1,3,Data Science & Analytics,Computer Networks,74.37315687797293,Artificial Intelligence,72.9,Automata Theory,67.4,Software Engineering,65.0,Digital Logic & Design,61.3,power bi|mongodb|dashboard|postgresql|etl|data mining|esp32|analytics|terraform|tableau
ML,2,0,Data Science & Analytics|Artificial Intelligence & Machine Learning,Digital Logic & Design,50.2,Computer Networks,44.78112728048477,Java,43.0,Database Management Systems,39.1,C++,38.0,
WT,1,3,Network & Wireless Systems,IoT,85.0,C++,74.9,Cryptography & Network Security,73.2,Artificial Intelligence,71.4,Database Management Systems,69.8,gpio|iot|sensor|embedded|wireless|esp32|raspberry pi|mqtt|bluetooth
CCS,1,1,Web Development,Engineering Mathematics-IV,74.2,Computer Networks,61.3,Automata Theory,49.2,Digital Logic & Design,43.6,Design & Analysis of Algorithms,38.7,node|ci/cd|aws|devops|fullstack|terraform
CCS,1,4,Cloud & Distributed Systems,Operating Systems,84.1,Engineering Mathematics-III,83.0,Computer Networks,80.9,Python,74.21053547403034,Java,74.1,kubernetes|react|ci/cd|azure|aws|devops|fullstack|cloud|terraform|tableau
WT,3,3,Mobile & IoT Development|Network & Wireless Systems|Cloud & Distributed Systems,Java,78.3,Engineering Mathematics-III,74.9,Operating Systems,71.9,Data Structures and Algorithms,67.1,Cryptography & Network Security,65.5,microcontroller|gpio|sensor|esp32|arduino|wireless|raspberry pi|mqtt|bluetooth
ML,2,2,Data Science & Analytics|Network & Wireless Systems,Data Structures and Algorithms,78.5769582415434,Python,70.0,Design & Analysis of Algorithms,64.6,Database Management Systems,56.45507871695123,Microcontroller & Embedded Systems,52.5,regression|numpy|machine learning|tensorflow
WT,2,3,Network & Wireless Systems|Mobile & IoT Development,Engineering Mathematics-III,40.9,Operating Systems,34.5,C++,28.5,Python,27.1,Software Engineering,24.2,microcontroller|gpio|iot|wireless|esp32|bluetooth
DWM,2,1,Data Science & Analytics|Artificial Intelligence & Machine Learning,Engineering Mathematics-IV,66.7,Engineering Mathematics-III,58.1,C++,50.3,Java,49.9,Digital Logic & Design,48.1,dashboard|analytics|deep learning
WT,1,2,Network & Wireless Systems,Engineering Mathematics-III,87.0,Design & Analysis of Algorithms,84.9,Computer Networks,78.7,Engineering Mathematics-IV,73.5,Automata Theory,71.4,microcontroller|gpio|iot|sensor|embedded|mqtt|bluetooth
DWM,3,3,Data Science & Analytics|Artificial Intelligence & Machine Learning|Cloud & Distributed Systems,IoT,58.7,Database Management Systems,54.5,C++,52.9,Design & Analysis of Algorithms,50.5,Java,47.8,power bi|ci/cd|mongodb|data warehouse|dashboard|etl|data mining|analytics|sql|tableau
CCS,2,3,Cloud & Distributed Systems|Web Development,Database Management Systems,74.2,Python,67.4,Artificial Intelligence,64.4,Full Stack Development,63.9,Software Engineering,63.1,node|kubernetes|gpio|react|docker|azure|aws|devops|serverless|fullstack
ML,1,1,Data Science & Analytics,Digital Logic & Design,64.4,Operating Systems,62.8,Python,61.4,Artificial Intelligence,59.0,Microcontroller & Embedded Systems,54.4,numpy|classification
DWM,1,3,Data Science & Analytics,Database Management Systems,90.0,Computer Networks,84.07300471950313,Design & Analysis of Algorithms,69.3,Python,65.6,Engineering Mathematics-IV,61.2,power bi|data warehouse|dashboard|mongodb|postgresql|etl|data mining|analytics|sql|terraform
CCS,2,2,Web Development|Cloud & Distributed Systems,Digital Logic & Design,61.5,Software Engineering,61.0,Full Stack Development,54.7,Database Management Systems,53.7,IoT,53.2,node|kubernetes|ci/cd|docker|aws|fullstack|terraform
CCS,1,2,Cloud & Distributed Systems,Software Engineering,60.0,Database Management Systems,44.3,Full Stack Development,38.6,Engineering Mathematics-IV,31.6,Automata Theory,29.6,node|kubernetes|ci/cd|docker|fullstack|devops|react|terraform
DWM,2,4,Data Science & Analytics|Artificial Intelligence & Machine Learning,Python,62.18990473566248,Data Structures and Algorithms,61.7,Cryptography & Network Security,59.0,IoT,56.1,Database Management Systems,56.0,power bi|mongodb|dashboard|data warehouse|postgresql|fullstack|data mining|analytics|sql|tableau
ML,2,1,Artificial Intelligence & Machine Learning|Data Science & Analytics,Full Stack Development,70.7,IoT,66.3,Operating Systems,65.8,Data Structures and Algorithms,64.1,Engineering Mathematics-III,60.9,classification|keras
WT,2,4,Network & Wireless Systems|Mobile & IoT Development,IoT,82.3,Data Structures and Algorithms,78.3,Design & Analysis of Algorithms,77.7,Operating Systems,68.7,Python,66.4,iot|sensor|embedded|etl|wireless|arduino|esp32|raspberry pi|mqtt|bluetooth
WT,2,1,Network & Wireless Systems|Cloud & Distributed Systems,Microcontroller & Embedded Systems,80.5,Data Structures and Algorithms,76.8,Computer Networks,74.4,Full Stack Development,72.5,Engineering Mathematics-III,72.4,gpio|sensor|arduino|raspberry pi|mqtt|bluetooth
CCS,1,2,Cloud & Distributed Systems,Cryptography & Network Security,85.0,Artificial Intelligence,76.8,Digital Logic & Design,76.7,Software Engineering,75.5,IoT,72.4,node|react|ci/cd|docker|azure|serverless|fullstack|cloud
WT,1,2,Mobile & IoT Development,Database Management Systems,100.0,Digital Logic & Design,100.0,Operating Systems,100.0,Computer Networks,100.0,Python,100.0,microcontroller|gpio|sensor|iot|embedded|esp32|bluetooth
WT,1,2,Mobile & IoT Development,Database Management Systems,80.2,Software Engineering,66.3,C++,60.9,IoT,53.9,Python,53.8,microcontroller|gpio|sensor|wireless|mqtt|bluetooth
DWM,1,1,Data Science & Analytics,Full Stack Development,65.3,IoT,65.1,C++,60.1,Data Structures and Algorithms,58.2,Java,56.6,data warehouse|dashboard|postgresql|etl|data mining
CCS,2,2,Web Development|Data Science & Analytics,Computer Networks,42.8,Software Engineering,34.8,Digital Logic & Design,31.9,Full Stack Development,31.6,Design & Analysis of Algorithms,30.0,node|kubernetes|ci/cd|devops|cloud|terraform
DWM,3,1,Data Science & Analytics|Web Development|Cloud & Distributed Systems,Computer Networks,66.2,Python,57.18483626111633,Cryptography & Network Security,54.5,Full Stack Development,52.6,Artificial Intelligence,51.70568286190403,dashboard|machine learning|tableau
ML,2,1,Data Science & Analytics|Artificial Intelligence & Machine Learning,Engineering Mathematics-III,79.7,Software Engineering,78.9,Java,78.0,Artificial Intelligence,75.7,Engineering Mathematics-IV,75.6,pandas|keras|deep learning|pytorch|python
ML,2,2,Data Science & Analytics|Artificial Intelligence & Machine Learning,Data Structures and Algorithms,78.0,Python,64.8,Java,62.8,Database Management Systems,59.5,Digital Logic & Design,55.4,classification|machine learning|pandas|etl|keras|pytorch|regression
ML,4,1,Artificial Intelligence & Machine Learning|Data Science & Analytics|Cloud & Distributed Systems|Network & Wireless Systems,Java,97.2,Full Stack Development,95.4,Python,92.3,Cryptography & Network Security,89.9,Database Management Systems,89.5,pytorch|classification|keras
WT,2,2,Mobile & IoT Development|Network & Wireless Systems,IoT,57.2,Java,48.3,Computer Networks,48.2,Software Engineering,44.9,Cryptography & Network Security,41.6,sensor|mongodb|iot|esp32|arduino|wireless|raspberry pi
CCS,1,2,Cloud & Distributed Systems,Operating Systems,72.9,Full Stack Development,71.8,Computer Networks,65.4,Database Management Systems,59.8,C++,59.8,node|kubernetes|ci/cd|docker|azure|devops|serverless
DWM,2,0,Data Science & Analytics|Artificial Intelligence & Machine Learning,Database Management Systems,73.2,Python,72.8,Engineering Mathematics-III,67.4,Computer Networks,65.7,Software Engineering,65.2,
WT,2,2,Artificial Intelligence & Machine Learning|Mobile & IoT Development,Digital Logic & Design,81.0,Design & Analysis of Algorithms,69.0,IoT,63.7,Artificial Intelligence,57.6,Operating Systems,54.7,microcontroller|gpio|sensor|embedded|esp32|arduino|raspberry pi
CCS,3,0,Web Development|Cloud & Distributed Systems|Network & Wireless Systems,Software Engineering,73.3,IoT,67.5,Database Management Systems,66.3,Cryptography & Network Security,64.2,Operating Systems,60.2,
ML,2,3,Artificial Intelligence & Machine Learning|Web Development,Engineering Mathematics-IV,95.7,Java,92.9,Artificial Intelligence,90.5,Data Structures and Algorithms,88.9,Automata Theory,86.9,sklearn|numpy|classification|pandas|tensorflow|deep learning|neural network|regression|mqtt
CCS,3,3,Cloud & Distributed Systems|Web Development|Data Science & Analytics,Engineering Mathematics-IV,89.7,C++,89.5,Database Management Systems,86.8425009706542,Software Engineering,85.5,Computer Networks,84.3,node|kubernetes|ci/cd|fullstack|azure|aws|devops|arduino|react|cloud
WT,2,1,Mobile & IoT Development|Network & Wireless Systems,Database Management Systems,100.0,Python,92.9,Automata Theory,90.5,Microcontroller & Embedded Systems,87.3,Digital Logic & Design,86.0,sensor|gpio|iot|wireless
CCS,2,2,Web Development|Cloud & Distributed Systems,Data Structures and Algorithms,81.6,Computer Networks,78.7,Artificial Intelligence,73.31668392760146,Automata Theory,72.9,Digital Logic & Design,68.6,kubernetes|serverless|fullstack|cloud|terraform|tableau
CCS,1,2,Cloud & Distributed Systems,Data Structures and Algorithms,68.3,Full Stack Development,67.6,Digital Logic & Design,66.4,Computer Networks,65.2,Automata Theory,63.4,node|docker|aws|devops|serverless|terraform
CCS,2,3,Web Development|Artificial Intelligence & Machine Learning,Database Management Systems,79.6,Operating Systems,77.8,Full Stack Development,76.5,Design & Analysis of Algorithms,70.1,Software Engineering,69.9,node|kubernetes|ci/cd|docker|fullstack|aws|devops|serverless|react|cloud
ML,2,2,Data Science & Analytics|Artificial Intelligence & Machine Learning,Computer Networks,91.45772614302021,Cryptography & Network Security,81.2,Python,76.2,Engineering Mathematics-III,75.5,Artificial Intelligence,71.8,classification|machine learning|pandas|docker|postgresql|keras|deep learning|pytorch|nlp
ML,2,2,Data Science & Analytics|Cloud & Distributed Systems,Artificial Intelligence,58.0,Java,57.0,C++,56.2,Engineering Mathematics-III,54.9,Data Structures and Algorithms,47.6,sklearn|tensorflow|pandas|keras|neural network|nlp
CCS,2,1,Web Development|Data Science & Analytics,Full Stack Development,50.4,C++,45.3,Engineering Mathematics-III,36.4,Digital Logic & Design,34.6,Automata Theory,29.0,node|ci/cd|fullstack|wireless|react
DWM,2,1,Data Science & Analytics|Web Development,Automata Theory,72.3,Database Management Systems,72.0,Computer Networks,69.52883764825924,Design & Analysis of Algorithms,67.4,Full Stack Development,65.2,data warehouse|sql|tableau
DWM,1,3,Data Science & Analytics,Artificial Intelligence,98.6,IoT,90.5,Data Structures and Algorithms,89.2,C++,82.3,Java,81.3,power bi|numpy|microcontroller|mongodb|postgresql|etl|analytics|sql
DWM,1,3,Data Science & Analytics,Python,92.1,Artificial Intelligence,86.7,Database Management Systems,85.2,Computer Networks,78.1,C++,76.6,power bi|gpio|ci/cd|mongodb|data warehouse|postgresql|etl|data mining|sql|analytics
CCS,2,2,Web Development|Cloud & Distributed Systems,Computer Networks,88.3,Engineering Mathematics-III,80.9,Full Stack Development,77.1,Engineering Mathematics-IV,76.2,Data Structures and Algorithms,73.5,kubernetes|react|ci/cd|azure|aws|fullstack|cloud|terraform
CCS,2,2,Cloud & Distributed Systems|Web Development,Digital Logic & Design,64.4,Full Stack Development,61.5,Database Management Systems,57.50137927354314,Operating Systems,54.2,Software Engineering,47.3,node|kubernetes|react|ci/cd|sensor|docker|azure|aws|serverless|fullstack
DWM,1,2,Data Science & Analytics,Data Structures and Algorithms,57.5,Full Stack Development,55.1,Software Engineering,53.8,Artificial Intelligence,51.6,Computer Networks,50.5,node|sklearn|data warehouse|mongodb|postgresql|etl|sql|analytics|tableau
CCS,4,3,Cloud & Distributed Systems|Web Development|Network & Wireless Systems|Artificial Intelligence & Machine Learning,Artificial Intelligence,67.5,Full Stack Development,55.7,Computer Networks,55.05217965055469,Cryptography & Network Security,44.9,C++,43.8,node|kubernetes|ci/cd|raspberry pi|fullstack|azure|devops|react|cloud|terraform
DWM,1,3,Data Science & Analytics,Design & Analysis of Algorithms,98.4,Artificial Intelligence,97.74653237160548,Engineering Mathematics-III,97.4,Full Stack Development,93.7,Python,91.85193080660508,mongodb|dashboard|data warehouse|postgresql|etl|data mining|sql|raspberry pi
WT,3,1,Mobile & IoT Development|Network & Wireless Systems|Cloud & Distributed Systems,Microcontroller & Embedded Systems,55.7,Computer Networks,52.7,Operating Systems,46.5,Java,43.2,Engineering Mathematics-III,41.3,microcontroller|mqtt|wireless
DWM,1,1,Data Science & Analytics,Python,90.9,Database Management Systems,90.0,Digital Logic & Design,87.1,Automata Theory,84.5,Artificial Intelligence,81.2,data warehouse|dashboard|data mining|sql|analytics
ML,3,1,Artificial Intelligence & Machine Learning|Data Science & Analytics|Web Development,Python,89.8,Engineering Mathematics-IV,77.4,Database Management Systems,75.95110282526724,Data Structures and Algorithms,71.05745853099901,Artificial Intelligence,69.2,sklearn|classification|machine learning|terraform|pandas|python
DWM,1,2,Data Science & Analytics,Database Management Systems,79.5,Python,72.4,Design & Analysis of Algorithms,68.1,Artificial Intelligence,67.2,Software Engineering,63.5,power bi|data warehouse|postgresql|data mining|aws|wireless|sql|analytics
CCS,3,3,Web Development|Cloud & Distributed Systems|Data Science & Analytics,Engineering Mathematics-III,84.4,Java,83.9,Computer Networks,83.2,Python,82.3,Full Stack Development,81.6,kubernetes|ci/cd|raspberry pi|docker|embedded|azure|serverless|react|cloud|terraform
WT,2,4,Network & Wireless Systems|Mobile & IoT Development,Computer Networks,100.0,Microcontroller & Embedded Systems,100.0,IoT,96.2,Database Management Systems,95.0,Operating Systems,94.7,microcontroller|gpio|sensor|iot|embedded|wireless|arduino|fullstack|esp32|raspberry pi
ML,3,1,Artificial Intelligence & Machine Learning|Cloud & Distributed Systems|Network & Wireless Systems,Engineering Mathematics-III,62.7,Microcontroller & Embedded Systems,54.6,Database Management Systems,54.2,Python,53.9,Design & Analysis of Algorithms,49.3,data warehouse|tensorflow|python
CCS,2,2,Cloud & Distributed Systems|Web Development,Python,94.92564535159974,Engineering Mathematics-IV,93.5,Database Management Systems,91.9,Automata Theory,90.1,Cryptography & Network Security,87.7,node|kubernetes|ci/cd|devops|terraform
DWM,2,1,Data Science & Analytics|Web Development,Data Structures and Algorithms,85.0,Engineering Mathematics-IV,81.5,Java,81.5,Database Management Systems,81.2,Operating Systems,77.7,dashboard|tableau
WT,3,2,Network & Wireless Systems|Mobile & IoT Development|Cloud & Distributed Systems,Design & Analysis of Algorithms,58.2,Digital Logic & Design,56.5,Computer Networks,48.7,Microcontroller & Embedded Systems,47.8,Java,47.2,power bi|gpio|sensor|embedded|docker|esp32|arduino|wireless|raspberry pi|mqtt
DWM,1,3,Data Science & Analytics,Artificial Intelligence,84.3,Database Management Systems,83.5,Engineering Mathematics-III,78.5,Data Structures and Algorithms,71.7,C++,63.6,power bi|data warehouse|dashboard|mongodb|postgresql|etl|data mining|devops|analytics|sql
WT,2,2,Mobile & IoT Development|Data Science & Analytics,Engineering Mathematics-IV,95.3,Operating Systems,94.6,Microcontroller & Embedded Systems,94.2,Computer Networks,91.3,IoT,86.6,gpio|sensor|iot|embedded|arduino|bluetooth
DWM,2,1,Data Science & Analytics|Web Development,Engineering Mathematics-III,93.5,Database Management Systems,84.9,C++,83.5,Software Engineering,82.8,Automata Theory,82.4,data warehouse|mongodb|sql|etl
DWM,2,2,Data Science & Analytics|Artificial Intelligence & Machine Learning,Automata Theory,59.2,Database Management Systems,54.4,Cryptography & Network Security,50.7,Data Structures and Algorithms,48.4,Microcontroller & Embedded Systems,46.4,data warehouse|mongodb|postgresql|etl|data mining|azure|esp32|analytics|tableau
CCS,2,3,Cloud & Distributed Systems|Web Development,Computer Networks,58.6,C++,57.8,Operating Systems,56.7,Engineering Mathematics-IV,56.3,Java,56.3,kubernetes|ci/cd|mongodb|aws|devops|fullstack|cloud|terraform
DWM,1,4,Data Science & Analytics,Computer Networks,75.2613707105694,Design & Analysis of Algorithms,59.9,Database Management Systems,56.0,Engineering Mathematics-IV,54.1,Automata Theory,53.0,classification|mongodb|dashboard|data warehouse|etl|data mining|sql|analytics|arduino|tableau
ML,2,3,Artificial Intelligence & Machine Learning|Data Science & Analytics,Operating Systems,67.1,Engineering Mathematics-III,56.2,Python,52.3,Cryptography & Network Security,50.7,C++,44.8,kubernetes|machine learning|pandas|tensorflow|postgresql|keras|deep learning|regression|python|nlp
ML,2,4,Artificial Intelligence & Machine Learning|Data Science & Analytics,Engineering Mathematics-IV,85.9,Data Structures and Algorithms,79.1,Engineering Mathematics-III,78.9,Python,75.8,C++,70.4,sklearn|numpy|machine learning|pytorch|tensorflow|keras|analytics|deep learning|neural network|regression
DWM,2,3,Data Science & Analytics|Web Development,Engineering Mathematics-IV,73.7,Automata Theory,72.3,Python,67.6,Computer Networks,59.8,Data Structures and Algorithms,58.5,numpy|mongodb|dashboard|postgresql|etl|analytics|sql|tableau
ML,2,3,Data Science & Analytics|Cloud & Distributed Systems,Engineering Mathematics-III,100.0,Artificial Intelligence,99.7,Automata Theory,94.1,Python,91.5,Database Management Systems,90.2,sklearn|machine learning|keras|deep learning|pytorch|regression|python
WT,3,1,Network & Wireless Systems|Mobile & IoT Development|Cloud & Distributed Systems,Microcontroller & Embedded Systems,87.9,Automata Theory,82.7,Operating Systems,80.2,IoT,76.9,Full Stack Development,72.6,microcontroller|gpio|esp32|wireless|mqtt
ML,4,3,Data Science & Analytics|Artificial Intelligence & Machine Learning|Cloud & Distributed Systems|Network & Wireless Systems,Artificial Intelligence,42.5,Computer Networks,42.0,Operating Systems,37.6,Full Stack Development,35.8,Engineering Mathematics-III,32.6,numpy|classification|machine learning|iot|pandas|tensorflow|deep learning|neural network|python|nlp
DWM,2,2,Data Science & Analytics|Cloud & Distributed Systems,Database Management Systems,75.6,Cryptography & Network Security,67.8,Software Engineering,60.3,Artificial Intelligence,58.2,Full Stack Development,58.2,mongodb|dashboard|postgresql|mqtt
CCS,3,3,Cloud & Distributed Systems|Web Development|Data Science & Analytics,Data Structures and Algorithms,69.6,Engineering Mathematics-IV,69.5,Computer Networks,67.3,Software Engineering,65.7,Engineering Mathematics-III,65.0,node|ci/cd|docker|aws|devops|serverless|react
DWM,1,1,Data Science & Analytics,Operating Systems,78.0,Data Structures and Algorithms,74.3,Database Management Systems,73.1,Full Stack Development,68.9,Computer Networks,68.87043686453943,data warehouse|postgresql|etl|data mining|sql
WT,2,1,Mobile & IoT Development|Network & Wireless Systems,Microcontroller & Embedded Systems,82.8,Design & Analysis of Algorithms,79.2,IoT,78.7,Engineering Mathematics-III,75.8,Cryptography & Network Security,75.8,raspberry pi|esp32|tableau
CCS,2,2,Cloud & Distributed Systems|Web Development,Computer Networks,54.3,Cryptography & Network Security,46.9,Software Engineering,45.3,Database Management Systems,42.1,Microcontroller & Embedded Systems,39.5,node|kubernetes|ci/cd|mongodb|azure|aws|data mining|devops|react|terraform
WT,2,1,Mobile & IoT Development|Network & Wireless Systems,Operating Systems,46.9,Microcontroller & Embedded Systems,45.0,Data Structures and Algorithms,42.0,Computer Networks,40.0,Python,39.2,iot|gpio
ML,1,2,Artificial Intelligence & Machine Learning,Data Structures and Algorithms,100.0,Software Engineering,100.0,Python,100.0,Java,97.3,Artificial Intelligence,96.3,sklearn|numpy|classification|machine learning|tensorflow|keras|pytorch|python|nlp
CCS,2,4,Cloud & Distributed Systems|Artificial Intelligence & Machine Learning,Database Management Systems,79.6,Automata Theory,77.6,Engineering Mathematics-IV,75.7,Computer Networks,72.2,Java,70.5,node|kubernetes|docker|azure|aws|devops|serverless|react|cloud|mqtt
DWM,2,0,Data Science & Analytics|Artificial Intelligence & Machine Learning,Computer Networks,54.7,Engineering Mathematics-IV,52.2,Data Structures and Algorithms,50.0,Operating Systems,44.2,Database Management Systems,43.6,
CCS,3,1,Web Development|Cloud & Distributed Systems|Network & Wireless Systems,Digital Logic & Design,72.2,Design & Analysis of Algorithms,63.0,C++,60.3,Microcontroller & Embedded Systems,59.2,Java,58.7,node|kubernetes|docker|azure|fullstack|cloud
DWM,3,0,Data Science & Analytics|Web Development|Cloud & Distributed Systems,Python,57.4,Java,56.8,Cryptography & Network Security,52.6,Data Structures and Algorithms,41.1,Microcontroller & Embedded Systems,39.6,
CCS,2,3,Cloud & Distributed Systems|Web Development,Engineering Mathematics-III,79.3,Operating Systems,78.6,Automata Theory,78.3,Digital Logic & Design,76.4,Engineering Mathematics-IV,74.5,node|kubernetes|ci/cd|azure|aws|serverless|fullstack|cloud|terraform
DWM,1,3,Data Science & Analytics,Full Stack Development,95.8,Artificial Intelligence,94.2,Engineering Mathematics-IV,93.5,Database Management Systems,88.3,Python,82.7,power bi|postgresql|etl|data mining|analytics|fullstack|sql|tableau
ML,1,2,Data Science & Analytics,Design & Analysis of Algorithms,95.4,Artificial Intelligence,93.6,Full Stack Development,88.7,Python,88.4,Database Management Systems,88.3,sklearn|numpy|classification|pandas|etl|sql|deep learning|pytorch|regression|python
CCS,1,1,Web Development,Data Structures and Algorithms,70.09802192701889,Software Engineering,69.4,Computer Networks,67.8,Database Management Systems,65.13410300546903,Engineering Mathematics-III,56.3,serverless|terraform
WT,2,0,Network & Wireless Systems|Mobile & IoT Development,Microcontroller & Embedded Systems,54.4,IoT,48.7,C++,44.0,Engineering Mathematics-IV,41.0,Digital Logic & Design,41.0,
DWM,2,3,Data Science & Analytics|Artificial Intelligence & Machine Learning,Data Structures and Algorithms,79.3,Cryptography & Network Security,70.6,Automata Theory,67.2,IoT,66.5,Computer Networks,63.0,power bi|data warehouse|dashboard|mongodb|postgresql|etl|data mining|analytics|tableau
CCS,1,1,Web Development,Software Engineering,58.5,Full Stack Development,58.0,IoT,57.8,Database Management Systems,57.6,Python,55.8,cloud|ci/cd
CCS,3,3,Web Development|Cloud & Distributed Systems|Data Science & Analytics,Database Management Systems,83.60933603853138,Full Stack Development,81.9,Engineering Mathematics-III,76.9,Microcontroller & Embedded Systems,75.4,Computer Networks,72.6,node|kubernetes|react|ci/cd|docker|aws|devops|analytics|fullstack|cloud
WT,3,2,Mobile & IoT Development|Network & Wireless Systems|Cloud & Distributed Systems,Cryptography & Network Security,73.8,Database Management Systems,54.8,Engineering Mathematics-III,50.4,Digital Logic & Design,49.9,IoT,47.1,microcontroller|gpio|iot|sensor|postgresql|wireless|raspberry pi|mqtt|bluetooth
WT,3,1,Network & Wireless Systems|Mobile & IoT Development|Data Science & Analytics,IoT,93.6,Artificial Intelligence,84.84261338191611,C++,83.2,Microcontroller & Embedded Systems,83.1,Automata Theory,82.0,sensor|mqtt
CCS,3,0,Cloud & Distributed Systems|Web Development|Data Science & Analytics,Cryptography & Network Security,79.1,Full Stack Development,79.1,Computer Networks,78.3,Data Structures and Algorithms,73.9,Database Management Systems,69.7,
DWM,1,3,Data Science & Analytics,Artificial Intelligence,57.3,Design & Analysis of Algorithms,55.2,Operating Systems,53.5,Cryptography & Network Security,50.5,Computer Networks,47.7,power bi|mongodb|dashboard|data warehouse|postgresql|etl|data mining|sql|tableau
ML,3,2,Data Science & Analytics|Artificial Intelligence & Machine Learning|Web Development,Artificial Intelligence,52.5,Engineering Mathematics-III,48.4,Engineering Mathematics-IV,34.6,Java,33.9,Python,33.6,numpy|classification|machine learning|keras|pytorch|python
DWM,2,2,Data Science & Analytics|Cloud & Distributed Systems,Database Management Systems,63.2,Engineering Mathematics-III,62.4,Automata Theory,54.6,Digital Logic & Design,53.7,Full Stack Development,53.3,mongodb|dashboard|postgresql|data mining|analytics|terraform
CCS,2,1,Cloud & Distributed Systems|Web Development,Computer Networks,51.8,Full Stack Development,51.1,Digital Logic & Design,48.3,C++,40.6,IoT,36.1,node|docker|devops|ci/cd
DWM,1,1,Data Science & Analytics,Computer Networks,100.0,C++,100.0,Java,98.9,Database Management Systems,98.4,Engineering Mathematics-IV,96.2,dashboard|sql|tableau
WT,3,1,Mobile & IoT Development|Network & Wireless Systems|Cloud & Distributed Systems,Design & Analysis of Algorithms,85.6,IoT,78.7,Engineering Mathematics-IV,76.2,Software Engineering,75.5,C++,72.6,sensor|iot|wireless|arduino|mqtt|bluetooth
CCS,3,1,Web Development|Cloud & Distributed Systems|Mobile & IoT Development,Computer Networks,100.0,Software Engineering,84.2,Design & Analysis of Algorithms,82.3,Microcontroller & Embedded Systems,80.0,Digital Logic & Design,74.7,kubernetes|serverless|terraform|react
DWM,2,4,Data Science & Analytics|Web Development,Automata Theory,85.6,Microcontroller & Embedded Systems,79.6,Design & Analysis of Algorithms,70.2,Artificial Intelligence,69.0,Data Structures and Algorithms,66.7,power bi|mongodb|dashboard|data warehouse|postgresql|etl|data mining|analytics|sql|neural network
CCS,2,1,Cloud & Distributed Systems|Web Development,Computer Networks,97.3,Full Stack Development,95.4,Engineering Mathematics-III,87.9,Database Management Systems,87.1,Data Structures and Algorithms,85.4,kubernetes|ci/cd|docker|serverless|cloud|terraform
ML,2,1,Artificial Intelligence & Machine Learning|Cloud & Distributed Systems,Design & Analysis of Algorithms,100.0,Cryptography & Network Security,100.0,Engineering Mathematics-III,96.7,Artificial Intelligence,96.4,Python,92.9,pytorch|sklearn|numpy|python
DWM,1,3,Data Science & Analytics,Database Management Systems,82.8,Data Structures and Algorithms,78.7,Engineering Mathematics-III,77.4,Design & Analysis of Algorithms,76.2,Microcontroller & Embedded Systems,69.9,power bi|data warehouse|mongodb|tensorflow|nlp|etl|data mining|sql|tableau
ML,1,2,Data Science & Analytics,Engineering Mathematics-III,91.2,Computer Networks,78.01065689209616,Full Stack Development,76.0,Digital Logic & Design,70.9,Database Management Systems,69.6,classification|machine learning|deep learning|regression|python
DWM,1,1,Data Science & Analytics,Python,99.9,Data Structures and Algorithms,97.7,Cryptography & Network Security,94.5,Database Management Systems,90.5,C++,84.3,data mining|etl
ML,1,2,Artificial Intelligence & Machine Learning,Artificial Intelligence,77.4,Python,69.7,Design & Analysis of Algorithms,67.7,Automata Theory,67.6,Database Management Systems,65.3,sklearn|classification|neural network|machine learning|tensorflow|docker|keras|sql|regression
DWM,1,4,Data Science & Analytics,C++,53.7,Artificial Intelligence,48.6,Engineering Mathematics-III,42.7,IoT,42.3,Full Stack Development,39.3,power bi|data warehouse|dashboard|postgresql|etl|data mining|analytics|sql|raspberry pi|mqtt
CCS,2,2,Cloud & Distributed Systems|Web Development,Engineering Mathematics-III,58.9,Design & Analysis of Algorithms,55.6,Database Management Systems,54.2,Cryptography & Network Security,54.0,Engineering Mathematics-IV,50.5,ci/cd|azure|devops|react|cloud
CCS,2,4,Web Development|Cloud & Distributed Systems,Design & Analysis of Algorithms,51.2,Digital Logic & Design,48.3,Engineering Mathematics-IV,45.1,Software Engineering,39.7,IoT,39.2,kubernetes|react|ci/cd|azure|aws|devops|serverless|fullstack|cloud|terraform
WT,1,2,Mobile & IoT Development,Automata Theory,67.0,Engineering Mathematics-III,64.6,IoT,62.6,Microcontroller & Embedded Systems,59.4,Engineering Mathematics-IV,58.7,gpio|iot|sensor|embedded|aws|wireless|arduino|raspberry pi|mqtt
ML,1,1,Data Science & Analytics,Artificial Intelligence,100.0,Software Engineering,99.5,Microcontroller & Embedded Systems,94.8,Data Structures and Algorithms,93.6,Computer Networks,88.6,sklearn|classification|machine learning|tensorflow|neural network|nlp
WT,2,1,Network & Wireless Systems|Cloud & Distributed Systems,Cryptography & Network Security,69.1,Microcontroller & Embedded Systems,65.3,Database Management Systems,57.9,C++,57.5,Operating Systems,56.3,sensor|embedded|iot|arduino
ML,2,0,Data Science & Analytics|Web Development,Python,89.3,Artificial Intelligence,77.6,Computer Networks,76.01578927980252,Design & Analysis of Algorithms,74.3,Full Stack Development,71.85501811027473,
DWM,1,1,Data Science & Analytics,Python,62.1,Full Stack Development,58.8,Cryptography & Network Security,51.8,Artificial Intelligence,50.0,Engineering Mathematics-IV,46.5,mongodb|sql
