label,n_interests,n_projects,interests,subj_1_name,subj_1_score,subj_2_name,subj_2_score,subj_3_name,subj_3_score,subj_4_name,subj_4_score,subj_5_name,subj_5_score,project_skills
OR,1,4,Data Science & Analytics,Engineering Mathematics-III,82.1,Data Structures and Algorithms,80.1,C++,78.0,Engineering Mathematics-IV,75.0,Software Engineering,73.42286570639564,simplex|supply chain|scheduling|linear programming|simulation|queuing|optimization|inventory|firewall|scipy
OR,2,2,Data Science & Analytics|Artificial Intelligence & Machine Learning,Digital Logic & Design,83.4,Engineering Mathematics-IV,63.5,Microcontroller & Embedded Systems,59.8,IoT,55.9,Automata Theory,53.1,supply chain|simplex|simulation|linear programming|queuing|scipy
EAM,2,2,Mobile & IoT Development|Network & Wireless Systems,Microcontroller & Embedded Systems,100.0,Data Structures and Algorithms,77.6,C++,72.4,IoT,70.7,Python,67.6,power|sensor|efficiency|renewable|energy
DBM,2,1,Data Science & Analytics|Cloud & Distributed Systems,Engineering Mathematics-III,66.1,Full Stack Development,66.0,Data Structures and Algorithms,65.2,Artificial Intelligence,60.4,Python,54.1,seo|kpi|react
DBM,3,1,Web Development|Data Science & Analytics|Cloud & Distributed Systems,Software Engineering,64.5,Python,57.1,Digital Logic & Design,54.0,Automata Theory,48.4,Engineering Mathematics-III,46.0,kpi|ecommerce|digital marketing|dashboard|agile|react
OR,2,1,Data Science & Analytics|Artificial Intelligence & Machine Learning,Java,65.5,Data Structures and Algorithms,64.2,Cryptography & Network Security,59.0,Operating Systems,57.2,IoT,55.0,simplex|scheduling|simulation|queuing|inventory|firewall
OR,2,3,Data Science & Analytics|Artificial Intelligence & Machine Learning,Design & Analysis of Algorithms,77.4,Engineering Mathematics-IV,72.8,Computer Networks,71.8,IoT,64.4,Software Engineering,63.0,supply chain|scheduling|simulation|linear programming|fmea|queuing|optimization|inventory|scipy|web
EAM,1,2,Mobile & IoT Development,Microcontroller & Embedded Systems,56.0,IoT,55.0,Automata Theory,51.3,Artificial Intelligence,51.0,Computer Networks,49.6,solar|monitoring|power|iot|sensor|simulation|hvac|energy
RE,1,3,Network & Wireless Systems,Operating Systems,89.6,Engineering Mathematics-IV,83.9,Software Engineering,72.7,Artificial Intelligence,71.5,Data Structures and Algorithms,70.6,weibull|fault tree|monitoring|statistics|quality|dashboard|simulation|fmea|probability|risk
RE,2,1,Network & Wireless Systems|Cloud & Distributed Systems,Automata Theory,98.3,Artificial Intelligence,94.8,Design & Analysis of Algorithms,86.5,IoT,84.0,Java,83.1,encryption|fault tree|reliability|probability
OR,2,2,Data Science & Analytics|Artificial Intelligence & Machine Learning,Engineering Mathematics-III,100.0,Engineering Mathematics-IV,100.0,Operating Systems,97.1,Cryptography & Network Security,97.1,Java,96.9,simplex|scheduling|linear programming|simulation|queuing|inventory
OR,2,2,Data Science & Analytics|Artificial Intelligence & Machine Learning,C++,66.3,Cryptography & Network Security,60.1,Artificial Intelligence,53.8,Engineering Mathematics-IV,52.7,Computer Networks,47.7,statistics|linear programming|simulation|queuing|inventory|optimization|scipy
EAM,3,2,Mobile & IoT Development|Network & Wireless Systems|Cloud & Distributed Systems,Computer Networks,90.5,C++,88.1,Cryptography & Network Security,85.6,Java,81.6,IoT,78.8,audit|monitoring|sensor|iot|efficiency|renewable|energy
OR,2,3,Data Science & Analytics|Web Development,Microcontroller & Embedded Systems,69.0,Database Management Systems,66.3,Python,60.4,Engineering Mathematics-III,60.2,Digital Logic & Design,58.3,simplex|supply chain|scheduling|linear programming|simulation|queuing|inventory|optimization|scipy
DBM,2,1,Data Science & Analytics|Web Development,Database Management Systems,49.0,IoT,48.6,Software Engineering,48.1,Automata Theory,45.5,Digital Logic & Design,42.0,dashboard|agile|ecommerce|react
EAM,2,2,Mobile & IoT Development|Network & Wireless Systems,Microcontroller & Embedded Systems,59.7,Operating Systems,48.7,Engineering Mathematics-III,47.4,Cryptography & Network Security,46.3,C++,45.3,solar|energy|monitoring|power
RE,1,1,Network & Wireless Systems,Engineering Mathematics-III,70.4,Automata Theory,57.1,Digital Logic & Design,56.5,Python,56.1,Engineering Mathematics-IV,53.2,weibull|fault tree|simulation|agile|probability|risk|reliability
CSL,1,2,Network & Wireless Systems,Python,82.4,Computer Networks,82.0,Cryptography & Network Security,75.1,Digital Logic & Design,68.9,Operating Systems,61.3,vulnerability|authentication|security|cyber|firewall|forensics|encryption
CSL,2,3,Network & Wireless Systems|Cloud & Distributed Systems,Computer Networks,60.7,IoT,50.9,Design & Analysis of Algorithms,50.7,Full Stack Development,50.4,Software Engineering,45.8,vulnerability|supply chain|authentication|simulation|phishing|cyber|firewall|network security|forensics
RE,2,1,Network & Wireless Systems|Cloud & Distributed Systems,Digital Logic & Design,66.8,Engineering Mathematics-IV,65.1,Engineering Mathematics-III,62.5,Data Structures and Algorithms,62.4,Cryptography & Network Security,60.7,weibull|quality|statistics
RE,1,1,Network & Wireless Systems,Data Structures and Algorithms,100.0,Operating Systems,98.4,Artificial Intelligence,92.7,Database Management Systems,90.7,Computer Networks,89.7,weibull|reliability
RE,2,2,Network & Wireless Systems|Cloud & Distributed Systems,Computer Networks,38.86497380996451,Database Management Systems,30.8,Software Engineering,27.9,IoT,23.4,Cryptography & Network Security,14.506733691188312,quality|testing|monitoring|probability
EAM,1,4,Mobile & IoT Development,Operating Systems,100.0,Computer Networks,100.0,Microcontroller & Embedded Systems,100.0,Design & Analysis of Algorithms,100.0,Cryptography & Network Security,100.0,audit|supply chain|solar|monitoring|power|sensor|efficiency|hvac|renewable
CSL,1,2,Network & Wireless Systems,Computer Networks,76.7,Java,74.2,Operating Systems,70.5,Digital Logic & Design,65.8,Python,63.9,vulnerability|authentication|phishing|security|firewall|forensics
EAM,2,3,Mobile & IoT Development|Network & Wireless Systems,Software Engineering,90.26633565952277,Design & Analysis of Algorithms,69.7,Data Structures and Algorithms,66.5,Computer Networks,64.2,C++,61.5,weibull|audit|solar|fault tree|monitoring|power|iot|efficiency|hvac|renewable
DBM,3,4,Data Science & Analytics|Web Development|Cloud & Distributed Systems,C++,89.5,Full Stack Development,77.1,Cryptography & Network Security,76.7,Database Management Systems,76.6,Software Engineering,71.1,kpi|ecommerce|digital marketing|dashboard|agile|crm|analytics|react|seo|web
OR,1,3,Data Science & Analytics,Engineering Mathematics-III,44.1,Database Management Systems,43.3,Automata Theory,42.2,Cryptography & Network Security,37.0,Microcontroller & Embedded Systems,36.7,supply chain|simplex|scheduling|simulation|linear programming|optimization|inventory|scipy
EAM,1,1,Mobile & IoT Development,C++,65.1,Digital Logic & Design,64.7,Software Engineering,62.7,Microcontroller & Embedded Systems,59.7,Java,55.4,audit|monitoring|power|efficiency|renewable
CSL,1,2,Network & Wireless Systems,Database Management Systems,97.3,Computer Networks,90.2,Software Engineering,85.5,Cryptography & Network Security,81.3,Automata Theory,79.5,vulnerability|security|cyber|firewall|network security|forensics|web|encryption
DBM,3,3,Web Development|Data Science & Analytics|Cloud & Distributed Systems,Data Structures and Algorithms,100.0,Engineering Mathematics-IV,99.8,Software Engineering,99.2,Cryptography & Network Security,97.7,Java,95.1,ecommerce|digital marketing|probability|dashboard|sensor|agile|hvac|crm|react|seo
DBM,3,3,Data Science & Analytics|Web Development|Mobile & IoT Development,Java,70.1,Engineering Mathematics-IV,69.56831043930259,Full Stack Development,63.4,Operating Systems,61.6,Software Engineering,57.7,ecommerce|digital marketing|dashboard|agile|crm|analytics|seo|web
DBM,3,1,Data Science & Analytics|Web Development|Cloud & Distributed Systems,Full Stack Development,78.4,Automata Theory,71.3,C++,69.7,IoT,63.4,Engineering Mathematics-IV,60.5,kpi|web
RE,1,4,Network & Wireless Systems,C++,72.6,Software Engineering,70.1,Data Structures and Algorithms,62.7,Engineering Mathematics-III,62.6,Cryptography & Network Security,61.0,weibull|fault tree|statistics|quality|simulation|fmea|renewable|probability|risk|reliability
OR,2,2,Data Science & Analytics|Artificial Intelligence & Machine Learning,Data Structures and Algorithms,72.3,Engineering Mathematics-III,64.7938688813325,Engineering Mathematics-IV,55.875088822849975,Artificial Intelligence,50.9,Full Stack Development,47.8,simplex|simulation|security|queuing|optimization
CSL,1,1,Network & Wireless Systems,Cryptography & Network Security,75.2,Operating Systems,70.8,Engineering Mathematics-IV,68.9,Computer Networks,67.8,Database Management Systems,62.3,authentication|phishing|cyber|firewall|forensics
DBM,1,2,Web Development,Computer Networks,87.6,Full Stack Development,86.5,Artificial Intelligence,84.6,Design & Analysis of Algorithms,83.5,Database Management Systems,83.0,digital marketing|dashboard|agile|react|seo|web
EAM,2,0,Mobile & IoT Development|Network & Wireless Systems,Microcontroller & Embedded Systems,84.3,Operating Systems,84.1,IoT,82.9,Database Management Systems,67.4,Cryptography & Network Security,65.6,
RE,2,2,Network & Wireless Systems|Cloud & Distributed Systems,Engineering Mathematics-III,100.0,Digital Logic & Design,100.0,Computer Networks,100.0,Software Engineering,100.0,Database Management Systems,98.9,supply chain|encryption|statistics|quality|simulation|testing|fmea|probability|reliability
EAM,1,3,Mobile & IoT Development,Computer Networks,40.1,Python,36.3,Software Engineering,28.7,Java,26.6,Microcontroller & Embedded Systems,25.0,audit|solar|monitoring|power|scheduling|sensor|efficiency|hvac
DBM,2,3,Web Development|Data Science & Analytics,Engineering Mathematics-IV,72.5,Automata Theory,70.1,Operating Systems,69.7,Artificial Intelligence,69.0,Java,67.2,ecommerce|dashboard|agile|queuing|crm|analytics|react|seo
EAM,2,2,Mobile & IoT Development|Network & Wireless Systems,IoT,79.3,Digital Logic & Design,77.4,Operating Systems,77.3,Database Management Systems,73.2,Cryptography & Network Security,72.1,audit|solar|monitoring|power|efficiency|renewable|energy
EAM,1,1,Mobile & IoT Development,Design & Analysis of Algorithms,67.5,Engineering Mathematics-III,66.9,Software Engineering,60.8,Database Management Systems,59.8,Automata Theory,59.5,phishing|sensor|audit|energy
RE,3,1,Network & Wireless Systems|Cloud & Distributed Systems|Data Science & Analytics,Engineering Mathematics-III,56.023403987989305,Computer Networks,53.9,Database Management Systems,52.6,Engineering Mathematics-IV,51.393487697249384,Cryptography & Network Security,51.0,monitoring|statistics|simulation|fmea|testing|risk
CSL,1,0,Network & Wireless Systems,Software Engineering,89.59094585113903,Computer Networks,76.2,Operating Systems,72.9,Cryptography & Network Security,68.7,Design & Analysis of Algorithms,64.6,
RE,1,3,Network & Wireless Systems,Java,53.7,Engineering Mathematics-III,52.0,Microcontroller & Embedded Systems,51.0,Operating Systems,49.3,C++,48.4,weibull|fault tree|statistics|quality|security|cyber|testing|probability|risk|encryption
DBM,1,4,Web Development,Artificial Intelligence,100.0,IoT,91.0,C++,85.6,Full Stack Development,83.4,Computer Networks,82.9,ecommerce|digital marketing|dashboard|agile|crm|analytics|react|seo|forensics|web
CSL,2,0,Network & Wireless Systems|Web Development,Engineering Mathematics-IV,68.5,IoT,64.4,Software Engineering,63.1,Digital Logic & Design,58.5,Java,56.3,
DBM,3,1,Web Development|Data Science & Analytics|Cloud & Distributed Systems,Engineering Mathematics-IV,65.7,Computer Networks,61.8,Full Stack Development,61.0,Python,60.0,IoT,58.2,web|digital marketing|kpi|react
CSL,1,1,Network & Wireless Systems,Digital Logic & Design,81.2,Data Structures and Algorithms,75.4,Computer Networks,74.5,Automata Theory,74.0,Engineering Mathematics-IV,68.6,vulnerability|cyber|firewall|forensics|encryption
DBM,1,2,Data Science & Analytics,Database Management Systems,82.7,Software Engineering,68.4,Engineering Mathematics-IV,68.3,IoT,66.3,Java,63.9,kpi|ecommerce|digital marketing|dashboard|agile|crm|analytics|react|seo|web
OR,2,2,Data Science & Analytics|Artificial Intelligence & Machine Learning,Microcontroller & Embedded Systems,86.5,Artificial Intelligence,86.4,Digital Logic & Design,85.5,Engineering Mathematics-III,84.5,Java,81.9,simplex|supply chain|scheduling|linear programming|queuing|optimization
DBM,3,4,Web Development|Data Science & Analytics|Cloud & Distributed Systems,Software Engineering,100.0,Python,97.9,Operating Systems,89.2,C++,87.8,Full Stack Development,87.7,kpi|ecommerce|digital marketing|dashboard|agile|crm|analytics|react|web
EAM,1,2,Mobile & IoT Development,Engineering Mathematics-III,86.6,Cryptography & Network Security,83.28930744222278,Computer Networks,73.145693617792,IoT,69.2,Database Management Systems,65.9,audit|solar|monitoring|power|sensor|efficiency|hvac
RE,2,2,Network & Wireless Systems|Cloud & Distributed Systems,Cryptography & Network Security,98.9,Python,94.0,Design & Analysis of Algorithms,90.9,Computer Networks,88.6,Engineering Mathematics-III,88.2,weibull|fault tree|quality|simulation|efficiency|fmea|probability|risk|reliability
EAM,2,4,Mobile & IoT Development|Network & Wireless Systems,Digital Logic & Design,91.6,C++,86.6,Operating Systems,84.6,IoT,82.7,Cryptography & Network Security,81.1,audit|solar|monitoring|power|scheduling|sensor|iot|efficiency|hvac|energy
OR,1,3,Data Science & Analytics,Engineering Mathematics-III,55.2,Engineering Mathematics-IV,43.9,Digital Logic & Design,34.4,Software Engineering,34.2,Automata Theory,34.2,supply chain|sensor|simulation|linear programming|queuing|inventory|optimization|scipy
CSL,1,2,Network & Wireless Systems,Database Management Systems,35.0,Data Structures and Algorithms,34.9,Java,30.6,Full Stack Development,29.9,Computer Networks,25.3,vulnerability|digital marketing|authentication|security|network security|forensics
CSL,1,3,Network & Wireless Systems,Microcontroller & Embedded Systems,93.9193108694946,Cryptography & Network Security,90.1,IoT,89.9136319184892,Python,89.3,Computer Networks,79.9,vulnerability|network security|digital marketing|authentication|phishing|security|cyber|firewall|probability
CSL,1,3,Network & Wireless Systems,Cryptography & Network Security,73.2,Operating Systems,72.6,Design & Analysis of Algorithms,68.0,Engineering Mathematics-IV,66.2,IoT,64.2,vulnerability|solar|authentication|dashboard|simulation|phishing|security|firewall|network security|forensics
OR,1,2,Data Science & Analytics,Design & Analysis of Algorithms,87.9,Computer Networks,79.6,Database Management Systems,76.2,Engineering Mathematics-IV,69.1,C++,68.3,supply chain|scheduling|simulation|hvac|queuing|inventory|optimization|scipy
RE,1,1,Network & Wireless Systems,Java,87.4,Software Engineering,83.9,Computer Networks,79.0,Database Management Systems,78.3,Engineering Mathematics-IV,75.3,simulation|reliability
CSL,2,0,Network & Wireless Systems|Web Development,Design & Analysis of Algorithms,71.1,Artificial Intelligence,64.7,Digital Logic & Design,58.1,IoT,55.7,Data Structures and Algorithms,53.8,
DBM,2,2,Data Science & Analytics|Web Development,Engineering Mathematics-III,79.8,Engineering Mathematics-IV,67.4,Cryptography & Network Security,62.1,Design & Analysis of Algorithms,61.5,Java,61.0,kpi|ecommerce|digital marketing|agile|analytics
DBM,3,1,Web Development|Cloud & Distributed Systems|Mobile & IoT Development,Computer Networks,70.9,Full Stack Development,66.8,Python,64.4,IoT,61.0,C++,57.1,ecommerce|crm|digital marketing
OR,1,2,Data Science & Analytics,C++,67.2,Engineering Mathematics-IV,55.2,Python,50.0,Microcontroller & Embedded Systems,48.1,Digital Logic & Design,47.6,supply chain|simplex|scheduling|simulation|agile|linear programming|inventory|optimization|scipy
CSL,2,3,Network & Wireless Systems|Web Development,Cryptography & Network Security,68.0,Database Management Systems,61.2,C++,58.5,Design & Analysis of Algorithms,58.1,Operating Systems,57.2,vulnerability|authentication|phishing|security|cyber|forensics|encryption
OR,1,2,Data Science & Analytics,Data Structures and Algorithms,60.8,Design & Analysis of Algorithms,59.8,Cryptography & Network Security,58.6,Database Management Systems,57.6,Automata Theory,52.0,simplex|scipy|simulation|inventory
EAM,1,1,Mobile & IoT Development,Database Management Systems,82.9,IoT,79.9,Microcontroller & Embedded Systems,69.5,Digital Logic & Design,68.3,Engineering Mathematics-IV,66.4,monitoring|power|iot|efficiency|renewable|energy
RE,2,1,Network & Wireless Systems|Cloud & Distributed Systems,Engineering Mathematics-III,70.7,IoT,63.6,Database Management Systems,58.9,Microcontroller & Embedded Systems,58.9,Cryptography & Network Security,58.4,statistics|risk|phishing|fault tree
DBM,2,0,Data Science & Analytics|Web Development,Database Management Systems,89.8,Design & Analysis of Algorithms,87.9,Operating Systems,81.8,Artificial Intelligence,79.6,Java,79.2,
RE,2,1,Network & Wireless Systems|Cloud & Distributed Systems,Engineering Mathematics-IV,50.9128779707873,Microcontroller & Embedded Systems,44.4,Cryptography & Network Security,43.4,Operating Systems,42.2,Data Structures and Algorithms,39.2,statistics|fmea|probability
CSL,1,1,Network & Wireless Systems,Full Stack Development,84.5,Computer Networks,78.8,Java,76.6,Artificial Intelligence,76.0,Engineering Mathematics-IV,71.1,vulnerability|encryption
DBM,2,0,Data Science & Analytics|Web Development,Automata Theory,84.2,Design & Analysis of Algorithms,75.3,Database Management Systems,72.7,Operating Systems,70.5,Engineering Mathematics-IV,64.2,
DBM,3,4,Web Development|Data Science & Analytics|Cloud & Distributed Systems,Operating Systems,81.1,Engineering Mathematics-IV,73.05577801433263,Computer Networks,72.2,Python,71.5,IoT,71.5,kpi|ecommerce|digital marketing|agile|queuing|crm|analytics|react|seo|forensics
CSL,2,1,Network & Wireless Systems|Cloud & Distributed Systems,Digital Logic & Design,73.5,Data Structures and Algorithms,69.2,Full Stack Development,66.1,Microcontroller & Embedded Systems,64.7,Software Engineering,58.3,digital marketing|phishing|firewall|network security|forensics|encryption
DBM,2,2,Web Development|Data Science & Analytics,Full Stack Development,73.5,Engineering Mathematics-III,62.381075160848376,Computer Networks,58.2,Software Engineering,57.0,Microcontroller & Embedded Systems,56.0,ecommerce|digital marketing|dashboard|agile|seo|web
RE,1,3,Network & Wireless Systems,Artificial Intelligence,61.4,Engineering Mathematics-IV,56.0,Computer Networks,53.7,Operating Systems,53.0,Database Management Systems,51.9,weibull|fault tree|statistics|quality|fmea|testing|probability|risk|reliability
OR,1,2,Data Science & Analytics,Engineering Mathematics-III,90.28885479441607,Database Management Systems,86.2,Software Engineering,86.0,Artificial Intelligence,81.1,Engineering Mathematics-IV,80.96951524326687,simplex|supply chain|scheduling|simulation|inventory
EAM,3,4,Mobile & IoT Development|Network & Wireless Systems|Cloud & Distributed Systems,Java,64.4,Digital Logic & Design,64.0,Engineering Mathematics-III,59.3,IoT,56.0,Operating Systems,44.5,audit|solar|monitoring|power|iot|sensor|hvac|renewable|energy
CSL,1,1,Network & Wireless Systems,Data Structures and Algorithms,60.4,Artificial Intelligence,58.7,Cryptography & Network Security,58.0,Computer Networks,56.0,Full Stack Development,53.5,vulnerability|security|cyber|forensics|encryption
CSL,1,2,Network & Wireless Systems,Engineering Mathematics-IV,100.0,Database Management Systems,100.0,Operating Systems,100.0,Java,100.0,Cryptography & Network Security,100.0,vulnerability|authentication|security|cyber|firewall|network security|encryption
RE,1,3,Network & Wireless Systems,Operating Systems,94.4,Engineering Mathematics-III,92.8,Engineering Mathematics-IV,91.3,Digital Logic & Design,90.8,Software Engineering,90.3,weibull|fault tree|statistics|security|fmea|testing|probability|risk|reliability
OR,2,1,Data Science & Analytics|Web Development,Engineering Mathematics-III,87.2,Engineering Mathematics-IV,76.9,Digital Logic & Design,74.4,Microcontroller & Embedded Systems,70.0,Design & Analysis of Algorithms,68.5,simplex|risk|inventory|optimization
OR,2,3,Data Science & Analytics|Artificial Intelligence & Machine Learning,Design & Analysis of Algorithms,49.7,Artificial Intelligence,43.0,Data Structures and Algorithms,41.4,Digital Logic & Design,39.4,Cryptography & Network Security,37.6,simplex|supply chain|simulation|linear programming|queuing|inventory|scipy
CSL,1,2,Network & Wireless Systems,Operating Systems,85.9,Cryptography & Network Security,75.3,Engineering Mathematics-III,74.2,Engineering Mathematics-IV,72.5,IoT,69.5,vulnerability|ecommerce|authentication|phishing|security|network security|forensics
OR,1,2,Data Science & Analytics,Design & Analysis of Algorithms,100.0,Microcontroller & Embedded Systems,82.22555802278919,Operating Systems,81.5,IoT,80.88509917631079,Cryptography & Network Security,80.8,supply chain|scheduling|authentication|linear programming|simulation|queuing|inventory|scipy
RE,3,2,Network & Wireless Systems|Cloud & Distributed Systems|Data Science & Analytics,Design & Analysis of Algorithms,39.9,Python,36.5,Database Management Systems,36.4,Operating Systems,33.3,Engineering Mathematics-IV,25.7,weibull|power|quality|testing|fmea|probability|risk
CSL,1,2,Network & Wireless Systems,Cryptography & Network Security,89.5,Database Management Systems,87.2,Computer Networks,82.7,Automata Theory,82.6,C++,80.5,vulnerability|phishing|cyber|firewall|network security|forensics|encryption
CSL,1,2,Network & Wireless Systems,Cryptography & Network Security,100.0,Design & Analysis of Algorithms,92.1,Computer Networks,91.3,Automata Theory,86.9,Java,86.4,authentication|phishing|security|firewall|network security|forensics|encryption
DBM,1,1,Web Development,Automata Theory,75.1,Cryptography & Network Security,74.9,Design & Analysis of Algorithms,70.4,Engineering Mathematics-IV,69.25474583342692,Artificial Intelligence,66.6,seo|web
EAM,1,2,Mobile & IoT Development,Database Management Systems,64.7,Engineering Mathematics-III,61.5,Operating Systems,58.6,Python,57.5,Computer Networks,56.9,solar|monitoring|power|sensor|iot|security|optimization|energy
DBM,2,2,Data Science & Analytics|Web Development,Python,68.8,Computer Networks,59.7,Database Management Systems,57.7,C++,57.1,Engineering Mathematics-IV,56.7,ecommerce|digital marketing|dashboard|crm|analytics|react|reliability
RE,1,2,Network & Wireless Systems,Design & Analysis of Algorithms,87.6,Data Structures and Algorithms,79.0,Automata Theory,71.1,IoT,68.7,Java,68.1,weibull|kpi|statistics|quality|authentication|simulation|probability|risk|reliability
EAM,1,4,Mobile & IoT Development,Python,53.2,Java,52.4,Operating Systems,49.8,Engineering Mathematics-IV,46.1,Microcontroller & Embedded Systems,44.5,audit|solar|monitoring|power|statistics|iot|sensor|security|efficiency|hvac
EAM,2,3,Mobile & IoT Development|Network & Wireless Systems,Engineering Mathematics-III,88.7,IoT,88.0,Python,84.7,Software Engineering,81.3,Java,68.2,solar|monitoring|power|iot|efficiency|hvac|renewable|network security|energy
DBM,2,4,Data Science & Analytics|Web Development,Software Engineering,81.7,Full Stack Development,78.5,Microcontroller & Embedded Systems,71.3,Engineering Mathematics-III,70.4,IoT,68.6,audit|supply chain|kpi|ecommerce|digital marketing|scheduling|dashboard|agile|crm|analytics
DBM,2,3,Web Development|Data Science & Analytics,Engineering Mathematics-III,100.0,Full Stack Development,100.0,Engineering Mathematics-IV,99.77144226522466,Cryptography & Network Security,95.0,IoT,93.0,ecommerce|digital marketing|dashboard|agile|crm|analytics|react|seo|web
DBM,1,0,Data Science & Analytics,Full Stack Development,90.1,Java,83.8,Computer Networks,80.2,Engineering Mathematics-IV,80.1,Database Management Systems,75.6,
CSL,1,1,Network & Wireless Systems,Engineering Mathematics-IV,78.9,Artificial Intelligence,75.5,Automata Theory,74.9,Microcontroller & Embedded Systems,70.3,Design & Analysis of Algorithms,69.8,phishing|security|firewall|forensics|encryption
RE,1,3,Network & Wireless Systems,Microcontroller & Embedded Systems,92.2,Engineering Mathematics-III,85.3,Data Structures and Algorithms,79.3,Java,78.4,Engineering Mathematics-IV,76.2,weibull|kpi|fault tree|statistics|quality|simulation|testing|fmea|reliability
DBM,3,4,Web Development|Data Science & Analytics|Cloud & Distributed Systems,Full Stack Development,100.0,Computer Networks,95.4,Automata Theory,95.0,Engineering Mathematics-IV,92.4,Design & Analysis of Algorithms,91.3,ecommerce|digital marketing|agile|crm|analytics|react|inventory|seo
RE,1,3,Network & Wireless Systems,Database Management Systems,67.6,Computer Networks,65.2,Operating Systems,60.0,Automata Theory,58.1,C++,55.9,fault tree|statistics|quality|simulation|security|fmea|testing|risk|reliability
RE,2,1,Network & Wireless Systems|Cloud & Distributed Systems,Operating Systems,78.8,Microcontroller & Embedded Systems,67.8,Data Structures and Algorithms,64.7,Engineering Mathematics-III,63.8,IoT,62.1,fault tree|quality|testing|risk|reliability
EAM,2,0,Mobile & IoT Development|Network & Wireless Systems,Digital Logic & Design,72.4,Engineering Mathematics-IV,66.0,C++,57.1,Microcontroller & Embedded Systems,56.7,Full Stack Development,56.2,
EAM,1,2,Mobile & IoT Development,IoT,64.0,Engineering Mathematics-III,59.5,Software Engineering,55.6,Python,50.9,Microcontroller & Embedded Systems,49.4,monitoring|sensor|iot|efficiency|hvac|renewable|energy
EAM,1,3,Mobile & IoT Development,Cryptography & Network Security,49.4,IoT,38.1,Engineering Mathematics-IV,35.8,Software Engineering,34.2,C++,33.7,audit|solar|power|iot|sensor|hvac|renewable|firewall
DBM,2,1,Data Science & Analytics|Web Development,Artificial Intelligence,52.6,Engineering Mathematics-III,48.67489941450265,C++,47.7,Data Structures and Algorithms,45.6,Automata Theory,44.3,dashboard|web|crm|analytics
RE,1,2,Network & Wireless Systems,Computer Networks,76.1,C++,70.0,Microcontroller & Embedded Systems,62.8,Data Structures and Algorithms,61.1,Artificial Intelligence,60.9,power|statistics|quality|fmea|testing|firewall
EAM,1,0,Mobile & IoT Development,IoT,77.4,C++,74.6,Engineering Mathematics-III,67.4,Python,65.7,Operating Systems,62.3,
EAM,2,1,Mobile & IoT Development|Cloud & Distributed Systems,Cryptography & Network Security,51.5,Software Engineering,50.5,Engineering Mathematics-III,44.5,Microcontroller & Embedded Systems,42.9,Design & Analysis of Algorithms,41.4,renewable|power|hvac
OR,2,1,Data Science & Analytics|Artificial Intelligence & Machine Learning,Artificial Intelligence,83.0,Engineering Mathematics-III,80.9,Software Engineering,75.3,Data Structures and Algorithms,71.9,Digital Logic & Design,63.8,supply chain|power|scheduling|simulation|optimization|scipy
EAM,2,2,Mobile & IoT Development|Network & Wireless Systems,IoT,72.5,Microcontroller & Embedded Systems,62.3,Data Structures and Algorithms,58.6,Engineering Mathematics-IV,57.7,Engineering Mathematics-III,55.5,audit|solar|monitoring|sensor|iot|hvac|renewable|energy
RE,1,0,Network & Wireless Systems,Engineering Mathematics-III,72.7,Automata Theory,68.0,Cryptography & Network Security,64.6,Computer Networks,64.4,Data Structures and Algorithms,61.7,
CSL,2,4,Network & Wireless Systems|Web Development,Microcontroller & Embedded Systems,55.4,Cryptography & Network Security,51.6,Database Management Systems,46.8,Computer Networks,46.0,Digital Logic & Design,45.4,vulnerability|authentication|phishing|security|cyber|firewall|network security|encryption
RE,2,2,Network & Wireless Systems|Cloud & Distributed Systems,Data Structures and Algorithms,88.3,Engineering Mathematics-IV,82.5,Python,79.0,IoT,73.7,Java,71.2,weibull|fault tree|quality|simulation|scipy|fmea|testing|probability|risk|reliability
DBM,1,1,Web Development,Engineering Mathematics-III,72.1396190765602,Java,68.1,C++,67.6,Artificial Intelligence,61.7,Database Management Systems,60.5,seo|dashboard|web|ecommerce
DBM,1,2,Web Development,Artificial Intelligence,70.5,Python,68.5,Full Stack Development,66.3,C++,65.8,Operating Systems,64.5,digital marketing|dashboard|crm|react|seo
DBM,1,0,Data Science & Analytics,C++,95.4,IoT,85.4,Data Structures and Algorithms,84.2,Engineering Mathematics-III,77.5,Artificial Intelligence,77.4,
EAM,1,4,Mobile & IoT Development,Engineering Mathematics-IV,71.10395591087754,Engineering Mathematics-III,70.1593658559046,IoT,65.0,Database Management Systems,64.0,Data Structures and Algorithms,62.6,audit|solar|monitoring|power|sensor|iot|efficiency|hvac|renewable|energy
DBM,3,3,Web Development|Data Science & Analytics|Cloud & Distributed Systems,Engineering Mathematics-IV,84.6294514735668,Data Structures and Algorithms,74.0,Database Management Systems,70.4,Engineering Mathematics-III,65.6977844789642,Operating Systems,64.4,kpi|ecommerce|digital marketing|dashboard|agile|cyber|analytics|react|seo|web
DBM,2,3,Data Science & Analytics|Cloud & Distributed Systems,Engineering Mathematics-IV,77.01517641284349,Full Stack Development,69.8,Design & Analysis of Algorithms,69.3,IoT,68.7,Engineering Mathematics-III,68.26392777137481,kpi|ecommerce|digital marketing|quality|dashboard|agile|crm|react|seo|web
EAM,1,0,Mobile & IoT Development,Database Management Systems,59.7,Software Engineering,59.6,IoT,58.6,Java,54.6,Digital Logic & Design,51.7,
RE,2,2,Network & Wireless Systems|Data Science & Analytics,Engineering Mathematics-III,100.0,Operating Systems,100.0,Design & Analysis of Algorithms,97.6,Software Engineering,91.6,Data Structures and Algorithms,90.1,weibull|fault tree|simulation|react|risk|reliability
EAM,2,2,Mobile & IoT Development|Network & Wireless Systems,IoT,93.3,Microcontroller & Embedded Systems,91.3,Database Management Systems,86.4,Software Engineering,86.2,Data Structures and Algorithms,83.4,solar|iot|efficiency|hvac|renewable|seo
CSL,1,3,Network & Wireless Systems,Computer Networks,65.2,Database Management Systems,55.2,Python,49.9,IoT,46.4,Microcontroller & Embedded Systems,45.8,vulnerability|authentication|phishing|agile|firewall|network security|encryption
DBM,3,1,Data Science & Analytics|Web Development|Cloud & Distributed Systems,Database Management Systems,76.5,C++,71.2,Microcontroller & Embedded Systems,69.9,Operating Systems,67.6,Cryptography & Network Security,64.6,kpi|dashboard|crm|analytics|react|web
OR,2,2,Data Science & Analytics|Artificial Intelligence & Machine Learning,Engineering Mathematics-III,62.0,Data Structures and Algorithms,61.8,Engineering Mathematics-IV,60.0,Artificial Intelligence,59.2,Automata Theory,58.5,simplex|scheduling|inventory|optimization|scipy
OR,1,2,Data Science & Analytics,Engineering Mathematics-IV,81.7,Digital Logic & Design,78.9,IoT,72.19254659996184,Java,71.1,Data Structures and Algorithms,66.0,scheduling|simulation|linear programming|efficiency|queuing|inventory|optimization|scipy
OR,2,3,Data Science & Analytics|Artificial Intelligence & Machine Learning,Engineering Mathematics-III,75.3,IoT,74.9,Design & Analysis of Algorithms,61.6,Cryptography & Network Security,58.2,Python,56.9,simplex|linear programming|simulation|queuing|inventory|optimization|web
OR,1,1,Data Science & Analytics,Computer Networks,85.1,Engineering Mathematics-IV,82.9,Cryptography & Network Security,79.4,Full Stack Development,79.0,Digital Logic & Design,68.5,supply chain|solar|scheduling|queuing|inventory|scipy
EAM,1,1,Mobile & IoT Development,Java,90.5,Engineering Mathematics-IV,86.4,Automata Theory,86.3,Microcontroller & Embedded Systems,82.4,Operating Systems,82.0,audit|efficiency|renewable
CSL,1,3,Network & Wireless Systems,Cryptography & Network Security,93.8,Artificial Intelligence,87.8,Engineering Mathematics-IV,86.20080251518884,Computer Networks,82.6,C++,81.6,vulnerability|authentication|security|cyber|network security|encryption
OR,1,2,Data Science & Analytics,Python,78.4,Engineering Mathematics-III,65.304769036171,Data Structures and Algorithms,62.0,Computer Networks,62.0,Software Engineering,57.9,simplex|scheduling|simulation|queuing|inventory|scipy|reliability
DBM,3,2,Data Science & Analytics|Web Development|Mobile & IoT Development,Full Stack Development,86.3,Java,74.6,IoT,70.1,Engineering Mathematics-IV,69.1,Computer Networks,67.9,kpi|ecommerce|power|agile|crm|analytics|react
RE,2,1,Network & Wireless Systems|Cloud & Distributed Systems,Microcontroller & Embedded Systems,100.0,IoT,77.9,Engineering Mathematics-IV,77.0,C++,72.4,Engineering Mathematics-III,71.2,weibull|supply chain|fault tree|statistics|quality|fmea
RE,1,0,Network & Wireless Systems,Python,75.3,Automata Theory,74.7,Design & Analysis of Algorithms,72.4,Engineering Mathematics-III,69.8,Engineering Mathematics-IV,69.1,
RE,1,2,Network & Wireless Systems,Engineering Mathematics-IV,94.7,Digital Logic & Design,82.4,C++,82.3,Cryptography & Network Security,78.3,Engineering Mathematics-III,76.0,fault tree|digital marketing|quality|simulation|testing|probability|risk|reliability
EAM,2,0,Mobile & IoT Development|Network & Wireless Systems,Engineering Mathematics-III,100.0,Engineering Mathematics-IV,100.0,Digital Logic & Design,100.0,Microcontroller & Embedded Systems,100.0,Python,100.0,
DBM,2,2,Data Science & Analytics|Cloud & Distributed Systems,Full Stack Development,76.3,Software Engineering,72.7,IoT,68.8,Artificial Intelligence,65.6,Engineering Mathematics-IV,65.37821641339093,kpi|ecommerce|digital marketing|dashboard|agile
DBM,2,3,Web Development|Cloud & Distributed Systems,Engineering Mathematics-IV,67.0,C++,62.4,Database Management Systems,61.1,Full Stack Development,61.1,Python,58.3,kpi|ecommerce|linear programming|agile|analytics|react|seo
CSL,2,3,Network & Wireless Systems|Cloud & Distributed Systems,Artificial Intelligence,79.5,Python,69.4,C++,68.8,Computer Networks,65.5,Cryptography & Network Security,64.9,vulnerability|simplex|authentication|phishing|security|cyber|network security|scipy|forensics|encryption
OR,1,3,Data Science & Analytics,C++,91.5,Design & Analysis of Algorithms,84.7,Engineering Mathematics-III,82.1,Data Structures and Algorithms,81.6,Automata Theory,79.7,simplex|supply chain|scheduling|linear programming|simulation|queuing|optimization|inventory|scipy
EAM,2,1,Mobile & IoT Development|Network & Wireless Systems,Engineering Mathematics-IV,61.3,Computer Networks,50.2,Data Structures and Algorithms,47.5,Java,44.8,Software Engineering,44.2,monitoring|power|sensor|hvac|renewable
OR,2,1,Data Science & Analytics|Artificial Intelligence & Machine Learning,Engineering Mathematics-III,57.7,Java,50.5,Computer Networks,46.2,C++,35.7,Digital Logic & Design,31.0,scipy|linear programming|queuing|optimization
EAM,1,1,Mobile & IoT Development,Engineering Mathematics-IV,58.6,Software Engineering,52.8,Python,49.1,Computer Networks,47.8,Automata Theory,47.6,iot|efficiency|power
EAM,2,2,Mobile & IoT Development|Network & Wireless Systems,Microcontroller & Embedded Systems,81.1,Data Structures and Algorithms,78.1,C++,72.1,Digital Logic & Design,67.3,Python,66.5,solar|monitoring|sensor|iot|efficiency|renewable
DBM,1,1,Data Science & Analytics,Database Management Systems,96.7,Python,60.4,Operating Systems,54.8,Automata Theory,44.4,Full Stack Development,43.6,kpi|crm|digital marketing
DBM,1,1,Web Development,Operating Systems,79.3,Engineering Mathematics-III,60.8,Data Structures and Algorithms,58.5,Cryptography & Network Security,54.3,Engineering Mathematics-IV,53.9,digital marketing|kpi|agile
EAM,2,0,Mobile & IoT Development|Network & Wireless Systems,Automata Theory,81.3,Design & Analysis of Algorithms,80.5,Microcontroller & Embedded Systems,78.4,Java,71.6,Engineering Mathematics-III,68.7,
OR,1,3,Data Science & Analytics,Data Structures and Algorithms,65.3,Engineering Mathematics-III,62.79704461970326,Design & Analysis of Algorithms,61.8,Digital Logic & Design,61.1,Microcontroller & Embedded Systems,52.6,simplex|supply chain|linear programming|simulation|security|queuing|inventory|scipy|encryption
DBM,3,1,Web Development|Data Science & Analytics|Cloud & Distributed Systems,Software Engineering,86.3,Design & Analysis of Algorithms,85.6,C++,81.7,Engineering Mathematics-III,81.1,Computer Networks,78.2,web|crm
CSL,1,1,Network & Wireless Systems,Computer Networks,78.0,IoT,76.9,Artificial Intelligence,72.4,Cryptography & Network Security,70.7,Microcontroller & Embedded Systems,68.0,vulnerability|cyber
RE,1,1,Network & Wireless Systems,Design & Analysis of Algorithms,74.3,Engineering Mathematics-III,72.8,Engineering Mathematics-IV,68.1,Microcontroller & Embedded Systems,67.3,Artificial Intelligence,62.0,weibull|statistics|simulation|testing|risk|reliability
EAM,2,1,Mobile & IoT Development|Cloud & Distributed Systems,Operating Systems,84.1,Microcontroller & Embedded Systems,83.4,Database Management Systems,81.8,IoT,81.8,Engineering Mathematics-III,79.5,audit|linear programming|efficiency|renewable|energy
RE,1,3,Network & Wireless Systems,C++,60.8,Microcontroller & Embedded Systems,57.7,Automata Theory,53.2,IoT,52.7,Engineering Mathematics-IV,45.3,weibull|fault tree|statistics|quality|fmea|crm|probability|reliability
OR,2,0,Data Science & Analytics|Web Development,Computer Networks,73.7,Database Management Systems,72.4,Engineering Mathematics-III,72.3,Microcontroller & Embedded Systems,71.9,IoT,61.2,
CSL,2,2,Network & Wireless Systems|Cloud & Distributed Systems,Data Structures and Algorithms,91.2,Database Management Systems,85.7,Python,84.6,Design & Analysis of Algorithms,80.2,Artificial Intelligence,78.9,vulnerability|phishing|security|firewall|network security|forensics|energy|encryption
EAM,2,2,Mobile & IoT Development|Network & Wireless Systems,IoT,67.1,Computer Networks,64.5189836909569,Microcontroller & Embedded Systems,55.1,Python,55.1,C++,47.8,audit|supply chain|solar|monitoring|sensor|hvac
CSL,1,1,Network & Wireless Systems,Digital Logic & Design,95.0,Computer Networks,94.0,Engineering Mathematics-III,90.6,Python,87.6,Engineering Mathematics-IV,86.2,authentication|phishing
OR,1,4,Data Science & Analytics,Database Management Systems,62.66370786530032,C++,59.2,Microcontroller & Embedded Systems,57.6,Software Engineering,56.48245249341447,Engineering Mathematics-IV,55.6,simplex|scheduling|linear programming|queuing|optimization|inventory|scipy
RE,1,3,Network & Wireless Systems,Engineering Mathematics-III,65.4,Operating Systems,47.2,Database Management Systems,46.7,C++,46.3,Automata Theory,44.8,fault tree|statistics|quality|simulation|testing|optimization|risk|reliability
EAM,2,3,Mobile & IoT Development|Network & Wireless Systems,Engineering Mathematics-III,100.0,Digital Logic & Design,100.0,Computer Networks,100.0,Software Engineering,100.0,Python,100.0,audit|solar|monitoring|power|sensor|efficiency|hvac|renewable|energy
DBM,1,3,Data Science & Analytics,Computer Networks,82.3,Python,78.8,Engineering Mathematics-III,78.0,Microcontroller & Embedded Systems,75.2,Java,69.8,ecommerce|dashboard|agile|crm|analytics|react|web
RE,1,1,Network & Wireless Systems,C++,77.6,Digital Logic & Design,72.7,Python,71.9,Engineering Mathematics-IV,69.0,Engineering Mathematics-III,68.9,statistics|fault tree|reliability
CSL,1,3,Network & Wireless Systems,Engineering Mathematics-IV,97.16631847697178,Computer Networks,93.8,Digital Logic & Design,91.6,Cryptography & Network Security,91.6,Automata Theory,87.3,vulnerability|audit|authentication|phishing|security|cyber|fmea|firewall|forensics|encryption
EAM,1,1,Mobile & IoT Development,Database Management Systems,67.13819822632607,Microcontroller & Embedded Systems,45.4,Digital Logic & Design,44.1,Software Engineering,41.83622299898626,Artificial Intelligence,35.7,monitoring|power|iot|efficiency|hvac|renewable
OR,1,1,Data Science & Analytics,Data Structures and Algorithms,67.6,Cryptography & Network Security,52.3,Design & Analysis of Algorithms,52.0,Computer Networks,44.8,Microcontroller & Embedded Systems,43.0,simplex|scheduling|simulation|linear programming|queuing
CSL,1,2,Network & Wireless Systems,Computer Networks,57.0,Digital Logic & Design,53.3,C++,51.5,Artificial Intelligence,46.6,Engineering Mathematics-IV,45.8,vulnerability|statistics|authentication|security|cyber|network security|forensics|encryption
RE,2,1,Network & Wireless Systems|Cloud & Distributed Systems,C++,78.2,Operating Systems,76.9,Full Stack Development,76.8,Digital Logic & Design,75.7,Automata Theory,75.2,weibull|seo|reliability
OR,2,0,Data Science & Analytics|Artificial Intelligence & Machine Learning,Design & Analysis of Algorithms,43.4,Data Structures and Algorithms,43.1,Database Management Systems,40.6,Python,35.2,Automata Theory,25.5,
RE,1,3,Network & Wireless Systems,Engineering Mathematics-III,62.1,IoT,52.3,Data Structures and Algorithms,50.6,Artificial Intelligence,49.9,Computer Networks,47.8,weibull|kpi|statistics|quality|simulation|testing|probability|risk|reliability
CSL,2,3,Network & Wireless Systems|Cloud & Distributed Systems,Engineering Mathematics-IV,55.022148125140475,Operating Systems,52.1,C++,51.8,Engineering Mathematics-III,51.457807524846665,Microcontroller & Embedded Systems,50.8,vulnerability|authentication|phishing|security|cyber|agile|firewall|network security|forensics|encryption
DBM,2,2,Data Science & Analytics|Cloud & Distributed Systems,Full Stack Development,92.3,Python,84.3,Database Management Systems,82.9,Engineering Mathematics-III,77.1,Artificial Intelligence,73.6,ecommerce|digital marketing|power|dashboard|crm|analytics|react|seo
OR,1,1,Data Science & Analytics,Cryptography & Network Security,94.4,Engineering Mathematics-III,91.4,Engineering Mathematics-IV,89.2,Operating Systems,85.8,Design & Analysis of Algorithms,85.4,simplex|scheduling|simulation|optimization|scipy
DBM,3,4,Web Development|Data Science & Analytics|Cloud & Distributed Systems,Design & Analysis of Algorithms,82.8,Full Stack Development,74.3,Database Management Systems,71.0,Software Engineering,67.6,Operating Systems,60.6,kpi|ecommerce|monitoring|digital marketing|dashboard|agile|analytics|react|seo|web
DBM,3,2,Web Development|Data Science & Analytics|Cloud & Distributed Systems,Database Management Systems,90.9,Software Engineering,83.7,Python,77.5,Engineering Mathematics-III,77.35727648954767,Digital Logic & Design,69.4,supply chain|probability|dashboard|analytics|react|web
EAM,1,3,Mobile & IoT Development,Engineering Mathematics-III,64.4,Operating Systems,43.2,Digital Logic & Design,42.7,IoT,38.6,Java,37.5,monitoring|power|sensor|iot|efficiency|hvac|optimization|encryption
OR,2,2,Data Science & Analytics|Web Development,C++,66.8,Computer Networks,62.3,Engineering Mathematics-III,55.0,Design & Analysis of Algorithms,53.0,Engineering Mathematics-IV,49.5,simplex|supply chain|queuing|crm|inventory|network security|scipy
OR,3,2,Data Science & Analytics|Artificial Intelligence & Machine Learning|Web Development,Engineering Mathematics-IV,84.6,Engineering Mathematics-III,76.2,Computer Networks,73.8,Design & Analysis of Algorithms,73.4,Python,71.6,supply chain|simplex|fault tree|scheduling|linear programming|simulation|inventory|optimization|scipy
OR,1,3,Data Science & Analytics,Database Management Systems,50.8,Engineering Mathematics-IV,48.3,Java,46.2,C++,45.6,Data Structures and Algorithms,36.8,simplex|supply chain|linear programming|simulation|queuing|inventory|probability|optimization
RE,2,1,Network & Wireless Systems|Cloud & Distributed Systems,Microcontroller & Embedded Systems,68.7,Software Engineering,58.0,Database Management Systems,55.0,Cryptography & Network Security,54.9,Engineering Mathematics-III,51.9,weibull|fault tree|simulation|fmea|risk
OR,2,2,Data Science & Analytics|Artificial Intelligence & Machine Learning,C++,30.2,Cryptography & Network Security,25.3,Engineering Mathematics-IV,24.8,IoT,24.2,Artificial Intelligence,22.0,vulnerability|simplex|scheduling|simulation|security|queuing|inventory|optimization|scipy
EAM,2,4,Mobile & IoT Development|Network & Wireless Systems,Database Management Systems,87.6,IoT,82.7,Artificial Intelligence,81.1,Software Engineering,78.1,Java,77.7,audit|solar|monitoring|power|iot|sensor|efficiency|hvac|renewable|energy
OR,2,2,Data Science & Analytics|Artificial Intelligence & Machine Learning,Cryptography & Network Security,74.7,Database Management Systems,70.0,Data Structures and Algorithms,67.5,Microcontroller & Embedded Systems,64.0,Engineering Mathematics-III,63.5,simulation|linear programming|queuing|optimization|inventory|scipy
CSL,1,1,Network & Wireless Systems,Cryptography & Network Security,90.7,Full Stack Development,86.2,Data Structures and Algorithms,75.1,Java,71.1,Computer Networks,70.6,authentication|forensics
CSL,2,2,Network & Wireless Systems|Cloud & Distributed Systems,Design & Analysis of Algorithms,56.2,IoT,39.2,Automata Theory,36.7,Cryptography & Network Security,33.8,C++,33.5,authentication|phishing|security|network security|forensics
RE,2,3,Network & Wireless Systems|Cloud & Distributed Systems,Engineering Mathematics-III,84.95947302297745,Engineering Mathematics-IV,77.44341479310802,Artificial Intelligence,76.5,Operating Systems,72.5,Computer Networks,71.1,weibull|encryption|fault tree|quality|simulation|fmea|testing|probability|risk|reliability
EAM,2,3,Mobile & IoT Development|Network & Wireless Systems,Python,56.5,Engineering Mathematics-IV,50.8,Microcontroller & Embedded Systems,50.7,C++,47.8,Computer Networks,46.93165087044294,audit|solar|power|sensor|iot|hvac|renewable|energy
OR,2,2,Data Science & Analytics|Artificial Intelligence & Machine Learning,Engineering Mathematics-III,48.4,Database Management Systems,44.19576649030119,Artificial Intelligence,40.2,Design & Analysis of Algorithms,38.7,Computer Networks,36.5,simplex|scheduling|simulation|optimization|inventory|scipy
CSL,2,1,Network & Wireless Systems|Cloud & Distributed Systems,Engineering Mathematics-IV,83.5495619423345,Computer Networks,81.4,Full Stack Development,65.8,Operating Systems,64.3,Data Structures and Algorithms,62.3,authentication|testing|phishing
RE,2,2,Network & Wireless Systems|Cloud & Distributed Systems,Engineering Mathematics-III,78.4,C++,76.4,Operating Systems,75.2,Microcontroller & Embedded Systems,74.1,IoT,71.9,supply chain|statistics|simulation|efficiency|testing|fmea|risk|reliability
RE,2,1,Network & Wireless Systems|Cloud & Distributed Systems,C++,96.1,Artificial Intelligence,82.0,Operating Systems,81.6,Automata Theory,72.8,Digital Logic & Design,72.5,weibull|statistics|inventory|risk|reliability
OR,2,1,Data Science & Analytics|Artificial Intelligence & Machine Learning,Microcontroller & Embedded Systems,77.1,Engineering Mathematics-IV,76.3,Data Structures and Algorithms,71.5,Automata Theory,66.2,Computer Networks,62.3,linear programming|inventory|optimization
DBM,1,3,Data Science & Analytics,Artificial Intelligence,52.2,Database Management Systems,45.7,Digital Logic & Design,45.6,Software Engineering,44.3,IoT,41.4,kpi|ecommerce|digital marketing|dashboard|agile|security|crm|react
RE,1,2,Network & Wireless Systems,Engineering Mathematics-III,85.1,Software Engineering,85.1,Digital Logic & Design,79.0,Automata Theory,75.8,Engineering Mathematics-IV,75.7,weibull|fault tree|power|statistics|quality|simulation|risk
EAM,3,2,Mobile & IoT Development|Network & Wireless Systems|Cloud & Distributed Systems,Engineering Mathematics-IV,72.5,IoT,62.0,C++,53.4,Engineering Mathematics-III,50.8,Artificial Intelligence,50.7,monitoring|sensor|iot|efficiency|renewable
EAM,1,2,Mobile & IoT Development,Microcontroller & Embedded Systems,59.7,Automata Theory,47.0,Digital Logic & Design,43.2,Full Stack Development,41.3,Java,40.6,audit|solar|monitoring|power|iot|sensor|efficiency|renewable|network security|energy
OR,2,1,Data Science & Analytics|Artificial Intelligence & Machine Learning,Design & Analysis of Algorithms,63.7,Automata Theory,58.4,Python,50.1,Data Structures and Algorithms,49.9,Engineering Mathematics-IV,49.5,simplex|supply chain|scheduling|queuing|inventory|seo|scipy
DBM,3,0,Data Science & Analytics|Web Development|Cloud & Distributed Systems,Engineering Mathematics-III,58.5,Cryptography & Network Security,58.5,Artificial Intelligence,57.9,Full Stack Development,55.2,Java,53.9,
CSL,2,2,Network & Wireless Systems|Web Development,Cryptography & Network Security,82.1,Engineering Mathematics-IV,75.0,Full Stack Development,72.2,Artificial Intelligence,67.4,Engineering Mathematics-III,64.9,vulnerability|authentication|cyber|firewall|forensics|encryption
RE,1,4,Network & Wireless Systems,Microcontroller & Embedded Systems,63.3,Operating Systems,54.6,Automata Theory,54.4,Python,51.5,Engineering Mathematics-IV,47.7,weibull|fault tree|statistics|quality|simulation|risk|web|reliability
CSL,1,0,Network & Wireless Systems,Computer Networks,43.5,Design & Analysis of Algorithms,42.0,Automata Theory,40.2,Operating Systems,37.6,Digital Logic & Design,37.3,
CSL,2,3,Network & Wireless Systems|Cloud & Distributed Systems,Engineering Mathematics-IV,53.58659111920045,Engineering Mathematics-III,40.62126532363521,Python,38.2,Automata Theory,22.4,IoT,13.9,vulnerability|fault tree|authentication|phishing|security|cyber|firewall|forensics
RE,2,3,Network & Wireless Systems|Data Science & Analytics,Engineering Mathematics-IV,68.5,Artificial Intelligence,58.6,Database Management Systems,52.5,Data Structures and Algorithms,50.7,Microcontroller & Embedded Systems,49.1,weibull|fault tree|statistics|simulation|testing|fmea|probability|reliability
RE,1,2,Network & Wireless Systems,Computer Networks,99.1,Engineering Mathematics-III,86.7,IoT,77.8,Software Engineering,76.6,C++,74.4,weibull|fault tree|statistics|quality|simulation|probability|risk|reliability
EAM,1,4,Mobile & IoT Development,Software Engineering,47.4,Database Management Systems,45.0,C++,40.4,Java,33.4,Design & Analysis of Algorithms,31.8,audit|solar|monitoring|sensor|iot|efficiency|renewable|crm|energy
EAM,2,4,Mobile & IoT Development|Network & Wireless Systems,Database Management Systems,69.3,Operating Systems,47.0,Java,46.9,Design & Analysis of Algorithms,42.8,Software Engineering,41.2,audit|solar|monitoring|power|sensor|quality|iot|hvac
OR,2,2,Data Science & Analytics|Artificial Intelligence & Machine Learning,Engineering Mathematics-IV,94.4,Python,71.9,Database Management Systems,69.5,Full Stack Development,69.4,Computer Networks,66.6,simplex|scheduling|linear programming|hvac|queuing|optimization|scipy
CSL,1,2,Network & Wireless Systems,Computer Networks,65.9,Engineering Mathematics-III,65.4,Full Stack Development,65.0,Data Structures and Algorithms,64.0,Cryptography & Network Security,59.9,vulnerability|authentication|phishing|security|firewall|network security|encryption
DBM,2,4,Data Science & Analytics|Web Development,Engineering Mathematics-III,77.1,Full Stack Development,75.4,Python,70.2,Automata Theory,68.7,Engineering Mathematics-IV,65.5,kpi|ecommerce|digital marketing|dashboard|simulation|linear programming|crm|analytics|react|web
CSL,2,4,Network & Wireless Systems|Cloud & Distributed Systems,Full Stack Development,79.7,Database Management Systems,72.3,Data Structures and Algorithms,63.8,Automata Theory,59.7,Software Engineering,56.6,vulnerability|authentication|phishing|security|cyber|hvac|firewall|forensics|encryption
OR,1,2,Data Science & Analytics,Artificial Intelligence,84.0,Digital Logic & Design,80.9,C++,78.6,Operating Systems,73.9,IoT,71.0,supply chain|simplex|scheduling|simulation|queuing|react|scipy
EAM,2,1,Mobile & IoT Development|Network & Wireless Systems,IoT,61.1,C++,56.3,Design & Analysis of Algorithms,51.1,Cryptography & Network Security,50.5,Microcontroller & Embedded Systems,50.0,audit|solar|sensor|efficiency|hvac
DBM,2,1,Data Science & Analytics|Web Development,Engineering Mathematics-IV,99.42889340381544,IoT,90.6,Artificial Intelligence,87.9,Engineering Mathematics-III,87.03632790087005,Operating Systems,86.3,dashboard|security|react
CSL,2,1,Network & Wireless Systems|Cloud & Distributed Systems,Data Structures and Algorithms,81.5,Automata Theory,80.1,Microcontroller & Embedded Systems,73.5,Software Engineering,68.8,Java,68.0,authentication|phishing|security|network security
DBM,1,3,Web Development,Python,78.5,Software Engineering,77.2,Database Management Systems,74.2,Full Stack Development,72.5,Engineering Mathematics-III,72.1,kpi|ecommerce|iot|dashboard|crm|analytics|seo
CSL,2,2,Network & Wireless Systems|Cloud & Distributed Systems,Automata Theory,77.2,Software Engineering,68.4,Java,64.3,C++,62.6,Python,62.2,vulnerability|statistics|authentication|phishing|security|cyber|fmea|network security|forensics
RE,1,2,Network & Wireless Systems,Engineering Mathematics-IV,100.0,C++,100.0,Engineering Mathematics-III,99.6,Operating Systems,89.4,Computer Networks,86.6,fault tree|statistics|simulation|probability|reliability
EAM,2,0,Mobile & IoT Development|Network & Wireless Systems,IoT,87.0,Operating Systems,75.5,Computer Networks,75.0,Java,74.8,Automata Theory,70.6,
DBM,3,2,Web Development|Data Science & Analytics|Cloud & Distributed Systems,Software Engineering,52.7,Operating Systems,50.1,C++,48.0,Engineering Mathematics-IV,47.7,Full Stack Development,45.5,kpi|ecommerce|digital marketing|statistics|dashboard|agile|crm|analytics|seo
OR,1,3,Data Science & Analytics,Java,54.8,Data Structures and Algorithms,52.5,Artificial Intelligence,36.8,Database Management Systems,33.9,Engineering Mathematics-IV,32.8,supply chain|scheduling|dashboard|linear programming|simulation|queuing|inventory|react|scipy
DBM,4,2,Data Science & Analytics|Web Development|Cloud & Distributed Systems|Mobile & IoT Development,Digital Logic & Design,52.3,Database Management Systems,42.4,Python,39.4,Operating Systems,32.2,IoT,31.3,digital marketing|agile|crm|analytics|react|seo|web
EAM,2,4,Mobile & IoT Development|Cloud & Distributed Systems,Cryptography & Network Security,42.5,Computer Networks,41.5,C++,41.1,Design & Analysis of Algorithms,40.1,Operating Systems,38.9,solar|monitoring|sensor|iot|efficiency|hvac|energy
OR,2,3,Data Science & Analytics|Web Development,C++,58.4,Engineering Mathematics-IV,56.9,Microcontroller & Embedded Systems,53.2,Python,46.4,Software Engineering,45.6,simplex|linear programming|simulation|queuing|inventory|optimization|scipy
OR,1,1,Data Science & Analytics,Data Structures and Algorithms,84.9,Engineering Mathematics-III,75.6,Software Engineering,75.54650319664978,Full Stack Development,70.0,Design & Analysis of Algorithms,68.9,scheduling|supply chain|simplex
RE,2,1,Network & Wireless Systems|Cloud & Distributed Systems,Digital Logic & Design,57.9,Cryptography & Network Security,50.3,Artificial Intelligence,49.6,Design & Analysis of Algorithms,49.5,Java,47.0,vulnerability|quality|risk|fmea
EAM,2,1,Mobile & IoT Development|Network & Wireless Systems,Automata Theory,86.1,Design & Analysis of Algorithms,70.4,Microcontroller & Embedded Systems,66.1,Artificial Intelligence,62.7,Software Engineering,62.6,iot|power
OR,3,2,Data Science & Analytics|Artificial Intelligence & Machine Learning|Web Development,Engineering Mathematics-III,100.0,Engineering Mathematics-IV,100.0,Digital Logic & Design,100.0,Python,100.0,Design & Analysis of Algorithms,99.9,simplex|supply chain|scheduling|linear programming|queuing|inventory|scipy
RE,2,1,Network & Wireless Systems|Cloud & Distributed Systems,Microcontroller & Embedded Systems,45.76309280905694,Engineering Mathematics-III,38.5,Automata Theory,34.1,Database Management Systems,32.5,Python,31.0,fault tree|statistics|simulation|fmea|probability|reliability
EAM,2,3,Mobile & IoT Development|Network & Wireless Systems,IoT,76.5,Computer Networks,73.83884197688366,Cryptography & Network Security,72.32907402994309,Python,70.5,Engineering Mathematics-IV,69.5,kpi|solar|monitoring|power|sensor|efficiency|hvac|energy
DBM,3,2,Data Science & Analytics|Web Development|Cloud & Distributed Systems,Data Structures and Algorithms,100.0,Database Management Systems,100.0,Operating Systems,100.0,C++,99.4,Digital Logic & Design,98.2,digital marketing|dashboard|queuing|crm|react|seo|web
EAM,1,2,Mobile & IoT Development,Data Structures and Algorithms,74.2,Microcontroller & Embedded Systems,56.1,IoT,48.4,Engineering Mathematics-III,47.1,Digital Logic & Design,45.7,audit|iot|sensor|inventory|energy
OR,1,2,Data Science & Analytics,Cryptography & Network Security,82.7,Artificial Intelligence,71.8,Computer Networks,69.5,Database Management Systems,66.7,Engineering Mathematics-IV,65.1,supply chain|simplex|scheduling|queuing|scipy
RE,3,3,Network & Wireless Systems|Cloud & Distributed Systems|Data Science & Analytics,Engineering Mathematics-III,64.5,Java,57.1,Software Engineering,56.6,Full Stack Development,54.9,Digital Logic & Design,52.4,statistics|quality|simulation|fmea|testing|probability|risk|reliability
CSL,2,1,Network & Wireless Systems|Cloud & Distributed Systems,Cryptography & Network Security,85.0,Microcontroller & Embedded Systems,82.8,Artificial Intelligence,80.1,Operating Systems,78.9,Engineering Mathematics-III,77.6,authentication|security|cyber|network security|scipy
OR,1,2,Data Science & Analytics,Microcontroller & Embedded Systems,67.09483763888916,Java,64.5,IoT,61.542267164043,C++,59.8,Engineering Mathematics-III,58.8,supply chain|simplex|scheduling|simulation|linear programming|queuing
RE,2,2,Network & Wireless Systems|Cloud & Distributed Systems,Java,56.3,Software Engineering,54.8,Design & Analysis of Algorithms,48.4,Python,44.2,C++,41.7,weibull|fmea|testing|probability|risk
RE,2,2,Network & Wireless Systems|Data Science & Analytics,Microcontroller & Embedded Systems,46.40593798174203,IoT,38.80330130484111,Engineering Mathematics-III,26.4,Operating Systems,25.8,Software Engineering,25.7,weibull|fault tree|statistics|quality|simulation|fmea|probability|risk
OR,2,3,Data Science & Analytics|Web Development,Automata Theory,94.6,Database Management Systems,89.67970303284473,Engineering Mathematics-IV,80.6,Computer Networks,76.7,Design & Analysis of Algorithms,76.6,simplex|supply chain|scheduling|simulation|linear programming|optimization|inventory|scipy|energy
OR,2,3,Data Science & Analytics|Artificial Intelligence & Machine Learning,Automata Theory,88.1,Engineering Mathematics-III,85.4,Design & Analysis of Algorithms,84.7,Software Engineering,81.1,Microcontroller & Embedded Systems,78.4,simplex|supply chain|scheduling|linear programming|queuing|optimization|scipy
DBM,3,3,Data Science & Analytics|Web Development|Cloud & Distributed Systems,Database Management Systems,80.5,Full Stack Development,74.6,Python,74.4,Cryptography & Network Security,60.9,Artificial Intelligence,59.2,kpi|ecommerce|fault tree|digital marketing|solar|dashboard|crm|analytics|react|web
RE,2,2,Network & Wireless Systems|Cloud & Distributed Systems,Engineering Mathematics-III,64.1,Engineering Mathematics-IV,56.4,Software Engineering,54.3,Cryptography & Network Security,47.7879417884407,Computer Networks,46.88395167325981,weibull|fault tree|hvac|probability|reliability
RE,2,3,Network & Wireless Systems|Cloud & Distributed Systems,Software Engineering,78.0,Engineering Mathematics-IV,77.9,Database Management Systems,75.3,Engineering Mathematics-III,73.5,Operating Systems,73.5,weibull|supply chain|solar|fault tree|statistics|quality|testing|probability|risk|reliability
RE,2,3,Network & Wireless Systems|Cloud & Distributed Systems,Engineering Mathematics-III,77.7,Digital Logic & Design,65.3,Automata Theory,58.7,Artificial Intelligence,55.4,Engineering Mathematics-IV,53.2,weibull|statistics|simulation|testing|fmea|analytics|seo|reliability
RE,1,2,Network & Wireless Systems,Engineering Mathematics-III,73.8,Cryptography & Network Security,63.5,C++,55.8,IoT,53.361007743393344,Software Engineering,52.9,weibull|fault tree|statistics|fmea|reliability
OR,2,1,Data Science & Analytics|Artificial Intelligence & Machine Learning,Artificial Intelligence,55.4,Automata Theory,55.1,Full Stack Development,51.0,Python,47.1,Digital Logic & Design,44.6,supply chain|inventory|digital marketing
CSL,2,2,Network & Wireless Systems|Cloud & Distributed Systems,IoT,79.2,Computer Networks,78.6,Digital Logic & Design,76.4,Full Stack Development,75.8,Engineering Mathematics-IV,74.6,vulnerability|phishing|security|cyber|network security|forensics|encryption
EAM,2,3,Mobile & IoT Development|Network & Wireless Systems,Digital Logic & Design,79.4,Computer Networks,78.3,Microcontroller & Embedded Systems,78.2,Engineering Mathematics-III,77.50757505594656,Engineering Mathematics-IV,77.3534706890025,weibull|audit|solar|power|sensor|hvac|renewable|queuing|energy
OR,2,1,Data Science & Analytics|Web Development,Design & Analysis of Algorithms,60.6,Operating Systems,57.8,Digital Logic & Design,57.0,Engineering Mathematics-III,50.3,Full Stack Development,50.1,scheduling|simulation|linear programming|queuing|optimization
EAM,1,2,Mobile & IoT Development,Database Management Systems,62.337218802148314,IoT,50.1,Engineering Mathematics-IV,45.0,Java,40.1,Automata Theory,38.3,audit|solar|monitoring|power|sensor|iot|hvac|renewable
DBM,3,3,Web Development|Data Science & Analytics|Cloud & Distributed Systems,Computer Networks,89.4,Data Structures and Algorithms,82.6,Java,80.8,Automata Theory,80.5,Engineering Mathematics-IV,73.7,kpi|digital marketing|agile|analytics|react|firewall|seo|risk|web
CSL,2,2,Network & Wireless Systems|Cloud & Distributed Systems,Microcontroller & Embedded Systems,99.8,Cryptography & Network Security,99.8,Design & Analysis of Algorithms,97.3,Engineering Mathematics-IV,95.0,Database Management Systems,94.0,vulnerability|authentication|phishing|cyber|network security|forensics|encryption
DBM,2,3,Web Development|Cloud & Distributed Systems,Full Stack Development,92.0,Software Engineering,89.2,Design & Analysis of Algorithms,83.9,C++,82.9,Computer Networks,77.6,kpi|ecommerce|digital marketing|dashboard|crm|analytics|react|energy
OR,1,0,Data Science & Analytics,Artificial Intelligence,86.9,Design & Analysis of Algorithms,83.8,Engineering Mathematics-III,76.3,Software Engineering,75.9,C++,75.7,
CSL,2,1,Network & Wireless Systems|Cloud & Distributed Systems,Java,56.7,Full Stack Development,55.6,Database Management Systems,50.4,IoT,50.0,C++,49.9,vulnerability|phishing|security|cyber|forensics
CSL,1,3,Network & Wireless Systems,C++,71.8,Computer Networks,65.0,Full Stack Development,61.3,Java,52.7,Software Engineering,50.9,authentication|phishing|cyber|firewall|network security|forensics|encryption
OR,2,2,Data Science & Analytics|Artificial Intelligence & Machine Learning,Full Stack Development,61.5,Python,59.7,Data Structures and Algorithms,54.7,Automata Theory,49.6,Artificial Intelligence,44.7,simplex|scheduling|simulation|linear programming|queuing|optimization|inventory|scipy
DBM,2,1,Data Science & Analytics|Cloud & Distributed Systems,Database Management Systems,75.0,IoT,72.1,Engineering Mathematics-III,69.6,Software Engineering,63.6,Full Stack Development,61.4,crm|dashboard|ecommerce|analytics
RE,2,2,Network & Wireless Systems|Cloud & Distributed Systems,Engineering Mathematics-IV,52.8,Design & Analysis of Algorithms,47.9,Automata Theory,40.2,Data Structures and Algorithms,34.3,Python,31.3,weibull|statistics|simulation|hvac|testing|fmea|probability|risk
EAM,1,1,Mobile & IoT Development,Engineering Mathematics-III,82.4,Digital Logic & Design,78.6,Engineering Mathematics-IV,77.6,Microcontroller & Embedded Systems,77.5,Database Management Systems,72.2,ecommerce|monitoring|hvac
DBM,2,4,Data Science & Analytics|Web Development,Artificial Intelligence,84.3,IoT,84.03829595900397,Engineering Mathematics-III,76.2,Python,73.9,Database Management Systems,72.1,kpi|ecommerce|digital marketing|authentication|dashboard|agile|crm|analytics|seo|web
CSL,1,4,Network & Wireless Systems,Data Structures and Algorithms,91.8,Database Management Systems,89.7,Operating Systems,87.0,Computer Networks,86.8,Python,86.4,vulnerability|authentication|phishing|security|cyber|hvac|renewable|firewall|network security|forensics
DBM,1,4,Web Development,Full Stack Development,79.3,Database Management Systems,74.0,Artificial Intelligence,67.2,Java,65.9,Digital Logic & Design,64.0,network security|ecommerce|digital marketing|dashboard|crm|analytics|react|web
OR,1,1,Data Science & Analytics,Engineering Mathematics-IV,76.74558442674764,Java,63.0,Computer Networks,61.4,Engineering Mathematics-III,57.95059628252129,Artificial Intelligence,57.5,scipy|simplex|simulation
DBM,2,0,Data Science & Analytics|Cloud & Distributed Systems,Artificial Intelligence,85.3,Full Stack Development,81.3,Engineering Mathematics-IV,77.3,Database Management Systems,77.0,Python,76.1,
DBM,3,1,Data Science & Analytics|Web Development|Cloud & Distributed Systems,C++,88.4,Software Engineering,84.5,Python,82.2,Full Stack Development,80.5,Computer Networks,79.7,weibull|kpi|ecommerce|dashboard|react|seo|web
CSL,1,1,Network & Wireless Systems,Computer Networks,74.3,Cryptography & Network Security,68.6,Operating Systems,67.9,Java,67.4,Design & Analysis of Algorithms,67.3,authentication|phishing|cyber|network security|encryption
RE,1,1,Network & Wireless Systems,Microcontroller & Embedded Systems,99.0,Engineering Mathematics-III,97.7,C++,94.0,IoT,92.2,Database Management Systems,91.9,quality|reliability|probability
EAM,1,1,Mobile & IoT Development,Data Structures and Algorithms,68.0,Microcontroller & Embedded Systems,66.8,Engineering Mathematics-IV,66.6,Cryptography & Network Security,65.8,IoT,60.6,energy|monitoring|hvac
DBM,2,2,Data Science & Analytics|Web Development,Full Stack Development,74.2,IoT,72.6,Cryptography & Network Security,69.0,Software Engineering,68.2,Python,64.6,probability|dashboard|agile|crm|analytics|react|seo|web
EAM,2,1,Mobile & IoT Development|Network & Wireless Systems,Cryptography & Network Security,85.42598811958456,Microcontroller & Embedded Systems,67.7,Operating Systems,65.0,Digital Logic & Design,51.4,Software Engineering,49.9,audit|solar|monitoring|iot|renewable|analytics|energy
CSL,1,0,Network & Wireless Systems,Cryptography & Network Security,96.0,Operating Systems,95.7,Digital Logic & Design,93.5,Database Management Systems,90.3,C++,89.9,
DBM,3,1,Data Science & Analytics|Cloud & Distributed Systems|Mobile & IoT Development,Python,74.2,Automata Theory,55.2,Artificial Intelligence,53.9,Database Management Systems,50.9,Software Engineering,48.8,weibull|kpi|ecommerce|agile|analytics|seo
DBM,1,3,Web Development,Operating Systems,100.0,Python,95.7,Automata Theory,92.4,Design & Analysis of Algorithms,91.0,Database Management Systems,90.3,digital marketing|dashboard|agile|cyber|fmea|crm|analytics|seo
RE,2,3,Network & Wireless Systems|Cloud & Distributed Systems,Engineering Mathematics-III,55.5,Java,55.4,Cryptography & Network Security,53.9,Database Management Systems,48.3,Operating Systems,47.9,weibull|fault tree|statistics|quality|simulation|probability|reliability
EAM,1,3,Mobile & IoT Development,Java,50.6,Software Engineering,44.2,Microcontroller & Embedded Systems,33.1,Engineering Mathematics-IV,32.4,Cryptography & Network Security,32.3,weibull|solar|monitoring|iot|sensor|efficiency|hvac|renewable|queuing
DBM,2,0,Web Development|Mobile & IoT Development,Database Management Systems,100.0,Computer Networks,100.0,Microcontroller & Embedded Systems,100.0,Python,100.0,Automata Theory,100.0,
EAM,2,1,Mobile & IoT Development|Network & Wireless Systems,IoT,77.0,Software Engineering,73.7,Artificial Intelligence,73.1,Python,69.9,Automata Theory,67.4,iot|sensor|efficiency|hvac|renewable|encryption
OR,1,2,Data Science & Analytics,Digital Logic & Design,86.1,Automata Theory,85.4,Data Structures and Algorithms,82.0,Database Management Systems,78.9,C++,76.0,supply chain|simplex|scheduling|probability|simulation|linear programming|inventory|optimization|scipy
EAM,3,1,Mobile & IoT Development|Network & Wireless Systems|Cloud & Distributed Systems,IoT,66.1,Data Structures and Algorithms,46.6,Artificial Intelligence,46.6,Microcontroller & Embedded Systems,44.2,Computer Networks,41.9,iot|solar
RE,1,2,Network & Wireless Systems,Operating Systems,64.7,Artificial Intelligence,62.6,Database Management Systems,55.0,Computer Networks,50.9,Digital Logic & Design,49.6,weibull|scheduling|quality|simulation|fmea|probability|risk
DBM,2,2,Web Development|Cloud & Distributed Systems,Engineering Mathematics-III,79.9852875428235,IoT,64.8,Python,64.1,Full Stack Development,61.0,Software Engineering,56.8,kpi|ecommerce|dashboard|crm|analytics|react|seo|web
RE,2,2,Network & Wireless Systems|Data Science & Analytics,Engineering Mathematics-III,85.3,Database Management Systems,59.3,Engineering Mathematics-IV,56.9,C++,54.5,Software Engineering,54.1,weibull|statistics|simulation|seo|risk
RE,2,1,Network & Wireless Systems|Cloud & Distributed Systems,Engineering Mathematics-IV,96.9,IoT,86.5,Python,77.3,Engineering Mathematics-III,76.1,Microcontroller & Embedded Systems,70.5,statistics|quality|simulation|linear programming|fmea|risk|reliability
EAM,1,2,Mobile & IoT Development,Cryptography & Network Security,68.2,Operating Systems,68.1,Microcontroller & Embedded Systems,65.8,C++,62.1,Database Management Systems,61.5,audit|solar|monitoring|sensor|iot|hvac
RE,2,2,Network & Wireless Systems|Data Science & Analytics,IoT,55.246561967355504,Software Engineering,46.7,Engineering Mathematics-III,45.9,Artificial Intelligence,45.7,C++,44.3,weibull|quality|simulation|testing|fmea|probability|risk
OR,1,1,Data Science & Analytics,Design & Analysis of Algorithms,88.7,Engineering Mathematics-IV,87.5,IoT,84.3,Computer Networks,80.4,Automata Theory,80.2,simplex|inventory
OR,1,1,Data Science & Analytics,Data Structures and Algorithms,100.0,Software Engineering,100.0,Automata Theory,100.0,Java,99.9,Cryptography & Network Security,99.2,scheduling|supply chain|queuing|optimization
CSL,1,3,Network & Wireless Systems,Automata Theory,95.2,Engineering Mathematics-IV,91.02970126380852,Engineering Mathematics-III,89.80588206155889,Design & Analysis of Algorithms,89.8,Software Engineering,89.6,vulnerability|phishing|firewall|network security|forensics
RE,1,1,Network & Wireless Systems,Java,71.0,C++,66.2,Design & Analysis of Algorithms,64.3,Engineering Mathematics-IV,60.2,Microcontroller & Embedded Systems,58.1,weibull|testing|simulation|solar
RE,1,2,Network & Wireless Systems,Engineering Mathematics-IV,74.3,Software Engineering,73.0,Engineering Mathematics-III,71.7,Design & Analysis of Algorithms,70.9,Digital Logic & Design,70.4,weibull|quality|simulation|fmea|firewall|probability|risk|reliability
EAM,1,2,Mobile & IoT Development,Engineering Mathematics-IV,80.04320363386273,Design & Analysis of Algorithms,70.0,Microcontroller & Embedded Systems,67.0,Software Engineering,60.6,IoT,58.4,audit|solar|monitoring|power|sensor|iot|efficiency|hvac|renewable
RE,1,4,Network & Wireless Systems,Operating Systems,59.3,Digital Logic & Design,54.6,Artificial Intelligence,48.7,IoT,48.0,Design & Analysis of Algorithms,37.2,audit|fault tree|statistics|quality|simulation|testing|fmea|inventory|risk|reliability
CSL,2,1,Network & Wireless Systems|Web Development,Computer Networks,78.5,Engineering Mathematics-III,71.7,Engineering Mathematics-IV,70.5,Cryptography & Network Security,69.8,Digital Logic & Design,66.8,vulnerability|sensor|phishing|cyber|forensics|encryption
DBM,1,1,Data Science & Analytics,Artificial Intelligence,65.0,Automata Theory,59.8,Engineering Mathematics-IV,59.1,IoT,59.0,Database Management Systems,56.0,seo|digital marketing
CSL,1,1,Network & Wireless Systems,Cryptography & Network Security,96.1,Artificial Intelligence,88.7,Python,82.3,Operating Systems,80.4,Engineering Mathematics-IV,73.3,vulnerability|cyber
EAM,2,0,Mobile & IoT Development|Cloud & Distributed Systems,Operating Systems,57.2,Design & Analysis of Algorithms,56.6,Microcontroller & Embedded Systems,53.7,Engineering Mathematics-III,52.4,Digital Logic & Design,50.7,
DBM,1,1,Data Science & Analytics,Cryptography & Network Security,96.4,Full Stack Development,80.7,Database Management Systems,77.7,Software Engineering,75.4,Operating Systems,71.7,seo|kpi|analytics
RE,2,3,Network & Wireless Systems|Cloud & Distributed Systems,Design & Analysis of Algorithms,67.6,Software Engineering,67.0,Computer Networks,66.4,Data Structures and Algorithms,63.9,Operating Systems,63.2,weibull|fault tree|statistics|quality|simulation|testing|risk|reliability
CSL,2,2,Network & Wireless Systems|Cloud & Distributed Systems,Computer Networks,100.0,Digital Logic & Design,84.7,C++,79.7,Java,79.2,Artificial Intelligence,77.1,vulnerability|react|authentication|phishing|security|cyber|firewall|network security|encryption
RE,2,2,Network & Wireless Systems|Cloud & Distributed Systems,Software Engineering,60.162001431881485,Engineering Mathematics-III,56.6,Artificial Intelligence,51.9,Database Management Systems,50.39652718042281,IoT,49.9,risk|web|testing|probability
EAM,2,3,Mobile & IoT Development|Network & Wireless Systems,Microcontroller & Embedded Systems,76.1,Engineering Mathematics-III,74.0,Data Structures and Algorithms,73.0,Design & Analysis of Algorithms,69.1,Computer Networks,63.0,audit|solar|power|sensor|iot|efficiency|hvac|renewable|energy
CSL,1,3,Network & Wireless Systems,Design & Analysis of Algorithms,45.9,Full Stack Development,41.3,Engineering Mathematics-IV,36.496319557019696,Operating Systems,35.6,Engineering Mathematics-III,35.02471862861039,vulnerability|phishing|security|cyber|firewall|network security|forensics|encryption
CSL,1,2,Network & Wireless Systems,Computer Networks,100.0,Cryptography & Network Security,97.8,Python,95.2,Engineering Mathematics-IV,95.0,Design & Analysis of Algorithms,94.6,vulnerability|authentication|phishing|security|cyber|agile|firewall|network security|forensics
EAM,1,3,Mobile & IoT Development,IoT,89.8,Engineering Mathematics-IV,89.6,Operating Systems,86.8,Microcontroller & Embedded Systems,86.6,Java,78.5,audit|solar|monitoring|statistics|sensor|iot|efficiency|hvac|renewable|energy
OR,1,3,Data Science & Analytics,Engineering Mathematics-III,69.7,Database Management Systems,67.49614504506837,Software Engineering,65.56486152047171,Data Structures and Algorithms,59.1,Digital Logic & Design,53.7,simplex|supply chain|scheduling|quality|simulation|linear programming|queuing|optimization|inventory
CSL,1,1,Network & Wireless Systems,C++,51.4,Python,46.6,Microcontroller & Embedded Systems,38.9,Operating Systems,34.2,Computer Networks,27.9,phishing|security|cyber|network security|encryption
OR,1,3,Data Science & Analytics,Engineering Mathematics-III,93.67718833727302,Software Engineering,85.6,Cryptography & Network Security,82.0,Computer Networks,80.6,Engineering Mathematics-IV,77.59856629469897,supply chain|simplex|scheduling|simulation|queuing|optimization|inventory|scipy
CSL,1,2,Network & Wireless Systems,Cryptography & Network Security,100.0,Automata Theory,99.4,Digital Logic & Design,98.3,Engineering Mathematics-IV,97.6,Operating Systems,97.2,authentication|linear programming|phishing|security|firewall|network security|forensics|encryption
OR,3,3,Data Science & Analytics|Artificial Intelligence & Machine Learning|Web Development,Engineering Mathematics-IV,95.5,Cryptography & Network Security,92.5,Database Management Systems,91.9,Design & Analysis of Algorithms,90.7,Artificial Intelligence,85.7,simplex|supply chain|scheduling|simulation|linear programming|optimization|inventory|scipy|reliability
RE,1,2,Network & Wireless Systems,Python,50.9,Full Stack Development,43.9,Cryptography & Network Security,43.3,IoT,40.4,Java,35.1,weibull|fault tree|power|statistics|simulation|probability|risk
OR,1,1,Data Science & Analytics,Microcontroller & Embedded Systems,61.0,Data Structures and Algorithms,57.4,Python,49.8,Operating Systems,40.9,Design & Analysis of Algorithms,37.7,supply chain|simplex|queuing|inventory|optimization|scipy
DBM,2,1,Data Science & Analytics|Web Development,Python,58.4,IoT,57.796134560054526,Software Engineering,55.4,Computer Networks,50.8,Java,46.4,seo|agile|react|digital marketing
CSL,3,2,Network & Wireless Systems|Cloud & Distributed Systems|Web Development,Cryptography & Network Security,70.5,IoT,70.5,Operating Systems,66.7,Full Stack Development,66.1,Computer Networks,63.4,vulnerability|authentication|dashboard|security|efficiency|firewall|network security|forensics|encryption
EAM,2,1,Mobile & IoT Development|Network & Wireless Systems,C++,71.7,Design & Analysis of Algorithms,70.3,Full Stack Development,69.4,Digital Logic & Design,61.3,Engineering Mathematics-III,59.1,power|scheduling|iot|sensor|hvac|energy
EAM,1,1,Mobile & IoT Development,Microcontroller & Embedded Systems,75.5,Database Management Systems,72.6,Automata Theory,70.1,Engineering Mathematics-IV,61.9,Computer Networks,55.7,sensor|simplex|power
DBM,1,0,Web Development,Engineering Mathematics-IV,70.7,Automata Theory,64.0,C++,59.0,Computer Networks,58.8,Software Engineering,58.3,
DBM,2,2,Web Development|Cloud & Distributed Systems,Software Engineering,58.1,Data Structures and Algorithms,57.4,Java,49.0,C++,47.9,Cryptography & Network Security,46.5,kpi|ecommerce|digital marketing|sensor|dashboard|agile|crm|seo|web
RE,2,1,Network & Wireless Systems|Cloud & Distributed Systems,Computer Networks,79.68127120079218,Microcontroller & Embedded Systems,63.2,Data Structures and Algorithms,54.4,Digital Logic & Design,50.4,Engineering Mathematics-III,48.6,quality|risk|reliability|dashboard
OR,1,3,Data Science & Analytics,Engineering Mathematics-IV,64.729553225889,Python,61.6,Computer Networks,60.8,Digital Logic & Design,57.8,Full Stack Development,51.3,simplex|supply chain|simulation|queuing|inventory|optimization|scipy
DBM,2,1,Data Science & Analytics|Cloud & Distributed Systems,Microcontroller & Embedded Systems,100.0,Operating Systems,98.2,Software Engineering,95.8,IoT,94.12519369491335,Java,92.7,dashboard|agile|probability
DBM,1,3,Data Science & Analytics,Database Management Systems,100.0,Full Stack Development,100.0,Cryptography & Network Security,96.9,Java,96.5,IoT,93.9,kpi|ecommerce|digital marketing|agile|analytics|seo|web
EAM,1,2,Mobile & IoT Development,Database Management Systems,94.47514485601553,IoT,85.8,Engineering Mathematics-IV,82.4,C++,80.1,Design & Analysis of Algorithms,79.4,audit|supply chain|monitoring|power|sensor|efficiency|hvac
EAM,1,2,Mobile & IoT Development,Digital Logic & Design,67.4,Engineering Mathematics-III,52.6,Python,51.1,IoT,51.1,Software Engineering,48.2,audit|monitoring|power|sensor|efficiency|hvac|energy
OR,1,1,Data Science & Analytics,Engineering Mathematics-III,100.0,Digital Logic & Design,100.0,C++,100.0,Design & Analysis of Algorithms,100.0,Engineering Mathematics-IV,89.4,scheduling|simulation|optimization|scipy|web
OR,2,1,Data Science & Analytics|Artificial Intelligence & Machine Learning,Computer Networks,88.1,Engineering Mathematics-IV,82.4,Microcontroller & Embedded Systems,80.5,Data Structures and Algorithms,78.7,Database Management Systems,78.06935143487462,weibull|scheduling|simulation|linear programming|inventory|optimization|scipy
RE,2,3,Network & Wireless Systems|Data Science & Analytics,Engineering Mathematics-IV,81.5,Software Engineering,81.2,Computer Networks,78.2,Engineering Mathematics-III,78.1,Data Structures and Algorithms,78.0,weibull|fault tree|statistics|quality|simulation|testing|probability|risk|reliability
OR,2,0,Data Science & Analytics|Artificial Intelligence & Machine Learning,Data Structures and Algorithms,77.5,Cryptography & Network Security,72.2,Engineering Mathematics-IV,68.8,Software Engineering,66.8,Design & Analysis of Algorithms,66.0,
DBM,2,2,Web Development|Mobile & IoT Development,Full Stack Development,99.0,Software Engineering,88.5,Artificial Intelligence,83.6,Python,83.0,Database Management Systems,82.6,agile|crm|analytics|react|web
RE,1,3,Network & Wireless Systems,Operating Systems,87.2,Java,85.6,Cryptography & Network Security,83.5,C++,81.5,Engineering Mathematics-IV,80.2,weibull|fault tree|statistics|quality|simulation|cyber|testing|probability|reliability
DBM,3,2,Data Science & Analytics|Web Development|Cloud & Distributed Systems,Full Stack Development,55.3,Software Engineering,55.1,Design & Analysis of Algorithms,50.7,Computer Networks,45.59188601956656,Data Structures and Algorithms,42.2,kpi|digital marketing|authentication|analytics|react|seo|web
CSL,2,1,Network & Wireless Systems|Cloud & Distributed Systems,Software Engineering,97.62842544692397,Automata Theory,90.6,Data Structures and Algorithms,89.2,Computer Networks,81.8,Cryptography & Network Security,79.1,forensics|phishing|security|network security
CSL,1,2,Network & Wireless Systems,Cryptography & Network Security,89.8,Design & Analysis of Algorithms,87.4,C++,83.9,Java,80.9,Operating Systems,80.8,vulnerability|authentication|dashboard|security|cyber|firewall|probability|forensics|encryption
RE,2,2,Network & Wireless Systems|Data Science & Analytics,Engineering Mathematics-IV,97.3,Artificial Intelligence,94.9,Automata Theory,94.5,Software Engineering,92.50877910354444,Microcontroller & Embedded Systems,90.6,weibull|fault tree|statistics|quality|probability|reliability
CSL,2,3,Network & Wireless Systems|Cloud & Distributed Systems,Cryptography & Network Security,79.5,Computer Networks,77.2,Engineering Mathematics-III,75.7,Microcontroller & Embedded Systems,74.9,Digital Logic & Design,69.1,vulnerability|simplex|authentication|phishing|security|cyber|firewall|encryption
OR,1,0,Data Science & Analytics,Engineering Mathematics-IV,71.1,Automata Theory,59.6,Software Engineering,59.3,Python,57.0,Engineering Mathematics-III,54.8,
RE,1,2,Network & Wireless Systems,Microcontroller & Embedded Systems,74.4,Database Management Systems,72.1,IoT,69.1,Cryptography & Network Security,68.0,Engineering Mathematics-III,67.9,weibull|statistics|quality|simulation|fmea|probability|risk|encryption
EAM,1,3,Mobile & IoT Development,IoT,63.9,Design & Analysis of Algorithms,60.9,Python,56.9,C++,54.2,Operating Systems,52.4,audit|solar|monitoring|power|iot|sensor|efficiency|renewable|energy|reliability
OR,1,4,Data Science & Analytics,Operating Systems,100.0,Engineering Mathematics-IV,95.6,Digital Logic & Design,91.1,IoT,90.4,Artificial Intelligence,87.0,supply chain|simulation|linear programming|queuing|inventory|optimization|scipy
RE,1,3,Network & Wireless Systems,Engineering Mathematics-III,72.0,IoT,65.7,Engineering Mathematics-IV,60.2,Computer Networks,56.7,Operating Systems,53.7,weibull|statistics|quality|testing|fmea|probability|risk|energy|reliability
OR,2,2,Data Science & Analytics|Artificial Intelligence & Machine Learning,Engineering Mathematics-III,95.2,Automata Theory,94.2,Digital Logic & Design,88.1,Data Structures and Algorithms,82.6,Engineering Mathematics-IV,82.2,supply chain|linear programming|queuing|optimization|inventory|scipy
EAM,1,2,Mobile & IoT Development,Microcontroller & Embedded Systems,81.6,Computer Networks,76.4,Digital Logic & Design,75.7,Engineering Mathematics-IV,74.4,Artificial Intelligence,73.2,audit|power|iot|quality|sensor|efficiency|energy
DBM,1,3,Data Science & Analytics,Automata Theory,85.7,C++,77.8,Database Management Systems,75.7,Software Engineering,73.4,Engineering Mathematics-IV,73.3,kpi|ecommerce|dashboard|fmea|analytics|react|seo|web
CSL,2,1,Network & Wireless Systems|Cloud & Distributed Systems,Engineering Mathematics-IV,85.9,Cryptography & Network Security,75.9,Python,72.2,IoT,70.4,Software Engineering,66.1,quality|security|cyber|firewall|network security|forensics
CSL,2,0,Network & Wireless Systems|Cloud & Distributed Systems,Operating Systems,52.5,Software Engineering,50.6,Cryptography & Network Security,29.8,IoT,27.8,Engineering Mathematics-III,24.7,
OR,1,1,Data Science & Analytics,Engineering Mathematics-III,81.4,Digital Logic & Design,78.7,Artificial Intelligence,77.5,Data Structures and Algorithms,77.3,Java,75.7,scheduling|simplex|queuing|optimization
CSL,1,2,Network & Wireless Systems,Cryptography & Network Security,77.1,Microcontroller & Embedded Systems,51.8,Digital Logic & Design,37.5,C++,29.7,Automata Theory,25.9,vulnerability|phishing|security|cyber|firewall|network security|seo|encryption
OR,2,1,Data Science & Analytics|Artificial Intelligence & Machine Learning,Engineering Mathematics-IV,83.2,C++,75.2,Python,71.7,Cryptography & Network Security,69.7,Design & Analysis of Algorithms,67.0,supply chain|phishing|optimization
OR,1,4,Data Science & Analytics,Microcontroller & Embedded Systems,63.1,Cryptography & Network Security,55.2,Python,51.5,Operating Systems,42.8,Automata Theory,41.6,simplex|supply chain|scheduling|linear programming|simulation|efficiency|queuing|optimization|inventory|scipy
DBM,3,2,Data Science & Analytics|Web Development|Cloud & Distributed Systems,Engineering Mathematics-III,73.5,C++,61.3,Python,59.0,Operating Systems,52.9,Microcontroller & Embedded Systems,47.7,kpi|ecommerce|digital marketing|dashboard|agile|analytics|web
RE,2,1,Network & Wireless Systems|Cloud & Distributed Systems,Cryptography & Network Security,59.6,IoT,55.9,C++,52.9,Operating Systems,51.2,Data Structures and Algorithms,48.2,fault tree|encryption|quality|fmea|probability|risk|reliability
OR,3,2,Data Science & Analytics|Artificial Intelligence & Machine Learning|Web Development,Engineering Mathematics-IV,83.3,Data Structures and Algorithms,76.1,Operating Systems,76.0,Database Management Systems,73.6,Python,73.5,scheduling|scipy|linear programming|inventory
CSL,2,3,Network & Wireless Systems|Cloud & Distributed Systems,Engineering Mathematics-IV,82.60259451731717,Design & Analysis of Algorithms,74.6,Microcontroller & Embedded Systems,71.1,Database Management Systems,70.0,Java,66.9,vulnerability|authentication|dashboard|phishing|security|cyber|network security|forensics|encryption
OR,1,2,Data Science & Analytics,Design & Analysis of Algorithms,80.8,Java,79.7,Engineering Mathematics-III,74.9,Cryptography & Network Security,73.3,Database Management Systems,71.8,simplex|supply chain|scheduling|dashboard|simulation|optimization|inventory|scipy|encryption
DBM,2,1,Data Science & Analytics|Web Development,IoT,74.1,Full Stack Development,73.2,C++,66.0,Engineering Mathematics-IV,60.1,Microcontroller & Embedded Systems,52.2,kpi|digital marketing|dashboard|agile|crm|react|risk
OR,1,1,Data Science & Analytics,Java,67.6,Design & Analysis of Algorithms,54.8,Engineering Mathematics-IV,52.5,Engineering Mathematics-III,51.3,Software Engineering,48.1,scheduling|linear programming|simulation|queuing|optimization
DBM,3,3,Web Development|Data Science & Analytics|Cloud & Distributed Systems,Computer Networks,66.4,Operating Systems,52.9,Data Structures and Algorithms,47.6,IoT,43.7,C++,38.8,kpi|digital marketing|scheduling|dashboard|linear programming|agile|analytics|react|web
OR,3,0,Data Science & Analytics|Artificial Intelligence & Machine Learning|Web Development,Engineering Mathematics-III,88.0,Computer Networks,87.3,Automata Theory,77.7,Engineering Mathematics-IV,73.9,Microcontroller & Embedded Systems,73.4,
RE,3,4,Network & Wireless Systems|Cloud & Distributed Systems|Data Science & Analytics,Design & Analysis of Algorithms,97.3,Engineering Mathematics-III,78.4,Engineering Mathematics-IV,66.4,Operating Systems,66.1,Microcontroller & Embedded Systems,63.9,weibull|statistics|simulation|fmea|testing|probability|risk|reliability
OR,1,3,Data Science & Analytics,Data Structures and Algorithms,88.5,Cryptography & Network Security,85.1,Java,84.3,Microcontroller & Embedded Systems,80.9,Automata Theory,80.0,supply chain|simplex|simulation|linear programming|queuing|optimization|scipy|reliability
DBM,2,2,Data Science & Analytics|Cloud & Distributed Systems,Computer Networks,89.6,Cryptography & Network Security,82.4,Artificial Intelligence,81.4,Python,80.2,Engineering Mathematics-IV,79.5,ecommerce|digital marketing|quality|dashboard|crm|analytics|react|seo|web
EAM,2,2,Mobile & IoT Development|Network & Wireless Systems,Computer Networks,61.2,Microcontroller & Embedded Systems,61.0,IoT,60.8,Java,59.2,Cryptography & Network Security,56.9,audit|solar|iot|sensor|efficiency|hvac
RE,1,3,Network & Wireless Systems,Data Structures and Algorithms,89.6,Java,88.9,Computer Networks,86.9,Engineering Mathematics-III,86.1,Database Management Systems,80.2,fault tree|statistics|quality|simulation|phishing|hvac|fmea|probability|risk|reliability
DBM,3,4,Web Development|Data Science & Analytics|Mobile & IoT Development,Python,54.9,Data Structures and Algorithms,49.6,Engineering Mathematics-III,44.6,Engineering Mathematics-IV,43.5,Artificial Intelligence,38.1,kpi|ecommerce|digital marketing|authentication|dashboard|agile|crm|analytics|react|seo
EAM,1,2,Mobile & IoT Development,Engineering Mathematics-III,28.6,IoT,27.5,Python,26.8,Design & Analysis of Algorithms,26.4,Software Engineering,26.2,solar|iot|sensor|efficiency|renewable|firewall
RE,2,2,Network & Wireless Systems|Cloud & Distributed Systems,Database Management Systems,51.6,Software Engineering,44.6,Engineering Mathematics-III,43.8,Artificial Intelligence,33.9,Microcontroller & Embedded Systems,32.9,supply chain|statistics|quality|scheduling|simulation|probability|risk
EAM,1,3,Mobile & IoT Development,Software Engineering,100.0,IoT,100.0,Microcontroller & Embedded Systems,95.3,Artificial Intelligence,89.8,Python,89.7,audit|solar|monitoring|iot|sensor|hvac|renewable
OR,1,3,Data Science & Analytics,Engineering Mathematics-IV,41.1,Computer Networks,38.6,Data Structures and Algorithms,28.0,Java,27.4,Operating Systems,27.2,supply chain|scheduling|simulation|linear programming|efficiency|optimization
OR,2,2,Data Science & Analytics|Web Development,Cryptography & Network Security,56.9,Engineering Mathematics-III,53.1,Database Management Systems,51.9,C++,49.0,Engineering Mathematics-IV,43.0,supply chain|simplex|scheduling|simulation|inventory
OR,1,3,Data Science & Analytics,Data Structures and Algorithms,80.3,Database Management Systems,74.8,Engineering Mathematics-IV,73.3,Python,73.0,Automata Theory,71.2,supply chain|simplex|ecommerce|scheduling|linear programming|hvac|queuing|optimization|inventory|scipy
DBM,2,2,Web Development|Data Science & Analytics,Data Structures and Algorithms,50.2,Software Engineering,49.9,Automata Theory,49.3,Python,47.7,Artificial Intelligence,46.8,monitoring|digital marketing|agile|cyber|analytics|react
EAM,2,3,Mobile & IoT Development|Network & Wireless Systems,Microcontroller & Embedded Systems,95.7,Design & Analysis of Algorithms,95.1,Database Management Systems,93.0,C++,86.5,IoT,82.8,audit|solar|monitoring|power|linear programming|efficiency|renewable|firewall|energy
DBM,1,2,Data Science & Analytics,Digital Logic & Design,91.1,Full Stack Development,87.6,Design & Analysis of Algorithms,86.4,Data Structures and Algorithms,84.9,Cryptography & Network Security,84.6,kpi|crm|analytics|react|web
EAM,2,1,Mobile & IoT Development|Network & Wireless Systems,IoT,48.9,Engineering Mathematics-III,46.9,Artificial Intelligence,39.0,Database Management Systems,38.5,Full Stack Development,32.1,sensor|queuing|hvac
OR,2,3,Data Science & Analytics|Artificial Intelligence & Machine Learning,Data Structures and Algorithms,64.3,Cryptography & Network Security,53.1,C++,52.9,Design & Analysis of Algorithms,48.0,Full Stack Development,47.0,supply chain|simplex|audit|scheduling|linear programming|inventory|optimization
CSL,2,2,Network & Wireless Systems|Cloud & Distributed Systems,Data Structures and Algorithms,76.5,Cryptography & Network Security,73.9,Microcontroller & Embedded Systems,73.2,Full Stack Development,70.0,Computer Networks,67.3,vulnerability|authentication|security|cyber|firewall|network security|forensics
OR,2,1,Data Science & Analytics|Artificial Intelligence & Machine Learning,Cryptography & Network Security,100.0,Engineering Mathematics-III,99.2,Computer Networks,90.7791615484694,Automata Theory,89.3,Design & Analysis of Algorithms,87.9,vulnerability|supply chain|scheduling|simulation|queuing|inventory|optimization
RE,1,1,Network & Wireless Systems,Software Engineering,92.1,Automata Theory,90.0,Microcontroller & Embedded Systems,89.9,Data Structures and Algorithms,87.4,Computer Networks,83.0,weibull|fault tree|statistics|quality|simulation|risk
EAM,1,4,Mobile & IoT Development,Computer Networks,70.9,Data Structures and Algorithms,59.4,Automata Theory,58.4,Engineering Mathematics-III,57.9,Cryptography & Network Security,54.6,vulnerability|audit|solar|monitoring|power|iot|sensor|simulation|efficiency|hvac
EAM,1,0,Mobile & IoT Development,Data Structures and Algorithms,42.1,IoT,40.0,Software Engineering,39.3,Database Management Systems,34.4,Java,32.5,
CSL,2,3,Network & Wireless Systems|Web Development,Microcontroller & Embedded Systems,66.2,Artificial Intelligence,61.7,Design & Analysis of Algorithms,60.5,Cryptography & Network Security,59.7,Data Structures and Algorithms,58.7,vulnerability|fault tree|authentication|simulation|phishing|firewall|network security|forensics|energy|encryption
OR,2,1,Data Science & Analytics|Web Development,Engineering Mathematics-IV,83.8,Operating Systems,75.9,Database Management Systems,75.3,Design & Analysis of Algorithms,74.6,Engineering Mathematics-III,74.5,scheduling|simulation|inventory|optimization|scipy
EAM,2,4,Mobile & IoT Development|Network & Wireless Systems,C++,76.7,Engineering Mathematics-III,69.7,Microcontroller & Embedded Systems,69.5,Computer Networks,69.1,Software Engineering,67.65633202665045,audit|solar|monitoring|power|sensor|iot|efficiency|hvac|renewable
RE,2,1,Network & Wireless Systems|Cloud & Distributed Systems,Digital Logic & Design,51.6,Data Structures and Algorithms,45.5,Software Engineering,43.7,Java,39.9,Design & Analysis of Algorithms,37.3,statistics|quality|simulation|testing|risk|reliability
RE,1,2,Network & Wireless Systems,Engineering Mathematics-IV,88.6,C++,87.0,Engineering Mathematics-III,81.6,Database Management Systems,81.5,Software Engineering,74.1,weibull|fault tree|statistics|quality|testing|fmea|optimization|probability|risk|reliability
CSL,2,3,Network & Wireless Systems|Web Development,Python,73.3,Operating Systems,59.1,Java,56.6,Computer Networks,54.8,Data Structures and Algorithms,54.1,authentication|phishing|security|firewall|network security|forensics|encryption
DBM,2,1,Data Science & Analytics|Web Development,Python,86.8,Database Management Systems,82.4,Software Engineering,74.9,Computer Networks,74.0,Cryptography & Network Security,72.6,vulnerability|kpi|digital marketing|agile|react|web
CSL,2,1,Network & Wireless Systems|Cloud & Distributed Systems,Artificial Intelligence,50.1,Python,49.9,Computer Networks,49.8,Engineering Mathematics-IV,43.3544607451896,Cryptography & Network Security,40.3,power|authentication|security|cyber|forensics
DBM,2,0,Web Development|Data Science & Analytics,Software Engineering,95.8,Full Stack Development,70.1,Design & Analysis of Algorithms,65.3,Artificial Intelligence,63.1,C++,62.5,
CSL,2,2,Network & Wireless Systems|Cloud & Distributed Systems,Full Stack Development,80.8,Operating Systems,77.0,Engineering Mathematics-III,73.6,Engineering Mathematics-IV,72.9,Cryptography & Network Security,72.8,authentication|phishing|security|cyber|firewall|forensics
CSL,1,2,Network & Wireless Systems,Full Stack Development,69.1,Python,68.6,Cryptography & Network Security,65.5,Operating Systems,63.1,Data Structures and Algorithms,62.0,vulnerability|phishing|security|firewall|network security|forensics|encryption
DBM,3,1,Data Science & Analytics|Web Development|Cloud & Distributed Systems,Engineering Mathematics-III,94.21621249418634,Python,89.3,Database Management Systems,87.3,Software Engineering,83.3,Automata Theory,78.7,ecommerce|dashboard|agile|analytics|react|seo
CSL,2,3,Network & Wireless Systems|Cloud & Distributed Systems,Python,49.7,Engineering Mathematics-IV,47.0,Engineering Mathematics-III,45.4,Automata Theory,39.6,Data Structures and Algorithms,36.7,vulnerability|simplex|authentication|phishing|firewall|network security|forensics|encryption
RE,2,2,Network & Wireless Systems|Cloud & Distributed Systems,Automata Theory,44.2,Microcontroller & Embedded Systems,41.8,Data Structures and Algorithms,41.5,Software Engineering,40.0,Engineering Mathematics-IV,36.4,fault tree|statistics|fmea|testing|queuing|probability|risk
OR,3,1,Data Science & Analytics|Artificial Intelligence & Machine Learning|Web Development,Java,60.3,Engineering Mathematics-IV,53.3,Software Engineering,50.0,Digital Logic & Design,48.6,Database Management Systems,47.6,scheduling|scipy|linear programming
DBM,2,2,Web Development|Data Science & Analytics,Engineering Mathematics-III,88.49653476346751,Database Management Systems,67.3,Automata Theory,67.3,Java,63.7,IoT,59.7,vulnerability|ecommerce|digital marketing|energy|dashboard|agile|crm|analytics|seo|web
DBM,2,3,Data Science & Analytics|Web Development,Design & Analysis of Algorithms,56.7,Cryptography & Network Security,49.6,Operating Systems,45.7,Computer Networks,45.2,IoT,44.9,kpi|ecommerce|digital marketing|dashboard|agile|react|seo|web
DBM,3,3,Data Science & Analytics|Web Development|Cloud & Distributed Systems,Database Management Systems,81.4,Java,74.7,Python,73.8,Design & Analysis of Algorithms,72.9,IoT,69.31536466170039,kpi|digital marketing|dashboard|agile|crm|analytics|seo|web
RE,1,1,Network & Wireless Systems,Engineering Mathematics-IV,53.9,Automata Theory,52.5,Full Stack Development,44.4,Engineering Mathematics-III,43.9,Java,38.3,weibull|testing
EAM,1,0,Mobile & IoT Development,Engineering Mathematics-III,81.78714681209,Operating Systems,81.2,IoT,74.3,Microcontroller & Embedded Systems,71.4,Software Engineering,68.7,
CSL,1,3,Network & Wireless Systems,Computer Networks,76.9,Design & Analysis of Algorithms,74.5,Cryptography & Network Security,73.7,Java,69.8,Operating Systems,67.0,vulnerability|statistics|authentication|phishing|security|firewall|network security|forensics|encryption
OR,1,1,Data Science & Analytics,Database Management Systems,74.1,Operating Systems,73.7,Computer Networks,67.2,Automata Theory,65.9,Data Structures and Algorithms,62.1,simulation|queuing|optimization|inventory
OR,1,0,Data Science & Analytics,Python,73.5,Software Engineering,69.3,Microcontroller & Embedded Systems,67.3,Operating Systems,66.8,Artificial Intelligence,65.9,
OR,1,0,Data Science & Analytics,Microcontroller & Embedded Systems,93.5,Python,89.7,Design & Analysis of Algorithms,86.9,Cryptography & Network Security,86.3,C++,86.1,
EAM,1,2,Mobile & IoT Development,Data Structures and Algorithms,90.0,Engineering Mathematics-IV,89.5,Python,86.8,Software Engineering,76.0,Engineering Mathematics-III,73.7,solar|monitoring|power|sensor|efficiency|hvac|forensics
CSL,1,3,Network & Wireless Systems,Python,72.7,Engineering Mathematics-III,57.5,Database Management Systems,57.5,Microcontroller & Embedded Systems,55.5,Operating Systems,52.4,vulnerability|power|authentication|cyber|firewall|network security|forensics|encryption
RE,1,4,Network & Wireless Systems,Engineering Mathematics-III,91.50994378219434,Design & Analysis of Algorithms,88.1,Database Management Systems,85.7,Operating Systems,81.4,C++,81.2,weibull|fault tree|statistics|quality|simulation|testing|fmea|probability|risk|reliability
OR,3,3,Data Science & Analytics|Artificial Intelligence & Machine Learning|Web Development,C++,92.0,Python,89.4,Engineering Mathematics-III,86.4,Artificial Intelligence,78.4,Engineering Mathematics-IV,77.7,supply chain|simplex|scheduling|simulation|agile|linear programming|queuing|inventory
DBM,2,0,Web Development|Mobile & IoT Development,Cryptography & Network Security,77.4,Computer Networks,76.1,Java,73.7,Database Management Systems,73.2,Data Structures and Algorithms,72.1,
DBM,2,3,Data Science & Analytics|Cloud & Distributed Systems,Software Engineering,81.3,Full Stack Development,79.1,Data Structures and Algorithms,74.7,Engineering Mathematics-III,72.3,Design & Analysis of Algorithms,70.5,kpi|ecommerce|digital marketing|agile|analytics|react|seo|web
OR,1,3,Data Science & Analytics,Data Structures and Algorithms,68.7,Engineering Mathematics-IV,67.3,Artificial Intelligence,64.9,Design & Analysis of Algorithms,62.1,Computer Networks,60.0,supply chain|simplex|power|linear programming|queuing|scipy
CSL,1,2,Network & Wireless Systems,IoT,71.36026021424631,Cryptography & Network Security,63.6,Software Engineering,63.0,Microcontroller & Embedded Systems,61.330671713755635,Digital Logic & Design,48.6,vulnerability|authentication|phishing|security|firewall|encryption
EAM,2,2,Mobile & IoT Development|Network & Wireless Systems,Database Management Systems,80.7,Artificial Intelligence,73.8,Python,71.8,C++,67.7,Software Engineering,67.5,audit|ecommerce|monitoring|power|sensor|iot|efficiency|hvac|energy
CSL,2,4,Network & Wireless Systems|Cloud & Distributed Systems,Computer Networks,94.3,Automata Theory,80.8,Cryptography & Network Security,80.5,Data Structures and Algorithms,77.3,Engineering Mathematics-III,77.2,vulnerability|fault tree|authentication|phishing|security|cyber|crm|firewall|network security|forensics
DBM,3,1,Web Development|Data Science & Analytics|Mobile & IoT Development,Database Management Systems,96.8,Digital Logic & Design,67.1,Full Stack Development,66.3,Python,60.6,Operating Systems,54.8,ecommerce|crm|digital marketing
CSL,1,1,Network & Wireless Systems,Artificial Intelligence,81.1,Cryptography & Network Security,74.5,Software Engineering,71.9,IoT,71.7,Computer Networks,67.3,vulnerability|iot|cyber|firewall|forensics|encryption
CSL,1,1,Network & Wireless Systems,Java,81.3,Engineering Mathematics-III,77.0,Data Structures and Algorithms,74.6,Engineering Mathematics-IV,73.4,Automata Theory,73.1,forensics|phishing|encryption|firewall
CSL,2,1,Network & Wireless Systems|Cloud & Distributed Systems,Computer Networks,83.2,Full Stack Development,77.1,Engineering Mathematics-IV,70.18063134772909,Operating Systems,67.5,Data Structures and Algorithms,66.6,firewall|network security
OR,1,0,Data Science & Analytics,Engineering Mathematics-III,82.6,Automata Theory,74.2,Data Structures and Algorithms,64.8,Artificial Intelligence,60.7,Microcontroller & Embedded Systems,60.4,
OR,2,3,Data Science & Analytics|Artificial Intelligence & Machine Learning,Java,85.1,Engineering Mathematics-IV,79.4,Cryptography & Network Security,78.3,C++,77.3,Operating Systems,77.2,supply chain|simplex|scheduling|authentication|linear programming|simulation|queuing|inventory|optimization|scipy
DBM,3,2,Web Development|Data Science & Analytics|Cloud & Distributed Systems,Java,56.5,IoT,55.5,Digital Logic & Design,53.2,Data Structures and Algorithms,50.9,Microcontroller & Embedded Systems,43.6,ecommerce|digital marketing|dashboard|agile|seo|web
OR,3,2,Data Science & Analytics|Artificial Intelligence & Machine Learning|Web Development,Engineering Mathematics-III,82.26215315680564,Data Structures and Algorithms,81.9,Software Engineering,80.9,C++,76.8,Design & Analysis of Algorithms,75.8,simplex|scheduling|linear programming|queuing|optimization|inventory|scipy
CSL,2,1,Network & Wireless Systems|Cloud & Distributed Systems,Artificial Intelligence,74.3,Cryptography & Network Security,72.6,Software Engineering,72.0,IoT,71.3,Engineering Mathematics-III,71.1,cyber|authentication|inventory|firewall
DBM,4,0,Data Science & Analytics|Web Development|Cloud & Distributed Systems|Mobile & IoT Development,Full Stack Development,67.6,Software Engineering,65.4,Java,63.1,Database Management Systems,61.2,Engineering Mathematics-IV,59.6,
CSL,2,0,Network & Wireless Systems|Cloud & Distributed Systems,Automata Theory,75.5,C++,73.9,Operating Systems,69.6,Microcontroller & Embedded Systems,67.5,Cryptography & Network Security,62.8,
DBM,2,3,Data Science & Analytics|Web Development,Cryptography & Network Security,93.9,Full Stack Development,91.2,IoT,86.5,Automata Theory,86.1,Python,85.4,kpi|ecommerce|digital marketing|dashboard|agile|analytics|react|seo|forensics|web
EAM,2,2,Mobile & IoT Development|Network & Wireless Systems,Computer Networks,84.2,Data Structures and Algorithms,79.0,Python,74.3,IoT,72.9,Microcontroller & Embedded Systems,71.9,audit|monitoring|power|sensor|iot|energy
RE,2,2,Network & Wireless Systems|Cloud & Distributed Systems,C++,85.7,Microcontroller & Embedded Systems,84.6,Data Structures and Algorithms,82.0,Computer Networks,81.8,Digital Logic & Design,79.5,statistics|simulation|testing|probability|risk|reliability
EAM,1,1,Mobile & IoT Development,Design & Analysis of Algorithms,60.3,Full Stack Development,56.8,Artificial Intelligence,53.2,Digital Logic & Design,49.3,Operating Systems,43.9,audit|solar|power|sensor|hvac|energy
DBM,2,4,Web Development|Data Science & Analytics,IoT,71.1,Software Engineering,68.7,Engineering Mathematics-IV,65.5,Design & Analysis of Algorithms,61.2,Full Stack Development,59.8,kpi|ecommerce|digital marketing|power|statistics|dashboard|agile|crm|analytics|react
EAM,2,2,Mobile & IoT Development|Network & Wireless Systems,Python,100.0,Design & Analysis of Algorithms,99.4,IoT,96.3,Digital Logic & Design,93.5,Artificial Intelligence,89.4,audit|monitoring|power|iot|sensor|efficiency|hvac|renewable|energy
OR,1,2,Data Science & Analytics,Engineering Mathematics-IV,59.3,Operating Systems,57.1,Python,56.9,Automata Theory,51.7,Engineering Mathematics-III,46.3,supply chain|simulation|linear programming|queuing|scipy
RE,1,3,Network & Wireless Systems,Computer Networks,70.3,Software Engineering,57.0,Engineering Mathematics-IV,53.0,Artificial Intelligence,49.1,C++,48.8,weibull|fault tree|statistics|quality|simulation|fmea|testing|probability|risk|reliability
EAM,1,0,Mobile & IoT Development,Software Engineering,72.3,Automata Theory,72.2,Microcontroller & Embedded Systems,53.5,Data Structures and Algorithms,51.5,Java,46.2,
EAM,1,4,Mobile & IoT Development,Database Management Systems,81.2,IoT,80.8,Automata Theory,79.4,C++,75.5,Software Engineering,71.1,audit|solar|power|sensor|iot|efficiency|hvac|renewable|firewall|energy
EAM,1,2,Mobile & IoT Development,Digital Logic & Design,42.6,Software Engineering,41.4,Design & Analysis of Algorithms,41.3,Microcontroller & Embedded Systems,40.9,Data Structures and Algorithms,37.4,audit|solar|sensor|agile|efficiency|energy
CSL,1,1,Network & Wireless Systems,C++,64.9,Design & Analysis of Algorithms,63.9,Computer Networks,62.8,Engineering Mathematics-III,60.4,Digital Logic & Design,59.7,vulnerability|authentication|security|cyber|firewall|encryption
CSL,1,1,Network & Wireless Systems,Engineering Mathematics-III,47.7,C++,42.3,IoT,40.7,Java,36.1,Python,32.8,authentication|forensics|cyber
DBM,2,3,Data Science & Analytics|Web Development,Cryptography & Network Security,85.11262797531671,Microcontroller & Embedded Systems,79.4,C++,73.3,Engineering Mathematics-III,71.4,Java,69.4,ecommerce|digital marketing|agile|crm|analytics|react|seo|web
CSL,2,1,Network & Wireless Systems|Cloud & Distributed Systems,Artificial Intelligence,87.8,Microcontroller & Embedded Systems,77.9,Design & Analysis of Algorithms,77.5,Java,76.3,Operating Systems,69.3,vulnerability|phishing|cyber|firewall|network security
OR,1,1,Data Science & Analytics,Engineering Mathematics-IV,84.8,Engineering Mathematics-III,79.8,Artificial Intelligence,76.8,Digital Logic & Design,73.1,Computer Networks,73.1,scipy|simplex
DBM,1,3,Web Development,Database Management Systems,68.4,Data Structures and Algorithms,68.1,C++,61.6,IoT,61.0,Digital Logic & Design,59.3,kpi|ecommerce|digital marketing|dashboard|agile|queuing|crm|analytics|seo
OR,1,3,Data Science & Analytics,Data Structures and Algorithms,77.5,Cryptography & Network Security,71.7,Computer Networks,67.7,Database Management Systems,65.3,C++,64.9,supply chain|simplex|simulation|linear programming|inventory|optimization
DBM,2,2,Web Development|Data Science & Analytics,Cryptography & Network Security,72.33920728951084,Python,71.7,Database Management Systems,71.3,Full Stack Development,59.4,Microcontroller & Embedded Systems,57.9,dashboard|digital marketing|analytics|react
DBM,3,4,Web Development|Data Science & Analytics|Cloud & Distributed Systems,Database Management Systems,96.9,Cryptography & Network Security,90.8,Python,86.5,IoT,85.8,Java,82.7,kpi|ecommerce|digital marketing|scheduling|dashboard|agile|crm|analytics|react|seo
CSL,2,2,Network & Wireless Systems|Cloud & Distributed Systems,Engineering Mathematics-IV,70.8,Computer Networks,66.3,Full Stack Development,65.9,Cryptography & Network Security,65.2,Artificial Intelligence,64.9,vulnerability|authentication|cyber|firewall|network security|encryption
EAM,2,4,Mobile & IoT Development|Network & Wireless Systems,C++,69.3,Data Structures and Algorithms,61.2,Engineering Mathematics-IV,60.24501833663411,Engineering Mathematics-III,59.472166519666686,Digital Logic & Design,58.9,simplex|solar|monitoring|power|sensor|efficiency|hvac|renewable|energy
DBM,1,2,Web Development,Design & Analysis of Algorithms,75.0,Engineering Mathematics-III,73.8,Microcontroller & Embedded Systems,73.3,Operating Systems,71.9,Database Management Systems,71.1,ecommerce|dashboard|agile|crm|analytics|react|seo
EAM,2,1,Mobile & IoT Development|Network & Wireless Systems,Computer Networks,82.5,IoT,81.9,Data Structures and Algorithms,81.0,Engineering Mathematics-III,70.5,Design & Analysis of Algorithms,68.4,solar|monitoring|linear programming|efficiency|renewable
DBM,3,0,Data Science & Analytics|Web Development|Cloud & Distributed Systems,Software Engineering,88.6,Database Management Systems,76.4,Digital Logic & Design,68.6,Java,68.6,Full Stack Development,67.0,
EAM,1,3,Mobile & IoT Development,Full Stack Development,96.1,Digital Logic & Design,93.0,Cryptography & Network Security,88.4,Operating Systems,87.2,Microcontroller & Embedded Systems,83.5,audit|solar|monitoring|power|iot|linear programming|efficiency|hvac|energy
DBM,3,1,Web Development|Data Science & Analytics|Cloud & Distributed Systems,Software Engineering,42.0,Computer Networks,41.3,Engineering Mathematics-IV,40.8,IoT,36.4,Python,35.0,kpi|ecommerce|crm|analytics|seo|web
EAM,2,2,Mobile & IoT Development|Network & Wireless Systems,Digital Logic & Design,95.2,Database Management Systems,92.7,Java,85.3,Cryptography & Network Security,83.9,IoT,83.4,solar|monitoring|sensor|iot|efficiency|hvac|renewable|risk
OR,1,3,Data Science & Analytics,Engineering Mathematics-III,72.1,Design & Analysis of Algorithms,65.1,Engineering Mathematics-IV,61.6,Artificial Intelligence,61.4,Software Engineering,57.7,scheduling|simulation|linear programming|queuing|optimization
CSL,2,4,Network & Wireless Systems|Cloud & Distributed Systems,Computer Networks,73.0,Full Stack Development,54.1,Automata Theory,46.9,Design & Analysis of Algorithms,46.1,Microcontroller & Embedded Systems,36.7,ecommerce|authentication|phishing|security|cyber|firewall|network security|forensics|encryption
EAM,1,1,Mobile & IoT Development,Engineering Mathematics-IV,73.4,Engineering Mathematics-III,72.9,IoT,66.8,C++,62.1,Cryptography & Network Security,60.6,audit|sensor|iot|efficiency|hvac|crm
RE,2,1,Network & Wireless Systems|Cloud & Distributed Systems,Microcontroller & Embedded Systems,82.8,Engineering Mathematics-IV,73.3,Automata Theory,71.8,Artificial Intelligence,64.4,Java,56.8,weibull|fault tree|simulation|testing|risk
DBM,1,3,Data Science & Analytics,Operating Systems,40.6,C++,33.4,Java,32.7,Artificial Intelligence,30.0,Digital Logic & Design,25.9,kpi|digital marketing|energy|agile|crm|analytics|react|web
OR,2,2,Data Science & Analytics|Artificial Intelligence & Machine Learning,Software Engineering,88.552743183563,Digital Logic & Design,80.0,Java,69.1,Design & Analysis of Algorithms,66.6,Full Stack Development,65.0,supply chain|simplex|statistics|authentication|queuing|inventory
OR,2,2,Data Science & Analytics|Artificial Intelligence & Machine Learning,Engineering Mathematics-III,81.2,IoT,79.8,Cryptography & Network Security,76.5,Full Stack Development,75.1,Database Management Systems,69.3,weibull|simplex|linear programming|simulation|queuing|optimization|inventory|scipy
DBM,2,3,Web Development|Data Science & Analytics,Java,83.0,Software Engineering,79.5,Engineering Mathematics-III,70.8,Python,68.9,Engineering Mathematics-IV,67.3,ecommerce|digital marketing|iot|dashboard|agile|crm|analytics|react|web
CSL,2,1,Network & Wireless Systems|Web Development,Cryptography & Network Security,63.4,Digital Logic & Design,61.8,Python,61.1,Software Engineering,51.1,Engineering Mathematics-IV,50.7,authentication|queuing|network security
OR,2,1,Data Science & Analytics|Artificial Intelligence & Machine Learning,Engineering Mathematics-IV,63.26560719032911,Java,63.0,Computer Networks,62.1,Software Engineering,61.6,Engineering Mathematics-III,61.14612070281225,simplex|scheduling|simulation|linear programming|optimization|scipy
CSL,1,2,Network & Wireless Systems,Cryptography & Network Security,95.9,Computer Networks,95.4,Operating Systems,93.2,Database Management Systems,87.0,Automata Theory,85.9,vulnerability|authentication|quality|security|network security|forensics|encryption
CSL,2,2,Network & Wireless Systems|Web Development,Cryptography & Network Security,57.8,Computer Networks,53.5,Full Stack Development,53.5,Engineering Mathematics-III,48.7,Software Engineering,45.7,vulnerability|authentication|firewall|network security|encryption
RE,2,1,Network & Wireless Systems|Cloud & Distributed Systems,Engineering Mathematics-IV,100.0,Database Management Systems,89.8,Python,82.3,Software Engineering,81.0,Data Structures and Algorithms,78.9,statistics|testing|fault tree|probability
DBM,2,1,Web Development|Cloud & Distributed Systems,Artificial Intelligence,80.1,Database Management Systems,77.9,C++,76.6,Full Stack Development,72.3,Engineering Mathematics-IV,67.5,kpi|ecommerce|dashboard|crm|react|web
RE,2,1,Network & Wireless Systems|Cloud & Distributed Systems,Python,51.3,C++,46.1,Database Management Systems,46.0,Digital Logic & Design,45.9,Engineering Mathematics-IV,44.7,statistics|simulation
OR,1,1,Data Science & Analytics,Engineering Mathematics-IV,63.8,Design & Analysis of Algorithms,61.1,Microcontroller & Embedded Systems,55.5,Engineering Mathematics-III,54.9,Operating Systems,53.9,scheduling|scipy|linear programming|simplex
EAM,1,0,Mobile & IoT Development,Computer Networks,75.62053535851436,Digital Logic & Design,74.3,Operating Systems,71.6,Cryptography & Network Security,69.6,Automata Theory,66.6,
OR,2,1,Data Science & Analytics|Artificial Intelligence & Machine Learning,Automata Theory,71.2,Python,68.4,Design & Analysis of Algorithms,67.8,Microcontroller & Embedded Systems,66.62387950153177,Database Management Systems,65.6,simplex|power|scheduling|simulation|optimization|scipy
DBM,3,2,Web Development|Data Science & Analytics|Cloud & Distributed Systems,Engineering Mathematics-IV,100.0,Database Management Systems,100.0,Python,100.0,Design & Analysis of Algorithms,100.0,Full Stack Development,100.0,ecommerce|digital marketing|dashboard|phishing|crm|analytics|react|seo|web
CSL,3,1,Network & Wireless Systems|Cloud & Distributed Systems|Web Development,Software Engineering,86.4,Operating Systems,83.3,Digital Logic & Design,77.7,Java,76.8,Automata Theory,76.7,security|encryption
RE,2,0,Network & Wireless Systems|Data Science & Analytics,Microcontroller & Embedded Systems,84.00894789187545,Artificial Intelligence,58.6,Java,55.2,Automata Theory,51.0,Engineering Mathematics-IV,50.4,
DBM,1,4,Web Development,Java,81.0,Database Management Systems,76.9,Engineering Mathematics-III,75.53673314431278,C++,65.1,Microcontroller & Embedded Systems,60.5,kpi|ecommerce|digital marketing|dashboard|linear programming|agile|crm|analytics|react|seo
RE,2,2,Network & Wireless Systems|Data Science & Analytics,Design & Analysis of Algorithms,90.8,Cryptography & Network Security,87.6,Engineering Mathematics-IV,83.0,Operating Systems,80.3,Software Engineering,80.1,statistics|quality|simulation|testing|fmea|probability|risk|reliability
OR,1,1,Data Science & Analytics,Python,74.5,Data Structures and Algorithms,71.5,Engineering Mathematics-III,70.0,Design & Analysis of Algorithms,68.4,Operating Systems,68.1,simplex|inventory|optimization
CSL,1,3,Network & Wireless Systems,Java,39.2,Operating Systems,31.7,Python,26.3,C++,25.9,Design & Analysis of Algorithms,23.7,authentication|probability|phishing|security|firewall|network security|forensics|encryption|reliability
CSL,3,1,Network & Wireless Systems|Cloud & Distributed Systems|Web Development,Full Stack Development,69.0,Software Engineering,66.6,Computer Networks,61.7,Operating Systems,60.3,Automata Theory,58.6,weibull|authentication|phishing|security|cyber|network security|encryption
EAM,1,1,Mobile & IoT Development,Microcontroller & Embedded Systems,59.7,Engineering Mathematics-III,57.3,Operating Systems,53.5,IoT,51.3,Software Engineering,50.5,iot|sensor
RE,1,2,Network & Wireless Systems,Engineering Mathematics-IV,74.25407257335617,Engineering Mathematics-III,66.89205943856288,Full Stack Development,64.5,Design & Analysis of Algorithms,61.8,Microcontroller & Embedded Systems,61.3,weibull|ecommerce|quality|simulation|testing|probability|risk
CSL,1,1,Network & Wireless Systems,Java,83.5,Database Management Systems,79.7,Operating Systems,76.3,Design & Analysis of Algorithms,70.6,Computer Networks,70.5,vulnerability|authentication|forensics|encryption
OR,1,1,Data Science & Analytics,Software Engineering,79.3,Digital Logic & Design,69.7,Design & Analysis of Algorithms,67.1,Engineering Mathematics-IV,65.7,Computer Networks,56.8,linear programming|queuing
EAM,2,1,Mobile & IoT Development|Network & Wireless Systems,Data Structures and Algorithms,71.2,Java,63.3,Engineering Mathematics-III,61.992943155752315,Cryptography & Network Security,61.0,Python,60.9,iot|efficiency
CSL,2,1,Network & Wireless Systems|Cloud & Distributed Systems,Computer Networks,62.0,Python,55.1,C++,55.1,Cryptography & Network Security,53.5,Engineering Mathematics-IV,51.7,vulnerability|phishing|security|reliability
RE,3,2,Network & Wireless Systems|Cloud & Distributed Systems|Data Science & Analytics,Microcontroller & Embedded Systems,94.2,Engineering Mathematics-IV,91.6,Automata Theory,86.3,Full Stack Development,84.8,Software Engineering,83.1,weibull|fault tree|statistics|simulation|fmea|probability
RE,1,2,Network & Wireless Systems,Engineering Mathematics-III,84.7,Database Management Systems,84.36852847316733,Software Engineering,83.20941725000827,Automata Theory,82.2,Computer Networks,80.6,risk|quality|fmea|scipy|reliability
RE,1,3,Network & Wireless Systems,Engineering Mathematics-III,96.3,Python,90.4,Artificial Intelligence,89.0,Design & Analysis of Algorithms,88.0,Automata Theory,87.1,fault tree|statistics|quality|simulation|testing|fmea|risk|reliability
RE,3,2,Network & Wireless Systems|Cloud & Distributed Systems|Data Science & Analytics,Digital Logic & Design,67.5,Operating Systems,59.5,Data Structures and Algorithms,58.1,Database Management Systems,57.9,Computer Networks,55.8,weibull|fault tree|quality|testing|fmea|risk|reliability
DBM,1,2,Data Science & Analytics,Full Stack Development,85.9,Digital Logic & Design,80.1,Python,77.7,C++,77.7,Design & Analysis of Algorithms,75.1,ecommerce|digital marketing|iot|agile|crm|analytics|seo|web
CSL,1,0,Network & Wireless Systems,Cryptography & Network Security,78.7,Operating Systems,65.0,C++,61.9,Microcontroller & Embedded Systems,58.9,Computer Networks,54.6,
OR,1,2,Data Science & Analytics,IoT,76.1,Software Engineering,68.38510042711555,Design & Analysis of Algorithms,57.5,Full Stack Development,54.8,Database Management Systems,54.40560233791333,simplex|supply chain|scheduling|simulation|linear programming|fmea|optimization|inventory|scipy
CSL,2,2,Network & Wireless Systems|Cloud & Distributed Systems,Computer Networks,92.4,Cryptography & Network Security,87.0,Operating Systems,84.3,Software Engineering,82.1,Design & Analysis of Algorithms,77.8,supply chain|ecommerce|authentication|phishing|security|cyber|network security|forensics|encryption
DBM,2,2,Data Science & Analytics|Web Development,Artificial Intelligence,82.5,Microcontroller & Embedded Systems,78.3,Engineering Mathematics-IV,72.7,Operating Systems,72.0,IoT,67.0,ecommerce|dashboard|agile|crm|analytics|react|seo|web
CSL,3,0,Network & Wireless Systems|Cloud & Distributed Systems|Web Development,Python,77.2,C++,73.6,Engineering Mathematics-IV,64.9,Java,52.8,Software Engineering,50.8,
OR,1,2,Data Science & Analytics,Digital Logic & Design,100.0,Software Engineering,100.0,Cryptography & Network Security,100.0,Data Structures and Algorithms,95.7,Engineering Mathematics-IV,94.8,simplex|supply chain|scheduling|simulation|linear programming|optimization|inventory|scipy|reliability
DBM,2,2,Web Development|Data Science & Analytics,Database Management Systems,86.7,Design & Analysis of Algorithms,83.3,Cryptography & Network Security,82.69874058200138,Automata Theory,81.1,Full Stack Development,80.1,ecommerce|digital marketing|dashboard|agile|crm|react|web
DBM,3,1,Data Science & Analytics|Web Development|Cloud & Distributed Systems,C++,97.2,Software Engineering,66.4,Operating Systems,64.0,Artificial Intelligence,63.4,Java,62.8,seo|dashboard|quality|digital marketing
OR,1,2,Data Science & Analytics,Engineering Mathematics-IV,85.8,Digital Logic & Design,65.5,Data Structures and Algorithms,63.5,Engineering Mathematics-III,62.7,Microcontroller & Embedded Systems,59.1,supply chain|simplex|scheduling|linear programming|simulation|queuing|inventory|scipy
RE,3,3,Network & Wireless Systems|Cloud & Distributed Systems|Data Science & Analytics,Data Structures and Algorithms,75.3,Engineering Mathematics-IV,69.7,Cryptography & Network Security,62.0,Computer Networks,59.9,Operating Systems,53.4,weibull|fault tree|statistics|authentication|simulation|testing|probability|risk|reliability
CSL,1,4,Network & Wireless Systems,Microcontroller & Embedded Systems,86.7,Engineering Mathematics-IV,83.6,Artificial Intelligence,82.9,Data Structures and Algorithms,82.8,Computer Networks,82.7,vulnerability|weibull|authentication|phishing|security|cyber|optimization|network security|firewall|seo
RE,3,3,Network & Wireless Systems|Cloud & Distributed Systems|Data Science & Analytics,Cryptography & Network Security,99.2,Software Engineering,96.8,Artificial Intelligence,93.4,Java,92.0,Microcontroller & Embedded Systems,91.31427464952448,weibull|fault tree|statistics|quality|simulation|fmea|probability|risk
CSL,1,2,Network & Wireless Systems,Python,64.7,Automata Theory,60.8,Data Structures and Algorithms,60.5,Engineering Mathematics-IV,59.8,Full Stack Development,55.3,authentication|cyber|testing|network security|forensics
CSL,2,2,Network & Wireless Systems|Cloud & Distributed Systems,Operating Systems,95.4,Engineering Mathematics-IV,93.0,Cryptography & Network Security,90.6,IoT,89.8,Full Stack Development,85.7,vulnerability|authentication|security|network security|encryption|reliability
CSL,2,2,Network & Wireless Systems|Web Development,C++,93.2,Data Structures and Algorithms,78.4,Design & Analysis of Algorithms,75.9,Artificial Intelligence,71.9,Automata Theory,69.4,authentication|phishing|security|cyber|firewall|network security
EAM,2,3,Mobile & IoT Development|Cloud & Distributed Systems,Design & Analysis of Algorithms,66.0,Data Structures and Algorithms,62.6,Automata Theory,53.1,Computer Networks,48.2,IoT,48.2,audit|power|sensor|efficiency|hvac|renewable|energy
RE,2,3,Network & Wireless Systems|Cloud & Distributed Systems,Design & Analysis of Algorithms,44.6,Java,39.4,Engineering Mathematics-III,30.8,C++,30.3,Microcontroller & Embedded Systems,26.8,statistics|fmea|renewable|probability|reliability
OR,2,4,Data Science & Analytics|Web Development,Software Engineering,70.0,Engineering Mathematics-III,67.2,Digital Logic & Design,63.0,C++,62.3,Engineering Mathematics-IV,62.0,supply chain|simplex|scheduling|simulation|linear programming|queuing|optimization|inventory|scipy
DBM,2,2,Data Science & Analytics|Web Development,Full Stack Development,74.6,Engineering Mathematics-III,71.41209975049189,Software Engineering,68.1,Data Structures and Algorithms,62.6,Python,62.6,kpi|ecommerce|digital marketing|crm|react|seo
EAM,1,2,Mobile & IoT Development,Operating Systems,69.7,Microcontroller & Embedded Systems,62.9,IoT,49.8,Database Management Systems,48.8,Data Structures and Algorithms,48.0,supply chain|solar|monitoring|power|efficiency|hvac|energy
DBM,3,2,Web Development|Data Science & Analytics|Cloud & Distributed Systems,Operating Systems,85.7,Cryptography & Network Security,84.6,Python,83.7,IoT,83.0,Engineering Mathematics-IV,82.5,kpi|scheduling|dashboard|agile|crm|analytics|react|seo|web
RE,2,1,Network & Wireless Systems|Data Science & Analytics,Design & Analysis of Algorithms,79.7,Engineering Mathematics-III,68.7,Database Management Systems,66.6,Data Structures and Algorithms,66.2,Automata Theory,64.5,weibull|testing|reliability|probability
CSL,1,1,Network & Wireless Systems,Database Management Systems,72.2,Python,70.8,Software Engineering,66.8,Automata Theory,60.7,Microcontroller & Embedded Systems,57.9,authentication|phishing|cyber|network security|forensics
RE,1,2,Network & Wireless Systems,IoT,82.2,Java,72.9,Engineering Mathematics-IV,71.1,Cryptography & Network Security,67.0,Artificial Intelligence,66.2,weibull|quality|simulation|testing|fmea|risk
EAM,2,2,Mobile & IoT Development|Network & Wireless Systems,C++,89.3,IoT,84.8,Microcontroller & Embedded Systems,82.8,Python,78.0,Engineering Mathematics-III,77.9,audit|monitoring|power|iot|sensor|efficiency|optimization|energy
OR,3,2,Data Science & Analytics|Artificial Intelligence & Machine Learning|Web Development,Engineering Mathematics-IV,66.4,Engineering Mathematics-III,62.2,Computer Networks,54.0,Operating Systems,53.3,C++,52.5,simplex|supply chain|linear programming|queuing|inventory|optimization
DBM,2,1,Data Science & Analytics|Web Development,Software Engineering,81.8,Full Stack Development,70.2,Computer Networks,68.0,IoT,61.7,Cryptography & Network Security,57.5,agile|crm|analytics|react|seo|web
RE,3,1,Network & Wireless Systems|Cloud & Distributed Systems|Data Science & Analytics,Database Management Systems,100.0,Engineering Mathematics-III,96.7,Microcontroller & Embedded Systems,96.0,IoT,93.9,Engineering Mathematics-IV,90.9,fault tree|react|simulation|testing|probability|reliability
RE,1,3,Network & Wireless Systems,Java,83.9,Full Stack Development,76.5,Operating Systems,74.3,Python,68.3,Automata Theory,67.5,weibull|fault tree|quality|simulation|fmea|testing|probability|risk|reliability
DBM,3,2,Data Science & Analytics|Web Development|Mobile & IoT Development,Database Management Systems,94.5,Software Engineering,92.9,Automata Theory,90.6,Computer Networks,87.8,Operating Systems,87.3,kpi|ecommerce|agile|crm|seo|web
EAM,2,0,Mobile & IoT Development|Cloud & Distributed Systems,Engineering Mathematics-III,96.7,IoT,96.7,Engineering Mathematics-IV,94.3,Cryptography & Network Security,92.6,Software Engineering,92.1,
RE,1,3,Network & Wireless Systems,Database Management Systems,73.1,Microcontroller & Embedded Systems,72.7,Data Structures and Algorithms,69.6,Digital Logic & Design,69.0,Software Engineering,68.8,weibull|fault tree|quality|simulation|phishing|fmea|testing|probability|risk
EAM,2,1,Mobile & IoT Development|Network & Wireless Systems,Computer Networks,46.8,Digital Logic & Design,42.4,Artificial Intelligence,42.1,Engineering Mathematics-III,41.6,C++,40.6,audit|power|simulation|hvac|renewable
OR,1,0,Data Science & Analytics,Engineering Mathematics-III,100.0,Software Engineering,92.0,Engineering Mathematics-IV,75.6,Operating Systems,72.3,Design & Analysis of Algorithms,70.6,
DBM,3,1,Web Development|Data Science & Analytics|Cloud & Distributed Systems,Data Structures and Algorithms,100.0,Computer Networks,100.0,Microcontroller & Embedded Systems,100.0,Software Engineering,100.0,C++,100.0,seo|analytics
DBM,2,3,Web Development|Cloud & Distributed Systems,Design & Analysis of Algorithms,98.6,Software Engineering,97.9,Database Management Systems,97.0,Full Stack Development,95.4,Java,91.6,ecommerce|digital marketing|dashboard|crm|analytics|react|web
DBM,1,2,Web Development,Design & Analysis of Algorithms,62.9,Engineering Mathematics-III,60.31222227467001,Microcontroller & Embedded Systems,56.2,Artificial Intelligence,55.1,Engineering Mathematics-IV,54.932199133761785,kpi|ecommerce|digital marketing|dashboard|agile|analytics|seo|web
EAM,1,2,Mobile & IoT Development,Design & Analysis of Algorithms,80.3,IoT,79.7,Digital Logic & Design,76.9,Database Management Systems,76.6,Engineering Mathematics-III,74.6,audit|solar|monitoring|sensor|dashboard|hvac|renewable|energy
EAM,1,2,Mobile & IoT Development,Java,91.1,Automata Theory,88.6,Digital Logic & Design,86.9,IoT,86.9,Microcontroller & Embedded Systems,86.4,audit|power|sensor|hvac|renewable|energy
EAM,1,4,Mobile & IoT Development,Software Engineering,100.0,Engineering Mathematics-III,97.2,IoT,95.3,Design & Analysis of Algorithms,93.3,Operating Systems,92.2,audit|solar|monitoring|power|iot|simulation|hvac|renewable|analytics|energy
EAM,2,1,Mobile & IoT Development|Network & Wireless Systems,Microcontroller & Embedded Systems,100.0,C++,100.0,Design & Analysis of Algorithms,100.0,Engineering Mathematics-III,98.5,Automata Theory,96.4,phishing|sensor|solar|monitoring
OR,1,3,Data Science & Analytics,Microcontroller & Embedded Systems,68.2,Engineering Mathematics-IV,64.3,Software Engineering,64.3,Operating Systems,57.4,Design & Analysis of Algorithms,54.1,simplex|supply chain|scheduling|linear programming|simulation|agile|queuing|optimization|scipy
EAM,2,3,Mobile & IoT Development|Network & Wireless Systems,Java,86.1,Automata Theory,74.2,Engineering Mathematics-III,73.6,Design & Analysis of Algorithms,66.6,Operating Systems,65.9,monitoring|power|iot|sensor|efficiency|energy
EAM,2,4,Mobile & IoT Development|Cloud & Distributed Systems,Engineering Mathematics-III,56.0,Cryptography & Network Security,42.26944431840573,C++,41.6,Software Engineering,40.5,Design & Analysis of Algorithms,35.2,audit|monitoring|power|sensor|iot|efficiency|renewable|energy
OR,2,1,Data Science & Analytics|Artificial Intelligence & Machine Learning,Engineering Mathematics-III,100.0,Java,100.0,Automata Theory,95.2,Microcontroller & Embedded Systems,91.6,Design & Analysis of Algorithms,90.8,simplex|supply chain|scheduling|linear programming|simulation|scipy
OR,1,1,Data Science & Analytics,IoT,95.71116901554643,Cryptography & Network Security,81.3,Engineering Mathematics-IV,77.8,Engineering Mathematics-III,76.1,Automata Theory,71.6,simplex|supply chain|simulation|inventory|scipy
CSL,2,3,Network & Wireless Systems|Cloud & Distributed Systems,Operating Systems,42.0,Engineering Mathematics-III,38.5,Microcontroller & Embedded Systems,33.7,Cryptography & Network Security,32.4,Python,30.6,ecommerce|authentication|phishing|security|cyber|firewall|probability|forensics|encryption
RE,1,3,Network & Wireless Systems,Cryptography & Network Security,43.8,Microcontroller & Embedded Systems,39.6,Design & Analysis of Algorithms,33.8,Database Management Systems,28.7,Artificial Intelligence,28.2,weibull|power|statistics|quality|simulation|testing|fmea|risk|reliability
EAM,1,0,Mobile & IoT Development,Cryptography & Network Security,81.8,IoT,77.9,Automata Theory,75.7,Software Engineering,70.4,Engineering Mathematics-III,70.3,
DBM,2,1,Data Science & Analytics|Cloud & Distributed Systems,Python,73.2,Engineering Mathematics-IV,63.8,Engineering Mathematics-III,61.7,Microcontroller & Embedded Systems,57.8,Cryptography & Network Security,57.0,crm|web|ecommerce
CSL,1,2,Network & Wireless Systems,Database Management Systems,96.2,Computer Networks,92.9,Java,91.5,Operating Systems,89.5,Microcontroller & Embedded Systems,88.4,vulnerability|quality|phishing|cyber|firewall|network security|forensics|encryption
EAM,1,1,Mobile & IoT Development,C++,63.7,Software Engineering,63.1,IoT,62.5,Data Structures and Algorithms,55.7,Engineering Mathematics-III,54.2,analytics|efficiency|power
CSL,1,2,Network & Wireless Systems,Engineering Mathematics-III,76.74412553306014,Operating Systems,68.2,Computer Networks,64.7,Full Stack Development,55.9,Cryptography & Network Security,52.6,vulnerability|phishing|security|cyber|crm|firewall|forensics|encryption
DBM,2,2,Data Science & Analytics|Web Development,Database Management Systems,89.4,Design & Analysis of Algorithms,79.5,Cryptography & Network Security,75.9,IoT,74.3,Python,73.2,kpi|dashboard|agile|crm|react|seo|web
RE,2,0,Network & Wireless Systems|Cloud & Distributed Systems,Engineering Mathematics-III,98.2,Design & Analysis of Algorithms,95.6,Engineering Mathematics-IV,95.5,Artificial Intelligence,95.1,Computer Networks,94.3,
CSL,2,1,Network & Wireless Systems|Cloud & Distributed Systems,Cryptography & Network Security,68.4,Computer Networks,63.6,Java,50.8,Operating Systems,50.7,Automata Theory,49.3,vulnerability|forensics|firewall
CSL,1,1,Network & Wireless Systems,Database Management Systems,86.56608856054599,C++,76.1,Cryptography & Network Security,72.4,Full Stack Development,70.3,Engineering Mathematics-IV,69.7,authentication|phishing|security|cyber|forensics|encryption
CSL,2,1,Network & Wireless Systems|Cloud & Distributed Systems,Automata Theory,79.4,Digital Logic & Design,72.0,Java,71.3,Computer Networks,70.7,Design & Analysis of Algorithms,69.6,vulnerability|authentication|security|reliability
RE,1,2,Network & Wireless Systems,Engineering Mathematics-IV,86.3,Microcontroller & Embedded Systems,83.0,Python,77.8,Software Engineering,74.7,Design & Analysis of Algorithms,69.4,fault tree|statistics|quality|fmea|web
CSL,1,3,Network & Wireless Systems,Operating Systems,91.5,Database Management Systems,78.4,Software Engineering,76.1,Computer Networks,74.5,Cryptography & Network Security,74.5,vulnerability|authentication|phishing|security|cyber|optimization|network security|firewall|forensics|encryption
DBM,2,3,Data Science & Analytics|Web Development,Full Stack Development,74.4,Software Engineering,66.6,Microcontroller & Embedded Systems,63.6,Digital Logic & Design,63.3,Operating Systems,61.2,digital marketing|agile|crm|analytics|react|seo|web
OR,3,2,Data Science & Analytics|Artificial Intelligence & Machine Learning|Web Development,Engineering Mathematics-III,72.9,Computer Networks,64.8,Full Stack Development,62.7,Engineering Mathematics-IV,60.4,Data Structures and Algorithms,57.8,scheduling|renewable|simulation|linear programming
OR,2,2,Data Science & Analytics|Artificial Intelligence & Machine Learning,Engineering Mathematics-IV,86.5,C++,80.5,Data Structures and Algorithms,78.4,Design & Analysis of Algorithms,76.8,Full Stack Development,72.0,vulnerability|linear programming|queuing|inventory|optimization|scipy
CSL,2,3,Network & Wireless Systems|Cloud & Distributed Systems,Computer Networks,73.5,Full Stack Development,73.5,Software Engineering,73.3,Cryptography & Network Security,64.5,Automata Theory,54.7,vulnerability|authentication|phishing|security|cyber|firewall|network security|analytics|forensics
OR,1,2,Data Science & Analytics,Full Stack Development,53.3,Cryptography & Network Security,51.8,Engineering Mathematics-III,50.5,Data Structures and Algorithms,48.9,Artificial Intelligence,48.4,simplex|scheduling|linear programming|simulation|cyber|inventory|optimization|scipy
DBM,2,1,Web Development|Data Science & Analytics,Java,69.0,Full Stack Development,67.6,Artificial Intelligence,65.5,Digital Logic & Design,65.2,Design & Analysis of Algorithms,62.9,kpi|ecommerce|digital marketing|dashboard|crm|analytics|energy
RE,2,1,Network & Wireless Systems|Cloud & Distributed Systems,Database Management Systems,100.0,Cryptography & Network Security,96.6,C++,95.7,Automata Theory,91.9,Artificial Intelligence,91.3,fmea|simulation|fault tree|probability
EAM,1,2,Mobile & IoT Development,IoT,70.6,Artificial Intelligence,64.6,Database Management Systems,56.1,Computer Networks,50.3,Software Engineering,49.5,audit|solar|monitoring|sensor|iot|efficiency|hvac|renewable|energy|encryption
CSL,1,2,Network & Wireless Systems,Cryptography & Network Security,55.3,Computer Networks,52.4,C++,51.8,Python,49.1,Artificial Intelligence,46.3,vulnerability|authentication|phishing|security|cyber|testing|firewall|network security|encryption
DBM,2,3,Data Science & Analytics|Cloud & Distributed Systems,Full Stack Development,100.0,Data Structures and Algorithms,98.3,Python,97.6,Database Management Systems,97.4,IoT,95.6,ecommerce|digital marketing|dashboard|agile|efficiency|crm|analytics|seo|web|encryption
OR,2,3,Data Science & Analytics|Artificial Intelligence & Machine Learning,Artificial Intelligence,85.2,Engineering Mathematics-III,79.4,Cryptography & Network Security,75.9,Computer Networks,75.3,Engineering Mathematics-IV,72.4,simplex|supply chain|linear programming|queuing|inventory|optimization|scipy
DBM,3,2,Data Science & Analytics|Web Development|Cloud & Distributed Systems,Artificial Intelligence,63.4,Database Management Systems,63.3,Python,57.8,Operating Systems,56.7,Design & Analysis of Algorithms,56.0,kpi|digital marketing|dashboard|agile|crm|analytics|react|seo|web
DBM,1,3,Web Development,Full Stack Development,86.4,Engineering Mathematics-IV,84.73446580057518,Digital Logic & Design,84.3,Java,82.3,Engineering Mathematics-III,81.52620617329075,kpi|ecommerce|digital marketing|dashboard|agile|crm|analytics|react|seo|web
RE,1,3,Network & Wireless Systems,Operating Systems,72.6,Data Structures and Algorithms,67.3,Java,65.2,Database Management Systems,57.1,Software Engineering,51.9,fault tree|ecommerce|statistics|simulation|testing|fmea|risk|reliability
CSL,2,1,Network & Wireless Systems|Cloud & Distributed Systems,Cryptography & Network Security,35.9,Python,30.6,C++,29.9,Software Engineering,28.9,Artificial Intelligence,27.8,seo|forensics|encryption|firewall
EAM,1,2,Mobile & IoT Development,Database Management Systems,58.52096562941719,IoT,54.3,Engineering Mathematics-IV,49.5,Python,48.4,Java,48.3,audit|solar|power|sensor|iot|efficiency|renewable|probability|energy
OR,2,2,Data Science & Analytics|Artificial Intelligence & Machine Learning,Database Management Systems,80.1,Cryptography & Network Security,68.8,Artificial Intelligence,63.0,Computer Networks,59.4,Design & Analysis of Algorithms,58.6,supply chain|scheduling|phishing|fmea|queuing|optimization|scipy
CSL,2,1,Network & Wireless Systems|Web Development,Engineering Mathematics-IV,50.4,Digital Logic & Design,45.9,Computer Networks,39.2,Design & Analysis of Algorithms,33.6,Artificial Intelligence,30.1,vulnerability|authentication|quality|cyber
RE,1,3,Network & Wireless Systems,Database Management Systems,75.6,Data Structures and Algorithms,69.6,Cryptography & Network Security,69.1,Digital Logic & Design,64.2,Artificial Intelligence,64.1,weibull|fault tree|statistics|authentication|testing|fmea|inventory|risk|reliability
OR,1,4,Data Science & Analytics,C++,75.7,Automata Theory,75.1,Java,73.5,Engineering Mathematics-III,71.7,Software Engineering,67.2,supply chain|simplex|scheduling|linear programming|simulation|queuing|optimization|inventory|scipy
CSL,2,3,Network & Wireless Systems|Cloud & Distributed Systems,Computer Networks,100.0,Microcontroller & Embedded Systems,100.0,Artificial Intelligence,100.0,Cryptography & Network Security,100.0,Engineering Mathematics-IV,97.2,vulnerability|ecommerce|authentication|phishing|firewall|network security|forensics|encryption
OR,1,3,Data Science & Analytics,Design & Analysis of Algorithms,98.8,C++,91.8,Data Structures and Algorithms,90.3,Computer Networks,86.7,Cryptography & Network Security,84.4,supply chain|simulation|linear programming|queuing|inventory|scipy
RE,2,4,Network & Wireless Systems|Data Science & Analytics,Database Management Systems,32.5,Automata Theory,26.1,Artificial Intelligence,23.4,Cryptography & Network Security,16.9,Full Stack Development,16.6,weibull|kpi|fault tree|statistics|quality|simulation|testing|fmea|probability|risk
EAM,1,1,Mobile & IoT Development,Engineering Mathematics-IV,100.0,Microcontroller & Embedded Systems,100.0,Data Structures and Algorithms,99.9,IoT,99.8,Cryptography & Network Security,97.9,audit|iot|quality|sensor|energy
DBM,2,3,Web Development|Data Science & Analytics,Design & Analysis of Algorithms,89.8,Software Engineering,89.2,Data Structures and Algorithms,85.8,Database Management Systems,85.0,Computer Networks,83.8,kpi|ecommerce|agile|crm|analytics|react|seo|web
RE,1,0,Network & Wireless Systems,Microcontroller & Embedded Systems,100.0,Engineering Mathematics-III,99.1,Operating Systems,97.1,Python,95.9,Java,95.1,
DBM,2,3,Data Science & Analytics|Mobile & IoT Development,Software Engineering,69.7,Operating Systems,59.0,Digital Logic & Design,40.7,IoT,39.7,Computer Networks,36.4,vulnerability|kpi|ecommerce|digital marketing|agile|crm|analytics|react|optimization|seo
EAM,2,1,Mobile & IoT Development|Network & Wireless Systems,IoT,81.3,Microcontroller & Embedded Systems,80.5,C++,76.3,Engineering Mathematics-IV,74.72177673903596,Data Structures and Algorithms,72.5,monitoring|power|efficiency|hvac|renewable|energy
DBM,1,1,Data Science & Analytics,Engineering Mathematics-III,77.9,Automata Theory,71.3,Engineering Mathematics-IV,69.0,Design & Analysis of Algorithms,69.0,C++,65.4,ecommerce|agile|crm|react|seo
CSL,1,2,Network & Wireless Systems,Computer Networks,91.5,Engineering Mathematics-IV,80.6,Operating Systems,77.8,Full Stack Development,77.6,Cryptography & Network Security,76.5,vulnerability|phishing|security|firewall|network security|forensics|encryption
EAM,2,2,Mobile & IoT Development|Cloud & Distributed Systems,Software Engineering,43.2,C++,35.1,Design & Analysis of Algorithms,35.0,Microcontroller & Embedded Systems,32.8,IoT,25.4,audit|monitoring|scheduling|iot|sensor|hvac|renewable|testing
DBM,1,2,Web Development,Full Stack Development,60.5,Database Management Systems,51.2,C++,48.8,Java,47.8,Microcontroller & Embedded Systems,38.9,ecommerce|digital marketing|dashboard|agile|crm|analytics|react|seo|web
DBM,2,3,Web Development|Data Science & Analytics,Full Stack Development,85.5,Microcontroller & Embedded Systems,71.9,C++,71.4,Software Engineering,71.3,Engineering Mathematics-III,68.2,ecommerce|agile|efficiency|crm|analytics|react|encryption
DBM,2,1,Web Development|Data Science & Analytics,IoT,68.6,Data Structures and Algorithms,55.0,Software Engineering,54.6,Microcontroller & Embedded Systems,52.3,Python,51.0,dashboard|ecommerce
CSL,1,4,Network & Wireless Systems,Cryptography & Network Security,92.9,IoT,83.9,Python,83.6,Design & Analysis of Algorithms,81.3,Computer Networks,80.8,vulnerability|authentication|phishing|security|cyber|firewall|forensics|web
OR,2,4,Data Science & Analytics|Artificial Intelligence & Machine Learning,Engineering Mathematics-IV,76.2,Microcontroller & Embedded Systems,73.6,Artificial Intelligence,66.5,Cryptography & Network Security,66.0,Operating Systems,60.2,supply chain|simplex|linear programming|simulation|queuing|optimization|inventory|scipy|forensics
RE,2,4,Network & Wireless Systems|Cloud & Distributed Systems,Software Engineering,89.2,Microcontroller & Embedded Systems,80.0,Computer Networks,73.7,Engineering Mathematics-IV,72.5,Operating Systems,72.5,fault tree|statistics|quality|iot|simulation|agile|testing|probability|reliability
OR,1,1,Data Science & Analytics,Database Management Systems,61.4,Digital Logic & Design,59.9,Cryptography & Network Security,59.5,Engineering Mathematics-IV,59.4,Artificial Intelligence,59.2,scipy|inventory
CSL,2,2,Network & Wireless Systems|Cloud & Distributed Systems,Operating Systems,100.0,Computer Networks,100.0,C++,100.0,Java,100.0,Cryptography & Network Security,100.0,vulnerability|authentication|phishing|security|cyber|firewall|optimization|forensics
CSL,2,2,Network & Wireless Systems|Cloud & Distributed Systems,Computer Networks,85.8,Design & Analysis of Algorithms,80.7,C++,78.7,Cryptography & Network Security,76.7,Engineering Mathematics-IV,73.21842166162953,supply chain|authentication|phishing|security|cyber|firewall|network security|forensics|encryption
CSL,3,4,Network & Wireless Systems|Cloud & Distributed Systems|Web Development,Software Engineering,93.5,Cryptography & Network Security,86.9,C++,86.7,Data Structures and Algorithms,85.8,Microcontroller & Embedded Systems,83.5,vulnerability|digital marketing|authentication|phishing|security|cyber|firewall|network security|encryption
EAM,1,1,Mobile & IoT Development,IoT,93.2,Computer Networks,87.6,Database Management Systems,86.3,Java,83.9,Software Engineering,81.8,iot|renewable|hvac|power
DBM,2,4,Web Development|Cloud & Distributed Systems,Engineering Mathematics-IV,81.01717827317589,Full Stack Development,72.6,Python,67.5,Database Management Systems,64.3,Artificial Intelligence,61.8,kpi|digital marketing|dashboard|agile|crm|react|seo|web
DBM,1,2,Web Development,Data Structures and Algorithms,94.6,Operating Systems,86.9,Database Management Systems,86.1,C++,86.0,Python,84.6,kpi|solar|dashboard|agile|crm|analytics|react|seo|reliability
DBM,4,3,Web Development|Data Science & Analytics|Cloud & Distributed Systems|Mobile & IoT Development,Engineering Mathematics-IV,68.3,C++,63.0,Cryptography & Network Security,60.1,Engineering Mathematics-III,59.0,Java,57.5,kpi|ecommerce|dashboard|crm|analytics|react|seo|web
RE,1,1,Network & Wireless Systems,Database Management Systems,53.3,Engineering Mathematics-IV,46.6,Design & Analysis of Algorithms,43.2,Python,40.2,C++,32.2,risk|reliability|digital marketing
OR,2,0,Data Science & Analytics|Artificial Intelligence & Machine Learning,Python,95.4,Engineering Mathematics-IV,79.7,Artificial Intelligence,78.8,Java,72.4,Cryptography & Network Security,62.9,
EAM,2,2,Mobile & IoT Development|Network & Wireless Systems,Java,70.7,Data Structures and Algorithms,68.3,Engineering Mathematics-III,50.2,Digital Logic & Design,50.1,Database Management Systems,49.2,audit|monitoring|iot|sensor|efficiency|hvac|renewable|crm
EAM,1,2,Mobile & IoT Development,IoT,83.2,Microcontroller & Embedded Systems,77.1,Engineering Mathematics-III,77.07902174479402,Python,76.2,Engineering Mathematics-IV,72.5796132364744,audit|solar|monitoring|power|iot|sensor|security|efficiency|hvac|renewable
CSL,2,3,Network & Wireless Systems|Cloud & Distributed Systems,Cryptography & Network Security,61.4,Operating Systems,60.9,IoT,59.6,Python,58.7,Engineering Mathematics-IV,57.3,vulnerability|kpi|phishing|security|cyber|renewable|inventory|network security|forensics
EAM,3,1,Mobile & IoT Development|Network & Wireless Systems|Cloud & Distributed Systems,Microcontroller & Embedded Systems,89.8,Full Stack Development,88.7,Automata Theory,88.3,Engineering Mathematics-IV,87.10363262434757,Digital Logic & Design,86.9,vulnerability|efficiency|hvac
DBM,1,3,Web Development,Engineering Mathematics-III,80.94647748173034,Software Engineering,71.9,Data Structures and Algorithms,64.8,Operating Systems,62.0,Automata Theory,60.8,kpi|ecommerce|digital marketing|dashboard|agile|renewable|crm|analytics|react|web
OR,1,1,Data Science & Analytics,Digital Logic & Design,72.3,Operating Systems,68.3,Java,67.9,Data Structures and Algorithms,67.7,Engineering Mathematics-III,66.3,supply chain|simulation|linear programming|queuing|optimization
DBM,2,2,Data Science & Analytics|Cloud & Distributed Systems,Operating Systems,51.2,IoT,40.63623162258048,C++,39.9,Full Stack Development,37.4,Database Management Systems,35.3,kpi|ecommerce|digital marketing|dashboard|agile|react|seo
RE,1,3,Network & Wireless Systems,Software Engineering,82.38178818802348,Java,66.8,Design & Analysis of Algorithms,64.6,Artificial Intelligence,61.2,Data Structures and Algorithms,60.9,fault tree|monitoring|digital marketing|statistics|quality|simulation|fmea|testing|probability|risk
EAM,2,2,Mobile & IoT Development|Network & Wireless Systems,Python,77.9,C++,69.4,Operating Systems,68.6,Java,67.4,Software Engineering,64.7,audit|solar|monitoring|efficiency|renewable|energy
EAM,1,2,Mobile & IoT Development,Design & Analysis of Algorithms,77.3,Microcontroller & Embedded Systems,65.1,Operating Systems,64.9,Engineering Mathematics-III,64.5,Java,64.2,monitoring|power|sensor|hvac|renewable|energy
DBM,2,3,Web Development|Data Science & Analytics,Design & Analysis of Algorithms,40.3,Engineering Mathematics-III,32.125561966064836,Software Engineering,23.5,Engineering Mathematics-IV,22.81335122967376,IoT,21.3,kpi|digital marketing|dashboard|agile|queuing|crm|react|seo
DBM,3,4,Data Science & Analytics|Web Development|Cloud & Distributed Systems,Database Management Systems,99.2,Design & Analysis of Algorithms,88.9,Engineering Mathematics-III,87.2,Software Engineering,85.7,Python,84.7,dashboard|agile|crm|react|seo|web
EAM,3,1,Mobile & IoT Development|Network & Wireless Systems|Cloud & Distributed Systems,Design & Analysis of Algorithms,64.7,Java,62.7,Cryptography & Network Security,61.3,Full Stack Development,58.6,Data Structures and Algorithms,57.1,audit|solar|monitoring|iot|renewable
CSL,1,3,Network & Wireless Systems,Operating Systems,76.7,Data Structures and Algorithms,72.1,Cryptography & Network Security,72.1,Automata Theory,61.7,Full Stack Development,58.4,vulnerability|power|phishing|security|cyber|firewall|network security|forensics|encryption
RE,1,1,Network & Wireless Systems,Full Stack Development,82.1,C++,74.8,Artificial Intelligence,73.2,Automata Theory,70.8,Data Structures and Algorithms,68.9,weibull|simulation
RE,2,0,Network & Wireless Systems|Cloud & Distributed Systems,Software Engineering,94.3,Digital Logic & Design,81.3,Cryptography & Network Security,74.9,Automata Theory,73.8,Python,71.7,
DBM,2,3,Data Science & Analytics|Cloud & Distributed Systems,Design & Analysis of Algorithms,69.2,Database Management Systems,53.5,Engineering Mathematics-IV,38.5,Software Engineering,33.8,Microcontroller & Embedded Systems,28.6,kpi|digital marketing|dashboard|agile|crm|analytics|seo|web
CSL,1,3,Network & Wireless Systems,Engineering Mathematics-IV,75.4396469018097,Full Stack Development,65.1,Computer Networks,64.4,Cryptography & Network Security,62.2,Software Engineering,60.4,vulnerability|solar|authentication|quality|phishing|security|firewall|network security|encryption
RE,3,1,Network & Wireless Systems|Cloud & Distributed Systems|Data Science & Analytics,C++,66.1,Cryptography & Network Security,63.5,Microcontroller & Embedded Systems,61.4,Automata Theory,58.4,Engineering Mathematics-III,56.4,weibull|fault tree|statistics|quality|fmea|probability
RE,1,2,Network & Wireless Systems,Engineering Mathematics-III,84.7,Data Structures and Algorithms,83.1,Automata Theory,82.9,C++,82.1,IoT,81.4,weibull|statistics|quality|dashboard|probability|risk|reliability
CSL,1,1,Network & Wireless Systems,IoT,81.0,Data Structures and Algorithms,80.5,Python,80.3,Database Management Systems,69.6,Software Engineering,67.7,authentication|phishing|security|forensics|encryption
CSL,1,2,Network & Wireless Systems,Cryptography & Network Security,60.2,Design & Analysis of Algorithms,58.8,Java,51.2,Python,51.0,C++,50.3,vulnerability|react|authentication|security|cyber|network security|forensics|encryption
CSL,1,2,Network & Wireless Systems,Cryptography & Network Security,86.3,Computer Networks,83.1,Design & Analysis of Algorithms,82.7,Operating Systems,81.7,Engineering Mathematics-III,72.2,vulnerability|authentication|phishing|cyber|firewall|network security|forensics|encryption
CSL,1,2,Network & Wireless Systems,Digital Logic & Design,73.5,Microcontroller & Embedded Systems,66.5,Computer Networks,66.2,Full Stack Development,63.8,Java,62.9,vulnerability|dashboard|security|cyber|firewall|network security|forensics|encryption
DBM,1,2,Data Science & Analytics,Software Engineering,34.9,Computer Networks,31.8,Microcontroller & Embedded Systems,31.6,Artificial Intelligence,28.7,Automata Theory,25.8,ecommerce|dashboard|agile|analytics|react|seo|web|reliability
DBM,2,1,Web Development|Data Science & Analytics,Digital Logic & Design,46.7,Design & Analysis of Algorithms,44.9,Full Stack Development,40.7,Data Structures and Algorithms,40.2,Computer Networks,36.9,dashboard|web|analytics|digital marketing
CSL,1,2,Network & Wireless Systems,Database Management Systems,84.3,Artificial Intelligence,72.4,C++,67.7,Design & Analysis of Algorithms,66.4,Automata Theory,66.3,authentication|sensor|phishing|security|cyber|network security|forensics|encryption
OR,2,1,Data Science & Analytics|Artificial Intelligence & Machine Learning,Software Engineering,87.08179982077968,Artificial Intelligence,82.0,Design & Analysis of Algorithms,80.8,Operating Systems,70.6,Engineering Mathematics-III,69.1,supply chain|simulation
DBM,2,1,Web Development|Data Science & Analytics,Engineering Mathematics-IV,57.5,Computer Networks,50.8,Automata Theory,44.3,Python,43.3,Full Stack Development,42.7,kpi|agile|crm|analytics|react|seo
OR,1,1,Data Science & Analytics,Cryptography & Network Security,58.9,Operating Systems,54.6,Python,54.3,Engineering Mathematics-III,47.7,Software Engineering,42.25025657706374,scipy|inventory
DBM,3,3,Data Science & Analytics|Cloud & Distributed Systems|Mobile & IoT Development,Database Management Systems,98.6,Engineering Mathematics-IV,88.3,Computer Networks,86.3,Data Structures and Algorithms,85.9,IoT,85.8,kpi|ecommerce|digital marketing|dashboard|analytics|seo|web
RE,2,4,Network & Wireless Systems|Cloud & Distributed Systems,Cryptography & Network Security,51.2,Microcontroller & Embedded Systems,45.0,Engineering Mathematics-III,39.7,Engineering Mathematics-IV,36.9,Data Structures and Algorithms,33.5,weibull|fault tree|statistics|quality|simulation|fmea|testing|probability|risk|reliability
DBM,2,2,Data Science & Analytics|Web Development,Full Stack Development,77.5,IoT,75.3,C++,74.5,Operating Systems,73.0,Database Management Systems,71.3,kpi|ecommerce|dashboard|agile|fmea|crm|analytics|web
RE,1,2,Network & Wireless Systems,Digital Logic & Design,67.2,IoT,63.7,Java,55.2,Microcontroller & Embedded Systems,54.2,Cryptography & Network Security,54.1,fault tree|statistics|quality|simulation|testing|risk|reliability
CSL,2,1,Network & Wireless Systems|Cloud & Distributed Systems,Data Structures and Algorithms,57.5,Software Engineering,46.7,Computer Networks,44.3,Operating Systems,43.5,Engineering Mathematics-III,41.3,supply chain|forensics|security
RE,2,2,Network & Wireless Systems|Cloud & Distributed Systems,Automata Theory,75.0,IoT,67.4,Operating Systems,64.7,Digital Logic & Design,64.3,Full Stack Development,62.6,weibull|fault tree|statistics|simulation|probability|risk|reliability
DBM,1,2,Data Science & Analytics,Database Management Systems,78.7,Cryptography & Network Security,65.5,Java,58.9,Software Engineering,58.1,IoT,58.0,kpi|digital marketing|dashboard|analytics|seo|web
DBM,3,3,Web Development|Data Science & Analytics|Cloud & Distributed Systems,Cryptography & Network Security,43.6,C++,43.4,Computer Networks,38.8,Java,33.4,Software Engineering,32.0,kpi|ecommerce|agile|cyber|react|seo|web
EAM,1,4,Mobile & IoT Development,Database Management Systems,60.3,Python,43.3,Computer Networks,39.7,IoT,37.1,Java,34.5,audit|solar|monitoring|power|iot|sensor|security|efficiency|hvac|renewable
EAM,1,4,Mobile & IoT Development,Microcontroller & Embedded Systems,84.9,Engineering Mathematics-IV,81.7,IoT,80.2,Digital Logic & Design,76.5,Engineering Mathematics-III,75.9,audit|solar|monitoring|power|iot|sensor|efficiency|hvac|renewable|energy
CSL,1,1,Network & Wireless Systems,Computer Networks,80.5,Operating Systems,61.8,Python,58.9,Cryptography & Network Security,55.8,Database Management Systems,54.2,authentication|forensics|security
RE,1,3,Network & Wireless Systems,Engineering Mathematics-III,59.3,Engineering Mathematics-IV,52.8,C++,45.6,Operating Systems,43.8,Cryptography & Network Security,42.0,supply chain|fault tree|statistics|quality|fmea|testing|probability|reliability
EAM,1,1,Mobile & IoT Development,Database Management Systems,97.2,IoT,91.7,Engineering Mathematics-III,89.8,Microcontroller & Embedded Systems,79.1,Software Engineering,76.8,efficiency|monitoring
EAM,2,0,Mobile & IoT Development|Cloud & Distributed Systems,IoT,67.4,Computer Networks,66.9,Engineering Mathematics-IV,58.5,Python,53.4,Operating Systems,50.4,
EAM,1,4,Mobile & IoT Development,Data Structures and Algorithms,81.2,Full Stack Development,77.0,IoT,75.0,Design & Analysis of Algorithms,71.7,Automata Theory,69.7,audit|solar|monitoring|iot|sensor|hvac|renewable|energy
RE,1,3,Network & Wireless Systems,Software Engineering,50.1,Python,41.2,Full Stack Development,36.8,Data Structures and Algorithms,34.1,Operating Systems,34.1,weibull|supply chain|fault tree|statistics|quality|simulation|risk|reliability
EAM,2,1,Mobile & IoT Development|Network & Wireless Systems,Microcontroller & Embedded Systems,73.1,Design & Analysis of Algorithms,62.6,C++,61.9,Computer Networks,56.6,Engineering Mathematics-III,54.7,audit|solar|power|iot|sensor|energy
DBM,3,4,Data Science & Analytics|Web Development|Mobile & IoT Development,Digital Logic & Design,50.0,Full Stack Development,28.6,Software Engineering,16.3,Engineering Mathematics-IV,15.4,Python,14.6,kpi|ecommerce|dashboard|security|crm|analytics|react|seo|web
DBM,2,2,Web Development|Cloud & Distributed Systems,Engineering Mathematics-IV,79.9,Java,76.8,Full Stack Development,74.7,IoT,73.7,Cryptography & Network Security,71.8,kpi|ecommerce|digital marketing|dashboard|agile|analytics|react|inventory|seo|web
RE,2,3,Network & Wireless Systems|Cloud & Distributed Systems,Digital Logic & Design,64.3,Database Management Systems,62.4,Full Stack Development,46.7,Cryptography & Network Security,44.08199206151198,Software Engineering,43.9,weibull|fault tree|statistics|quality|fmea|testing|inventory|probability|risk|reliability
DBM,1,4,Web Development,Operating Systems,59.5,Java,58.7,Full Stack Development,57.0,Software Engineering,55.5,Database Management Systems,52.8,kpi|ecommerce|scheduling|dashboard|agile|crm|analytics|react|seo|web
CSL,2,1,Network & Wireless Systems|Cloud & Distributed Systems,Cryptography & Network Security,88.1,Software Engineering,81.5,Java,72.3,C++,71.9,Full Stack Development,71.5,forensics|security|firewall
CSL,2,2,Network & Wireless Systems|Cloud & Distributed Systems,Digital Logic & Design,81.5,Operating Systems,80.8,Java,79.0,Automata Theory,73.3,Cryptography & Network Security,72.2,audit|authentication|security|cyber|network security|forensics|encryption
OR,2,2,Data Science & Analytics|Artificial Intelligence & Machine Learning,Microcontroller & Embedded Systems,85.8,Java,66.9,Artificial Intelligence,65.9,Engineering Mathematics-III,63.7,Automata Theory,59.5,simplex|simulation|linear programming|queuing|optimization|scipy
OR,1,0,Data Science & Analytics,Database Management Systems,49.8,Cryptography & Network Security,47.2,Engineering Mathematics-IV,47.1,Software Engineering,46.4,Microcontroller & Embedded Systems,46.1,
DBM,4,1,Web Development|Data Science & Analytics|Cloud & Distributed Systems|Mobile & IoT Development,Cryptography & Network Security,74.6,Software Engineering,62.4,C++,58.2,Computer Networks,57.7,Design & Analysis of Algorithms,56.3,dashboard|testing|ecommerce|analytics
CSL,2,2,Network & Wireless Systems|Web Development,Engineering Mathematics-IV,100.0,Digital Logic & Design,95.3,Computer Networks,88.5,Cryptography & Network Security,84.3,Operating Systems,82.4,vulnerability|authentication|firewall|network security
OR,2,4,Data Science & Analytics|Web Development,Database Management Systems,70.7,Engineering Mathematics-IV,69.7,Cryptography & Network Security,67.0,Automata Theory,66.7,Engineering Mathematics-III,65.8,supply chain|scheduling|linear programming|simulation|queuing|inventory|probability|optimization|scipy
DBM,3,1,Web Development|Data Science & Analytics|Cloud & Distributed Systems,Full Stack Development,91.7,Computer Networks,83.8,Automata Theory,83.4,Database Management Systems,82.8,Artificial Intelligence,75.1,kpi|dashboard|agile|crm|seo|web
RE,1,4,Network & Wireless Systems,Engineering Mathematics-III,82.9987699490819,Java,80.9,C++,79.7,Engineering Mathematics-IV,76.3607870310038,Digital Logic & Design,76.1,weibull|kpi|fault tree|statistics|quality|simulation|testing|fmea|probability|risk
CSL,1,2,Network & Wireless Systems,Operating Systems,86.3,Microcontroller & Embedded Systems,84.8,Full Stack Development,83.3,Design & Analysis of Algorithms,79.3,Python,78.6,phishing|security|cyber|forensics|encryption
DBM,3,1,Data Science & Analytics|Web Development|Cloud & Distributed Systems,Full Stack Development,88.6,Operating Systems,80.4,Automata Theory,80.1,Data Structures and Algorithms,79.3,Python,74.5,web|ecommerce|react
OR,2,1,Data Science & Analytics|Artificial Intelligence & Machine Learning,C++,44.8,Java,44.6,Automata Theory,44.0,Engineering Mathematics-IV,43.26448653676404,Database Management Systems,41.6,supply chain|simulation|queuing|optimization
DBM,1,1,Data Science & Analytics,Python,61.3,Database Management Systems,53.6,IoT,41.5,Data Structures and Algorithms,40.7,Artificial Intelligence,31.3,web|agile|analytics|digital marketing
DBM,1,2,Web Development,Software Engineering,89.6,Database Management Systems,87.0,Operating Systems,78.5,Computer Networks,75.4,IoT,74.4,kpi|ecommerce|iot|dashboard|agile|crm|react|web
CSL,1,0,Network & Wireless Systems,Cryptography & Network Security,66.5,Python,42.1,Artificial Intelligence,36.1,Java,35.5,Operating Systems,34.9,
DBM,1,1,Data Science & Analytics,Automata Theory,51.7,Database Management Systems,46.0,Full Stack Development,42.2,Engineering Mathematics-IV,41.6,Software Engineering,35.5,kpi|digital marketing|agile|crm|react
CSL,2,2,Network & Wireless Systems|Cloud & Distributed Systems,Cryptography & Network Security,88.4,C++,73.1,Design & Analysis of Algorithms,73.1,Digital Logic & Design,69.0,Full Stack Development,68.1,authentication|phishing|security|cyber|network security
CSL,1,2,Network & Wireless Systems,Engineering Mathematics-IV,100.0,Operating Systems,100.0,Computer Networks,100.0,Automata Theory,100.0,Cryptography & Network Security,99.7,security|efficiency|cyber|network security|forensics
EAM,2,2,Mobile & IoT Development|Network & Wireless Systems,Cryptography & Network Security,62.1,Python,50.0,IoT,46.3,Microcontroller & Embedded Systems,44.8,Design & Analysis of Algorithms,44.4,renewable|efficiency|monitoring|hvac
OR,1,2,Data Science & Analytics,Automata Theory,78.5,Engineering Mathematics-III,77.75952969510742,Design & Analysis of Algorithms,76.6,Python,69.4,Java,68.8,supply chain|simulation|queuing|optimization
RE,1,3,Network & Wireless Systems,C++,84.4,Engineering Mathematics-III,81.9,Engineering Mathematics-IV,72.4,Data Structures and Algorithms,71.9,Digital Logic & Design,71.4,weibull|fault tree|statistics|quality|dashboard|simulation|fmea|probability|risk|reliability
RE,1,2,Network & Wireless Systems,IoT,63.6,C++,54.5,Engineering Mathematics-IV,54.2,Microcontroller & Embedded Systems,53.8,Engineering Mathematics-III,53.2,statistics|simulation|testing|probability|risk
EAM,2,2,Mobile & IoT Development|Network & Wireless Systems,Operating Systems,83.6,IoT,82.3,Digital Logic & Design,77.0,C++,75.4,Engineering Mathematics-III,74.9,kpi|power|iot|efficiency|renewable|network security|energy
RE,2,1,Network & Wireless Systems|Cloud & Distributed Systems,Cryptography & Network Security,88.6675949923486,Artificial Intelligence,87.5,Engineering Mathematics-IV,84.8,Software Engineering,83.7,Database Management Systems,81.6,statistics|weibull|fault tree
DBM,2,0,Web Development|Data Science & Analytics,Database Management Systems,58.2,Full Stack Development,52.8,Cryptography & Network Security,45.5,Artificial Intelligence,42.2,Design & Analysis of Algorithms,39.4,
OR,2,3,Data Science & Analytics|Artificial Intelligence & Machine Learning,Design & Analysis of Algorithms,69.8,Microcontroller & Embedded Systems,68.1,Java,65.9,Data Structures and Algorithms,63.7,Engineering Mathematics-III,56.2,supply chain|simplex|linear programming|simulation|queuing|inventory|optimization|scipy
DBM,3,2,Web Development|Data Science & Analytics|Cloud & Distributed Systems,Engineering Mathematics-IV,82.03918515403376,Database Management Systems,80.6,IoT,71.4,Full Stack Development,68.4,Design & Analysis of Algorithms,64.9,kpi|ecommerce|quality|dashboard|agile|crm|seo|web
EAM,1,4,Mobile & IoT Development,Engineering Mathematics-IV,57.6,Software Engineering,54.6,Data Structures and Algorithms,54.3,Design & Analysis of Algorithms,53.3,Engineering Mathematics-III,51.8,solar|monitoring|power|sensor|iot|efficiency|hvac|renewable|energy
RE,1,4,Network & Wireless Systems,Engineering Mathematics-IV,91.7,Computer Networks,77.9,Automata Theory,77.7,Software Engineering,73.7,Database Management Systems,73.6,weibull|fault tree|monitoring|statistics|quality|simulation|testing|fmea|probability|reliability
DBM,3,1,Data Science & Analytics|Cloud & Distributed Systems|Mobile & IoT Development,Operating Systems,78.8,Artificial Intelligence,77.3,Python,76.3,Cryptography & Network Security,76.0,C++,75.9,dashboard|ecommerce|digital marketing
OR,2,1,Data Science & Analytics|Artificial Intelligence & Machine Learning,Engineering Mathematics-IV,66.1,Digital Logic & Design,62.8,Full Stack Development,60.4,Data Structures and Algorithms,60.2,Microcontroller & Embedded Systems,59.3,supply chain|linear programming|queuing|optimization|inventory|scipy|forensics
DBM,2,3,Data Science & Analytics|Cloud & Distributed Systems,Computer Networks,46.7,Artificial Intelligence,40.7,Cryptography & Network Security,40.4,Python,40.0,Full Stack Development,35.7,kpi|ecommerce|energy|agile|crm|analytics|seo|web
DBM,2,3,Data Science & Analytics|Web Development,C++,47.9,Engineering Mathematics-III,42.5,Java,41.0,IoT,35.3,Python,34.4,ecommerce|digital marketing|probability|dashboard|agile|crm|analytics|react|seo|web
EAM,1,3,Mobile & IoT Development,Database Management Systems,100.0,Microcontroller & Embedded Systems,100.0,Python,100.0,Java,100.0,Design & Analysis of Algorithms,100.0,audit|solar|monitoring|power|sensor|efficiency|hvac|renewable|crm|energy
RE,1,3,Network & Wireless Systems,Automata Theory,60.7,Engineering Mathematics-III,59.6,Engineering Mathematics-IV,56.4,IoT,49.2,Artificial Intelligence,48.6,weibull|kpi|fault tree|statistics|quality|simulation|fmea|testing|probability|risk
EAM,2,1,Mobile & IoT Development|Cloud & Distributed Systems,Database Management Systems,98.9387372543376,Engineering Mathematics-III,91.0,Software Engineering,79.58729686934839,Microcontroller & Embedded Systems,73.1,C++,68.6,iot|power
CSL,2,1,Network & Wireless Systems|Cloud & Distributed Systems,Operating Systems,70.1,Engineering Mathematics-IV,59.8,Engineering Mathematics-III,59.3,Database Management Systems,54.5,Java,52.2,vulnerability|phishing|security|firewall|forensics
OR,2,2,Data Science & Analytics|Artificial Intelligence & Machine Learning,Engineering Mathematics-III,76.9,Data Structures and Algorithms,64.9,Python,64.4,Design & Analysis of Algorithms,61.3,Java,55.1,simplex|linear programming|simulation|queuing|optimization|inventory|scipy
CSL,1,3,Network & Wireless Systems,Data Structures and Algorithms,85.1,Java,84.9,Computer Networks,77.7,Automata Theory,77.0,Operating Systems,76.7,vulnerability|scheduling|probability|phishing|security|hvac|firewall|network security|forensics|encryption
EAM,2,3,Mobile & IoT Development|Cloud & Distributed Systems,Software Engineering,64.2,Java,58.1,Data Structures and Algorithms,53.5,Python,49.9,Engineering Mathematics-III,49.7,weibull|audit|solar|monitoring|power|sensor|efficiency|hvac|energy
OR,1,3,Data Science & Analytics,Java,64.6,Database Management Systems,61.6,Design & Analysis of Algorithms,59.4,Engineering Mathematics-IV,58.6,Computer Networks,54.4,supply chain|simplex|scheduling|linear programming|queuing|optimization|inventory|firewall
OR,2,1,Data Science & Analytics|Artificial Intelligence & Machine Learning,Software Engineering,79.34659639452119,Operating Systems,67.1,Design & Analysis of Algorithms,59.5,Engineering Mathematics-IV,57.0,Data Structures and Algorithms,56.6,simplex|scheduling|simulation|linear programming|cyber|queuing|scipy
DBM,2,3,Data Science & Analytics|Web Development,Engineering Mathematics-III,66.101588534539,Software Engineering,59.1,Full Stack Development,53.4,Database Management Systems,50.9,Engineering Mathematics-IV,50.05128785024074,vulnerability|kpi|ecommerce|digital marketing|dashboard|agile|crm|analytics|react|seo
CSL,1,3,Network & Wireless Systems,Computer Networks,63.0,Operating Systems,54.4,Cryptography & Network Security,53.3,IoT,43.5,Digital Logic & Design,42.8,vulnerability|authentication|phishing|security|cyber|firewall|network security|analytics|forensics|encryption
EAM,1,2,Mobile & IoT Development,Engineering Mathematics-IV,85.2,IoT,84.9,Software Engineering,84.4,C++,82.2,Digital Logic & Design,80.8,audit|monitoring|iot|efficiency|hvac|renewable
OR,2,3,Data Science & Analytics|Web Development,Design & Analysis of Algorithms,93.6,Data Structures and Algorithms,90.3,Artificial Intelligence,89.3,Java,88.8,Engineering Mathematics-IV,88.7,simplex|supply chain|ecommerce|scheduling|linear programming|queuing|optimization|inventory|scipy
CSL,1,1,Network & Wireless Systems,Cryptography & Network Security,67.7,Engineering Mathematics-III,67.4,Computer Networks,65.2,Microcontroller & Embedded Systems,54.0,Automata Theory,51.4,authentication|phishing|cyber|firewall|network security|forensics
RE,1,2,Network & Wireless Systems,Engineering Mathematics-IV,72.2,Operating Systems,72.1,Artificial Intelligence,71.9,Python,70.6,Software Engineering,70.30441969601151,weibull|fault tree|dashboard|probability|risk
OR,2,2,Data Science & Analytics|Artificial Intelligence & Machine Learning,Operating Systems,66.9,Computer Networks,66.6,Engineering Mathematics-III,64.5,Artificial Intelligence,63.7,Cryptography & Network Security,60.6,supply chain|scheduling|linear programming|simulation|queuing|optimization|scipy
CSL,1,1,Network & Wireless Systems,Automata Theory,85.4,Cryptography & Network Security,82.8,Microcontroller & Embedded Systems,77.8,Operating Systems,73.0,Engineering Mathematics-III,72.08928436570967,authentication|phishing|firewall|network security
EAM,2,1,Mobile & IoT Development|Network & Wireless Systems,Microcontroller & Embedded Systems,83.5,Engineering Mathematics-IV,78.3,C++,74.2,Computer Networks,66.6,IoT,66.4,sensor|audit|energy|power
DBM,2,2,Data Science & Analytics|Web Development,Operating Systems,56.2,Artificial Intelligence,56.1,Engineering Mathematics-IV,54.8,Automata Theory,53.3,Database Management Systems,52.7,power|digital marketing|agile|react|seo
EAM,2,4,Mobile & IoT Development|Network & Wireless Systems,Engineering Mathematics-IV,64.2,IoT,50.3,Engineering Mathematics-III,48.1,Microcontroller & Embedded Systems,46.6,Design & Analysis of Algorithms,45.2,audit|solar|power|iot|sensor|efficiency|hvac|renewable|inventory|probability
DBM,2,2,Web Development|Data Science & Analytics,Cryptography & Network Security,65.9,Software Engineering,59.6,Microcontroller & Embedded Systems,57.9,Python,56.3,Java,56.0,digital marketing|dashboard|agile|inventory|web
CSL,2,2,Network & Wireless Systems|Web Development,Engineering Mathematics-IV,72.5,Computer Networks,64.0,Automata Theory,62.0,Digital Logic & Design,53.9,Microcontroller & Embedded Systems,53.6,vulnerability|authentication|optimization|network security|firewall|web|encryption
EAM,2,3,Mobile & IoT Development|Cloud & Distributed Systems,Python,100.0,C++,100.0,Automata Theory,100.0,Engineering Mathematics-III,99.2,Data Structures and Algorithms,98.8,audit|solar|monitoring|power|sensor|efficiency|renewable|analytics
OR,1,2,Data Science & Analytics,Engineering Mathematics-III,89.3,Engineering Mathematics-IV,84.7,Python,80.3,Cryptography & Network Security,77.3,Design & Analysis of Algorithms,74.1,simplex|supply chain|quality|linear programming|simulation|inventory|optimization|scipy
DBM,2,2,Web Development|Cloud & Distributed Systems,Engineering Mathematics-IV,86.24995332150503,Database Management Systems,61.8,IoT,58.6,Full Stack Development,56.4,Automata Theory,55.9,kpi|ecommerce|digital marketing|agile|react|web
RE,1,1,Network & Wireless Systems,Database Management Systems,74.8,Microcontroller & Embedded Systems,72.8640533126938,Full Stack Development,72.8,IoT,66.1094972136013,Digital Logic & Design,62.0,simulation|fault tree|probability
RE,1,2,Network & Wireless Systems,C++,46.0,Data Structures and Algorithms,42.6,Python,37.1,Software Engineering,34.9,Java,32.3,weibull|statistics|quality|authentication|simulation|fmea|testing|probability|risk
CSL,1,0,Network & Wireless Systems,Data Structures and Algorithms,87.1,Design & Analysis of Algorithms,79.1,IoT,57.9,C++,57.1,Microcontroller & Embedded Systems,56.2,
EAM,1,2,Mobile & IoT Development,Engineering Mathematics-III,90.06243673865487,Engineering Mathematics-IV,88.15917419157428,Microcontroller & Embedded Systems,84.6,IoT,84.4,Operating Systems,74.1,solar|fault tree|monitoring|power|hvac|renewable|energy
CSL,1,3,Network & Wireless Systems,Java,76.7,Automata Theory,66.1,Digital Logic & Design,64.8,Artificial Intelligence,64.0,C++,62.8,vulnerability|sensor|authentication|phishing|cyber|firewall|network security|seo|forensics|encryption
CSL,2,3,Network & Wireless Systems|Cloud & Distributed Systems,Cryptography & Network Security,79.6,Software Engineering,74.3,Python,74.3,Engineering Mathematics-III,73.8,Engineering Mathematics-IV,73.5,vulnerability|react|authentication|security|cyber|firewall|network security|seo|forensics
DBM,1,2,Data Science & Analytics,Database Management Systems,96.1,C++,87.3,Python,87.2,Data Structures and Algorithms,87.1,Full Stack Development,83.3,solar|ecommerce|dashboard|agile|crm|react|seo|web
RE,1,2,Network & Wireless Systems,Data Structures and Algorithms,58.6,Digital Logic & Design,57.5,Design & Analysis of Algorithms,57.4,Software Engineering,56.3,Python,54.5,fault tree|statistics|quality|simulation|linear programming|testing|probability|risk|reliability
RE,3,2,Network & Wireless Systems|Cloud & Distributed Systems|Data Science & Analytics,Cryptography & Network Security,87.3,Engineering Mathematics-III,79.5,Artificial Intelligence,74.6,Data Structures and Algorithms,70.9,Computer Networks,70.2,statistics|quality|simulation|fmea|testing|probability|reliability
CSL,1,0,Network & Wireless Systems,Database Management Systems,61.89537441636605,Computer Networks,57.6,C++,53.6,Full Stack Development,51.7,Python,47.0,
EAM,1,2,Mobile & IoT Development,IoT,54.8,Microcontroller & Embedded Systems,53.4,Data Structures and Algorithms,52.3,Digital Logic & Design,47.0,Operating Systems,44.7,audit|solar|power|iot|renewable|energy
CSL,3,1,Network & Wireless Systems|Cloud & Distributed Systems|Web Development,Software Engineering,83.5,Digital Logic & Design,83.0,Computer Networks,82.8,Cryptography & Network Security,82.3,Operating Systems,76.2,vulnerability|phishing|security|firewall
CSL,1,2,Network & Wireless Systems,Artificial Intelligence,66.4,Digital Logic & Design,65.8,Python,62.4,C++,60.5,Database Management Systems,59.9,authentication|phishing|security|cyber|firewall|network security|forensics|encryption
CSL,2,3,Network & Wireless Systems|Cloud & Distributed Systems,C++,83.7,Software Engineering,80.6,Database Management Systems,78.3,IoT,76.8,Computer Networks,75.4,vulnerability|phishing|cyber|firewall|network security
EAM,1,3,Mobile & IoT Development,IoT,77.5,Database Management Systems,65.8,Design & Analysis of Algorithms,64.0,Python,62.6,C++,59.3,audit|solar|monitoring|power|sensor|hvac|renewable|energy|encryption
DBM,2,2,Web Development|Cloud & Distributed Systems,Software Engineering,61.5,Full Stack Development,61.0,Computer Networks,42.9,Python,41.0,Database Management Systems,33.2,ecommerce|dashboard|agile|crm|analytics|react|web
CSL,2,3,Network & Wireless Systems|Cloud & Distributed Systems,Engineering Mathematics-IV,93.83519103770033,Operating Systems,84.1,Computer Networks,80.9,Digital Logic & Design,76.6,Cryptography & Network Security,76.3,vulnerability|monitoring|authentication|dashboard|phishing|security|cyber|firewall|network security|forensics
RE,1,3,Network & Wireless Systems,Engineering Mathematics-IV,95.5,Engineering Mathematics-III,82.1,Operating Systems,79.0,Microcontroller & Embedded Systems,76.5,Digital Logic & Design,74.9,weibull|fault tree|simulation|security|testing|risk|reliability
OR,2,3,Data Science & Analytics|Artificial Intelligence & Machine Learning,Python,50.2,Database Management Systems,50.1,Data Structures and Algorithms,39.9,Java,39.4,C++,29.2,supply chain|simplex|scheduling|simulation|linear programming|queuing|optimization|inventory|scipy
CSL,1,2,Network & Wireless Systems,Software Engineering,99.7,Java,94.2,Database Management Systems,85.2,Engineering Mathematics-III,85.18855745828965,Cryptography & Network Security,84.0,vulnerability|authentication|phishing|security|firewall|network security|forensics
EAM,1,4,Mobile & IoT Development,Engineering Mathematics-IV,88.90829713103227,Java,86.7,Data Structures and Algorithms,83.1,Cryptography & Network Security,81.8,Software Engineering,80.6,solar|monitoring|power|sensor|quality|iot|scipy|efficiency|hvac|renewable
EAM,2,1,Mobile & IoT Development|Cloud & Distributed Systems,Microcontroller & Embedded Systems,69.7,Design & Analysis of Algorithms,68.1,Engineering Mathematics-III,67.9,Computer Networks,66.7,Software Engineering,62.7,audit|iot|efficiency|hvac|renewable|energy
OR,2,3,Data Science & Analytics|Web Development,C++,95.4,Design & Analysis of Algorithms,89.7,Operating Systems,87.7,Engineering Mathematics-IV,84.3,Automata Theory,81.8,supply chain|scheduling|linear programming|queuing|optimization|inventory
OR,1,3,Data Science & Analytics,Engineering Mathematics-IV,100.0,Java,100.0,Artificial Intelligence,100.0,Data Structures and Algorithms,97.3,C++,97.2,simplex|supply chain|scheduling|sensor|simulation|linear programming|queuing|inventory|scipy
CSL,2,3,Network & Wireless Systems|Cloud & Distributed Systems,Computer Networks,89.4,C++,89.0,Automata Theory,75.2,Java,70.8,Full Stack Development,70.6,vulnerability|authentication|dashboard|phishing|security|network security|encryption
DBM,2,1,Data Science & Analytics|Web Development,Design & Analysis of Algorithms,81.2,Cryptography & Network Security,79.3,Digital Logic & Design,79.0,Software Engineering,72.7,Full Stack Development,68.9,seo|crm|analytics
CSL,2,1,Network & Wireless Systems|Cloud & Distributed Systems,Data Structures and Algorithms,100.0,Full Stack Development,83.5,Operating Systems,72.1,Artificial Intelligence,70.4,Microcontroller & Embedded Systems,68.7,phishing|security|firewall|network security|forensics|encryption
EAM,1,0,Mobile & IoT Development,Digital Logic & Design,98.2,Microcontroller & Embedded Systems,97.2,Engineering Mathematics-III,96.3,Software Engineering,96.3,Java,95.9,
CSL,2,2,Network & Wireless Systems|Web Development,Computer Networks,81.0,Software Engineering,75.0,Microcontroller & Embedded Systems,72.3,Operating Systems,71.4,Engineering Mathematics-III,70.4,vulnerability|react|phishing|security|cyber|hvac|network security|forensics|encryption
OR,1,1,Data Science & Analytics,Automata Theory,80.3,Software Engineering,68.51350960989578,Java,65.0,Engineering Mathematics-III,64.3,Design & Analysis of Algorithms,62.8,simplex|supply chain|linear programming|simulation|queuing|scipy
RE,1,2,Network & Wireless Systems,Design & Analysis of Algorithms,74.8,IoT,68.7,Software Engineering,63.2,Operating Systems,62.4,Engineering Mathematics-III,62.3,fault tree|power|fmea|testing|probability|risk|energy
DBM,3,1,Web Development|Data Science & Analytics|Mobile & IoT Development,Engineering Mathematics-III,82.8,Engineering Mathematics-IV,78.3,IoT,72.6,Python,69.7,Software Engineering,69.4,dashboard|agile|analytics|probability
EAM,1,4,Mobile & IoT Development,Database Management Systems,71.00796348877552,Java,52.6,Software Engineering,49.717820747892816,Microcontroller & Embedded Systems,43.7,Data Structures and Algorithms,38.8,solar|monitoring|quality|iot|sensor|efficiency|hvac|cyber|renewable
EAM,2,1,Mobile & IoT Development|Network & Wireless Systems,Engineering Mathematics-III,70.6,Computer Networks,60.227734831879346,Software Engineering,58.3,IoT,56.0,Database Management Systems,40.9,renewable|audit
RE,1,1,Network & Wireless Systems,Database Management Systems,100.0,C++,88.8,Computer Networks,85.6,Java,69.4,Digital Logic & Design,68.6,weibull|statistics|quality|fmea|optimization|probability|risk
OR,2,3,Data Science & Analytics|Artificial Intelligence & Machine Learning,Engineering Mathematics-III,74.6,C++,74.3,Data Structures and Algorithms,74.0,Database Management Systems,72.7,Operating Systems,72.1,supply chain|simplex|scheduling|simulation|linear programming|queuing|optimization|inventory|scipy|energy
RE,1,1,Network & Wireless Systems,Artificial Intelligence,67.0,Automata Theory,63.4,Data Structures and Algorithms,62.4,Database Management Systems,61.5,Design & Analysis of Algorithms,61.3,risk|fmea|reliability
OR,2,2,Data Science & Analytics|Web Development,Digital Logic & Design,78.3,Microcontroller & Embedded Systems,77.3,Computer Networks,73.8,Java,72.7,Engineering Mathematics-III,64.8,simplex|supply chain|scheduling|simulation|linear programming|inventory|scipy
EAM,2,2,Mobile & IoT Development|Network & Wireless Systems,IoT,80.2,Data Structures and Algorithms,71.6,Operating Systems,64.5,Artificial Intelligence,64.5,Engineering Mathematics-IV,59.5,audit|solar|power|iot|sensor|efficiency|renewable|energy
RE,1,1,Network & Wireless Systems,Database Management Systems,85.38447327068518,Operating Systems,81.9,Computer Networks,73.9,IoT,72.4,Engineering Mathematics-III,71.7,statistics|testing|simulation|probability
OR,1,1,Data Science & Analytics,Database Management Systems,74.3,IoT,64.24306754431228,Microcontroller & Embedded Systems,60.466291707639456,Automata Theory,59.5,Operating Systems,57.5,simplex|scipy|supply chain|queuing
OR,1,0,Data Science & Analytics,Microcontroller & Embedded Systems,59.54445323679017,IoT,58.10489299381833,Engineering Mathematics-III,54.8,Digital Logic & Design,52.9,Operating Systems,50.9,
EAM,1,1,Mobile & IoT Development,Full Stack Development,61.5,Automata Theory,54.1,Data Structures and Algorithms,53.6,Microcontroller & Embedded Systems,51.6,Operating Systems,48.7,audit|solar|iot|authentication|renewable
CSL,3,3,Network & Wireless Systems|Cloud & Distributed Systems|Web Development,Full Stack Development,94.0,Operating Systems,91.2,Software Engineering,90.99696400687802,C++,90.7,Cryptography & Network Security,88.2,vulnerability|simplex|authentication|linear programming|phishing|firewall|forensics|encryption
RE,2,2,Network & Wireless Systems|Cloud & Distributed Systems,Artificial Intelligence,84.2,Data Structures and Algorithms,80.7,C++,78.4,Database Management Systems,77.3,Computer Networks,75.5,weibull|fault tree|statistics|quality|simulation|fmea|testing|risk|reliability
RE,1,0,Network & Wireless Systems,Java,66.7,Automata Theory,60.0,Digital Logic & Design,59.6,Cryptography & Network Security,58.7,Software Engineering,56.0,
CSL,2,2,Network & Wireless Systems|Web Development,Python,84.6,Operating Systems,79.9,Digital Logic & Design,75.7,C++,74.2,Artificial Intelligence,69.5,vulnerability|authentication|phishing|cyber|network security|forensics|encryption
DBM,3,3,Data Science & Analytics|Web Development|Mobile & IoT Development,Software Engineering,82.1,Computer Networks,62.9,Java,61.8,Engineering Mathematics-IV,60.0,Operating Systems,58.0,kpi|ecommerce|digital marketing|dashboard|agile|renewable|crm|analytics|react
RE,1,2,Network & Wireless Systems,IoT,79.0,Artificial Intelligence,66.6,Engineering Mathematics-III,66.0,Automata Theory,65.7,Digital Logic & Design,63.2,weibull|fault tree|simulation|fmea|testing|probability|risk|reliability
DBM,2,3,Web Development|Cloud & Distributed Systems,Microcontroller & Embedded Systems,60.1,Database Management Systems,59.0,Engineering Mathematics-III,57.91142818133461,Python,56.4,Automata Theory,55.7,kpi|ecommerce|dashboard|agile|analytics|react|seo|risk|web
EAM,2,2,Mobile & IoT Development|Network & Wireless Systems,Artificial Intelligence,74.7,IoT,73.2,Database Management Systems,66.9,Digital Logic & Design,65.8,Computer Networks,65.8,solar|monitoring|power|sensor|efficiency|hvac|scipy
CSL,1,3,Network & Wireless Systems,Cryptography & Network Security,47.7,Microcontroller & Embedded Systems,33.2,Computer Networks,29.7,Python,27.1,Database Management Systems,22.5,vulnerability|authentication|probability|phishing|security|cyber|firewall|network security|forensics|encryption
RE,1,2,Network & Wireless Systems,Java,82.5,C++,76.3,Microcontroller & Embedded Systems,76.1,Digital Logic & Design,72.1,Cryptography & Network Security,70.1,weibull|digital marketing|statistics|simulation|fmea|probability|risk|reliability
EAM,1,2,Mobile & IoT Development,Microcontroller & Embedded Systems,92.7,Engineering Mathematics-IV,83.7,Data Structures and Algorithms,83.5,IoT,74.9,Artificial Intelligence,74.0,solar|power|scheduling|sensor|renewable|energy
OR,2,3,Data Science & Analytics|Artificial Intelligence & Machine Learning,IoT,76.9,Computer Networks,67.9,Python,66.5,Data Structures and Algorithms,65.6,Cryptography & Network Security,63.1,supply chain|simplex|solar|scheduling|linear programming|simulation|fmea|queuing|crm|optimization
RE,2,1,Network & Wireless Systems|Cloud & Distributed Systems,Cryptography & Network Security,25.2,Python,24.5,Engineering Mathematics-III,21.573815497771186,IoT,21.3,Artificial Intelligence,17.5,weibull|kpi|risk|fmea
EAM,1,3,Mobile & IoT Development,C++,50.5,Engineering Mathematics-IV,45.3,Data Structures and Algorithms,43.9,Operating Systems,42.0,Microcontroller & Embedded Systems,41.3,audit|solar|monitoring|power|iot|sensor|efficiency|testing|renewable|analytics
OR,1,3,Data Science & Analytics,Full Stack Development,67.7,Design & Analysis of Algorithms,66.5,Data Structures and Algorithms,61.9,Operating Systems,56.8,Software Engineering,56.1,simplex|supply chain|monitoring|scheduling|linear programming|simulation|efficiency|renewable|queuing|optimization
OR,1,1,Data Science & Analytics,Engineering Mathematics-IV,85.9,Operating Systems,77.3,Artificial Intelligence,76.2,Computer Networks,74.6,Software Engineering,70.4,scipy|queuing|inventory|hvac
RE,1,1,Network & Wireless Systems,Automata Theory,78.7,Engineering Mathematics-III,75.2,Cryptography & Network Security,71.37571829848294,Engineering Mathematics-IV,63.2,Digital Logic & Design,62.4,statistics|fmea|simulation
EAM,2,2,Mobile & IoT Development|Network & Wireless Systems,Microcontroller & Embedded Systems,48.6,Software Engineering,45.2,Digital Logic & Design,36.0,C++,33.9,Java,33.2,audit|solar|monitoring|power|sensor|iot|efficiency|hvac|renewable|queuing
OR,1,2,Data Science & Analytics,Engineering Mathematics-IV,68.72063599696995,Microcontroller & Embedded Systems,64.5,Engineering Mathematics-III,62.02055522711642,Python,57.8,Digital Logic & Design,51.9,simplex|supply chain|kpi|scheduling|simulation|linear programming|queuing|inventory|scipy
RE,1,1,Network & Wireless Systems,Operating Systems,73.9,IoT,70.1,Artificial Intelligence,59.7,Java,55.2,Data Structures and Algorithms,54.9,weibull|fault tree|testing|fmea|probability
DBM,1,3,Data Science & Analytics,Python,87.0,Full Stack Development,78.2,C++,77.2,Design & Analysis of Algorithms,71.4,Software Engineering,69.7,kpi|ecommerce|digital marketing|dashboard|agile|efficiency|crm|analytics|react|seo
RE,1,1,Network & Wireless Systems,Database Management Systems,80.6,Automata Theory,71.1,Operating Systems,65.6,Software Engineering,58.6,Microcontroller & Embedded Systems,54.7,weibull|fault tree|statistics|simulation|testing
RE,1,2,Network & Wireless Systems,Cryptography & Network Security,71.2,Engineering Mathematics-IV,66.4,Artificial Intelligence,64.5,Computer Networks,62.2,Software Engineering,60.1,weibull|statistics|simulation|fmea|risk|reliability
RE,2,2,Network & Wireless Systems|Cloud & Distributed Systems,Artificial Intelligence,75.7,Computer Networks,73.3,Engineering Mathematics-IV,72.1,Software Engineering,71.3,IoT,69.6,weibull|statistics|quality|simulation|fmea|probability|risk
DBM,1,2,Web Development,Database Management Systems,70.2,Software Engineering,59.1,Operating Systems,53.0,Artificial Intelligence,50.2,Digital Logic & Design,49.3,kpi|ecommerce|digital marketing|dashboard|agile|crm|analytics|react|seo|web
DBM,4,1,Data Science & Analytics|Web Development|Cloud & Distributed Systems|Mobile & IoT Development,IoT,96.4261258844933,Java,94.4,Software Engineering,80.4,Design & Analysis of Algorithms,80.4,Database Management Systems,79.9,seo|phishing|react
DBM,3,0,Data Science & Analytics|Web Development|Cloud & Distributed Systems,Java,72.3,Full Stack Development,64.4,Design & Analysis of Algorithms,57.6,Engineering Mathematics-IV,54.7,Software Engineering,48.5,
DBM,3,3,Web Development|Data Science & Analytics|Mobile & IoT Development,Engineering Mathematics-IV,72.6,Database Management Systems,60.7,Automata Theory,60.5,Python,58.8,Software Engineering,57.5,solar|digital marketing|dashboard|agile|crm|analytics|seo|web
EAM,1,3,Mobile & IoT Development,Engineering Mathematics-IV,59.9,Operating Systems,57.5,Design & Analysis of Algorithms,52.2,Microcontroller & Embedded Systems,51.1,IoT,50.1,audit|solar|monitoring|iot|quality|sensor|hvac|forensics|energy
EAM,3,2,Mobile & IoT Development|Network & Wireless Systems|Cloud & Distributed Systems,Engineering Mathematics-III,65.0,Microcontroller & Embedded Systems,58.8,Automata Theory,55.8,Software Engineering,55.3,C++,54.9,audit|solar|monitoring|power|sensor|efficiency|energy
CSL,2,3,Network & Wireless Systems|Cloud & Distributed Systems,Cryptography & Network Security,88.8,Microcontroller & Embedded Systems,82.7,IoT,78.5,Automata Theory,77.0,C++,75.2,vulnerability|authentication|linear programming|phishing|security|cyber|simulation|firewall|forensics|encryption
EAM,1,3,Mobile & IoT Development,Database Management Systems,100.0,C++,100.0,Python,99.9,Automata Theory,99.2,Engineering Mathematics-IV,98.4,solar|power|sensor|iot|efficiency|renewable|energy
EAM,2,2,Mobile & IoT Development|Network & Wireless Systems,Microcontroller & Embedded Systems,89.0,Computer Networks,88.3,IoT,86.8,Python,78.2,Cryptography & Network Security,76.5,audit|solar|monitoring|iot|sensor|efficiency|energy
EAM,1,2,Mobile & IoT Development,Design & Analysis of Algorithms,42.9,Microcontroller & Embedded Systems,32.5,C++,31.6,IoT,29.9,Digital Logic & Design,27.6,audit|solar|sensor|iot|efficiency|hvac|energy
DBM,2,3,Web Development|Data Science & Analytics,IoT,73.25410453877222,Artificial Intelligence,70.7,Full Stack Development,70.4,Automata Theory,66.2,Operating Systems,66.0,kpi|ecommerce|dashboard|fmea|crm|analytics|web
OR,1,4,Data Science & Analytics,Design & Analysis of Algorithms,55.8,Engineering Mathematics-IV,41.3,Database Management Systems,40.8,Microcontroller & Embedded Systems,37.0,Data Structures and Algorithms,31.6,simplex|scheduling|simulation|linear programming|queuing|optimization|inventory
RE,2,2,Network & Wireless Systems|Cloud & Distributed Systems,IoT,90.7,Engineering Mathematics-IV,84.8,Engineering Mathematics-III,84.1,Database Management Systems,82.9,Java,82.2,weibull|vulnerability|quality|testing|risk|reliability
DBM,3,2,Web Development|Data Science & Analytics|Cloud & Distributed Systems,Database Management Systems,70.4,Operating Systems,69.5,Engineering Mathematics-IV,67.30927405637917,Design & Analysis of Algorithms,57.8,Microcontroller & Embedded Systems,54.9,kpi|dashboard|crm|react|seo|web
CSL,1,2,Network & Wireless Systems,Computer Networks,74.2,Software Engineering,64.1,Automata Theory,55.6,Java,55.4,Data Structures and Algorithms,54.8,vulnerability|authentication|phishing|security|cyber|firewall|encryption
DBM,2,0,Web Development|Data Science & Analytics,Operating Systems,89.2,Engineering Mathematics-IV,87.8,Design & Analysis of Algorithms,84.4,Software Engineering,76.8,Engineering Mathematics-III,74.8504780468755,
EAM,1,3,Mobile & IoT Development,Java,68.2,Cryptography & Network Security,62.0,Automata Theory,53.6,Software Engineering,45.2,Microcontroller & Embedded Systems,40.6,audit|solar|power|statistics|iot|sensor|efficiency|hvac|renewable|probability
OR,2,2,Data Science & Analytics|Artificial Intelligence & Machine Learning,Data Structures and Algorithms,66.4,Java,61.2,Engineering Mathematics-III,57.8,IoT,56.1,Engineering Mathematics-IV,50.6,simplex|linear programming|inventory|optimization|firewall|scipy
CSL,1,0,Network & Wireless Systems,Engineering Mathematics-III,80.9,Engineering Mathematics-IV,80.5,Cryptography & Network Security,80.4,Design & Analysis of Algorithms,79.5,Computer Networks,69.0,
OR,1,4,Data Science & Analytics,Engineering Mathematics-IV,70.4,Artificial Intelligence,67.5,Engineering Mathematics-III,66.6,Python,65.7,Data Structures and Algorithms,60.1,supply chain|simplex|scheduling|simulation|linear programming|queuing|inventory|optimization|scipy
CSL,2,2,Network & Wireless Systems|Cloud & Distributed Systems,Computer Networks,73.9,Java,66.8,Engineering Mathematics-IV,63.6,Microcontroller & Embedded Systems,63.2,Automata Theory,62.4,vulnerability|iot|authentication|phishing|security|forensics|encryption
DBM,1,3,Web Development,Database Management Systems,45.4,Cryptography & Network Security,44.2,Data Structures and Algorithms,40.3,Design & Analysis of Algorithms,38.6,Artificial Intelligence,37.9,supply chain|kpi|ecommerce|dashboard|agile|crm|analytics|react|seo|scipy
DBM,3,3,Data Science & Analytics|Web Development|Cloud & Distributed Systems,Software Engineering,96.5,Full Stack Development,95.6,Database Management Systems,92.0,Design & Analysis of Algorithms,89.8,Engineering Mathematics-IV,86.3,kpi|ecommerce|digital marketing|dashboard|agile|analytics|seo|web
RE,1,1,Network & Wireless Systems,Engineering Mathematics-IV,70.7,Engineering Mathematics-III,68.7,Cryptography & Network Security,67.3,Software Engineering,65.2,Java,62.7,weibull|statistics|simulation|probability|risk|reliability
RE,1,3,Network & Wireless Systems,Engineering Mathematics-III,81.3,IoT,77.6,Operating Systems,77.5,Microcontroller & Embedded Systems,76.9,Cryptography & Network Security,74.4,weibull|fault tree|quality|simulation|testing|fmea|probability|risk|energy|reliability
CSL,2,3,Network & Wireless Systems|Cloud & Distributed Systems,C++,72.3,Automata Theory,62.6,Design & Analysis of Algorithms,51.7,Cryptography & Network Security,49.8,Computer Networks,47.2,vulnerability|authentication|linear programming|phishing|security|cyber|firewall|network security|forensics|encryption
CSL,2,3,Network & Wireless Systems|Cloud & Distributed Systems,Full Stack Development,68.8,Cryptography & Network Security,60.6,Digital Logic & Design,49.2,Engineering Mathematics-IV,49.0,Artificial Intelligence,48.4,supply chain|authentication|phishing|security|cyber|firewall|network security|forensics|encryption
CSL,2,3,Network & Wireless Systems|Cloud & Distributed Systems,Artificial Intelligence,78.3,Full Stack Development,78.1,Automata Theory,76.6,Java,76.3,Computer Networks,71.9,vulnerability|authentication|phishing|security|firewall|network security|forensics|encryption
CSL,1,1,Network & Wireless Systems,Database Management Systems,76.4,Computer Networks,70.2,Design & Analysis of Algorithms,67.3,C++,64.0,Full Stack Development,61.7,authentication|network security
OR,2,1,Data Science & Analytics|Artificial Intelligence & Machine Learning,Cryptography & Network Security,41.9,Design & Analysis of Algorithms,41.3,Digital Logic & Design,38.9,Engineering Mathematics-III,30.1,Software Engineering,27.4,supply chain|linear programming
EAM,1,3,Mobile & IoT Development,Microcontroller & Embedded Systems,83.2,Digital Logic & Design,76.7,Python,76.6,Software Engineering,74.5,C++,74.1,audit|solar|monitoring|power|simulation|efficiency|hvac|renewable|energy
DBM,1,3,Data Science & Analytics,Database Management Systems,96.4,Software Engineering,94.7,Python,91.9,Data Structures and Algorithms,85.9,Automata Theory,81.0,kpi|ecommerce|digital marketing|dashboard|agile|react
CSL,1,1,Network & Wireless Systems,Cryptography & Network Security,49.4,Computer Networks,45.9,Engineering Mathematics-III,44.7,Operating Systems,43.2,Full Stack Development,42.0,phishing|security|cyber|firewall|network security
RE,1,2,Network & Wireless Systems,Python,65.3,IoT,64.2,Engineering Mathematics-III,60.8,Engineering Mathematics-IV,60.5,Database Management Systems,50.1,weibull|fault tree|simulation|testing|fmea|optimization|probability|risk|reliability
RE,2,2,Network & Wireless Systems|Cloud & Distributed Systems,Computer Networks,99.62498924524638,Software Engineering,99.3,Cryptography & Network Security,97.1746751045684,Engineering Mathematics-III,94.2,Design & Analysis of Algorithms,93.0,weibull|fault tree|statistics|quality|simulation|testing|fmea|probability|seo|risk
OR,2,1,Data Science & Analytics|Artificial Intelligence & Machine Learning,Engineering Mathematics-IV,100.0,Microcontroller & Embedded Systems,100.0,Python,100.0,Design & Analysis of Algorithms,100.0,Engineering Mathematics-III,99.6,scheduling|simulation|queuing|optimization|scipy
OR,2,2,Data Science & Analytics|Artificial Intelligence & Machine Learning,Java,88.5,Data Structures and Algorithms,87.3,Engineering Mathematics-IV,86.2,Computer Networks,72.8,Operating Systems,69.7,simplex|scheduling|simulation|queuing|inventory|optimization|scipy
OR,1,3,Data Science & Analytics,Engineering Mathematics-III,80.87500489887455,Artificial Intelligence,78.7,Data Structures and Algorithms,78.4,Java,77.2,Automata Theory,77.1,supply chain|simplex|authentication|simulation|linear programming|queuing|optimization|scipy
RE,1,3,Network & Wireless Systems,Engineering Mathematics-III,95.81340893902632,Engineering Mathematics-IV,88.87161185863167,Python,71.6,Artificial Intelligence,70.3,Design & Analysis of Algorithms,70.1,weibull|fault tree|simulation|fmea|probability|risk|reliability
OR,1,4,Data Science & Analytics,Data Structures and Algorithms,73.3,Software Engineering,67.68042834592947,Automata Theory,66.9,Python,66.5,C++,65.5,simplex|supply chain|scheduling|linear programming|simulation|queuing|inventory|optimization|scipy
OR,1,1,Data Science & Analytics,Engineering Mathematics-III,61.1,Cryptography & Network Security,60.40534577389588,Python,55.7,Computer Networks,53.12751579500571,Design & Analysis of Algorithms,50.3,scheduling|scipy|simulation|supply chain
EAM,2,3,Mobile & IoT Development|Cloud & Distributed Systems,Digital Logic & Design,72.1,Artificial Intelligence,72.0,Operating Systems,69.0,Engineering Mathematics-III,66.4,C++,64.0,audit|solar|monitoring|power|sensor|iot|quality|efficiency|cyber|renewable
CSL,2,1,Network & Wireless Systems|Cloud & Distributed Systems,Artificial Intelligence,68.3,Operating Systems,67.8,Java,54.3,Digital Logic & Design,48.7,Cryptography & Network Security,46.0,vulnerability|authentication|phishing|cyber|firewall|forensics
EAM,1,1,Mobile & IoT Development,Automata Theory,91.5,Engineering Mathematics-III,89.5,Computer Networks,86.0,Operating Systems,85.5,C++,83.3,solar|monitoring|power|sensor|energy|encryption
OR,2,2,Data Science & Analytics|Artificial Intelligence & Machine Learning,Data Structures and Algorithms,77.0,Database Management Systems,75.3,Engineering Mathematics-IV,68.2,Microcontroller & Embedded Systems,62.0,Computer Networks,61.8,supply chain|scheduling|linear programming|queuing|inventory|probability
DBM,1,0,Web Development,Engineering Mathematics-III,100.0,Software Engineering,100.0,Automata Theory,100.0,Full Stack Development,100.0,IoT,100.0,
EAM,3,1,Mobile & IoT Development|Network & Wireless Systems|Cloud & Distributed Systems,Operating Systems,81.1,Software Engineering,80.7,Database Management Systems,76.5,Digital Logic & Design,73.1,IoT,72.9,renewable|simulation|solar
DBM,1,1,Data Science & Analytics,Artificial Intelligence,100.0,Engineering Mathematics-IV,89.5,Software Engineering,89.5,Design & Analysis of Algorithms,83.0,Full Stack Development,82.8,kpi|ecommerce|agile|react|web
DBM,1,1,Web Development,Artificial Intelligence,84.5,Full Stack Development,77.5,Database Management Systems,72.8,Engineering Mathematics-IV,69.1,Digital Logic & Design,67.8,kpi|digital marketing|dashboard|crm|analytics|web
CSL,1,1,Network & Wireless Systems,C++,60.0,Cryptography & Network Security,58.6,Software Engineering,56.0,Microcontroller & Embedded Systems,44.7,Automata Theory,42.6,vulnerability|cyber|security|firewall
OR,2,4,Data Science & Analytics|Web Development,C++,69.5,Full Stack Development,56.5,Engineering Mathematics-IV,52.8,Automata Theory,49.8,Data Structures and Algorithms,47.2,supply chain|simplex|ecommerce|scheduling|linear programming|simulation|queuing|optimization|inventory|scipy
DBM,1,1,Web Development,Python,92.2,Full Stack Development,87.6,Data Structures and Algorithms,85.0,Automata Theory,82.3,Engineering Mathematics-III,82.1,kpi|digital marketing|dashboard|analytics|seo|web
CSL,2,1,Network & Wireless Systems|Cloud & Distributed Systems,Java,45.5,Engineering Mathematics-IV,36.3,Cryptography & Network Security,27.0,Full Stack Development,24.7,Computer Networks,19.8,vulnerability|authentication|phishing|cyber|firewall|forensics
RE,2,1,Network & Wireless Systems|Cloud & Distributed Systems,Computer Networks,78.17937027998245,Cryptography & Network Security,74.01550686889529,Java,73.1,Design & Analysis of Algorithms,70.0,IoT,61.0,quality|fmea|simulation
RE,3,1,Network & Wireless Systems|Cloud & Distributed Systems|Data Science & Analytics,Engineering Mathematics-III,79.8,Computer Networks,74.9,Microcontroller & Embedded Systems,74.6,C++,67.4,Java,62.6,weibull|statistics|probability
EAM,2,2,Mobile & IoT Development|Network & Wireless Systems,Data Structures and Algorithms,43.8,Python,22.3,C++,19.1,Microcontroller & Embedded Systems,17.1,Artificial Intelligence,10.3,audit|monitoring|power|iot|sensor|hvac|energy
CSL,1,0,Network & Wireless Systems,Software Engineering,64.0993227463829,Engineering Mathematics-III,63.7,Computer Networks,56.2,Microcontroller & Embedded Systems,53.0,Engineering Mathematics-IV,52.6,
RE,1,2,Network & Wireless Systems,Artificial Intelligence,64.8,Full Stack Development,61.1,Computer Networks,48.1,Java,48.1,Engineering Mathematics-IV,46.7,weibull|fault tree|statistics|quality|testing|probability
OR,1,1,Data Science & Analytics,Computer Networks,76.3,Engineering Mathematics-III,70.7,Data Structures and Algorithms,66.3,C++,60.1,Software Engineering,60.0,scipy|supply chain|optimization|audit
RE,2,0,Network & Wireless Systems|Cloud & Distributed Systems,Engineering Mathematics-IV,78.0,Java,70.7,IoT,69.2,Software Engineering,56.2,Engineering Mathematics-III,55.4,
CSL,2,0,Network & Wireless Systems|Web Development,Cryptography & Network Security,75.0,Digital Logic & Design,58.3,C++,56.2,Artificial Intelligence,54.2,Microcontroller & Embedded Systems,54.1,
CSL,1,4,Network & Wireless Systems,Operating Systems,90.3,Database Management Systems,83.4,Design & Analysis of Algorithms,80.8,Automata Theory,78.9,Digital Logic & Design,76.4,authentication|phishing|security|cyber|firewall|network security|forensics|encryption|reliability
RE,1,1,Network & Wireless Systems,Software Engineering,83.6,Engineering Mathematics-III,82.785264437591,Engineering Mathematics-IV,75.16176807405701,Java,74.8,Cryptography & Network Security,73.5,fault tree|statistics|fmea|testing|risk
CSL,2,2,Network & Wireless Systems|Cloud & Distributed Systems,Microcontroller & Embedded Systems,66.5,Engineering Mathematics-IV,65.4,IoT,64.4,Operating Systems,62.2,Data Structures and Algorithms,57.7,authentication|iot|simulation|phishing|security|cyber|firewall
EAM,2,2,Mobile & IoT Development|Network & Wireless Systems,Automata Theory,61.1,Microcontroller & Embedded Systems,57.4,Engineering Mathematics-III,42.3,Full Stack Development,35.8,Digital Logic & Design,35.3,audit|monitoring|iot|renewable|energy
CSL,1,2,Network & Wireless Systems,Operating Systems,100.0,Computer Networks,100.0,C++,100.0,Automata Theory,100.0,Cryptography & Network Security,100.0,vulnerability|statistics|authentication|security|cyber|forensics
CSL,1,2,Network & Wireless Systems,Artificial Intelligence,77.0,Engineering Mathematics-IV,64.6,Digital Logic & Design,60.3,Database Management Systems,58.5,Operating Systems,58.5,vulnerability|authentication|phishing|security|network security|forensics|encryption
OR,2,3,Data Science & Analytics|Artificial Intelligence & Machine Learning,C++,67.8,Design & Analysis of Algorithms,64.9,Engineering Mathematics-III,61.9,Full Stack Development,60.9,Java,56.9,simplex|supply chain|scheduling|simulation|linear programming|security|scipy|hvac|queuing|inventory
CSL,1,1,Network & Wireless Systems,Design & Analysis of Algorithms,73.5,Full Stack Development,73.1,Python,65.3,Computer Networks,63.4,Digital Logic & Design,57.4,authentication|phishing|cyber|network security
RE,2,1,Network & Wireless Systems|Cloud & Distributed Systems,Automata Theory,95.9,Software Engineering,90.9,Engineering Mathematics-IV,89.0,Operating Systems,87.6,Engineering Mathematics-III,86.6,statistics|quality|fmea|reliability
RE,2,2,Network & Wireless Systems|Data Science & Analytics,IoT,100.0,Engineering Mathematics-IV,92.3,Engineering Mathematics-III,91.7,Artificial Intelligence,89.8,Digital Logic & Design,88.9,quality|simulation|reliability|probability
EAM,1,2,Mobile & IoT Development,Python,52.7,Engineering Mathematics-III,49.9,C++,44.1,IoT,43.1,Digital Logic & Design,40.1,audit|solar|iot|efficiency|hvac|energy
EAM,1,3,Mobile & IoT Development,Java,87.7,Microcontroller & Embedded Systems,86.3,Cryptography & Network Security,84.1,Computer Networks,82.4,IoT,80.7,audit|solar|monitoring|power|iot|efficiency|hvac|energy
EAM,1,1,Mobile & IoT Development,Database Management Systems,100.0,Design & Analysis of Algorithms,88.6,Microcontroller & Embedded Systems,87.5,Engineering Mathematics-III,85.7,C++,84.7,iot|efficiency|renewable|inventory|energy
OR,1,1,Data Science & Analytics,Design & Analysis of Algorithms,67.2,Data Structures and Algorithms,60.0,Operating Systems,58.8,Cryptography & Network Security,57.1,Engineering Mathematics-III,54.8,probability|simplex|inventory|optimization
DBM,3,1,Data Science & Analytics|Web Development|Cloud & Distributed Systems,Engineering Mathematics-III,51.7,Design & Analysis of Algorithms,45.6,Full Stack Development,45.6,Automata Theory,41.2,Python,39.5,kpi|ecommerce|digital marketing|dashboard|crm|seo
OR,2,2,Data Science & Analytics|Artificial Intelligence & Machine Learning,Automata Theory,62.9,C++,58.7,Engineering Mathematics-III,56.2,Software Engineering,55.3,Cryptography & Network Security,42.81223972202495,simplex|scheduling|linear programming|simulation|queuing|inventory|scipy
CSL,1,2,Network & Wireless Systems,Engineering Mathematics-IV,77.6,Design & Analysis of Algorithms,75.7,Full Stack Development,74.8,Automata Theory,74.7,Cryptography & Network Security,73.6,vulnerability|authentication|security|cyber|network security|forensics
CSL,1,0,Network & Wireless Systems,Python,87.4,Computer Networks,79.1,Artificial Intelligence,76.2,IoT,73.6,Cryptography & Network Security,72.0,
CSL,2,1,Network & Wireless Systems|Cloud & Distributed Systems,Data Structures and Algorithms,49.3,Computer Networks,41.6,Database Management Systems,40.6,Engineering Mathematics-III,32.0,Full Stack Development,23.4,vulnerability|iot|forensics
OR,2,1,Data Science & Analytics|Artificial Intelligence & Machine Learning,Python,80.3,Full Stack Development,63.0,Engineering Mathematics-IV,59.46577692321334,Automata Theory,54.2,Engineering Mathematics-III,52.7023352793528,supply chain|scheduling|cyber|queuing|inventory|optimization|scipy
CSL,2,2,Network & Wireless Systems|Web Development,Computer Networks,89.6,Design & Analysis of Algorithms,79.4,IoT,73.5,C++,71.8,Operating Systems,71.2,vulnerability|firewall|network security|forensics|encryption
DBM,2,3,Data Science & Analytics|Mobile & IoT Development,Database Management Systems,100.0,Full Stack Development,85.0,Artificial Intelligence,84.3,Engineering Mathematics-IV,78.9,Data Structures and Algorithms,77.5,kpi|ecommerce|iot|crm|analytics|seo|risk|web
CSL,1,4,Network & Wireless Systems,Cryptography & Network Security,92.2,Database Management Systems,90.6,Operating Systems,87.8,Software Engineering,85.4,Python,85.3,vulnerability|fault tree|statistics|authentication|phishing|security|cyber|firewall|network security|forensics
RE,1,3,Network & Wireless Systems,Microcontroller & Embedded Systems,88.7,Engineering Mathematics-IV,76.9,Automata Theory,70.7,Python,69.1,Software Engineering,66.3,weibull|ecommerce|statistics|simulation|testing|fmea|reliability
OR,1,4,Data Science & Analytics,Engineering Mathematics-IV,73.0,Database Management Systems,65.6,Engineering Mathematics-III,62.6,Operating Systems,58.8,Java,58.2,supply chain|simplex|scheduling|linear programming|simulation|queuing|inventory|optimization|scipy
DBM,3,4,Web Development|Data Science & Analytics|Cloud & Distributed Systems,Cryptography & Network Security,86.6,Database Management Systems,84.7,Computer Networks,83.2,Data Structures and Algorithms,80.5,IoT,77.5,kpi|ecommerce|digital marketing|dashboard|simulation|agile|crm|analytics|react|web
OR,2,2,Data Science & Analytics|Artificial Intelligence & Machine Learning,Engineering Mathematics-III,91.0,Database Management Systems,86.2542539168659,Operating Systems,85.1,Computer Networks,85.0,Artificial Intelligence,84.7,simplex|supply chain|scheduling|simulation|linear programming|queuing
OR,2,3,Data Science & Analytics|Artificial Intelligence & Machine Learning,Engineering Mathematics-IV,79.0,C++,73.6,Database Management Systems,71.5,Engineering Mathematics-III,67.0,IoT,66.01714605753307,simplex|supply chain|scheduling|simulation|fmea|queuing|inventory|optimization|scipy|web
EAM,1,1,Mobile & IoT Development,IoT,95.2,Cryptography & Network Security,89.7,Data Structures and Algorithms,89.5,Digital Logic & Design,87.7,Computer Networks,86.1,inventory|efficiency|hvac
OR,1,3,Data Science & Analytics,Engineering Mathematics-III,100.0,Data Structures and Algorithms,92.1,Cryptography & Network Security,91.4,Full Stack Development,90.7,Design & Analysis of Algorithms,90.1,supply chain|simplex|scheduling|sensor|simulation|linear programming|queuing|optimization|inventory|scipy
OR,1,0,Data Science & Analytics,Microcontroller & Embedded Systems,63.8,Artificial Intelligence,53.9,Engineering Mathematics-III,53.7,Cryptography & Network Security,50.1,C++,45.6,
EAM,2,2,Mobile & IoT Development|Network & Wireless Systems,Microcontroller & Embedded Systems,80.7,Software Engineering,79.39021141112848,Data Structures and Algorithms,72.5,Database Management Systems,67.09657116129291,IoT,58.4,power|sensor|iot|agile|efficiency
CSL,1,3,Network & Wireless Systems,Artificial Intelligence,87.7,Cryptography & Network Security,78.5,Operating Systems,78.4,Software Engineering,76.1,Engineering Mathematics-IV,75.4,vulnerability|authentication|phishing|security|cyber|fmea|network security|encryption
RE,1,1,Network & Wireless Systems,Operating Systems,84.0,Digital Logic & Design,69.5,Java,65.8,IoT,63.9,Computer Networks,62.1,weibull|quality|simulation|fault tree
EAM,2,4,Mobile & IoT Development|Network & Wireless Systems,Software Engineering,56.7,IoT,52.4,Digital Logic & Design,52.0,Database Management Systems,48.4,Data Structures and Algorithms,44.9,audit|solar|monitoring|power|iot|efficiency|hvac|renewable|energy
CSL,1,2,Network & Wireless Systems,Database Management Systems,92.2,Cryptography & Network Security,90.5,Full Stack Development,90.2,Computer Networks,88.4,Artificial Intelligence,86.2,vulnerability|authentication|security|cyber|network security|encryption
RE,1,4,Network & Wireless Systems,Cryptography & Network Security,59.8,Software Engineering,57.4,Artificial Intelligence,57.4,Design & Analysis of Algorithms,47.1,Full Stack Development,45.8,weibull|simplex|kpi|fault tree|statistics|quality|simulation|testing|probability|risk
DBM,2,3,Web Development|Data Science & Analytics,Software Engineering,79.4,Microcontroller & Embedded Systems,71.4,Engineering Mathematics-IV,66.6,Full Stack Development,66.0,IoT,64.0,kpi|ecommerce|digital marketing|dashboard|agile|crm|analytics|seo|web
DBM,1,3,Web Development,C++,55.8,Artificial Intelligence,52.4,Software Engineering,51.7,Java,46.6,IoT,45.5,digital marketing|dashboard|hvac|crm|analytics|seo
OR,1,3,Data Science & Analytics,Computer Networks,97.1,Design & Analysis of Algorithms,86.0,Engineering Mathematics-IV,84.1,Digital Logic & Design,80.2,Cryptography & Network Security,77.5,simplex|supply chain|linear programming|simulation|queuing|optimization|scipy|reliability
RE,2,0,Network & Wireless Systems|Cloud & Distributed Systems,Python,88.6,IoT,85.1,C++,79.7,Computer Networks,70.4,Engineering Mathematics-IV,68.5,
CSL,2,2,Network & Wireless Systems|Cloud & Distributed Systems,Automata Theory,86.5,Python,83.6,Computer Networks,79.5,Cryptography & Network Security,78.7,Engineering Mathematics-IV,71.17655744984468,vulnerability|authentication|security|network security|encryption
EAM,1,3,Mobile & IoT Development,Computer Networks,97.0,Software Engineering,96.57974882263778,IoT,95.6,Design & Analysis of Algorithms,92.0,Database Management Systems,91.5235308274447,vulnerability|audit|solar|monitoring|power|iot|sensor|efficiency|hvac|renewable
RE,1,1,Network & Wireless Systems,Engineering Mathematics-IV,79.70068454770856,Data Structures and Algorithms,77.0,Microcontroller & Embedded Systems,73.4,Design & Analysis of Algorithms,73.1,Engineering Mathematics-III,64.7,weibull|seo|statistics|fault tree
CSL,2,2,Network & Wireless Systems|Cloud & Distributed Systems,Engineering Mathematics-IV,78.3,Computer Networks,75.8,Operating Systems,74.0,Java,66.9,Digital Logic & Design,66.5,vulnerability|authentication|dashboard|phishing|security|cyber|network security|encryption
DBM,2,1,Web Development|Cloud & Distributed Systems,Cryptography & Network Security,100.0,Computer Networks,99.91051799887026,Software Engineering,97.2,Automata Theory,95.9,Operating Systems,93.9,kpi|ecommerce|agile|react|seo
DBM,1,1,Web Development,Python,76.5,Software Engineering,75.7,Artificial Intelligence,74.1,Engineering Mathematics-III,73.6,Automata Theory,72.9,seo|kpi|web|crm
RE,1,2,Network & Wireless Systems,Engineering Mathematics-IV,100.0,Computer Networks,100.0,Microcontroller & Embedded Systems,98.0,Database Management Systems,91.8,IoT,90.7,weibull|testing|probability|risk|reliability
OR,1,1,Data Science & Analytics,Design & Analysis of Algorithms,93.7,Microcontroller & Embedded Systems,92.1,Operating Systems,84.4,Full Stack Development,84.4,Computer Networks,84.3,supply chain|scheduling|simulation|linear programming|scipy
RE,2,0,Network & Wireless Systems|Cloud & Distributed Systems,IoT,42.8,Engineering Mathematics-III,39.0,C++,32.4,Data Structures and Algorithms,23.2,Automata Theory,22.6,
RE,2,2,Network & Wireless Systems|Data Science & Analytics,Engineering Mathematics-III,59.3,Cryptography & Network Security,49.1,Full Stack Development,44.2,Database Management Systems,41.2,Operating Systems,40.3,weibull|fault tree|statistics|quality|simulation|fmea|testing|reliability
DBM,2,1,Web Development|Data Science & Analytics,Full Stack Development,78.0,Engineering Mathematics-IV,75.6,Java,64.4,Computer Networks,63.8,Digital Logic & Design,59.5,kpi|crm|security
RE,1,1,Network & Wireless Systems,Engineering Mathematics-IV,64.7,Microcontroller & Embedded Systems,63.79182710709732,C++,61.3,Software Engineering,51.5,Engineering Mathematics-III,44.4,weibull|fmea|risk
RE,1,2,Network & Wireless Systems,Microcontroller & Embedded Systems,81.1654013222359,Full Stack Development,78.7,IoT,77.06312386094706,Engineering Mathematics-IV,73.4,Operating Systems,71.6,weibull|fault tree|statistics|quality|simulation|fmea|testing|probability|risk
RE,1,1,Network & Wireless Systems,Design & Analysis of Algorithms,58.7,Operating Systems,57.7,Computer Networks,56.3,Artificial Intelligence,55.3,C++,51.6,weibull|fault tree|statistics|risk|reliability
EAM,2,1,Mobile & IoT Development|Cloud & Distributed Systems,C++,76.4,IoT,75.4,Java,74.3,Design & Analysis of Algorithms,70.3,Data Structures and Algorithms,67.1,audit|solar|power|sensor|hvac
RE,2,3,Network & Wireless Systems|Data Science & Analytics,Engineering Mathematics-IV,56.0,IoT,50.0,Python,46.4,Engineering Mathematics-III,45.0,Microcontroller & Embedded Systems,44.0,weibull|kpi|fault tree|statistics|simulation|fmea|risk|reliability
RE,2,2,Network & Wireless Systems|Cloud & Distributed Systems,Design & Analysis of Algorithms,57.3,Cryptography & Network Security,47.7,Computer Networks,44.9,IoT,38.3,Artificial Intelligence,37.4,weibull|fault tree|statistics|simulation|fmea|testing|probability
OR,1,3,Data Science & Analytics,Design & Analysis of Algorithms,64.3,Engineering Mathematics-III,62.4,Full Stack Development,57.0,Automata Theory,55.7,Python,55.0,simplex|supply chain|scheduling|simulation|queuing|crm|inventory|optimization|scipy
DBM,1,1,Web Development,Database Management Systems,95.5,Java,90.4,Cryptography & Network Security,89.8,Python,88.4,Data Structures and Algorithms,86.4,kpi|ecommerce|dashboard|agile|crm|react
CSL,1,3,Network & Wireless Systems,Data Structures and Algorithms,61.9,Java,60.4,C++,54.4,Automata Theory,52.0,Cryptography & Network Security,51.6,vulnerability|digital marketing|authentication|phishing|security|cyber|network security|forensics|encryption
RE,2,2,Network & Wireless Systems|Cloud & Distributed Systems,Engineering Mathematics-III,76.4,C++,75.6,Data Structures and Algorithms,74.6,Engineering Mathematics-IV,71.8,Operating Systems,69.0,fault tree|quality|simulation|testing|fmea|probability|risk|reliability
RE,1,2,Network & Wireless Systems,IoT,65.9,Engineering Mathematics-IV,57.2,Database Management Systems,55.8,Engineering Mathematics-III,52.2,Automata Theory,49.2,weibull|network security|fault tree|statistics|quality|simulation|testing|probability
OR,1,2,Data Science & Analytics,Operating Systems,69.0,Computer Networks,66.0,Automata Theory,61.7,Software Engineering,58.7,Artificial Intelligence,58.0,simplex|linear programming|cyber|queuing|inventory|optimization
CSL,1,3,Network & Wireless Systems,Digital Logic & Design,100.0,Automata Theory,91.6,Full Stack Development,84.4,IoT,83.3,Java,81.4,vulnerability|authentication|sensor|phishing|cyber|firewall|encryption
EAM,2,4,Mobile & IoT Development|Network & Wireless Systems,Database Management Systems,43.3,Java,43.3,Automata Theory,37.9,Software Engineering,36.1,Engineering Mathematics-IV,34.9,audit|solar|monitoring|power|sensor|efficiency|hvac|renewable|energy
DBM,1,2,Web Development,Database Management Systems,47.1,Data Structures and Algorithms,44.8,Full Stack Development,39.1,Operating Systems,38.2,IoT,37.8,kpi|ecommerce|digital marketing|dashboard|simulation|agile|crm|react|seo
DBM,2,1,Data Science & Analytics|Web Development,Java,82.9,Design & Analysis of Algorithms,72.1,IoT,67.8,Engineering Mathematics-IV,66.3,Data Structures and Algorithms,66.0,seo|web|react
RE,2,0,Network & Wireless Systems|Data Science & Analytics,IoT,64.1,Automata Theory,59.9,Engineering Mathematics-IV,58.4,C++,57.3,Java,56.6,
OR,1,2,Data Science & Analytics,Engineering Mathematics-III,100.0,Engineering Mathematics-IV,100.0,Microcontroller & Embedded Systems,100.0,Software Engineering,100.0,Python,100.0,simplex|linear programming|simulation|queuing|inventory|optimization|scipy
DBM,3,1,Web Development|Data Science & Analytics|Cloud & Distributed Systems,Engineering Mathematics-IV,78.46301065373461,Engineering Mathematics-III,74.39220935709243,Database Management Systems,68.3,Automata Theory,65.6,Full Stack Development,64.2,kpi|agile|crm|inventory|web
OR,2,0,Data Science & Analytics|Web Development,Engineering Mathematics-IV,95.1,Operating Systems,83.8,Engineering Mathematics-III,82.7,Artificial Intelligence,76.9,C++,76.8,
EAM,1,3,Mobile & IoT Development,Operating Systems,65.6,Computer Networks,57.2,Digital Logic & Design,56.5,Design & Analysis of Algorithms,56.1,C++,50.9,audit|power|sensor|iot|efficiency|hvac|renewable|queuing|energy
EAM,1,1,Mobile & IoT Development,IoT,86.7,Python,83.2,Engineering Mathematics-III,68.8636681968262,Digital Logic & Design,64.8,Computer Networks,61.5,solar|monitoring|power|iot|efficiency
CSL,1,0,Network & Wireless Systems,Computer Networks,76.0,Data Structures and Algorithms,59.5,Engineering Mathematics-III,59.0,Microcontroller & Embedded Systems,52.2,Digital Logic & Design,50.7,
CSL,1,1,Network & Wireless Systems,Cryptography & Network Security,93.0,Microcontroller & Embedded Systems,89.3,Computer Networks,88.1,Operating Systems,87.9,Python,84.1,forensics|cyber
OR,3,0,Data Science & Analytics|Artificial Intelligence & Machine Learning|Web Development,Java,71.9,Digital Logic & Design,58.5,Cryptography & Network Security,55.3,Engineering Mathematics-IV,52.3,Software Engineering,50.3,
OR,2,3,Data Science & Analytics|Artificial Intelligence & Machine Learning,Engineering Mathematics-III,100.0,Data Structures and Algorithms,100.0,Software Engineering,100.0,Digital Logic & Design,99.3,Java,99.3,supply chain|simplex|scheduling|sensor|simulation|linear programming|inventory|optimization|scipy
EAM,1,3,Mobile & IoT Development,Operating Systems,100.0,Software Engineering,93.2,C++,91.7,Automata Theory,89.3,Microcontroller & Embedded Systems,88.4,audit|solar|monitoring|power|sensor|iot|efficiency|hvac|renewable|energy
EAM,1,1,Mobile & IoT Development,C++,48.7,Java,48.2,Automata Theory,46.4,Design & Analysis of Algorithms,45.5,Artificial Intelligence,43.9,monitoring|power|hvac|renewable|queuing
EAM,2,4,Mobile & IoT Development|Network & Wireless Systems,Engineering Mathematics-III,58.64956518172835,Engineering Mathematics-IV,51.964704914910826,Database Management Systems,47.8,Data Structures and Algorithms,47.4,Microcontroller & Embedded Systems,44.1,audit|solar|power|sensor|efficiency|hvac|renewable|network security|energy
CSL,3,2,Network & Wireless Systems|Cloud & Distributed Systems|Web Development,IoT,63.0,Digital Logic & Design,59.2,Microcontroller & Embedded Systems,58.8,C++,58.2,Artificial Intelligence,53.5,vulnerability|authentication|phishing|security|cyber|firewall|forensics|encryption
DBM,3,2,Data Science & Analytics|Web Development|Cloud & Distributed Systems,Full Stack Development,97.2,IoT,93.5,Database Management Systems,91.9,Data Structures and Algorithms,90.0,Python,84.2,kpi|ecommerce|agile|phishing|crm|seo
EAM,1,1,Mobile & IoT Development,Microcontroller & Embedded Systems,79.6,Engineering Mathematics-III,69.1,Digital Logic & Design,68.5,Database Management Systems,68.1,Automata Theory,64.7,audit|solar|monitoring|scheduling|iot|renewable
OR,2,4,Data Science & Analytics|Artificial Intelligence & Machine Learning,Python,55.5,Data Structures and Algorithms,49.0,Cryptography & Network Security,49.0,Automata Theory,44.4,Database Management Systems,43.4,simplex|supply chain|dashboard|linear programming|simulation|queuing|optimization|inventory|scipy|energy
EAM,1,4,Mobile & IoT Development,Design & Analysis of Algorithms,81.5,Cryptography & Network Security,80.9,Operating Systems,76.4,Digital Logic & Design,75.3,IoT,72.6,audit|solar|monitoring|scheduling|sensor|iot|simulation|efficiency|hvac|renewable
RE,1,1,Network & Wireless Systems,Automata Theory,91.9,Java,91.5,Engineering Mathematics-III,89.3,Software Engineering,88.7,Cryptography & Network Security,85.7,statistics|quality|simulation|fault tree
OR,2,4,Data Science & Analytics|Artificial Intelligence & Machine Learning,Operating Systems,100.0,Software Engineering,100.0,Cryptography & Network Security,100.0,Computer Networks,96.64028599027857,C++,92.4,simplex|supply chain|scheduling|simulation|linear programming|efficiency|queuing|inventory|optimization|scipy
OR,1,2,Data Science & Analytics,Java,69.1,Engineering Mathematics-III,64.2,Engineering Mathematics-IV,62.8,Data Structures and Algorithms,62.4,Full Stack Development,59.8,network security|supply chain|simplex|linear programming|queuing|optimization|inventory|scipy
CSL,1,2,Network & Wireless Systems,Computer Networks,58.9,Artificial Intelligence,57.8,Data Structures and Algorithms,55.3,C++,52.2,Java,47.5,vulnerability|phishing|agile|cyber|network security
RE,2,2,Network & Wireless Systems|Cloud & Distributed Systems,Operating Systems,77.8,Data Structures and Algorithms,74.5,Automata Theory,72.4,Python,70.5,Engineering Mathematics-IV,67.1,weibull|fault tree|simulation|testing|fmea|reliability
DBM,2,1,Web Development|Mobile & IoT Development,Python,52.1,Database Management Systems,43.2,Digital Logic & Design,40.0,Computer Networks,37.4,C++,35.1,agile|ecommerce|analytics
OR,2,2,Data Science & Analytics|Artificial Intelligence & Machine Learning,Operating Systems,68.4,Design & Analysis of Algorithms,52.4,Database Management Systems,48.0,Digital Logic & Design,46.0,Full Stack Development,42.9,supply chain|solar|scheduling|linear programming|simulation|queuing|scipy
EAM,1,2,Mobile & IoT Development,C++,68.8,Microcontroller & Embedded Systems,68.1,IoT,62.8,Engineering Mathematics-III,61.2,Software Engineering,56.4,solar|monitoring|power|sensor|efficiency
EAM,2,2,Mobile & IoT Development|Network & Wireless Systems,Operating Systems,81.1,Database Management Systems,66.0,C++,54.3,Full Stack Development,52.0,Cryptography & Network Security,48.9,iot|audit|renewable|power
RE,2,4,Network & Wireless Systems|Cloud & Distributed Systems,Engineering Mathematics-III,87.5,Engineering Mathematics-IV,80.3,Full Stack Development,77.6,Automata Theory,76.6,Computer Networks,76.4,weibull|scheduling|quality|simulation|fmea|testing|probability|seo|risk|reliability
OR,2,2,Data Science & Analytics|Artificial Intelligence & Machine Learning,Computer Networks,68.9,Design & Analysis of Algorithms,66.0,Digital Logic & Design,63.5,Engineering Mathematics-IV,62.3,Engineering Mathematics-III,61.7,network security|supply chain|simplex|scheduling|linear programming|queuing|optimization|inventory|scipy
OR,1,3,Data Science & Analytics,Software Engineering,85.02993567126039,Engineering Mathematics-III,77.6,IoT,71.6,Automata Theory,71.1,Database Management Systems,70.47578110566981,simplex|supply chain|power|simulation|queuing|scipy
EAM,2,2,Mobile & IoT Development|Network & Wireless Systems,Database Management Systems,96.0,Digital Logic & Design,94.6,Engineering Mathematics-III,94.2,Operating Systems,94.2,Design & Analysis of Algorithms,92.2,sensor|iot|analytics|hvac
CSL,3,2,Network & Wireless Systems|Cloud & Distributed Systems|Web Development,Microcontroller & Embedded Systems,60.8,Computer Networks,47.8,Cryptography & Network Security,42.1,C++,39.2,Artificial Intelligence,38.3,vulnerability|security|firewall|network security|encryption
CSL,2,2,Network & Wireless Systems|Cloud & Distributed Systems,Engineering Mathematics-III,59.67697961006577,C++,57.1,Python,55.8,Java,54.6,Artificial Intelligence,52.9,vulnerability|security|network security|forensics|encryption
RE,1,3,Network & Wireless Systems,Engineering Mathematics-III,71.7,Engineering Mathematics-IV,69.1,Automata Theory,63.4,Digital Logic & Design,63.3,Microcontroller & Embedded Systems,63.3,weibull|fault tree|statistics|probability|quality|simulation|hvac|fmea|testing|react
CSL,1,1,Network & Wireless Systems,Computer Networks,80.4,Digital Logic & Design,78.7,Cryptography & Network Security,68.4,Software Engineering,52.6,Data Structures and Algorithms,50.8,authentication|phishing|security|cyber|network security
CSL,1,1,Network & Wireless Systems,C++,74.0,Python,67.4,Computer Networks,63.6,Microcontroller & Embedded Systems,62.0,IoT,54.6,vulnerability|authentication|security|firewall|encryption
OR,2,2,Data Science & Analytics|Web Development,Engineering Mathematics-III,77.9,Design & Analysis of Algorithms,66.5,Data Structures and Algorithms,65.8,Python,63.7,Engineering Mathematics-IV,63.1,simplex|supply chain|scheduling|linear programming|testing|queuing|optimization|scipy
DBM,2,1,Data Science & Analytics|Web Development,IoT,75.0,Operating Systems,74.2,Design & Analysis of Algorithms,70.6,Automata Theory,69.4,Engineering Mathematics-III,68.8,kpi|ecommerce|crm|react|risk|web
RE,1,0,Network & Wireless Systems,Artificial Intelligence,68.4,Operating Systems,66.1,Automata Theory,64.4,Design & Analysis of Algorithms,60.2,Microcontroller & Embedded Systems,57.9,
CSL,1,3,Network & Wireless Systems,Computer Networks,77.7,Engineering Mathematics-IV,69.43338718072906,Cryptography & Network Security,69.4,Automata Theory,67.9,Operating Systems,66.9,vulnerability|authentication|phishing|firewall|forensics|encryption
CSL,2,0,Network & Wireless Systems|Cloud & Distributed Systems,Design & Analysis of Algorithms,59.3,Engineering Mathematics-IV,54.1,Engineering Mathematics-III,53.2,Computer Networks,52.8,Digital Logic & Design,52.4,
CSL,2,1,Network & Wireless Systems|Cloud & Distributed Systems,Data Structures and Algorithms,61.8,Operating Systems,60.5,Engineering Mathematics-IV,53.4,Software Engineering,46.0,Database Management Systems,45.6,authentication|inventory|encryption|cyber
OR,1,3,Data Science & Analytics,Digital Logic & Design,72.1,Data Structures and Algorithms,72.0,Java,69.4,Engineering Mathematics-IV,66.6,Engineering Mathematics-III,56.8,simplex|statistics|linear programming|simulation|agile|queuing|optimization|inventory|scipy
RE,2,3,Network & Wireless Systems|Cloud & Distributed Systems,Engineering Mathematics-III,93.1,C++,89.0,Cryptography & Network Security,84.6,Database Management Systems,80.5,Engineering Mathematics-IV,79.2,weibull|fault tree|statistics|quality|simulation|testing|fmea|probability|risk|reliability
DBM,2,1,Data Science & Analytics|Web Development,Full Stack Development,85.2,Data Structures and Algorithms,83.8,Engineering Mathematics-IV,69.8,Python,68.3,Digital Logic & Design,61.4,vulnerability|kpi|digital marketing|dashboard|agile
EAM,2,3,Mobile & IoT Development|Network & Wireless Systems,Design & Analysis of Algorithms,56.5,Microcontroller & Embedded Systems,52.3,Computer Networks,46.1,Software Engineering,45.62607753159635,Artificial Intelligence,34.1,solar|monitoring|power|scheduling|iot|sensor|efficiency|hvac|energy
OR,2,3,Data Science & Analytics|Artificial Intelligence & Machine Learning,Engineering Mathematics-III,88.6,Engineering Mathematics-IV,83.6,IoT,81.5,Database Management Systems,70.6,Digital Logic & Design,68.8,simplex|supply chain|scheduling|linear programming|simulation|queuing|inventory|optimization|scipy
DBM,3,0,Web Development|Data Science & Analytics|Cloud & Distributed Systems,Engineering Mathematics-III,68.8,Full Stack Development,63.4,Database Management Systems,60.7,Design & Analysis of Algorithms,58.8,Automata Theory,55.8,
DBM,3,3,Data Science & Analytics|Web Development|Cloud & Distributed Systems,Python,80.6,Full Stack Development,76.9,Artificial Intelligence,74.6,Database Management Systems,74.0,Java,73.1,kpi|ecommerce|monitoring|digital marketing|scheduling|dashboard|crm|analytics|react|optimization
OR,2,1,Data Science & Analytics|Artificial Intelligence & Machine Learning,IoT,73.7,Database Management Systems,72.3,Design & Analysis of Algorithms,72.0,Cryptography & Network Security,68.3,Engineering Mathematics-IV,66.9,scipy|simplex|supply chain|optimization
OR,1,1,Data Science & Analytics,Engineering Mathematics-III,62.5,IoT,60.3,Engineering Mathematics-IV,58.3,Database Management Systems,56.8,Java,54.1,supply chain|simulation|queuing|optimization
EAM,3,1,Mobile & IoT Development|Network & Wireless Systems|Cloud & Distributed Systems,Computer Networks,70.9,Software Engineering,67.2,Database Management Systems,66.2,Java,65.8,Engineering Mathematics-IV,62.5,sensor|firewall|solar|efficiency
CSL,1,1,Network & Wireless Systems,Artificial Intelligence,40.5,Data Structures and Algorithms,34.4,Computer Networks,32.8,IoT,27.7,Software Engineering,27.4,vulnerability|phishing|security|network security|encryption
EAM,1,1,Mobile & IoT Development,Data Structures and Algorithms,78.5,Microcontroller & Embedded Systems,75.9,IoT,73.6,Cryptography & Network Security,68.7,Artificial Intelligence,67.2,sensor|efficiency
DBM,3,1,Data Science & Analytics|Web Development|Cloud & Distributed Systems,Software Engineering,84.5,Python,76.3,C++,73.9,Engineering Mathematics-III,66.29638928072671,Operating Systems,65.9,seo|web|agile|digital marketing
OR,1,2,Data Science & Analytics,Software Engineering,94.05257922103436,Design & Analysis of Algorithms,75.9,Data Structures and Algorithms,67.9,Python,67.4,Digital Logic & Design,64.3,supply chain|simplex|scheduling|statistics|optimization|risk
OR,1,3,Data Science & Analytics,Engineering Mathematics-III,80.6,IoT,76.85174118394522,Operating Systems,75.5,Data Structures and Algorithms,75.1,Cryptography & Network Security,73.0,simplex|scheduling|linear programming|simulation|renewable|optimization|inventory
CSL,1,3,Network & Wireless Systems,Data Structures and Algorithms,81.1,C++,76.8,Software Engineering,75.4,Cryptography & Network Security,72.6,Database Management Systems,70.6,vulnerability|ecommerce|statistics|phishing|security|cyber|fmea|firewall|network security|forensics
RE,2,3,Network & Wireless Systems|Cloud & Distributed Systems,Engineering Mathematics-III,100.0,Engineering Mathematics-IV,99.21750029149482,Artificial Intelligence,88.0,Operating Systems,87.7,Java,85.0,fault tree|statistics|simulation|hvac|fmea|probability|reliability
CSL,1,2,Network & Wireless Systems,Computer Networks,89.2,IoT,76.5,Automata Theory,73.4,Data Structures and Algorithms,72.9,Operating Systems,70.7,authentication|phishing|cyber|network security
DBM,3,1,Web Development|Data Science & Analytics|Cloud & Distributed Systems,Design & Analysis of Algorithms,55.1,Digital Logic & Design,54.2,Microcontroller & Embedded Systems,51.3,Artificial Intelligence,50.4,Data Structures and Algorithms,49.7,ecommerce|analytics|digital marketing
EAM,1,2,Mobile & IoT Development,Data Structures and Algorithms,58.7,Digital Logic & Design,40.4,Python,31.4,Database Management Systems,28.1,IoT,28.0,audit|monitoring|iot|sensor|energy
CSL,2,1,Network & Wireless Systems|Cloud & Distributed Systems,Microcontroller & Embedded Systems,77.0,Computer Networks,76.4,Cryptography & Network Security,65.6,Artificial Intelligence,65.1,Full Stack Development,60.7,authentication|phishing|firewall|network security|forensics
DBM,1,1,Data Science & Analytics,C++,100.0,Java,98.8,Engineering Mathematics-IV,96.4,Cryptography & Network Security,94.7,Data Structures and Algorithms,92.2,dashboard|crm|analytics|react|web
RE,1,0,Network & Wireless Systems,C++,81.4,Digital Logic & Design,80.6,Java,78.1,IoT,77.4,Engineering Mathematics-IV,77.2,
CSL,1,0,Network & Wireless Systems,IoT,90.7,Cryptography & Network Security,84.3,Python,82.8,Engineering Mathematics-III,75.9,Data Structures and Algorithms,72.7,
RE,2,1,Network & Wireless Systems|Cloud & Distributed Systems,Software Engineering,53.8,Design & Analysis of Algorithms,51.0,Engineering Mathematics-III,50.8,Artificial Intelligence,50.2,Microcontroller & Embedded Systems,50.1,statistics|quality|probability|risk|reliability
CSL,1,4,Network & Wireless Systems,Computer Networks,67.0,Operating Systems,66.9,Cryptography & Network Security,64.6,Python,63.5,Artificial Intelligence,61.9,simplex|authentication|phishing|security|cyber|firewall|network security|forensics|encryption
EAM,3,1,Mobile & IoT Development|Network & Wireless Systems|Cloud & Distributed Systems,IoT,93.5,Engineering Mathematics-III,76.4,Cryptography & Network Security,73.9,Design & Analysis of Algorithms,66.4,Digital Logic & Design,65.3,supply chain|monitoring|power|iot|efficiency|hvac
EAM,1,2,Mobile & IoT Development,Computer Networks,73.3,Python,70.2,Artificial Intelligence,68.6,Cryptography & Network Security,64.5,Database Management Systems,63.6,audit|monitoring|power|renewable|energy
RE,1,4,Network & Wireless Systems,Microcontroller & Embedded Systems,56.2,Database Management Systems,51.4,Python,51.1,Operating Systems,51.0,Full Stack Development,50.5,fault tree|quality|sensor|simulation|linear programming|fmea|testing|probability|risk|web
EAM,2,2,Mobile & IoT Development|Network & Wireless Systems,Engineering Mathematics-III,96.71408698684112,Microcontroller & Embedded Systems,85.3,Cryptography & Network Security,79.6,Automata Theory,78.2,Digital Logic & Design,76.6,audit|fault tree|power|sensor|renewable|energy|reliability
CSL,1,1,Network & Wireless Systems,C++,53.0,Python,48.8,Cryptography & Network Security,46.7,Microcontroller & Embedded Systems,46.4,Operating Systems,46.0,forensics|security|firewall|network security
DBM,2,3,Web Development|Data Science & Analytics,Java,88.5,Operating Systems,78.5,Design & Analysis of Algorithms,77.4,Python,73.1,Full Stack Development,72.0,ecommerce|digital marketing|dashboard|agile|renewable|crm|analytics|react|seo|web
CSL,2,1,Network & Wireless Systems|Web Development,Cryptography & Network Security,68.8,Operating Systems,53.9,Artificial Intelligence,52.0,Microcontroller & Embedded Systems,43.0,Database Management Systems,40.3,forensics|phishing|security|firewall
RE,2,3,Network & Wireless Systems|Data Science & Analytics,Java,75.6,Data Structures and Algorithms,64.6,Cryptography & Network Security,59.1,Engineering Mathematics-III,58.3,Operating Systems,56.6,weibull|statistics|quality|simulation|phishing|fmea|probability|risk|reliability
CSL,1,1,Network & Wireless Systems,Operating Systems,76.3,Computer Networks,74.5,Database Management Systems,73.4,Java,71.0,Full Stack Development,70.5,authentication|network security
OR,1,4,Data Science & Analytics,Automata Theory,59.4,Database Management Systems,49.6,Cryptography & Network Security,48.6,Engineering Mathematics-IV,47.4,IoT,44.93209729159459,supply chain|simplex|digital marketing|scheduling|linear programming|simulation|efficiency|queuing|optimization|inventory
EAM,1,1,Mobile & IoT Development,Database Management Systems,67.4,Automata Theory,46.6,Cryptography & Network Security,46.3,Full Stack Development,41.1,IoT,34.9,audit|solar|monitoring|power|renewable|energy|encryption
OR,1,2,Data Science & Analytics,Engineering Mathematics-IV,65.0,Java,64.9,Engineering Mathematics-III,62.4,Software Engineering,62.3,Automata Theory,62.0,simplex|supply chain|scheduling|linear programming|simulation|inventory
CSL,1,2,Network & Wireless Systems,Cryptography & Network Security,80.2,Computer Networks,79.6,Java,71.8,Automata Theory,70.5,Python,64.7,vulnerability|authentication|phishing|security|cyber|firewall|network security|forensics|encryption
EAM,1,3,Mobile & IoT Development,Computer Networks,72.0,Operating Systems,71.5,Design & Analysis of Algorithms,69.5,Database Management Systems,68.1,Engineering Mathematics-IV,63.1,weibull|audit|solar|monitoring|power|statistics|efficiency|hvac|renewable|energy
EAM,1,3,Mobile & IoT Development,IoT,81.9,Engineering Mathematics-IV,80.2,Automata Theory,66.2,Engineering Mathematics-III,61.2,Python,59.8,audit|monitoring|power|sensor|hvac|renewable|forensics
DBM,2,1,Web Development|Cloud & Distributed Systems,Database Management Systems,68.9,Engineering Mathematics-IV,64.8,IoT,64.8,Microcontroller & Embedded Systems,62.5,Software Engineering,56.1,ecommerce|digital marketing|agile|crm|react|seo
DBM,1,1,Data Science & Analytics,Engineering Mathematics-IV,60.5,IoT,54.7,Automata Theory,50.6,Java,46.0,Design & Analysis of Algorithms,45.8,seo|simplex|agile|react
CSL,1,0,Network & Wireless Systems,Microcontroller & Embedded Systems,79.2,Python,71.6,Engineering Mathematics-III,69.4,Digital Logic & Design,68.6,Cryptography & Network Security,68.6,
DBM,3,3,Web Development|Data Science & Analytics|Cloud & Distributed Systems,Design & Analysis of Algorithms,94.2,Operating Systems,92.2,Software Engineering,91.6,Database Management Systems,76.5,Artificial Intelligence,75.8,digital marketing|dashboard|agile|crm|analytics|react|seo|web
OR,2,2,Data Science & Analytics|Artificial Intelligence & Machine Learning,Engineering Mathematics-IV,98.6,Design & Analysis of Algorithms,95.7,Data Structures and Algorithms,92.5,Database Management Systems,91.4,Engineering Mathematics-III,87.8,weibull|simplex|scheduling|inventory|optimization
EAM,2,1,Mobile & IoT Development|Cloud & Distributed Systems,IoT,84.3,Automata Theory,83.8,Cryptography & Network Security,80.8,Microcontroller & Embedded Systems,79.8,Digital Logic & Design,78.3,iot|monitoring|power
RE,2,1,Network & Wireless Systems|Cloud & Distributed Systems,Operating Systems,85.2,Engineering Mathematics-IV,76.0,Computer Networks,74.2,Database Management Systems,73.8,Digital Logic & Design,73.5,quality|simulation
RE,1,1,Network & Wireless Systems,Computer Networks,98.1,Database Management Systems,92.65368636017692,Software Engineering,89.63629449984151,Python,87.6,Engineering Mathematics-IV,87.1,weibull|fault tree|power|simulation|testing|risk
RE,1,4,Network & Wireless Systems,Digital Logic & Design,75.3,Cryptography & Network Security,73.5,Operating Systems,72.7,Engineering Mathematics-IV,72.6,Software Engineering,69.6,weibull|fault tree|statistics|simulation|testing|probability|risk|reliability
DBM,3,1,Data Science & Analytics|Cloud & Distributed Systems|Mobile & IoT Development,Software Engineering,53.0,Operating Systems,49.1,Database Management Systems,47.1,Digital Logic & Design,44.8,Full Stack Development,43.8,kpi|ecommerce|digital marketing|dashboard|crm|seo
RE,1,3,Network & Wireless Systems,Microcontroller & Embedded Systems,100.0,Design & Analysis of Algorithms,84.4,Software Engineering,82.6,IoT,82.38570269028462,Engineering Mathematics-IV,80.3,weibull|statistics|quality|simulation|fmea|testing|crm|probability|risk
OR,2,0,Data Science & Analytics|Artificial Intelligence & Machine Learning,Software Engineering,83.0,Operating Systems,72.8,Data Structures and Algorithms,72.5,Computer Networks,69.1,Microcontroller & Embedded Systems,67.8,
CSL,1,3,Network & Wireless Systems,Computer Networks,78.4,Python,76.3,Software Engineering,70.3,Operating Systems,68.8,Data Structures and Algorithms,68.2,power|authentication|phishing|security|cyber|firewall|network security|forensics
OR,2,2,Data Science & Analytics|Artificial Intelligence & Machine Learning,Data Structures and Algorithms,80.8,Design & Analysis of Algorithms,79.9,Software Engineering,79.4,Database Management Systems,78.3,IoT,76.8,supply chain|simulation|linear programming|queuing|inventory|scipy
DBM,3,3,Web Development|Data Science & Analytics|Cloud & Distributed Systems,Design & Analysis of Algorithms,74.1,Python,69.5,Operating Systems,64.3,Database Management Systems,59.7,Data Structures and Algorithms,58.0,kpi|digital marketing|dashboard|agile|crm|analytics|seo|web
EAM,2,2,Mobile & IoT Development|Network & Wireless Systems,Cryptography & Network Security,51.1,Engineering Mathematics-III,50.6,Java,41.2,Digital Logic & Design,40.1,C++,37.7,audit|solar|monitoring|power|sensor|efficiency|renewable
EAM,1,3,Mobile & IoT Development,Data Structures and Algorithms,67.2,Engineering Mathematics-III,63.517718773617744,Microcontroller & Embedded Systems,53.0,Python,48.2,Java,48.2,solar|monitoring|digital marketing|iot|sensor|efficiency|hvac|renewable|encryption
DBM,1,1,Data Science & Analytics,Artificial Intelligence,81.1,Database Management Systems,80.0,Java,76.2,Design & Analysis of Algorithms,76.0,Computer Networks,75.4,seo|dashboard|kpi|analytics
EAM,1,1,Mobile & IoT Development,Engineering Mathematics-III,100.0,Data Structures and Algorithms,100.0,Database Management Systems,100.0,Microcontroller & Embedded Systems,100.0,Automata Theory,100.0,audit|power|sensor|efficiency|hvac
CSL,2,3,Network & Wireless Systems|Cloud & Distributed Systems,Computer Networks,96.2,Cryptography & Network Security,94.0,Operating Systems,83.8,Engineering Mathematics-III,78.9,Artificial Intelligence,77.5,vulnerability|authentication|phishing|firewall|network security|forensics|encryption
RE,2,4,Network & Wireless Systems|Cloud & Distributed Systems,Operating Systems,66.9,Automata Theory,64.4,Data Structures and Algorithms,61.6,Artificial Intelligence,54.1,Full Stack Development,52.7,vulnerability|weibull|fault tree|statistics|quality|fmea|testing|probability|risk|reliability
CSL,1,2,Network & Wireless Systems,Computer Networks,100.0,Cryptography & Network Security,100.0,Design & Analysis of Algorithms,95.7,Software Engineering,91.0,Digital Logic & Design,90.8,vulnerability|authentication|security|firewall|network security|encryption
RE,2,2,Network & Wireless Systems|Data Science & Analytics,Operating Systems,86.1,Automata Theory,85.9,Microcontroller & Embedded Systems,85.7,Database Management Systems,82.9,Engineering Mathematics-IV,80.0,fault tree|statistics|quality|simulation|efficiency|testing|probability|risk|reliability
DBM,2,3,Web Development|Cloud & Distributed Systems,Full Stack Development,89.2,Python,85.9,Database Management Systems,82.0,Data Structures and Algorithms,81.6,Digital Logic & Design,72.6,supply chain|kpi|ecommerce|digital marketing|agile|crm|analytics|react|seo|web
OR,2,1,Data Science & Analytics|Artificial Intelligence & Machine Learning,Operating Systems,74.8,Software Engineering,63.3,Engineering Mathematics-IV,61.5,Data Structures and Algorithms,58.2,Cryptography & Network Security,55.7,simplex|scheduling|simulation|linear programming|queuing|scipy
EAM,1,1,Mobile & IoT Development,Python,70.8,Microcontroller & Embedded Systems,53.5,Operating Systems,53.1,IoT,42.4,Software Engineering,41.1,renewable|solar|efficiency|hvac
RE,1,0,Network & Wireless Systems,C++,77.7,Database Management Systems,75.5,Artificial Intelligence,72.3,Data Structures and Algorithms,69.7,Engineering Mathematics-III,68.0,
OR,2,3,Data Science & Analytics|Artificial Intelligence & Machine Learning,Design & Analysis of Algorithms,83.1,Engineering Mathematics-III,82.1,C++,81.4,Microcontroller & Embedded Systems,81.1,Computer Networks,80.7,simplex|supply chain|scheduling|linear programming|simulation|queuing|inventory|scipy
RE,2,3,Network & Wireless Systems|Cloud & Distributed Systems,Java,100.0,IoT,98.74849841098192,Artificial Intelligence,96.7,Software Engineering,95.9,C++,95.0,weibull|fault tree|statistics|quality|simulation|testing|probability|reliability
OR,1,1,Data Science & Analytics,Computer Networks,99.9,Digital Logic & Design,96.8,Automata Theory,95.6,Software Engineering,89.1,IoT,86.9,supply chain|simulation|linear programming
DBM,3,2,Web Development|Cloud & Distributed Systems|Mobile & IoT Development,Computer Networks,100.0,Java,100.0,Full Stack Development,100.0,Automata Theory,99.6,Cryptography & Network Security,99.5,kpi|ecommerce|digital marketing|dashboard|agile|crm|analytics|web
EAM,2,3,Mobile & IoT Development|Network & Wireless Systems,Computer Networks,68.8,Python,67.6,C++,67.3,Engineering Mathematics-III,65.0,IoT,63.4,audit|power|sensor|hvac|renewable|energy
RE,2,2,Network & Wireless Systems|Data Science & Analytics,Data Structures and Algorithms,100.0,Java,100.0,Digital Logic & Design,99.0,Engineering Mathematics-IV,98.9,Design & Analysis of Algorithms,98.8,fault tree|statistics|quality|simulation|fmea|testing|risk
EAM,2,3,Mobile & IoT Development|Network & Wireless Systems,Digital Logic & Design,43.0,Microcontroller & Embedded Systems,35.7,Computer Networks,34.235478923722255,IoT,30.1,Design & Analysis of Algorithms,28.7,audit|monitoring|power|sensor|energy
OR,2,1,Data Science & Analytics|Artificial Intelligence & Machine Learning,Design & Analysis of Algorithms,43.8,Automata Theory,32.9,Python,32.6,Java,24.4,C++,23.0,supply chain|scipy|queuing|optimization
OR,1,0,Data Science & Analytics,Microcontroller & Embedded Systems,62.4,Data Structures and Algorithms,58.8,Automata Theory,48.5,Database Management Systems,48.3,Engineering Mathematics-IV,48.1,
OR,2,4,Data Science & Analytics|Artificial Intelligence & Machine Learning,Engineering Mathematics-IV,98.28267325513534,Engineering Mathematics-III,89.6533578566869,Microcontroller & Embedded Systems,86.7,Artificial Intelligence,77.0,Cryptography & Network Security,76.9,supply chain|simplex|simulation|linear programming|queuing|inventory|optimization|scipy
RE,2,1,Network & Wireless Systems|Cloud & Distributed Systems,Operating Systems,79.9,Computer Networks,78.6,Design & Analysis of Algorithms,76.5,Engineering Mathematics-IV,72.5,Database Management Systems,72.0,fault tree|statistics|quality|phishing|testing|risk
RE,2,4,Network & Wireless Systems|Cloud & Distributed Systems,Engineering Mathematics-IV,85.6,Digital Logic & Design,82.5,Software Engineering,80.8,Artificial Intelligence,73.1,Database Management Systems,72.8,weibull|fault tree|statistics|quality|scheduling|simulation|fmea|testing|probability|risk
RE,1,2,Network & Wireless Systems,Operating Systems,100.0,Engineering Mathematics-III,97.5,Engineering Mathematics-IV,95.2,Automata Theory,94.2,Data Structures and Algorithms,91.8,fault tree|monitoring|statistics|efficiency|testing|fmea|probability
RE,1,1,Network & Wireless Systems,Design & Analysis of Algorithms,54.0,Artificial Intelligence,52.1,Software Engineering,44.5,Engineering Mathematics-III,39.1,C++,35.0,fault tree|simulation|fmea|risk|reliability
EAM,2,1,Mobile & IoT Development|Network & Wireless Systems,Microcontroller & Embedded Systems,58.4,Engineering Mathematics-III,56.4,Operating Systems,54.9,Automata Theory,52.8,Software Engineering,52.5,sensor|energy|encryption|efficiency
EAM,2,2,Mobile & IoT Development|Network & Wireless Systems,Computer Networks,74.3,Software Engineering,63.5,Data Structures and Algorithms,60.1,IoT,59.3,Engineering Mathematics-III,58.7,audit|solar|monitoring|power|iot|efficiency|hvac|renewable|optimization|energy
RE,2,4,Network & Wireless Systems|Cloud & Distributed Systems,IoT,49.2,Engineering Mathematics-III,44.5,Automata Theory,34.5,Full Stack Development,33.6,Data Structures and Algorithms,32.0,weibull|fault tree|statistics|quality|simulation|agile|phishing|testing|probability|reliability
EAM,1,3,Mobile & IoT Development,Computer Networks,100.0,Cryptography & Network Security,98.5,Engineering Mathematics-III,98.2,Digital Logic & Design,98.1,Design & Analysis of Algorithms,95.4,audit|solar|power|statistics|iot|sensor|efficiency|renewable|energy
DBM,1,0,Data Science & Analytics,Data Structures and Algorithms,86.4,Design & Analysis of Algorithms,71.1,Cryptography & Network Security,68.4,Full Stack Development,68.3,Engineering Mathematics-IV,64.7,
CSL,2,1,Network & Wireless Systems|Cloud & Distributed Systems,Microcontroller & Embedded Systems,66.4,Database Management Systems,64.3920175628088,Data Structures and Algorithms,57.4,Digital Logic & Design,51.7,Operating Systems,48.5,forensics|simulation|cyber
DBM,2,4,Web Development|Data Science & Analytics,Engineering Mathematics-III,98.7,Python,96.3,Operating Systems,89.3,Database Management Systems,89.1,Cryptography & Network Security,87.2,kpi|ecommerce|sensor|dashboard|agile|crm|analytics|react|seo|web
OR,1,1,Data Science & Analytics,Data Structures and Algorithms,83.3,Design & Analysis of Algorithms,78.1,Digital Logic & Design,72.6,C++,71.1,Engineering Mathematics-III,64.2,simplex|scheduling|quality|queuing|optimization|scipy
RE,1,2,Network & Wireless Systems,Engineering Mathematics-III,96.9,C++,75.0,Database Management Systems,74.9,Digital Logic & Design,73.1,Engineering Mathematics-IV,71.5,weibull|quality|fmea|risk|reliability
OR,2,2,Data Science & Analytics|Artificial Intelligence & Machine Learning,Cryptography & Network Security,97.4,Engineering Mathematics-III,93.0,Engineering Mathematics-IV,92.3,Microcontroller & Embedded Systems,89.6,Digital Logic & Design,88.8,network security|supply chain|scheduling|linear programming|queuing|inventory|optimization
DBM,2,1,Data Science & Analytics|Web Development,Engineering Mathematics-IV,89.91663499290657,Engineering Mathematics-III,86.2,Java,81.7,Artificial Intelligence,76.3,Python,75.3,kpi|digital marketing|statistics|crm|analytics|react|seo
DBM,2,1,Data Science & Analytics|Web Development,Design & Analysis of Algorithms,64.7,Database Management Systems,61.5,Digital Logic & Design,59.4,Engineering Mathematics-IV,56.4,Microcontroller & Embedded Systems,54.4,agile|crm|analytics|react|seo|web
CSL,1,2,Network & Wireless Systems,Software Engineering,85.4,Operating Systems,74.4,Cryptography & Network Security,68.2,Java,68.0,Engineering Mathematics-III,66.6046204512344,authentication|phishing|security|cyber|firewall|network security|forensics|encryption
CSL,1,1,Network & Wireless Systems,IoT,67.6,Automata Theory,62.0,Data Structures and Algorithms,56.0,Artificial Intelligence,53.8,Microcontroller & Embedded Systems,47.5,authentication|phishing|network security
EAM,2,2,Mobile & IoT Development|Network & Wireless Systems,Software Engineering,66.7,Microcontroller & Embedded Systems,61.4,Artificial Intelligence,48.3,IoT,47.4,Automata Theory,44.6,audit|solar|monitoring|power|sensor|hvac|renewable|queuing|energy
RE,1,1,Network & Wireless Systems,Operating Systems,71.3,Artificial Intelligence,68.5,Computer Networks,66.3,Data Structures and Algorithms,64.1,Engineering Mathematics-IV,58.0,fmea|fault tree|probability
OR,2,2,Data Science & Analytics|Artificial Intelligence & Machine Learning,Data Structures and Algorithms,100.0,Design & Analysis of Algorithms,100.0,Microcontroller & Embedded Systems,99.0,Full Stack Development,98.8,Engineering Mathematics-IV,97.7,supply chain|power|scheduling|linear programming|simulation|queuing|inventory|optimization
CSL,1,1,Network & Wireless Systems,Python,92.0,Design & Analysis of Algorithms,90.9,Cryptography & Network Security,75.7,Full Stack Development,75.0,Computer Networks,74.5,security|optimization|network security
OR,1,4,Data Science & Analytics,Engineering Mathematics-III,70.2,Artificial Intelligence,62.1,Python,61.2,Microcontroller & Embedded Systems,60.4,Engineering Mathematics-IV,58.4,supply chain|simplex|scheduling|linear programming|simulation|queuing|inventory|optimization
RE,1,4,Network & Wireless Systems,Java,100.0,C++,98.9,Computer Networks,93.3,Automata Theory,91.0,Software Engineering,85.2,weibull|fault tree|statistics|quality|simulation|testing|fmea|probability
EAM,1,3,Mobile & IoT Development,Engineering Mathematics-IV,81.3,Engineering Mathematics-III,70.0,Software Engineering,61.6,IoT,61.6,Operating Systems,59.1,audit|solar|fault tree|monitoring|power|iot|sensor|efficiency|hvac|renewable
RE,2,2,Network & Wireless Systems|Cloud & Distributed Systems,Automata Theory,62.7,Database Management Systems,51.3,Operating Systems,50.8,IoT,50.7,Artificial Intelligence,50.3,weibull|fault tree|statistics|quality|simulation|fmea|testing|probability|risk|energy
RE,1,1,Network & Wireless Systems,Artificial Intelligence,65.6,Database Management Systems,61.3,Java,57.1,Engineering Mathematics-III,55.9,Python,49.5,fault tree|quality|fmea|probability|risk|reliability
EAM,2,2,Mobile & IoT Development|Cloud & Distributed Systems,Microcontroller & Embedded Systems,88.6,IoT,81.7,Java,81.2,Operating Systems,77.1,C++,76.1,audit|monitoring|power|sensor|efficiency
OR,2,1,Data Science & Analytics|Web Development,C++,100.0,Java,85.2,Software Engineering,80.912549992002,Design & Analysis of Algorithms,77.1,Database Management Systems,76.63179096871741,simplex|linear programming
OR,1,1,Data Science & Analytics,Engineering Mathematics-III,85.3,Engineering Mathematics-IV,81.6,Data Structures and Algorithms,80.4,Design & Analysis of Algorithms,79.6,Operating Systems,77.0,supply chain|simplex|scheduling|queuing|optimization|inventory
OR,2,3,Data Science & Analytics|Artificial Intelligence & Machine Learning,Engineering Mathematics-IV,100.0,Full Stack Development,100.0,Python,99.0,Computer Networks,98.9,Artificial Intelligence,98.6,simplex|supply chain|scheduling|linear programming|simulation|queuing|inventory|optimization|scipy
EAM,1,1,Mobile & IoT Development,Java,70.9,Cryptography & Network Security,67.3,Python,65.2,Engineering Mathematics-III,63.0,Automata Theory,62.7,sensor|kpi|iot|monitoring
EAM,3,2,Mobile & IoT Development|Network & Wireless Systems|Cloud & Distributed Systems,Microcontroller & Embedded Systems,96.9,Automata Theory,91.8,Engineering Mathematics-IV,89.1,Engineering Mathematics-III,88.0,Cryptography & Network Security,87.8,audit|solar|monitoring|power|scheduling|sensor|iot|efficiency|renewable
DBM,3,1,Web Development|Data Science & Analytics|Cloud & Distributed Systems,C++,76.7,Automata Theory,72.5,Engineering Mathematics-IV,66.83293172669674,Design & Analysis of Algorithms,63.6,Database Management Systems,61.7,seo|dashboard|crm|ecommerce
EAM,2,2,Mobile & IoT Development|Network & Wireless Systems,Engineering Mathematics-III,87.84953976395781,Java,81.0,Microcontroller & Embedded Systems,79.5,Database Management Systems,79.0,Cryptography & Network Security,78.2,solar|monitoring|iot|efficiency|hvac|renewable|energy|reliability
CSL,1,2,Network & Wireless Systems,Cryptography & Network Security,81.5,Python,80.6,Computer Networks,80.3,Operating Systems,79.7,Java,79.1,vulnerability|ecommerce|authentication|phishing|cyber|firewall|forensics|encryption
DBM,3,3,Web Development|Cloud & Distributed Systems|Mobile & IoT Development,IoT,69.7,Operating Systems,67.6,Data Structures and Algorithms,66.7,Database Management Systems,59.2,Engineering Mathematics-IV,58.107620782057694,kpi|digital marketing|dashboard|agile|renewable|crm|analytics|seo|web
DBM,3,1,Data Science & Analytics|Web Development|Cloud & Distributed Systems,Cryptography & Network Security,100.0,Engineering Mathematics-III,96.1,Data Structures and Algorithms,89.4,Database Management Systems,89.1,Java,88.5,kpi|ecommerce|dashboard|seo|web
DBM,2,3,Web Development|Cloud & Distributed Systems,Full Stack Development,90.8,Engineering Mathematics-IV,81.942599695711,Engineering Mathematics-III,80.97067735642078,Database Management Systems,72.8,IoT,72.8,ecommerce|digital marketing|dashboard|agile|crm|react|seo|web
RE,2,1,Network & Wireless Systems|Data Science & Analytics,Python,63.6,Java,58.2,Engineering Mathematics-IV,56.5,Operating Systems,50.8,Engineering Mathematics-III,47.4,statistics|quality|simulation|probability|risk
EAM,1,0,Mobile & IoT Development,Computer Networks,88.5,IoT,79.0,Automata Theory,75.1,Engineering Mathematics-III,74.5,Software Engineering,67.7,
RE,3,4,Network & Wireless Systems|Cloud & Distributed Systems|Data Science & Analytics,Database Management Systems,76.0,Engineering Mathematics-III,75.9,Java,73.0,IoT,65.0,Microcontroller & Embedded Systems,61.9,weibull|fault tree|statistics|quality|simulation|fmea|probability|risk
RE,1,3,Network & Wireless Systems,Engineering Mathematics-IV,92.1,Database Management Systems,90.2,Cryptography & Network Security,86.8,Digital Logic & Design,82.5,Engineering Mathematics-III,82.2,weibull|fault tree|statistics|simulation|testing|fmea|queuing|probability|risk|reliability
OR,1,2,Data Science & Analytics,Engineering Mathematics-III,60.6,Java,50.3,Data Structures and Algorithms,47.8,Cryptography & Network Security,42.05839738253471,IoT,41.4,supply chain|simplex|scheduling|simulation|linear programming|queuing|optimization
DBM,3,0,Data Science & Analytics|Web Development|Cloud & Distributed Systems,Operating Systems,77.5,Artificial Intelligence,70.6,C++,60.7,Engineering Mathematics-IV,58.5,Full Stack Development,56.5,
CSL,2,2,Network & Wireless Systems|Cloud & Distributed Systems,Full Stack Development,80.3,Operating Systems,76.3,Software Engineering,71.4,Java,70.5,Database Management Systems,63.6,phishing|security|cyber|firewall|web|encryption
EAM,2,3,Mobile & IoT Development|Network & Wireless Systems,C++,71.9,IoT,67.8,Computer Networks,63.6,Operating Systems,57.8,Microcontroller & Embedded Systems,57.5,monitoring|iot|efficiency|hvac|renewable|energy
EAM,2,3,Mobile & IoT Development|Network & Wireless Systems,Python,82.8,Engineering Mathematics-III,80.2,Data Structures and Algorithms,79.0,Digital Logic & Design,68.5,Design & Analysis of Algorithms,66.3,audit|solar|power|sensor|iot|phishing|efficiency|hvac|renewable|risk
EAM,2,2,Mobile & IoT Development|Network & Wireless Systems,Microcontroller & Embedded Systems,97.9,IoT,97.7,Design & Analysis of Algorithms,94.0,Software Engineering,91.9,Automata Theory,83.4,audit|power|iot|efficiency|renewable|inventory
RE,2,3,Network & Wireless Systems|Cloud & Distributed Systems,Engineering Mathematics-IV,83.8,Operating Systems,79.3,Computer Networks,67.9,Engineering Mathematics-III,66.9,Digital Logic & Design,65.3,weibull|statistics|simulation|testing|fmea|probability|risk|energy|reliability
RE,1,3,Network & Wireless Systems,Engineering Mathematics-IV,68.65292618051981,Software Engineering,66.3,Engineering Mathematics-III,63.81261390352567,Python,59.7,Automata Theory,57.7,weibull|fault tree|quality|simulation|efficiency|testing|fmea|probability
EAM,3,4,Mobile & IoT Development|Network & Wireless Systems|Cloud & Distributed Systems,IoT,66.1,Java,63.0,Microcontroller & Embedded Systems,61.8,Digital Logic & Design,61.2,Engineering Mathematics-III,57.1,audit|solar|monitoring|power|sensor|efficiency|hvac|renewable|seo|energy
EAM,1,3,Mobile & IoT Development,Software Engineering,60.1,Engineering Mathematics-IV,56.1,Computer Networks,50.4,Automata Theory,45.6,Database Management Systems,44.4,weibull|monitoring|sensor|iot|efficiency|hvac|renewable|web|energy
RE,2,2,Network & Wireless Systems|Cloud & Distributed Systems,Data Structures and Algorithms,64.0,Full Stack Development,54.1,Engineering Mathematics-III,51.7,Cryptography & Network Security,48.3,Digital Logic & Design,46.9,weibull|statistics|quality|testing|probability|web
OR,1,3,Data Science & Analytics,Data Structures and Algorithms,61.4,Engineering Mathematics-III,49.1,Engineering Mathematics-IV,44.5,Digital Logic & Design,39.6,Design & Analysis of Algorithms,36.3,simplex|scheduling|sensor|simulation|linear programming|inventory|react|optimization
CSL,2,2,Network & Wireless Systems|Cloud & Distributed Systems,Python,72.4,Microcontroller & Embedded Systems,70.0,Automata Theory,69.8,Digital Logic & Design,68.8,Cryptography & Network Security,68.6,vulnerability|authentication|phishing|security|forensics
RE,2,2,Network & Wireless Systems|Cloud & Distributed Systems,Software Engineering,98.4,Engineering Mathematics-IV,96.3,Computer Networks,94.0,Microcontroller & Embedded Systems,92.2,IoT,89.5,fault tree|simulation|testing|fmea|probability|risk|reliability
EAM,2,3,Mobile & IoT Development|Network & Wireless Systems,Data Structures and Algorithms,59.6,Database Management Systems,56.3,Engineering Mathematics-III,54.9,Digital Logic & Design,53.9,Automata Theory,53.5,audit|solar|monitoring|power|sensor|efficiency|hvac|renewable|seo
RE,1,3,Network & Wireless Systems,Engineering Mathematics-IV,73.6,Artificial Intelligence,69.5,Java,69.3,Digital Logic & Design,67.9,Operating Systems,66.2,weibull|fault tree|statistics|quality|simulation|fmea|testing|probability|reliability
OR,1,0,Data Science & Analytics,Engineering Mathematics-IV,78.0,Data Structures and Algorithms,68.7,IoT,60.252977174702664,Microcontroller & Embedded Systems,58.457894123961765,Artificial Intelligence,54.5,
OR,2,1,Data Science & Analytics|Artificial Intelligence & Machine Learning,Data Structures and Algorithms,100.0,Cryptography & Network Security,100.0,Engineering Mathematics-IV,97.8,Computer Networks,92.19177018021409,Automata Theory,91.9,scheduling|inventory
OR,2,2,Data Science & Analytics|Artificial Intelligence & Machine Learning,Full Stack Development,43.3,Artificial Intelligence,38.7,Cryptography & Network Security,37.1,C++,36.1,Automata Theory,34.0,monitoring|linear programming|agile|optimization|scipy
CSL,1,1,Network & Wireless Systems,Python,68.6,Data Structures and Algorithms,55.9,C++,52.8,Full Stack Development,52.5,Database Management Systems,48.6,audit|authentication|phishing|firewall|network security|forensics
CSL,1,1,Network & Wireless Systems,Design & Analysis of Algorithms,89.0,Engineering Mathematics-IV,86.7,Computer Networks,80.7,Operating Systems,79.0,Microcontroller & Embedded Systems,78.6,authentication|firewall|encryption|cyber
RE,1,1,Network & Wireless Systems,Operating Systems,94.2,Java,85.7,Full Stack Development,83.4,Computer Networks,79.4,Engineering Mathematics-III,78.7,weibull|risk|reliability|probability
DBM,3,2,Data Science & Analytics|Web Development|Cloud & Distributed Systems,Database Management Systems,85.0,Full Stack Development,80.6,Microcontroller & Embedded Systems,75.1,Data Structures and Algorithms,73.7,Artificial Intelligence,73.4,kpi|digital marketing|dashboard|agile|react|seo|reliability
CSL,1,3,Network & Wireless Systems,Computer Networks,71.9,Java,60.0,Software Engineering,56.0,Automata Theory,52.3,Microcontroller & Embedded Systems,51.9,vulnerability|digital marketing|authentication|phishing|security|cyber|firewall|network security|forensics|encryption
DBM,3,1,Web Development|Data Science & Analytics|Cloud & Distributed Systems,IoT,93.9,Software Engineering,88.0,Engineering Mathematics-IV,84.6,Database Management Systems,83.8,Data Structures and Algorithms,79.7,kpi|ecommerce|crm|seo|web
CSL,1,2,Network & Wireless Systems,Microcontroller & Embedded Systems,80.8,Engineering Mathematics-IV,75.5,Computer Networks,60.8,Java,58.4,Full Stack Development,54.4,vulnerability|authentication|phishing|security|firewall|network security|forensics|encryption
CSL,2,2,Network & Wireless Systems|Cloud & Distributed Systems,Microcontroller & Embedded Systems,88.5,Java,77.9,Operating Systems,73.8,Python,68.1,C++,65.5,vulnerability|authentication|phishing|cyber|firewall|network security|forensics|encryption
EAM,2,1,Mobile & IoT Development|Network & Wireless Systems,Microcontroller & Embedded Systems,100.0,Engineering Mathematics-III,99.0,Data Structures and Algorithms,96.7,Automata Theory,95.6,Operating Systems,91.9,kpi|monitoring|power|sensor|efficiency|hvac|energy
CSL,1,3,Network & Wireless Systems,Cryptography & Network Security,73.4,Microcontroller & Embedded Systems,72.5,Operating Systems,68.7,Software Engineering,61.8,Full Stack Development,58.6,vulnerability|authentication|phishing|security|cyber|firewall|network security|forensics|encryption
CSL,1,2,Network & Wireless Systems,Engineering Mathematics-III,88.4,Software Engineering,87.4,Digital Logic & Design,85.6,Computer Networks,84.6,C++,79.7,authentication|phishing|security|firewall|network security|encryption
EAM,2,2,Mobile & IoT Development|Network & Wireless Systems,Computer Networks,65.6,Python,64.0,Database Management Systems,55.83233132069161,Automata Theory,49.7,Operating Systems,49.0,audit|solar|monitoring|power|iot|sensor|simulation|energy
EAM,1,0,Mobile & IoT Development,Microcontroller & Embedded Systems,96.0,Python,90.4,IoT,90.3,Digital Logic & Design,85.3,Engineering Mathematics-IV,76.2,
DBM,1,3,Web Development,Full Stack Development,77.3,C++,75.6,Engineering Mathematics-III,74.5,Automata Theory,72.8,Software Engineering,72.7,kpi|ecommerce|dashboard|agile|crm|analytics|react|reliability
EAM,1,4,Mobile & IoT Development,IoT,83.4,Microcontroller & Embedded Systems,74.1,Engineering Mathematics-III,65.3,Java,61.8,Python,60.8,solar|monitoring|power|scheduling|sensor|iot|efficiency|hvac|react|energy
DBM,2,1,Web Development|Cloud & Distributed Systems,Operating Systems,77.8,Cryptography & Network Security,70.4,C++,69.7,Database Management Systems,69.2,Software Engineering,69.0,dashboard|agile|crm|react|web
EAM,3,2,Mobile & IoT Development|Network & Wireless Systems|Cloud & Distributed Systems,Database Management Systems,82.3,Digital Logic & Design,74.6,Design & Analysis of Algorithms,69.2,Cryptography & Network Security,65.9,Engineering Mathematics-IV,60.2,power|sensor|hvac|renewable|energy
OR,2,4,Data Science & Analytics|Artificial Intelligence & Machine Learning,Cryptography & Network Security,85.6,Data Structures and Algorithms,80.0,Software Engineering,79.44585552310222,Database Management Systems,77.51640098017198,Artificial Intelligence,74.9,weibull|supply chain|simplex|scheduling|authentication|linear programming|simulation|queuing|optimization|firewall
CSL,2,1,Network & Wireless Systems|Cloud & Distributed Systems,Cryptography & Network Security,86.1,Artificial Intelligence,83.5,Operating Systems,77.1,Data Structures and Algorithms,75.8,Automata Theory,75.0,vulnerability|phishing|cyber|firewall|network security|scipy
RE,1,0,Network & Wireless Systems,Software Engineering,87.7,IoT,85.9,Microcontroller & Embedded Systems,78.6,Engineering Mathematics-III,78.3,Artificial Intelligence,73.1,
CSL,2,3,Network & Wireless Systems|Cloud & Distributed Systems,Cryptography & Network Security,55.7,Computer Networks,48.8,Microcontroller & Embedded Systems,45.5,Digital Logic & Design,34.3,Full Stack Development,33.3,authentication|security|cyber|firewall|forensics|encryption
CSL,1,2,Network & Wireless Systems,Automata Theory,78.0,Data Structures and Algorithms,75.9,Design & Analysis of Algorithms,75.2,Artificial Intelligence,74.1,Python,72.3,vulnerability|phishing|security|cyber|crm|firewall|network security|forensics|encryption
EAM,1,3,Mobile & IoT Development,IoT,73.9,Cryptography & Network Security,64.7,Python,61.6,Operating Systems,60.0,Engineering Mathematics-IV,57.5,solar|monitoring|power|iot|sensor|simulation|security|efficiency|hvac|energy
CSL,1,1,Network & Wireless Systems,Cryptography & Network Security,62.3,Digital Logic & Design,52.9,Software Engineering,50.2,Computer Networks,45.7,Database Management Systems,42.8,vulnerability|authentication|phishing|security|firewall|forensics
CSL,2,2,Network & Wireless Systems|Cloud & Distributed Systems,Digital Logic & Design,78.0,Design & Analysis of Algorithms,71.5,Automata Theory,67.5,Engineering Mathematics-IV,65.4,Computer Networks,64.2,vulnerability|digital marketing|authentication|phishing|cyber|firewall|network security|forensics|web
OR,1,2,Data Science & Analytics,Engineering Mathematics-III,52.5,Engineering Mathematics-IV,44.8,Operating Systems,42.8,Data Structures and Algorithms,38.0,Microcontroller & Embedded Systems,36.6,supply chain|simplex|scheduling|simulation|queuing|inventory|optimization
OR,2,3,Data Science & Analytics|Artificial Intelligence & Machine Learning,Data Structures and Algorithms,81.8,Full Stack Development,80.5,C++,75.6,Engineering Mathematics-III,74.6,Engineering Mathematics-IV,71.6,simplex|supply chain|scheduling|simulation|linear programming|queuing|optimization|inventory|scipy
RE,1,1,Network & Wireless Systems,Engineering Mathematics-III,53.5,Design & Analysis of Algorithms,44.7,IoT,43.8,Software Engineering,42.0,Computer Networks,37.2,simulation|energy|probability
OR,1,3,Data Science & Analytics,Data Structures and Algorithms,75.9,Engineering Mathematics-IV,61.1,Engineering Mathematics-III,55.5,Microcontroller & Embedded Systems,52.8,Full Stack Development,46.6,simulation|linear programming|queuing|inventory|optimization|scipy
CSL,1,3,Network & Wireless Systems,Engineering Mathematics-IV,67.8,Cryptography & Network Security,47.4,Software Engineering,46.9,Computer Networks,45.7,Operating Systems,40.6,vulnerability|authentication|phishing|cyber|firewall|network security|forensics|encryption
RE,1,2,Network & Wireless Systems,Computer Networks,46.0,Cryptography & Network Security,41.0,Engineering Mathematics-III,37.7,IoT,35.2,C++,31.8,fault tree|quality|testing|fmea|risk|reliability
CSL,2,3,Network & Wireless Systems|Cloud & Distributed Systems,Design & Analysis of Algorithms,75.3,IoT,71.6,Engineering Mathematics-III,66.99781109349018,Cryptography & Network Security,62.8,Computer Networks,62.7,authentication|phishing|cyber|firewall|network security|forensics|encryption
OR,1,2,Data Science & Analytics,Digital Logic & Design,61.3,Software Engineering,60.4,Cryptography & Network Security,60.4,Python,58.3,Engineering Mathematics-III,54.168057835638095,supply chain|simplex|simulation|phishing|linear programming|queuing|inventory|optimization
RE,1,0,Network & Wireless Systems,Data Structures and Algorithms,55.9,Operating Systems,55.7,Microcontroller & Embedded Systems,50.9,Java,47.7,Artificial Intelligence,46.2,
EAM,1,2,Mobile & IoT Development,IoT,92.8,Automata Theory,86.1,C++,78.1,Java,78.0,Computer Networks,74.0,audit|monitoring|power|iot|sensor|efficiency|hvac|energy
CSL,2,0,Network & Wireless Systems|Cloud & Distributed Systems,Operating Systems,62.7,Python,62.3,Engineering Mathematics-IV,59.8,Data Structures and Algorithms,55.8,Microcontroller & Embedded Systems,52.9,
CSL,1,2,Network & Wireless Systems,Operating Systems,73.5,Cryptography & Network Security,61.4,Computer Networks,53.1,Full Stack Development,50.8,Engineering Mathematics-III,50.3,authentication|security|encryption|firewall
OR,2,3,Data Science & Analytics|Artificial Intelligence & Machine Learning,IoT,47.1,Digital Logic & Design,45.3,Engineering Mathematics-III,40.2,Software Engineering,36.0,Engineering Mathematics-IV,35.0,simplex|supply chain|scheduling|simulation|queuing|inventory|scipy
RE,2,0,Network & Wireless Systems|Data Science & Analytics,C++,65.9,Engineering Mathematics-IV,60.1,Engineering Mathematics-III,59.9,IoT,51.6,Microcontroller & Embedded Systems,49.6,
OR,2,3,Data Science & Analytics|Web Development,Database Management Systems,81.4,Engineering Mathematics-IV,77.3,Software Engineering,71.0,Cryptography & Network Security,67.7,Design & Analysis of Algorithms,64.7,supply chain|scheduling|simulation|queuing|inventory|optimization|analytics|scipy
CSL,2,3,Network & Wireless Systems|Cloud & Distributed Systems,Design & Analysis of Algorithms,80.7,IoT,78.63727480870214,Computer Networks,77.1,Cryptography & Network Security,76.1,Artificial Intelligence,75.2,vulnerability|authentication|simulation|phishing|security|cyber|firewall|forensics|encryption
CSL,1,2,Network & Wireless Systems,Java,72.6,Design & Analysis of Algorithms,63.0,Cryptography & Network Security,62.2,Database Management Systems,60.3,Computer Networks,55.2,authentication|phishing|security|cyber|forensics|encryption
CSL,1,2,Network & Wireless Systems,Cryptography & Network Security,74.4,Automata Theory,70.0,Operating Systems,68.0,Engineering Mathematics-IV,62.6,Python,57.3,vulnerability|power|authentication|phishing|cyber|forensics
RE,1,3,Network & Wireless Systems,Engineering Mathematics-IV,94.2,Cryptography & Network Security,92.1,Operating Systems,90.3,Java,89.8,Automata Theory,88.1,statistics|quality|testing|fmea|probability|reliability
RE,1,1,Network & Wireless Systems,C++,85.8,Operating Systems,84.0,Software Engineering,77.7,Microcontroller & Embedded Systems,77.5,Engineering Mathematics-III,75.1,weibull|fault tree|statistics|quality|fmea
EAM,3,0,Mobile & IoT Development|Network & Wireless Systems|Cloud & Distributed Systems,Digital Logic & Design,75.3,Java,67.1,Artificial Intelligence,67.1,Design & Analysis of Algorithms,64.8,IoT,61.9,
DBM,2,1,Web Development|Data Science & Analytics,Software Engineering,54.5,Full Stack Development,51.0,Cryptography & Network Security,42.7,IoT,40.4,Database Management Systems,38.2,kpi|ecommerce|dashboard|agile|crm|web|encryption
OR,2,4,Data Science & Analytics|Web Development,Full Stack Development,87.7,Artificial Intelligence,84.2,Cryptography & Network Security,76.7,Java,76.3,Engineering Mathematics-IV,76.2,supply chain|scheduling|statistics|simulation|linear programming|queuing|inventory|optimization|scipy
EAM,2,1,Mobile & IoT Development|Network & Wireless Systems,Operating Systems,87.6,Engineering Mathematics-IV,84.5,Microcontroller & Embedded Systems,80.4,Java,78.5,IoT,76.7,sensor|solar|iot
CSL,1,3,Network & Wireless Systems,Engineering Mathematics-IV,78.65696280708273,Engineering Mathematics-III,78.25533158072501,Software Engineering,77.2,Design & Analysis of Algorithms,66.9,Cryptography & Network Security,65.2,vulnerability|security|cyber|firewall|forensics|encryption
EAM,3,1,Mobile & IoT Development|Network & Wireless Systems|Cloud & Distributed Systems,Engineering Mathematics-III,73.8,Engineering Mathematics-IV,67.9,Database Management Systems,67.2,Computer Networks,64.0,Full Stack Development,64.0,iot|renewable
DBM,1,3,Data Science & Analytics,Engineering Mathematics-III,69.0,Automata Theory,63.9,Python,62.3,Full Stack Development,55.5,Java,55.0,kpi|ecommerce|iot|dashboard|crm|analytics|seo
EAM,2,2,Mobile & IoT Development|Network & Wireless Systems,Engineering Mathematics-IV,78.8,Design & Analysis of Algorithms,76.2,Engineering Mathematics-III,67.6,Automata Theory,62.4,Digital Logic & Design,61.7,audit|monitoring|power|iot|efficiency|probability
EAM,2,4,Mobile & IoT Development|Network & Wireless Systems,Engineering Mathematics-III,56.0,Cryptography & Network Security,44.9,Software Engineering,42.6,Python,42.2,C++,41.9,audit|solar|monitoring|power|sensor|iot|efficiency|hvac|renewable|energy
DBM,3,2,Web Development|Data Science & Analytics|Cloud & Distributed Systems,Software Engineering,100.0,Database Management Systems,98.9,IoT,98.9,Artificial Intelligence,95.0,Python,93.1,kpi|ecommerce|digital marketing|dashboard|analytics|react|web
RE,1,3,Network & Wireless Systems,Artificial Intelligence,100.0,Engineering Mathematics-III,99.9,Software Engineering,93.0,Design & Analysis of Algorithms,92.2,Engineering Mathematics-IV,91.5,weibull|fault tree|react|statistics|quality|testing|probability|reliability
EAM,2,2,Mobile & IoT Development|Cloud & Distributed Systems,Database Management Systems,54.4,Data Structures and Algorithms,48.6,Artificial Intelligence,48.0,Engineering Mathematics-III,46.0,Digital Logic & Design,40.5,audit|solar|iot|efficiency|hvac|renewable|energy
EAM,1,3,Mobile & IoT Development,Python,88.8,Engineering Mathematics-III,84.36339554671383,Microcontroller & Embedded Systems,80.8,Automata Theory,77.0,C++,74.1,weibull|power|sensor|iot|efficiency|hvac|energy
CSL,1,2,Network & Wireless Systems,Data Structures and Algorithms,67.8,Full Stack Development,65.1,Python,57.6,Computer Networks,52.1,Engineering Mathematics-IV,49.05771803189367,vulnerability|authentication|phishing|security|cyber|firewall|network security|forensics|encryption
DBM,1,2,Data Science & Analytics,Design & Analysis of Algorithms,53.7,Artificial Intelligence,47.6,Computer Networks,39.1,Operating Systems,36.8,Full Stack Development,35.3,kpi|ecommerce|authentication|agile|seo
DBM,2,2,Data Science & Analytics|Mobile & IoT Development,Digital Logic & Design,100.0,Computer Networks,100.0,Software Engineering,100.0,Full Stack Development,100.0,IoT,100.0,ecommerce|digital marketing|agile|crm|analytics|seo|web
DBM,1,3,Web Development,C++,66.3,Python,64.5,Cryptography & Network Security,60.2,Microcontroller & Embedded Systems,57.8,Design & Analysis of Algorithms,57.1,ecommerce|dashboard|crm|react|seo
RE,1,3,Network & Wireless Systems,Engineering Mathematics-III,88.55896266362029,Cryptography & Network Security,83.1,Data Structures and Algorithms,77.0,Engineering Mathematics-IV,74.99791913839007,Java,72.7,weibull|fault tree|statistics|quality|sensor|simulation|fmea|testing|probability|risk
EAM,3,2,Mobile & IoT Development|Network & Wireless Systems|Cloud & Distributed Systems,Java,89.1,Microcontroller & Embedded Systems,88.2,Operating Systems,84.5,Engineering Mathematics-III,82.8,IoT,80.6,audit|solar|monitoring|power|sensor|iot|renewable|energy
OR,2,1,Data Science & Analytics|Web Development,Design & Analysis of Algorithms,64.4,Database Management Systems,61.2,Engineering Mathematics-IV,56.1,Operating Systems,52.3,Digital Logic & Design,50.3,simplex|scheduling|linear programming|queuing|optimization
RE,2,1,Network & Wireless Systems|Cloud & Distributed Systems,Design & Analysis of Algorithms,81.3,Engineering Mathematics-IV,78.6,IoT,78.3,Computer Networks,77.8,Database Management Systems,77.7,weibull|fault tree|digital marketing|fmea|risk
OR,2,1,Data Science & Analytics|Artificial Intelligence & Machine Learning,Engineering Mathematics-III,67.0,Data Structures and Algorithms,66.4,Python,64.5,C++,60.9,Automata Theory,55.9,scheduling|supply chain|linear programming|scipy
EAM,1,4,Mobile & IoT Development,Automata Theory,42.5,Software Engineering,33.6,Cryptography & Network Security,30.1,Operating Systems,28.0,IoT,24.3,weibull|audit|solar|monitoring|power|iot|sensor|quality|efficiency|hvac
OR,1,4,Data Science & Analytics,Design & Analysis of Algorithms,70.7,Engineering Mathematics-IV,65.2,Engineering Mathematics-III,64.4,Automata Theory,64.2,Java,61.0,supply chain|simplex|scheduling|simulation|linear programming|scipy|optimization|inventory|firewall|risk
RE,2,2,Network & Wireless Systems|Cloud & Distributed Systems,Digital Logic & Design,94.9,Engineering Mathematics-IV,93.3,Full Stack Development,93.1,Engineering Mathematics-III,87.7,Cryptography & Network Security,84.6,weibull|fault tree|quality|simulation|testing|fmea|reliability
RE,1,1,Network & Wireless Systems,Engineering Mathematics-III,62.4,Engineering Mathematics-IV,56.9,Design & Analysis of Algorithms,55.4,Automata Theory,50.4,Microcontroller & Embedded Systems,49.6,weibull|fault tree|statistics|simulation|probability|reliability
CSL,1,0,Network & Wireless Systems,Cryptography & Network Security,97.9,Software Engineering,80.7,Operating Systems,77.1,Engineering Mathematics-III,76.63704046078927,Python,75.7,
EAM,2,1,Mobile & IoT Development|Network & Wireless Systems,Design & Analysis of Algorithms,84.3,Operating Systems,75.4,Cryptography & Network Security,72.5,Python,72.1,Data Structures and Algorithms,57.0,monitoring|power|efficiency|hvac|renewable|risk|energy
DBM,2,0,Web Development|Data Science & Analytics,Operating Systems,83.4,Software Engineering,82.8,Design & Analysis of Algorithms,73.4,Full Stack Development,70.7,Python,70.5,
RE,1,4,Network & Wireless Systems,Java,74.5,Digital Logic & Design,69.1,Automata Theory,64.5,Data Structures and Algorithms,64.1,Engineering Mathematics-III,63.9,weibull|fault tree|statistics|quality|testing|fmea|probability|seo|risk|reliability
RE,1,1,Network & Wireless Systems,Engineering Mathematics-III,63.9,Computer Networks,63.7,Cryptography & Network Security,60.8,Database Management Systems,48.5,Microcontroller & Embedded Systems,45.0,quality|simulation
RE,2,1,Network & Wireless Systems|Data Science & Analytics,C++,53.2,Engineering Mathematics-IV,51.14839519693343,Artificial Intelligence,48.9,Java,45.8,Operating Systems,45.5,weibull|testing
DBM,1,3,Data Science & Analytics,Python,76.4,Engineering Mathematics-III,75.6,Artificial Intelligence,74.1,Java,72.7,Cryptography & Network Security,71.1,kpi|ecommerce|digital marketing|agile|crm|analytics|react|web|encryption
OR,2,2,Data Science & Analytics|Artificial Intelligence & Machine Learning,Database Management Systems,35.3,Engineering Mathematics-IV,20.1,Java,18.6,IoT,12.4,C++,10.3,scheduling|simplex|supply chain|encryption
EAM,1,2,Mobile & IoT Development,C++,61.8,Computer Networks,60.6,Automata Theory,58.5,Database Management Systems,58.2,IoT,55.5,audit|power|iot|renewable|energy
OR,2,2,Data Science & Analytics|Artificial Intelligence & Machine Learning,Engineering Mathematics-IV,90.4,Design & Analysis of Algorithms,86.3,Java,85.9,Software Engineering,85.6,C++,80.4,supply chain|ecommerce|linear programming|simulation|queuing|inventory|optimization|scipy|web
RE,1,1,Network & Wireless Systems,Python,77.2,Engineering Mathematics-IV,68.7,Computer Networks,66.0,Software Engineering,65.8,Automata Theory,63.4,weibull|statistics|fmea|testing|reliability
CSL,2,3,Network & Wireless Systems|Cloud & Distributed Systems,Java,57.6,Cryptography & Network Security,47.6,Python,47.1,Software Engineering,37.0,Operating Systems,34.4,vulnerability|authentication|phishing|firewall|network security|forensics|encryption
EAM,3,2,Mobile & IoT Development|Network & Wireless Systems|Cloud & Distributed Systems,Engineering Mathematics-IV,83.3,Cryptography & Network Security,81.0,Python,79.2,Engineering Mathematics-III,76.6,Computer Networks,74.7,audit|monitoring|power|iot|agile|efficiency|renewable|energy
RE,2,0,Network & Wireless Systems|Cloud & Distributed Systems,Engineering Mathematics-IV,96.3,Computer Networks,92.3,Database Management Systems,90.6,C++,87.7,Engineering Mathematics-III,86.2,
EAM,2,3,Mobile & IoT Development|Network & Wireless Systems,Engineering Mathematics-IV,64.0,Microcontroller & Embedded Systems,61.2,IoT,60.1,Design & Analysis of Algorithms,57.7,Database Management Systems,54.9,audit|solar|monitoring|power|simulation|efficiency|hvac|renewable|energy|reliability
CSL,2,3,Network & Wireless Systems|Cloud & Distributed Systems,Digital Logic & Design,74.0,Automata Theory,65.0,Operating Systems,64.9,Design & Analysis of Algorithms,64.8,Cryptography & Network Security,61.7,vulnerability|authentication|phishing|cyber|firewall|network security|forensics|encryption
CSL,1,3,Network & Wireless Systems,Java,42.5,Python,38.7,Cryptography & Network Security,37.2,Database Management Systems,35.1,IoT,33.1,vulnerability|authentication|phishing|security|cyber|firewall|network security|risk|forensics|encryption
DBM,3,1,Data Science & Analytics|Web Development|Mobile & IoT Development,Computer Networks,70.88304547595067,Software Engineering,65.7,Python,56.8,Engineering Mathematics-IV,56.5,IoT,55.1,ecommerce|digital marketing|dashboard|agile|analytics
CSL,1,0,Network & Wireless Systems,Operating Systems,59.6,Python,55.1,Software Engineering,52.486661095528845,Design & Analysis of Algorithms,51.8,C++,48.5,
EAM,2,1,Mobile & IoT Development|Cloud & Distributed Systems,Microcontroller & Embedded Systems,63.4,Computer Networks,57.221019655591384,Software Engineering,56.4,IoT,56.1,Java,56.0,audit|renewable
EAM,1,2,Mobile & IoT Development,Digital Logic & Design,97.6,IoT,93.0,Cryptography & Network Security,90.4,Computer Networks,87.5,Microcontroller & Embedded Systems,87.3,audit|solar|power|sensor|simulation|efficiency|hvac|energy
DBM,1,1,Data Science & Analytics,Database Management Systems,67.7,Engineering Mathematics-IV,52.5,Data Structures and Algorithms,50.7,Full Stack Development,39.9,Engineering Mathematics-III,36.2,dashboard|kpi
CSL,1,1,Network & Wireless Systems,Database Management Systems,85.46938971198226,Digital Logic & Design,68.7,Computer Networks,64.9,Software Engineering,63.774249350659446,Cryptography & Network Security,61.7,vulnerability|authentication|forensics|cyber
OR,1,2,Data Science & Analytics,Data Structures and Algorithms,100.0,Operating Systems,98.4,Cryptography & Network Security,95.5,Design & Analysis of Algorithms,92.9,Database Management Systems,91.8,supply chain|scheduling|simulation|queuing|crm|optimization
EAM,2,2,Mobile & IoT Development|Cloud & Distributed Systems,Design & Analysis of Algorithms,45.8,Engineering Mathematics-III,35.1,Operating Systems,27.0,Python,26.4,Artificial Intelligence,25.2,audit|supply chain|solar|monitoring|power|sensor|iot|efficiency|hvac|renewable
RE,1,0,Network & Wireless Systems,Digital Logic & Design,80.5,Database Management Systems,69.4,Java,61.7,Engineering Mathematics-III,61.6,Data Structures and Algorithms,61.1,
CSL,1,2,Network & Wireless Systems,Cryptography & Network Security,100.0,Engineering Mathematics-IV,96.0,Full Stack Development,95.3,Operating Systems,93.2,Computer Networks,90.1,phishing|firewall|probability|forensics|encryption
OR,1,2,Data Science & Analytics,Engineering Mathematics-III,85.5,Design & Analysis of Algorithms,84.6,Digital Logic & Design,83.6,Artificial Intelligence,83.5,Computer Networks,82.3,scheduling|iot|simulation|linear programming|optimization
EAM,2,2,Mobile & IoT Development|Network & Wireless Systems,Full Stack Development,58.1,Microcontroller & Embedded Systems,54.7,Java,51.4,Engineering Mathematics-III,49.5,Operating Systems,46.5,solar|monitoring|sensor|iot|agile|energy
OR,2,2,Data Science & Analytics|Artificial Intelligence & Machine Learning,Database Management Systems,56.6,Engineering Mathematics-IV,53.73534465338193,Engineering Mathematics-III,52.124550568172616,C++,42.5,Digital Logic & Design,39.1,scheduling|linear programming|simulation|optimization|scipy
OR,3,2,Data Science & Analytics|Artificial Intelligence & Machine Learning|Web Development,Operating Systems,64.1,Software Engineering,56.2,Engineering Mathematics-III,51.8,Java,50.7,Cryptography & Network Security,49.1,supply chain|simplex|audit|scheduling|simulation|queuing|inventory|optimization
RE,1,0,Network & Wireless Systems,Engineering Mathematics-IV,92.2,Engineering Mathematics-III,87.7,Artificial Intelligence,79.1,Automata Theory,75.1,Data Structures and Algorithms,73.3,
DBM,2,1,Web Development|Cloud & Distributed Systems,Data Structures and Algorithms,67.4,Python,67.1,Engineering Mathematics-IV,67.04340351916535,Engineering Mathematics-III,66.13158889486625,Full Stack Development,65.5,seo|web|fault tree
CSL,2,4,Network & Wireless Systems|Cloud & Distributed Systems,Design & Analysis of Algorithms,64.0,Full Stack Development,63.8,Cryptography & Network Security,59.5,Automata Theory,56.3,Java,55.4,vulnerability|phishing|security|cyber|firewall|network security|forensics|encryption
EAM,2,2,Mobile & IoT Development|Cloud & Distributed Systems,Software Engineering,92.07384330879742,Operating Systems,90.7,Java,90.1,Engineering Mathematics-III,89.4,Database Management Systems,87.20723807354439,monitoring|power|sensor|efficiency|hvac|energy
EAM,2,3,Mobile & IoT Development|Network & Wireless Systems,Engineering Mathematics-III,54.16510463769303,Engineering Mathematics-IV,52.691339097888914,Computer Networks,51.8,Design & Analysis of Algorithms,46.9,Digital Logic & Design,44.8,solar|monitoring|power|sensor|iot|efficiency|hvac|renewable|energy
RE,1,3,Network & Wireless Systems,Engineering Mathematics-III,64.23150205315497,Design & Analysis of Algorithms,59.9,Computer Networks,56.5,Artificial Intelligence,54.4,Digital Logic & Design,53.5,weibull|fault tree|statistics|simulation|fmea|queuing|risk
CSL,1,1,Network & Wireless Systems,Full Stack Development,52.1,C++,44.7,Operating Systems,44.0,Java,42.1,Cryptography & Network Security,40.7,vulnerability|security|cyber|encryption
EAM,2,2,Mobile & IoT Development|Network & Wireless Systems,Data Structures and Algorithms,100.0,Microcontroller & Embedded Systems,100.0,Python,100.0,C++,100.0,IoT,100.0,audit|solar|power|iot|sensor|efficiency|hvac|renewable
EAM,2,1,Mobile & IoT Development|Network & Wireless Systems,Automata Theory,62.6,Microcontroller & Embedded Systems,59.2,Computer Networks,51.1,Data Structures and Algorithms,49.8,C++,49.7,renewable|hvac
CSL,1,3,Network & Wireless Systems,Operating Systems,56.6,Software Engineering,47.6,IoT,47.5,C++,41.4,Java,40.9,vulnerability|authentication|phishing|cyber|renewable|firewall|network security|encryption
CSL,1,3,Network & Wireless Systems,Operating Systems,73.9,Cryptography & Network Security,60.3,Microcontroller & Embedded Systems,54.7,Digital Logic & Design,54.6,IoT,53.4,vulnerability|scheduling|authentication|sensor|phishing|security|cyber|firewall|network security|forensics
RE,1,1,Network & Wireless Systems,Automata Theory,78.5,Engineering Mathematics-IV,72.4,Operating Systems,67.3,Engineering Mathematics-III,67.1,Java,66.4,testing|risk|probability
DBM,2,2,Web Development|Cloud & Distributed Systems,Artificial Intelligence,75.7,Software Engineering,71.1,Microcontroller & Embedded Systems,64.5,Engineering Mathematics-III,63.8,Java,57.4,kpi|ecommerce|dashboard|agile|seo|web
EAM,1,1,Mobile & IoT Development,Design & Analysis of Algorithms,88.9,Operating Systems,86.3,IoT,83.0,Python,82.6,Java,82.2,audit|ecommerce|power|efficiency|hvac|renewable|energy
CSL,2,2,Network & Wireless Systems|Cloud & Distributed Systems,Digital Logic & Design,77.7,Design & Analysis of Algorithms,76.8,Computer Networks,73.9,Full Stack Development,68.8,Data Structures and Algorithms,68.1,phishing|cyber|crm|firewall|forensics|encryption
DBM,2,1,Web Development|Data Science & Analytics,Python,64.3,C++,61.2,Full Stack Development,58.5,Computer Networks,57.5,Digital Logic & Design,55.7,dashboard|web|ecommerce|agile
EAM,2,1,Mobile & IoT Development|Cloud & Distributed Systems,IoT,65.8,Computer Networks,63.669478640090986,C++,55.5,Software Engineering,54.8,Cryptography & Network Security,54.397719044133765,audit|monitoring|efficiency|renewable|energy
OR,1,2,Data Science & Analytics,Design & Analysis of Algorithms,41.1,Automata Theory,39.0,IoT,34.3,Operating Systems,33.6,Database Management Systems,32.2,supply chain|simplex|linear programming|simulation|queuing|optimization|scipy
RE,1,1,Network & Wireless Systems,Operating Systems,100.0,Database Management Systems,91.7,Data Structures and Algorithms,89.5,Engineering Mathematics-III,85.3,Microcontroller & Embedded Systems,79.1,risk|fault tree
CSL,2,0,Network & Wireless Systems|Cloud & Distributed Systems,Database Management Systems,66.8,C++,55.9,Software Engineering,55.3,Design & Analysis of Algorithms,53.2,Computer Networks,53.0,
RE,2,2,Network & Wireless Systems|Data Science & Analytics,Design & Analysis of Algorithms,42.8,Engineering Mathematics-III,35.1,C++,33.7,Software Engineering,28.5,Data Structures and Algorithms,24.5,weibull|fault tree|statistics|quality|simulation|fmea|testing|risk|reliability
DBM,2,3,Data Science & Analytics|Cloud & Distributed Systems,Software Engineering,92.9,Java,83.7,Python,82.5,Engineering Mathematics-III,81.2,Automata Theory,76.1,kpi|ecommerce|digital marketing|dashboard|agile|phishing|testing|crm|analytics|react
CSL,1,2,Network & Wireless Systems,Operating Systems,86.1,Engineering Mathematics-IV,80.7,Cryptography & Network Security,71.5,Database Management Systems,71.2,Software Engineering,69.6,vulnerability|forensics|cyber
EAM,1,3,Mobile & IoT Development,Digital Logic & Design,71.9,Software Engineering,68.7,Data Structures and Algorithms,61.5,Cryptography & Network Security,61.4,C++,59.0,audit|monitoring|power|iot|sensor|hvac|renewable|testing
RE,1,1,Network & Wireless Systems,Software Engineering,72.1,Artificial Intelligence,63.9,Engineering Mathematics-IV,59.1,Engineering Mathematics-III,53.9,Database Management Systems,50.7,fault tree|simulation|fmea|risk|reliability
CSL,2,4,Network & Wireless Systems|Cloud & Distributed Systems,Computer Networks,61.2,Database Management Systems,51.2,Python,47.1,Full Stack Development,45.6,Operating Systems,43.7,vulnerability|react|authentication|phishing|cyber|firewall|network security|forensics|encryption
EAM,2,1,Mobile & IoT Development|Cloud & Distributed Systems,Software Engineering,52.6,C++,51.1,Automata Theory,50.5,Digital Logic & Design,48.6,Database Management Systems,43.7,sensor|authentication|energy|iot
DBM,4,2,Data Science & Analytics|Web Development|Cloud & Distributed Systems|Mobile & IoT Development,Computer Networks,100.0,Database Management Systems,95.1,Python,90.7,Full Stack Development,88.7,Software Engineering,87.1,ecommerce|agile|queuing|crm|analytics|react|seo|web
OR,1,2,Data Science & Analytics,Python,78.9,Database Management Systems,73.0,Computer Networks,71.7,Digital Logic & Design,71.0,Full Stack Development,64.0,scipy|simulation|queuing|inventory
EAM,1,2,Mobile & IoT Development,Operating Systems,58.5,Data Structures and Algorithms,56.7,IoT,55.9,Microcontroller & Embedded Systems,55.8,Database Management Systems,51.9,audit|monitoring|power|iot|efficiency
EAM,3,3,Mobile & IoT Development|Network & Wireless Systems|Cloud & Distributed Systems,Engineering Mathematics-III,72.06048590372819,Operating Systems,69.7,C++,64.9,IoT,53.7,Full Stack Development,50.5,audit|solar|monitoring|power|iot|sensor|simulation|efficiency|energy
CSL,2,4,Network & Wireless Systems|Cloud & Distributed Systems,Cryptography & Network Security,94.2,Automata Theory,82.3,Data Structures and Algorithms,80.4,Operating Systems,75.8,Computer Networks,74.6,vulnerability|authentication|phishing|security|cyber|renewable|firewall|network security|forensics|encryption
OR,1,0,Data Science & Analytics,Engineering Mathematics-IV,64.0,Digital Logic & Design,59.1,Operating Systems,57.0,Artificial Intelligence,55.4,Engineering Mathematics-III,51.8,
DBM,1,2,Data Science & Analytics,Python,74.4,Data Structures and Algorithms,72.2,Full Stack Development,72.2,Software Engineering,69.4,C++,65.9,kpi|ecommerce|digital marketing|dashboard|agile|crm|analytics
RE,1,2,Network & Wireless Systems,Computer Networks,100.0,Operating Systems,97.4,Design & Analysis of Algorithms,95.7,IoT,95.6,Java,93.1,risk|fmea|fault tree
OR,1,1,Data Science & Analytics,Design & Analysis of Algorithms,82.4,Software Engineering,73.5,Engineering Mathematics-III,71.8,Microcontroller & Embedded Systems,67.7,Python,67.1,supply chain|linear programming|queuing|optimization
EAM,2,3,Mobile & IoT Development|Cloud & Distributed Systems,Microcontroller & Embedded Systems,93.1,Cryptography & Network Security,87.7,C++,79.8,Computer Networks,79.6,Digital Logic & Design,78.0,audit|solar|monitoring|power|iot|efficiency|hvac|renewable|react|energy
OR,3,3,Data Science & Analytics|Artificial Intelligence & Machine Learning|Web Development,Microcontroller & Embedded Systems,56.6,Python,53.0,Cryptography & Network Security,52.9,Engineering Mathematics-III,52.8,Engineering Mathematics-IV,50.1,scheduling|linear programming|simulation|testing|inventory|optimization|scipy
DBM,2,2,Data Science & Analytics|Web Development,Data Structures and Algorithms,76.2,Engineering Mathematics-III,70.8,Full Stack Development,69.3,Automata Theory,66.6,Engineering Mathematics-IV,65.6,kpi|dashboard|agile|analytics|react|seo|web
OR,2,1,Data Science & Analytics|Artificial Intelligence & Machine Learning,Artificial Intelligence,57.6,Full Stack Development,55.4,Engineering Mathematics-IV,54.2,Digital Logic & Design,52.7,Automata Theory,52.6,simplex|scheduling|linear programming|optimization|probability
OR,1,3,Data Science & Analytics,Database Management Systems,85.6,Engineering Mathematics-IV,82.4,Artificial Intelligence,82.0,Engineering Mathematics-III,80.3,Design & Analysis of Algorithms,79.6,supply chain|scheduling|simulation|linear programming|security|hvac|queuing|inventory|optimization|scipy
CSL,2,3,Network & Wireless Systems|Web Development,IoT,82.3,Cryptography & Network Security,78.5,Operating Systems,77.6,Computer Networks,77.2,Full Stack Development,77.0,vulnerability|encryption|fault tree|authentication|phishing|security|cyber|firewall|forensics|reliability
RE,1,2,Network & Wireless Systems,Artificial Intelligence,100.0,Cryptography & Network Security,100.0,Python,97.4,Software Engineering,96.5,Digital Logic & Design,96.2,statistics|testing|probability|energy|reliability
OR,1,1,Data Science & Analytics,IoT,78.7268552746835,Automata Theory,66.8,Engineering Mathematics-III,59.0,Java,51.2,Cryptography & Network Security,51.1,simplex|scheduling|linear programming|phishing|queuing|optimization
DBM,2,2,Data Science & Analytics|Web Development,Java,64.2,Python,62.2,Artificial Intelligence,58.6,Design & Analysis of Algorithms,57.2,IoT,56.157465845970584,fault tree|ecommerce|digital marketing|dashboard|react|seo
DBM,3,0,Web Development|Data Science & Analytics|Cloud & Distributed Systems,C++,65.7,Design & Analysis of Algorithms,60.6,IoT,58.6,Digital Logic & Design,58.1,Operating Systems,56.0,
CSL,1,1,Network & Wireless Systems,Software Engineering,43.7,Engineering Mathematics-IV,38.7,Java,36.4,Full Stack Development,34.6,Database Management Systems,34.2,security|cyber|network security
EAM,2,1,Mobile & IoT Development|Network & Wireless Systems,Engineering Mathematics-IV,79.0,C++,61.4,Database Management Systems,60.6,Computer Networks,56.1,IoT,54.8,renewable|simulation|energy|efficiency
OR,1,1,Data Science & Analytics,Cryptography & Network Security,100.0,Design & Analysis of Algorithms,98.1,Engineering Mathematics-IV,93.4,Engineering Mathematics-III,91.6,Automata Theory,81.2,scipy|simulation
DBM,1,3,Web Development,Artificial Intelligence,61.9,Full Stack Development,56.8,C++,54.7,Operating Systems,50.3,Python,49.8,kpi|ecommerce|digital marketing|dashboard|agile|crm|analytics|react|seo|web
OR,2,4,Data Science & Analytics|Artificial Intelligence & Machine Learning,Java,67.0,Cryptography & Network Security,66.8,Design & Analysis of Algorithms,64.1,Engineering Mathematics-IV,54.9,Software Engineering,53.8,supply chain|simplex|scheduling|linear programming|simulation|queuing|react|scipy
DBM,2,3,Web Development|Data Science & Analytics,Database Management Systems,92.3,Computer Networks,90.83758914047023,Automata Theory,86.5,Cryptography & Network Security,80.2089012874145,Operating Systems,79.7,kpi|ecommerce|digital marketing|dashboard|crm|analytics|react|seo|web
DBM,2,0,Data Science & Analytics|Web Development,Full Stack Development,80.4,Java,72.6,Engineering Mathematics-III,71.1,Cryptography & Network Security,70.7,Database Management Systems,65.9,
EAM,1,3,Mobile & IoT Development,Python,55.2,C++,24.5,Automata Theory,22.8,Engineering Mathematics-IV,22.1,Operating Systems,21.5,audit|solar|monitoring|power|sensor|iot|efficiency|hvac|renewable|energy
DBM,2,0,Data Science & Analytics|Web Development,C++,74.1,Software Engineering,61.8,Operating Systems,57.7,Java,55.5,Design & Analysis of Algorithms,53.7,
CSL,2,1,Network & Wireless Systems|Cloud & Distributed Systems,Python,100.0,C++,100.0,Design & Analysis of Algorithms,100.0,Cryptography & Network Security,100.0,Digital Logic & Design,98.2,encryption|network security
DBM,1,1,Web Development,Cryptography & Network Security,88.79764288815927,Software Engineering,86.9,IoT,80.1,Full Stack Development,77.8,Database Management Systems,76.7,kpi|agile|crm|analytics|seo|encryption
CSL,1,2,Network & Wireless Systems,Digital Logic & Design,100.0,Computer Networks,100.0,Microcontroller & Embedded Systems,100.0,Cryptography & Network Security,100.0,Python,98.2,vulnerability|phishing|security|cyber|network security|risk|forensics
RE,2,1,Network & Wireless Systems|Cloud & Distributed Systems,Automata Theory,69.0,Engineering Mathematics-IV,54.9,Design & Analysis of Algorithms,53.4,Python,50.9,Database Management Systems,50.8,weibull|fmea|reliability
CSL,1,3,Network & Wireless Systems,Cryptography & Network Security,66.9,Microcontroller & Embedded Systems,66.57775984797577,Software Engineering,60.6,Automata Theory,60.0,Computer Networks,57.0,vulnerability|phishing|security|cyber|hvac|firewall|network security|forensics|encryption
RE,2,4,Network & Wireless Systems|Cloud & Distributed Systems,Data Structures and Algorithms,84.0,IoT,75.7,Engineering Mathematics-IV,74.5,Engineering Mathematics-III,74.3,Computer Networks,72.7,fault tree|statistics|quality|hvac|fmea|testing|probability|seo
DBM,3,3,Web Development|Data Science & Analytics|Mobile & IoT Development,Engineering Mathematics-III,79.22427145653565,Cryptography & Network Security,72.4,Engineering Mathematics-IV,68.43007976336823,Full Stack Development,66.5,C++,63.7,kpi|ecommerce|digital marketing|dashboard|agile|crm|analytics|react|seo|web
OR,1,1,Data Science & Analytics,Artificial Intelligence,71.5,Design & Analysis of Algorithms,57.0,Software Engineering,52.7,Digital Logic & Design,50.5,Database Management Systems,50.0,scheduling|queuing
CSL,2,1,Network & Wireless Systems|Cloud & Distributed Systems,Software Engineering,35.5,Full Stack Development,29.0,Data Structures and Algorithms,25.9,Automata Theory,25.2,Cryptography & Network Security,22.2,security|encryption
EAM,1,1,Mobile & IoT Development,Python,100.0,IoT,100.0,Computer Networks,98.7,Microcontroller & Embedded Systems,97.5,Artificial Intelligence,96.2,renewable|energy|solar
DBM,1,0,Web Development,Engineering Mathematics-III,84.9,Full Stack Development,83.4,Automata Theory,79.9,C++,76.2,Computer Networks,66.9,
EAM,1,1,Mobile & IoT Development,Database Management Systems,49.9,Computer Networks,41.768855903939375,Cryptography & Network Security,41.161060051490026,Engineering Mathematics-IV,37.7,Python,36.8,audit|monitoring|power|iot|hvac|renewable
EAM,1,3,Mobile & IoT Development,Digital Logic & Design,67.7,IoT,67.6,C++,62.0,Python,56.6,Computer Networks,53.1,audit|solar|monitoring|power|sensor|iot|efficiency|renewable|fmea|probability
RE,2,3,Network & Wireless Systems|Cloud & Distributed Systems,Design & Analysis of Algorithms,78.2,IoT,61.53369260220205,Engineering Mathematics-III,60.5,Microcontroller & Embedded Systems,58.848252858831266,Software Engineering,56.9,weibull|fault tree|statistics|quality|simulation|testing|fmea|risk|reliability
DBM,2,2,Web Development|Data Science & Analytics,Engineering Mathematics-IV,65.6,Design & Analysis of Algorithms,64.8,Java,64.4,Computer Networks,63.7,Database Management Systems,63.6,weibull|kpi|digital marketing|dashboard|crm|analytics|react|web
CSL,1,3,Network & Wireless Systems,Python,100.0,Computer Networks,92.8,Operating Systems,90.2,Cryptography & Network Security,87.1,Microcontroller & Embedded Systems,85.4,vulnerability|authentication|phishing|agile|cyber|queuing|firewall|network security|scipy|encryption
DBM,3,1,Data Science & Analytics|Web Development|Cloud & Distributed Systems,Python,75.1,Automata Theory,69.3,Data Structures and Algorithms,66.8,Database Management Systems,66.6,Full Stack Development,65.2,authentication|dashboard|agile|digital marketing
EAM,2,3,Mobile & IoT Development|Network & Wireless Systems,IoT,99.6,Computer Networks,90.0,Java,86.4,Microcontroller & Embedded Systems,85.2,Digital Logic & Design,84.4,solar|monitoring|power|iot|sensor|hvac|renewable|energy
OR,2,3,Data Science & Analytics|Artificial Intelligence & Machine Learning,Engineering Mathematics-III,83.5,Engineering Mathematics-IV,80.5,Python,79.4,Full Stack Development,72.5,C++,71.8,network security|supply chain|simplex|scheduling|simulation|linear programming|queuing|inventory|optimization
RE,1,2,Network & Wireless Systems,Automata Theory,69.5,Engineering Mathematics-III,67.5,Artificial Intelligence,67.0,C++,54.7,Design & Analysis of Algorithms,53.8,weibull|fault tree|quality|simulation|fmea|firewall|probability|risk|reliability
RE,2,0,Network & Wireless Systems|Cloud & Distributed Systems,Engineering Mathematics-III,63.9,Software Engineering,52.8,Data Structures and Algorithms,52.7,Digital Logic & Design,52.1,Python,51.4,
RE,2,1,Network & Wireless Systems|Cloud & Distributed Systems,Engineering Mathematics-III,100.0,Cryptography & Network Security,95.0,Operating Systems,93.2,Microcontroller & Embedded Systems,92.8,Software Engineering,85.7,fault tree|statistics|simulation|fmea|probability|reliability
EAM,2,3,Mobile & IoT Development|Network & Wireless Systems,Data Structures and Algorithms,53.9,Microcontroller & Embedded Systems,48.8,Artificial Intelligence,45.7,Engineering Mathematics-III,40.4,C++,38.5,audit|solar|monitoring|power|iot|efficiency|renewable|firewall|network security|energy
DBM,1,2,Web Development,Full Stack Development,84.9,Engineering Mathematics-IV,80.5,Computer Networks,77.5,Engineering Mathematics-III,69.3,Cryptography & Network Security,68.9,ecommerce|dashboard|agile|crm|analytics|seo|web
OR,2,0,Data Science & Analytics|Artificial Intelligence & Machine Learning,Engineering Mathematics-IV,90.6,Computer Networks,76.1,Digital Logic & Design,75.7,Python,75.4,Design & Analysis of Algorithms,72.9,
CSL,1,3,Network & Wireless Systems,Operating Systems,74.9,Cryptography & Network Security,74.7,IoT,66.9,Artificial Intelligence,64.6,Full Stack Development,64.4,authentication|phishing|security|firewall|network security|forensics|encryption
RE,2,2,Network & Wireless Systems|Cloud & Distributed Systems,Database Management Systems,91.6,C++,88.0,Engineering Mathematics-III,87.5,Digital Logic & Design,87.3,Software Engineering,85.9,fault tree|statistics|simulation|fmea|testing|queuing|probability|risk
OR,2,4,Data Science & Analytics|Artificial Intelligence & Machine Learning,Data Structures and Algorithms,41.4,Python,38.4,Design & Analysis of Algorithms,36.2,Microcontroller & Embedded Systems,30.8,Computer Networks,27.8,simplex|supply chain|scheduling|statistics|simulation|queuing|inventory|optimization|scipy
RE,2,2,Network & Wireless Systems|Cloud & Distributed Systems,Engineering Mathematics-IV,45.4,Data Structures and Algorithms,44.2,Computer Networks,43.6,Python,43.4,Software Engineering,42.0,weibull|statistics|fmea|testing|risk|encryption|reliability
RE,2,0,Network & Wireless Systems|Cloud & Distributed Systems,Cryptography & Network Security,66.2,Engineering Mathematics-III,64.8463147785358,C++,60.2,Automata Theory,59.2,Software Engineering,57.6,
OR,2,0,Data Science & Analytics|Artificial Intelligence & Machine Learning,Engineering Mathematics-III,64.4,Automata Theory,60.7,Design & Analysis of Algorithms,59.8,Engineering Mathematics-IV,57.6,Artificial Intelligence,55.4,
DBM,3,1,Web Development|Data Science & Analytics|Cloud & Distributed Systems,Python,55.0,Database Management Systems,51.4,IoT,51.0,Full Stack Development,47.8,Microcontroller & Embedded Systems,45.4,kpi|crm|analytics|seo|web
EAM,3,1,Mobile & IoT Development|Network & Wireless Systems|Cloud & Distributed Systems,IoT,90.4,Microcontroller & Embedded Systems,89.6,Cryptography & Network Security,89.4,Python,84.1,Full Stack Development,79.5,audit|monitoring|power|iot|security|renewable|energy
CSL,2,2,Network & Wireless Systems|Cloud & Distributed Systems,Cryptography & Network Security,92.1,Software Engineering,81.0,Computer Networks,80.8,Artificial Intelligence,75.5,C++,72.5,vulnerability|authentication|security|cyber|analytics|network security|forensics|encryption
RE,1,2,Network & Wireless Systems,Python,88.3,Computer Networks,81.8,Digital Logic & Design,80.9,Database Management Systems,80.7,Software Engineering,78.8,weibull|quality|testing|probability|risk|reliability
DBM,3,2,Data Science & Analytics|Web Development|Cloud & Distributed Systems,Database Management Systems,66.9,Design & Analysis of Algorithms,60.9,Python,59.9,Digital Logic & Design,53.3,Full Stack Development,52.5,ecommerce|digital marketing|dashboard|agile|analytics|react|web
EAM,1,3,Mobile & IoT Development,Engineering Mathematics-IV,40.6,Cryptography & Network Security,39.5,Microcontroller & Embedded Systems,39.2,Automata Theory,35.3,Operating Systems,31.0,audit|monitoring|power|iot|hvac|renewable|network security|energy
DBM,1,2,Data Science & Analytics,Engineering Mathematics-IV,75.0,Digital Logic & Design,58.5,Cryptography & Network Security,57.3,Full Stack Development,55.4,Python,53.7,ecommerce|energy|agile|crm|analytics|seo|web
RE,2,3,Network & Wireless Systems|Cloud & Distributed Systems,Engineering Mathematics-IV,47.7,Operating Systems,47.1,Software Engineering,33.8,Computer Networks,32.2,Python,27.3,fault tree|statistics|quality|dashboard|simulation|fmea|probability|reliability
EAM,1,2,Mobile & IoT Development,Microcontroller & Embedded Systems,75.7,Operating Systems,70.9,Engineering Mathematics-III,68.8,Artificial Intelligence,66.1,Data Structures and Algorithms,66.0,audit|monitoring|power|sensor|iot
RE,1,0,Network & Wireless Systems,Engineering Mathematics-III,94.2,Java,89.8,Design & Analysis of Algorithms,72.9,Engineering Mathematics-IV,66.0,Data Structures and Algorithms,60.6,
RE,1,1,Network & Wireless Systems,Computer Networks,60.3,Microcontroller & Embedded Systems,57.0,Engineering Mathematics-III,51.6,C++,51.0,Operating Systems,50.4,weibull|testing|reliability
CSL,2,1,Network & Wireless Systems|Cloud & Distributed Systems,Operating Systems,60.8,Cryptography & Network Security,59.4,Microcontroller & Embedded Systems,52.44811154922199,Full Stack Development,51.5,Java,49.0,authentication|simulation|phishing|network security|encryption
CSL,2,1,Network & Wireless Systems|Cloud & Distributed Systems,C++,49.5,Operating Systems,43.5,Data Structures and Algorithms,38.5,Automata Theory,34.8,Engineering Mathematics-IV,34.0,vulnerability|authentication
OR,1,1,Data Science & Analytics,Engineering Mathematics-III,62.2,Computer Networks,53.9,Java,52.0,Python,50.5,Microcontroller & Embedded Systems,42.7,simplex|supply chain|queuing|inventory
DBM,4,4,Web Development|Data Science & Analytics|Cloud & Distributed Systems|Mobile & IoT Development,Python,69.9,Full Stack Development,69.9,Automata Theory,66.4,Computer Networks,59.5,Engineering Mathematics-IV,59.1,network security|kpi|ecommerce|digital marketing|dashboard|agile|cyber|crm|analytics|react
RE,1,1,Network & Wireless Systems,Microcontroller & Embedded Systems,61.9,Engineering Mathematics-IV,61.1,Automata Theory,59.8,IoT,59.7,C++,58.7,weibull|quality|simulation|fault tree
DBM,2,0,Data Science & Analytics|Cloud & Distributed Systems,Data Structures and Algorithms,82.4,Cryptography & Network Security,66.3,Computer Networks,64.9,Python,62.7,Microcontroller & Embedded Systems,60.8,
CSL,2,2,Network & Wireless Systems|Cloud & Distributed Systems,Computer Networks,91.4,Database Management Systems,78.2725837462381,Engineering Mathematics-IV,75.3,Software Engineering,74.62044440549616,Cryptography & Network Security,74.5,vulnerability|authentication|phishing|security|cyber|firewall|encryption
RE,1,4,Network & Wireless Systems,Engineering Mathematics-III,100.0,Engineering Mathematics-IV,100.0,Microcontroller & Embedded Systems,100.0,C++,100.0,Cryptography & Network Security,100.0,fault tree|statistics|quality|simulation|fmea|testing|probability|risk|reliability
RE,1,0,Network & Wireless Systems,Automata Theory,88.0,Artificial Intelligence,86.0,Microcontroller & Embedded Systems,79.6,Cryptography & Network Security,78.9,Engineering Mathematics-IV,75.8,
OR,1,3,Data Science & Analytics,Python,59.9,C++,56.2,Operating Systems,56.1,Microcontroller & Embedded Systems,52.6,Java,46.2,vulnerability|simplex|react|scheduling|simulation|linear programming|queuing|inventory|optimization|scipy
CSL,2,3,Network & Wireless Systems|Cloud & Distributed Systems,Computer Networks,47.6,Data Structures and Algorithms,33.2,Full Stack Development,33.2,Software Engineering,30.4,IoT,28.4,vulnerability|linear programming|phishing|security|cyber|firewall|forensics|encryption
EAM,1,2,Mobile & IoT Development,Operating Systems,69.4,Automata Theory,67.4,Database Management Systems,66.4,Cryptography & Network Security,66.3,Engineering Mathematics-III,62.7,audit|solar|power|iot|sensor|energy
CSL,2,3,Network & Wireless Systems|Cloud & Distributed Systems,Computer Networks,66.4,Data Structures and Algorithms,60.6,Engineering Mathematics-III,56.1,Python,56.1,Cryptography & Network Security,53.8,vulnerability|authentication|sensor|simulation|phishing|cyber|firewall|network security|forensics|encryption
EAM,2,0,Mobile & IoT Development|Network & Wireless Systems,Automata Theory,59.2,Software Engineering,56.9,Database Management Systems,49.6,Engineering Mathematics-III,46.0,Microcontroller & Embedded Systems,45.6,
RE,2,3,Network & Wireless Systems|Cloud & Distributed Systems,Operating Systems,54.4,Automata Theory,51.0,Microcontroller & Embedded Systems,49.68698384758562,IoT,48.76093026039458,Artificial Intelligence,48.3,weibull|fault tree|quality|simulation|fmea|testing|probability|risk|reliability
EAM,1,1,Mobile & IoT Development,Engineering Mathematics-III,73.0,Data Structures and Algorithms,71.7,Digital Logic & Design,64.1,Python,57.6,Computer Networks,57.3,sensor|energy|monitoring
CSL,1,1,Network & Wireless Systems,Cryptography & Network Security,76.1,Database Management Systems,75.2,Engineering Mathematics-IV,73.3,Computer Networks,69.5,Java,67.9,vulnerability|fault tree|authentication|security|network security|forensics|encryption
OR,1,1,Data Science & Analytics,Engineering Mathematics-IV,75.4,C++,67.0,Data Structures and Algorithms,65.9,Design & Analysis of Algorithms,62.5,Cryptography & Network Security,59.1,scheduling|scipy|linear programming|optimization
RE,2,4,Network & Wireless Systems|Cloud & Distributed Systems,Database Management Systems,77.7,Artificial Intelligence,74.8,Engineering Mathematics-III,68.3,Engineering Mathematics-IV,68.2,Automata Theory,66.5,weibull|statistics|quality|simulation|fmea|probability|risk|web|reliability
DBM,3,3,Data Science & Analytics|Web Development|Mobile & IoT Development,Artificial Intelligence,33.0,Engineering Mathematics-IV,20.4,Operating Systems,18.6,Data Structures and Algorithms,18.3,Java,15.9,kpi|digital marketing|agile|analytics|react|seo
CSL,1,2,Network & Wireless Systems,Engineering Mathematics-IV,86.1,Full Stack Development,74.9,Operating Systems,73.3,Software Engineering,68.9,Automata Theory,67.5,vulnerability|authentication|iot|security|firewall|network security|forensics|encryption
DBM,3,3,Data Science & Analytics|Web Development|Mobile & IoT Development,Data Structures and Algorithms,78.4,Full Stack Development,74.3,Python,58.9,Operating Systems,58.5,Database Management Systems,58.1,kpi|ecommerce|digital marketing|dashboard|agile|efficiency|crm|react|seo|web
DBM,3,2,Data Science & Analytics|Web Development|Cloud & Distributed Systems,Digital Logic & Design,30.9,Artificial Intelligence,27.6,Cryptography & Network Security,22.6,Data Structures and Algorithms,21.7,Automata Theory,19.4,kpi|digital marketing|dashboard|agile|analytics|seo|web
OR,2,2,Data Science & Analytics|Artificial Intelligence & Machine Learning,Engineering Mathematics-III,76.1,Automata Theory,61.9,Engineering Mathematics-IV,60.5,Database Management Systems,59.1,Cryptography & Network Security,56.7,linear programming|queuing|inventory|optimization|scipy
DBM,2,1,Web Development|Data Science & Analytics,Computer Networks,74.6,Python,69.3,Full Stack Development,68.6,Design & Analysis of Algorithms,63.8,Engineering Mathematics-IV,63.0,seo|crm|digital marketing
OR,1,1,Data Science & Analytics,Operating Systems,74.9,Python,73.9,Digital Logic & Design,72.6,Full Stack Development,70.8,Engineering Mathematics-III,67.0,simplex|supply chain|linear programming|inventory|optimization
RE,1,1,Network & Wireless Systems,Software Engineering,51.6,Full Stack Development,49.0,Data Structures and Algorithms,45.5,Engineering Mathematics-IV,45.3,Database Management Systems,44.8,fmea|simulation
EAM,1,3,Mobile & IoT Development,Database Management Systems,98.3,Computer Networks,97.7,Microcontroller & Embedded Systems,95.8,IoT,94.6,Operating Systems,90.0,audit|solar|power|sensor|iot|authentication|efficiency|hvac|renewable|energy
CSL,1,1,Network & Wireless Systems,Full Stack Development,85.9,IoT,80.45957921844129,Automata Theory,78.5,Engineering Mathematics-III,78.4,Computer Networks,75.8,vulnerability|authentication|phishing|security|network security|encryption
OR,2,1,Data Science & Analytics|Artificial Intelligence & Machine Learning,Microcontroller & Embedded Systems,82.57671032956065,Java,72.3,Data Structures and Algorithms,71.6,IoT,71.4828078498204,Database Management Systems,69.2,simplex|scheduling|agile|queuing|inventory|scipy
DBM,1,3,Data Science & Analytics,Database Management Systems,59.0,Full Stack Development,52.0,Artificial Intelligence,51.9,Data Structures and Algorithms,48.5,Computer Networks,47.3,kpi|ecommerce|dashboard|agile|crm|seo
RE,1,1,Network & Wireless Systems,Python,78.6,Artificial Intelligence,78.3,Data Structures and Algorithms,77.7,Engineering Mathematics-IV,77.3,IoT,74.9,weibull|risk|probability
EAM,1,3,Mobile & IoT Development,Digital Logic & Design,90.2,Python,85.5,Engineering Mathematics-III,84.3,Design & Analysis of Algorithms,80.7,IoT,80.1,audit|solar|monitoring|iot|sensor|efficiency|hvac|renewable|energy
DBM,2,3,Data Science & Analytics|Web Development,Full Stack Development,80.8,Computer Networks,71.37809629391302,C++,67.3,Automata Theory,64.8,Python,63.7,energy|dashboard|agile|crm|analytics|react|seo|web
RE,3,3,Network & Wireless Systems|Cloud & Distributed Systems|Data Science & Analytics,Automata Theory,97.4,Software Engineering,94.1,Engineering Mathematics-III,91.1,Microcontroller & Embedded Systems,90.5,Design & Analysis of Algorithms,87.1,weibull|fault tree|statistics|quality|simulation|fmea|probability|risk|reliability
DBM,1,2,Data Science & Analytics,Operating Systems,78.5,Artificial Intelligence,78.1,Software Engineering,74.0,Engineering Mathematics-III,71.4,Microcontroller & Embedded Systems,70.6,vulnerability|supply chain|ecommerce|dashboard|agile|react|seo
DBM,1,2,Web Development,Operating Systems,71.2,Design & Analysis of Algorithms,67.3,Software Engineering,66.8,Database Management Systems,60.8,Data Structures and Algorithms,58.0,seo|dashboard|crm|analytics
CSL,3,0,Network & Wireless Systems|Cloud & Distributed Systems|Web Development,Software Engineering,86.6,Java,76.7,Design & Analysis of Algorithms,74.3,Cryptography & Network Security,70.2,Operating Systems,69.9,
OR,1,3,Data Science & Analytics,Database Management Systems,54.1,Data Structures and Algorithms,50.5,Design & Analysis of Algorithms,46.1,Java,44.6,Artificial Intelligence,39.7,simplex|supply chain|linear programming|simulation|inventory|optimization|scipy
EAM,2,2,Mobile & IoT Development|Network & Wireless Systems,IoT,53.9,Cryptography & Network Security,53.8,C++,52.7,Database Management Systems,51.2,Engineering Mathematics-III,49.7,weibull|audit|solar|monitoring|power|sensor|authentication|iot|efficiency|hvac
RE,1,3,Network & Wireless Systems,Engineering Mathematics-III,100.0,Microcontroller & Embedded Systems,100.0,Digital Logic & Design,98.2,Artificial Intelligence,95.0,Computer Networks,94.8,weibull|fault tree|statistics|quality|testing|fmea|firewall|probability|risk|encryption
OR,1,3,Data Science & Analytics,Engineering Mathematics-IV,40.9,Data Structures and Algorithms,33.8,Engineering Mathematics-III,32.0,Digital Logic & Design,13.8,Database Management Systems,11.7,supply chain|scheduling|linear programming|simulation|hvac|queuing|optimization|network security|scipy
CSL,1,0,Network & Wireless Systems,Database Management Systems,85.0,Computer Networks,67.4,C++,65.7,Digital Logic & Design,61.1,Operating Systems,59.1,
OR,2,4,Data Science & Analytics|Artificial Intelligence & Machine Learning,Design & Analysis of Algorithms,74.0,Java,68.5,Engineering Mathematics-IV,65.3,C++,62.4,Cryptography & Network Security,60.5,supply chain|scheduling|linear programming|simulation|efficiency|queuing|inventory|optimization|scipy
RE,1,1,Network & Wireless Systems,C++,68.8,Software Engineering,67.9,Engineering Mathematics-III,67.7,Design & Analysis of Algorithms,66.1,Engineering Mathematics-IV,63.7,weibull|simulation|reliability
EAM,2,4,Mobile & IoT Development|Cloud & Distributed Systems,IoT,67.5,C++,57.9,Operating Systems,53.4,Artificial Intelligence,43.3,Database Management Systems,42.599369912187086,audit|solar|monitoring|power|sensor|iot|efficiency|hvac|renewable|energy
CSL,1,2,Network & Wireless Systems,Engineering Mathematics-IV,70.72638697354743,Digital Logic & Design,64.3,Artificial Intelligence,63.3,Microcontroller & Embedded Systems,61.1,Engineering Mathematics-III,60.39245198576124,vulnerability|security|cyber|testing|firewall|network security|forensics|encryption
EAM,2,2,Mobile & IoT Development|Network & Wireless Systems,Engineering Mathematics-III,100.0,Engineering Mathematics-IV,100.0,Database Management Systems,96.6,Microcontroller & Embedded Systems,95.8,Cryptography & Network Security,94.7,audit|solar|power|iot|cyber|efficiency|hvac|renewable
CSL,1,4,Network & Wireless Systems,Software Engineering,61.4,Computer Networks,60.2,Data Structures and Algorithms,58.3,Python,57.4,Microcontroller & Embedded Systems,55.7,vulnerability|authentication|phishing|cyber|firewall|network security|forensics|energy|encryption
DBM,3,2,Data Science & Analytics|Web Development|Mobile & IoT Development,Microcontroller & Embedded Systems,87.8,Automata Theory,77.6,Engineering Mathematics-IV,73.8,Python,73.2,Full Stack Development,72.1,kpi|dashboard|agile|crm|analytics|react|web
RE,2,1,Network & Wireless Systems|Cloud & Distributed Systems,Engineering Mathematics-III,94.0,Operating Systems,84.1,IoT,81.7,Python,81.6,Cryptography & Network Security,77.8,weibull|fault tree|quality|simulation|testing|risk
DBM,1,0,Web Development,Database Management Systems,78.6,Operating Systems,72.0,IoT,69.8,Engineering Mathematics-III,64.9,C++,64.9,
DBM,3,3,Web Development|Data Science & Analytics|Cloud & Distributed Systems,Engineering Mathematics-III,80.27080456452283,Database Management Systems,71.0,Design & Analysis of Algorithms,71.0,Java,68.1,Computer Networks,61.7,kpi|ecommerce|dashboard|agile|crm|analytics|react|seo
RE,2,2,Network & Wireless Systems|Cloud & Distributed Systems,Engineering Mathematics-III,90.33762061938552,Database Management Systems,86.0,Design & Analysis of Algorithms,81.6,Engineering Mathematics-IV,77.9865239275411,Data Structures and Algorithms,77.9,weibull|fault tree|statistics|quality|fmea|testing|queuing|risk|reliability
EAM,1,3,Mobile & IoT Development,Operating Systems,77.4,Cryptography & Network Security,76.7,Computer Networks,74.0,C++,72.4,Java,71.6,audit|simplex|solar|monitoring|power|iot|sensor|efficiency|hvac|renewable
OR,2,3,Data Science & Analytics|Artificial Intelligence & Machine Learning,Database Management Systems,94.3,Data Structures and Algorithms,82.4,Engineering Mathematics-III,80.83634112471508,Software Engineering,78.6,Engineering Mathematics-IV,78.42044428873301,supply chain|simplex|scheduling|linear programming|simulation|inventory|optimization|scipy
RE,1,2,Network & Wireless Systems,Microcontroller & Embedded Systems,59.0,Engineering Mathematics-IV,58.6,Operating Systems,44.5,IoT,41.0,Java,40.7,weibull|fault tree|statistics|quality|testing|probability|scipy
EAM,1,1,Mobile & IoT Development,Operating Systems,77.6,IoT,71.6,Software Engineering,70.6,Python,65.6,Computer Networks,61.6,sensor|iot|efficiency|power
OR,2,1,Data Science & Analytics|Web Development,Automata Theory,69.1,Engineering Mathematics-III,61.2,Computer Networks,56.8,Engineering Mathematics-IV,55.8,Java,51.4,simplex|simulation
CSL,2,1,Network & Wireless Systems|Cloud & Distributed Systems,Computer Networks,88.0,Data Structures and Algorithms,83.2,Microcontroller & Embedded Systems,80.2,Full Stack Development,71.5,Operating Systems,69.9,vulnerability|authentication|phishing|cyber|forensics|encryption
DBM,3,2,Data Science & Analytics|Web Development|Cloud & Distributed Systems,Automata Theory,78.4,Computer Networks,74.8,IoT,71.9,Engineering Mathematics-III,67.8,Database Management Systems,63.2,kpi|ecommerce|digital marketing|dashboard|agile|crm|seo
DBM,1,2,Web Development,Software Engineering,67.5,Java,55.9,Python,54.9,C++,51.6,Database Management Systems,50.3,seo|agile|ecommerce|react
CSL,1,1,Network & Wireless Systems,Data Structures and Algorithms,79.9,Full Stack Development,73.2,C++,67.1,Engineering Mathematics-III,66.0,Computer Networks,65.9,forensics|security|firewall|network security
RE,2,3,Network & Wireless Systems|Cloud & Distributed Systems,C++,83.2,IoT,78.5,Java,77.0,Data Structures and Algorithms,75.2,Cryptography & Network Security,73.7,statistics|quality|simulation|testing|probability|risk
EAM,2,0,Mobile & IoT Development|Network & Wireless Systems,Artificial Intelligence,75.8,Design & Analysis of Algorithms,75.3,Engineering Mathematics-IV,75.0,Digital Logic & Design,70.7,IoT,70.1,
DBM,1,1,Web Development,Design & Analysis of Algorithms,70.2,Microcontroller & Embedded Systems,59.3,Cryptography & Network Security,58.0,Database Management Systems,57.2,Full Stack Development,55.5,dashboard|crm|react|seo|web
EAM,1,2,Mobile & IoT Development,Microcontroller & Embedded Systems,74.3,Computer Networks,68.1,Engineering Mathematics-III,66.8,Software Engineering,57.7,Cryptography & Network Security,53.2,audit|solar|power|sensor|iot|energy
EAM,2,1,Mobile & IoT Development|Network & Wireless Systems,Microcontroller & Embedded Systems,98.5,Engineering Mathematics-III,97.9,Automata Theory,94.9,Computer Networks,87.1,Design & Analysis of Algorithms,84.8,iot|renewable|hvac
CSL,2,1,Network & Wireless Systems|Cloud & Distributed Systems,Operating Systems,78.1,IoT,73.2,Automata Theory,65.0,Database Management Systems,63.7,C++,60.4,phishing|encryption|firewall
OR,1,2,Data Science & Analytics,Engineering Mathematics-III,75.7,Artificial Intelligence,71.4,Design & Analysis of Algorithms,69.5,Java,66.0,Python,63.8,supply chain|simplex|scheduling|queuing|inventory|optimization
OR,1,1,Data Science & Analytics,Operating Systems,86.9,C++,77.7,Engineering Mathematics-IV,75.0,Microcontroller & Embedded Systems,74.8,Python,73.2,simplex|supply chain|linear programming|queuing|inventory
OR,2,2,Data Science & Analytics|Artificial Intelligence & Machine Learning,Design & Analysis of Algorithms,94.8,Engineering Mathematics-III,90.9,Engineering Mathematics-IV,89.7,Data Structures and Algorithms,88.1,Software Engineering,87.5,supply chain|scheduling|linear programming|queuing|inventory|scipy
DBM,1,3,Web Development,Computer Networks,93.2,Design & Analysis of Algorithms,86.1,Full Stack Development,85.7,Database Management Systems,83.9,Python,82.6,kpi|react|dashboard|agile|crm|analytics|network security|seo|web
RE,1,2,Network & Wireless Systems,Computer Networks,50.6,C++,47.3,Engineering Mathematics-IV,41.8,Artificial Intelligence,41.2,Cryptography & Network Security,39.7,weibull|fault tree|statistics|quality|simulation|fmea|testing|risk|reliability
CSL,2,2,Network & Wireless Systems|Cloud & Distributed Systems,Database Management Systems,74.6,Automata Theory,50.1,Computer Networks,49.6,Design & Analysis of Algorithms,48.5,Digital Logic & Design,45.4,authentication|forensics|cyber
OR,3,4,Data Science & Analytics|Artificial Intelligence & Machine Learning|Web Development,Operating Systems,86.4,Engineering Mathematics-III,84.4,Automata Theory,78.9,Java,76.6,Computer Networks,75.2,simplex|supply chain|scheduling|simulation|linear programming|queuing|inventory|optimization|scipy
RE,1,3,Network & Wireless Systems,Operating Systems,100.0,Java,100.0,IoT,100.0,Microcontroller & Embedded Systems,97.8,Software Engineering,94.4,weibull|fault tree|statistics|quality|simulation|testing|fmea|inventory|probability|risk
DBM,1,3,Web Development,Engineering Mathematics-III,47.2,Design & Analysis of Algorithms,35.4,Database Management Systems,30.6,Operating Systems,28.0,Automata Theory,25.6,supply chain|kpi|ecommerce|digital marketing|agile|analytics|react|seo|web
CSL,1,0,Network & Wireless Systems,Database Management Systems,54.8,Engineering Mathematics-IV,38.8,Design & Analysis of Algorithms,37.7,Python,29.4,Artificial Intelligence,29.4,
DBM,1,2,Data Science & Analytics,Database Management Systems,77.2,Design & Analysis of Algorithms,65.8,C++,63.8,Cryptography & Network Security,62.6,Java,61.1,kpi|digital marketing|dashboard|queuing|crm|analytics|react|seo
RE,2,3,Network & Wireless Systems|Data Science & Analytics,Data Structures and Algorithms,75.5,Engineering Mathematics-IV,61.4,Operating Systems,51.1,Software Engineering,50.9,Database Management Systems,49.3,weibull|fault tree|statistics|quality|scheduling|simulation|scipy|security|fmea|testing
EAM,2,3,Mobile & IoT Development|Network & Wireless Systems,Design & Analysis of Algorithms,63.0,Artificial Intelligence,60.6,Engineering Mathematics-III,52.9,IoT,52.0,Computer Networks,51.5,audit|supply chain|monitoring|sensor|quality|efficiency|hvac|renewable|energy
RE,2,3,Network & Wireless Systems|Cloud & Distributed Systems,Engineering Mathematics-IV,76.7,Software Engineering,76.0,Database Management Systems,75.2,Java,68.4,Cryptography & Network Security,67.0,weibull|fault tree|quality|simulation|testing|fmea|probability|reliability
CSL,2,4,Network & Wireless Systems|Cloud & Distributed Systems,Data Structures and Algorithms,73.8,Engineering Mathematics-IV,61.5,Cryptography & Network Security,59.6,Database Management Systems,59.5,Software Engineering,58.5,vulnerability|authentication|security|cyber|fmea|firewall|network security|forensics|encryption
EAM,1,2,Mobile & IoT Development,Microcontroller & Embedded Systems,78.1,Operating Systems,74.3,IoT,72.0,Engineering Mathematics-III,67.5,Cryptography & Network Security,65.6,solar|monitoring|iot|phishing|renewable|energy
DBM,3,1,Data Science & Analytics|Cloud & Distributed Systems|Mobile & IoT Development,Cryptography & Network Security,93.1,Database Management Systems,89.1,Engineering Mathematics-IV,86.2,Full Stack Development,84.3,Software Engineering,84.0,kpi|digital marketing|dashboard|agile|crm|web
EAM,2,2,Mobile & IoT Development|Network & Wireless Systems,Design & Analysis of Algorithms,92.3,Computer Networks,87.7,Engineering Mathematics-III,86.8,Java,86.3,Software Engineering,83.2,monitoring|power|iot|quality|efficiency|renewable|energy
OR,3,0,Data Science & Analytics|Artificial Intelligence & Machine Learning|Web Development,Computer Networks,69.7,Full Stack Development,69.3,Design & Analysis of Algorithms,62.0,IoT,61.9,Digital Logic & Design,59.7,
OR,2,1,Data Science & Analytics|Artificial Intelligence & Machine Learning,Cryptography & Network Security,92.68456220218181,Data Structures and Algorithms,89.9,Design & Analysis of Algorithms,84.2,Microcontroller & Embedded Systems,76.0,Automata Theory,73.1,supply chain|power|scheduling|simulation|inventory
CSL,1,2,Network & Wireless Systems,Computer Networks,87.6,Operating Systems,74.3,Database Management Systems,70.6,Microcontroller & Embedded Systems,69.6,Software Engineering,67.0,vulnerability|authentication|phishing|forensics|encryption
RE,2,2,Network & Wireless Systems|Cloud & Distributed Systems,Computer Networks,81.73477572837915,C++,80.5,Software Engineering,78.6,Cryptography & Network Security,75.46945111407351,Engineering Mathematics-IV,74.8,weibull|statistics|quality|simulation|fmea|testing|probability|risk|reliability
EAM,1,4,Mobile & IoT Development,Database Management Systems,95.75989369466487,Digital Logic & Design,82.0,Engineering Mathematics-III,79.6,Operating Systems,73.9,Software Engineering,73.40893112449811,audit|solar|monitoring|power|sensor|authentication|linear programming|efficiency|hvac|renewable
DBM,2,0,Web Development|Data Science & Analytics,Engineering Mathematics-III,100.0,C++,100.0,Full Stack Development,100.0,Database Management Systems,98.4,Python,98.2,
RE,2,2,Network & Wireless Systems|Cloud & Distributed Systems,Engineering Mathematics-IV,100.0,Artificial Intelligence,91.7,Computer Networks,91.2,Cryptography & Network Security,91.1,Engineering Mathematics-III,90.8,weibull|simulation|testing|probability|risk
EAM,1,1,Mobile & IoT Development,Microcontroller & Embedded Systems,83.1,Computer Networks,82.4,Artificial Intelligence,73.9,Digital Logic & Design,73.0,Design & Analysis of Algorithms,72.6,audit|solar|monitoring|renewable|energy
DBM,2,3,Data Science & Analytics|Cloud & Distributed Systems,Artificial Intelligence,72.7,Python,70.5,C++,67.1,Full Stack Development,64.7,Database Management Systems,63.7,digital marketing|dashboard|security|cyber|crm|analytics|react|seo|web
EAM,2,3,Mobile & IoT Development|Network & Wireless Systems,Engineering Mathematics-IV,80.71345166020362,Digital Logic & Design,76.3,Cryptography & Network Security,63.6,C++,59.2,Microcontroller & Embedded Systems,57.4,solar|monitoring|power|iot|efficiency|hvac|renewable|energy
EAM,1,3,Mobile & IoT Development,Cryptography & Network Security,79.5,Engineering Mathematics-III,65.0,Digital Logic & Design,62.7,Operating Systems,61.9,Database Management Systems,57.3,sensor|iot|agile|efficiency|hvac|renewable|energy
CSL,2,1,Network & Wireless Systems|Cloud & Distributed Systems,Data Structures and Algorithms,80.4,Cryptography & Network Security,78.7,Full Stack Development,73.8,Software Engineering,72.7,Digital Logic & Design,66.6,vulnerability|authentication|encryption|network security
DBM,3,2,Data Science & Analytics|Web Development|Mobile & IoT Development,Database Management Systems,76.7,Software Engineering,73.7,Artificial Intelligence,68.0,Data Structures and Algorithms,67.1,Computer Networks,65.4,kpi|ecommerce|dashboard|crm|analytics|react|seo|web
DBM,3,3,Data Science & Analytics|Web Development|Cloud & Distributed Systems,Computer Networks,81.3,Full Stack Development,64.1,Operating Systems,49.4,Cryptography & Network Security,43.7,Engineering Mathematics-IV,39.6,kpi|dashboard|agile|analytics|react|inventory|seo|web
OR,2,3,Data Science & Analytics|Artificial Intelligence & Machine Learning,Computer Networks,66.4,Engineering Mathematics-IV,63.1,Artificial Intelligence,61.1,Cryptography & Network Security,55.3,Microcontroller & Embedded Systems,54.9,simplex|supply chain|scheduling|linear programming|simulation|queuing|optimization|inventory|scipy
DBM,3,1,Data Science & Analytics|Web Development|Cloud & Distributed Systems,Engineering Mathematics-IV,45.5,Java,39.7,Engineering Mathematics-III,34.8,Operating Systems,33.0,Automata Theory,32.9,web|kpi
CSL,1,3,Network & Wireless Systems,Microcontroller & Embedded Systems,76.8,Python,70.9,Operating Systems,67.5,Engineering Mathematics-IV,64.5,Automata Theory,63.0,vulnerability|authentication|phishing|cyber|network security|forensics|encryption
EAM,2,0,Mobile & IoT Development|Network & Wireless Systems,Engineering Mathematics-III,80.0,C++,73.3,Microcontroller & Embedded Systems,68.5,Database Management Systems,66.2,Java,63.8,
OR,2,0,Data Science & Analytics|Artificial Intelligence & Machine Learning,Engineering Mathematics-III,69.3,Engineering Mathematics-IV,68.0,C++,65.6,Data Structures and Algorithms,64.8,Computer Networks,62.9,
DBM,2,4,Data Science & Analytics|Web Development,Full Stack Development,75.7,Computer Networks,75.2,Engineering Mathematics-III,74.5,Database Management Systems,67.7,Java,65.6,kpi|ecommerce|digital marketing|dashboard|agile|testing|crm|analytics|seo|web
OR,2,3,Data Science & Analytics|Artificial Intelligence & Machine Learning,Engineering Mathematics-IV,71.9,Software Engineering,65.4,Microcontroller & Embedded Systems,60.2,Engineering Mathematics-III,59.9,C++,58.4,simplex|supply chain|power|scheduling|linear programming|simulation|queuing|inventory|optimization|scipy
DBM,3,2,Web Development|Data Science & Analytics|Cloud & Distributed Systems,Database Management Systems,100.0,Design & Analysis of Algorithms,100.0,Full Stack Development,100.0,Software Engineering,96.7,Digital Logic & Design,95.8,kpi|digital marketing|crm|react|seo|web
OR,2,2,Data Science & Analytics|Artificial Intelligence & Machine Learning,Digital Logic & Design,61.7,Artificial Intelligence,55.5,Automata Theory,54.4,Cryptography & Network Security,53.8,Microcontroller & Embedded Systems,53.5,supply chain|scheduling|simulation|queuing|optimization|inventory
RE,2,0,Network & Wireless Systems|Cloud & Distributed Systems,Data Structures and Algorithms,78.6,Engineering Mathematics-III,69.6,Digital Logic & Design,65.1,Automata Theory,64.9,Cryptography & Network Security,56.7,
DBM,3,1,Data Science & Analytics|Web Development|Cloud & Distributed Systems,Full Stack Development,95.7,Cryptography & Network Security,88.1,Microcontroller & Embedded Systems,78.94904887099317,Database Management Systems,75.9,Digital Logic & Design,74.6,weibull|kpi|digital marketing|agile|crm|react|seo
DBM,2,1,Web Development|Data Science & Analytics,Python,71.3,IoT,65.7,Software Engineering,64.0,Automata Theory,62.3,Engineering Mathematics-IV,61.5,kpi|digital marketing|authentication|dashboard|crm|analytics|seo
OR,3,1,Data Science & Analytics|Artificial Intelligence & Machine Learning|Web Development,Engineering Mathematics-III,86.98546497547046,Engineering Mathematics-IV,86.62954622466442,Python,70.5,Java,69.5,Full Stack Development,68.0,supply chain|optimization
EAM,1,4,Mobile & IoT Development,Database Management Systems,87.2,Cryptography & Network Security,84.04319711542024,Engineering Mathematics-III,83.4,IoT,82.5,C++,82.1,weibull|audit|solar|monitoring|power|iot|dashboard|efficiency|hvac|renewable
CSL,2,3,Network & Wireless Systems|Cloud & Distributed Systems,Cryptography & Network Security,49.2,Computer Networks,41.2,Software Engineering,40.3,Engineering Mathematics-IV,40.0,Operating Systems,35.2,vulnerability|authentication|phishing|cyber|firewall|network security|encryption
CSL,2,0,Network & Wireless Systems|Web Development,Operating Systems,88.5,Computer Networks,81.2,Software Engineering,81.1,Database Management Systems,75.7,Engineering Mathematics-IV,74.93226303963125,
DBM,3,3,Web Development|Data Science & Analytics|Cloud & Distributed Systems,Python,43.7,Artificial Intelligence,33.6,Full Stack Development,32.4,Automata Theory,30.7,Engineering Mathematics-IV,27.5,kpi|ecommerce|digital marketing|dashboard|security|analytics|seo|web
RE,2,2,Network & Wireless Systems|Cloud & Distributed Systems,Engineering Mathematics-III,92.0,Microcontroller & Embedded Systems,89.8,Software Engineering,82.5,Engineering Mathematics-IV,80.4,Java,79.7,weibull|fault tree|statistics|quality|simulation|testing|fmea|probability|risk
OR,2,0,Data Science & Analytics|Artificial Intelligence & Machine Learning,Engineering Mathematics-III,60.3,Design & Analysis of Algorithms,54.0,Artificial Intelligence,53.6,Engineering Mathematics-IV,51.8,Cryptography & Network Security,49.5,
EAM,1,2,Mobile & IoT Development,Database Management Systems,96.83879998333569,Java,93.5,IoT,93.1,Microcontroller & Embedded Systems,91.2,Software Engineering,90.4697048947994,audit|solar|power|renewable|energy
EAM,1,1,Mobile & IoT Development,Engineering Mathematics-III,78.57622146982678,IoT,78.5,Python,77.3,Microcontroller & Embedded Systems,76.6,C++,74.4,audit|solar|iot|efficiency|renewable|energy
DBM,1,4,Web Development,Software Engineering,91.0,Design & Analysis of Algorithms,85.9,Cryptography & Network Security,85.9,Engineering Mathematics-IV,81.9,Database Management Systems,78.7,ecommerce|digital marketing|dashboard|agile|crm|analytics|react|web
EAM,1,2,Mobile & IoT Development,Microcontroller & Embedded Systems,68.0,Artificial Intelligence,67.9,IoT,65.3,C++,63.1,Automata Theory,60.3,audit|monitoring|sensor|hvac|renewable
DBM,3,2,Data Science & Analytics|Web Development|Cloud & Distributed Systems,Engineering Mathematics-IV,93.7,Digital Logic & Design,83.4,Database Management Systems,83.3,Full Stack Development,82.6,IoT,79.74920725656229,kpi|ecommerce|agile|hvac|crm|seo|web
EAM,1,1,Mobile & IoT Development,Microcontroller & Embedded Systems,57.0,IoT,46.8,Operating Systems,34.7,Digital Logic & Design,31.9,Software Engineering,25.6,sensor|audit|efficiency
OR,2,0,Data Science & Analytics|Artificial Intelligence & Machine Learning,Software Engineering,85.9,Engineering Mathematics-III,78.1,Engineering Mathematics-IV,70.3,Operating Systems,70.1,Cryptography & Network Security,69.0,
OR,2,3,Data Science & Analytics|Artificial Intelligence & Machine Learning,Microcontroller & Embedded Systems,83.2,Computer Networks,80.0,Design & Analysis of Algorithms,78.9,C++,78.1,Cryptography & Network Security,75.2,simplex|supply chain|risk|linear programming|simulation|security|inventory|optimization|scipy
DBM,3,4,Web Development|Data Science & Analytics|Cloud & Distributed Systems,Software Engineering,72.1,IoT,69.8,Artificial Intelligence,49.9,Engineering Mathematics-IV,49.4,Full Stack Development,48.9,ecommerce|monitoring|digital marketing|crm|analytics|react|seo|web|encryption
EAM,1,2,Mobile & IoT Development,Engineering Mathematics-III,78.08090281789362,C++,65.1,Automata Theory,64.6,Cryptography & Network Security,59.2,Microcontroller & Embedded Systems,58.2,audit|monitoring|power|iot|sensor|efficiency|renewable|energy
RE,2,1,Network & Wireless Systems|Cloud & Distributed Systems,Microcontroller & Embedded Systems,74.2,Engineering Mathematics-III,69.53546595917823,Engineering Mathematics-IV,68.7,Computer Networks,67.9,Operating Systems,64.3,testing|fmea|fault tree
OR,1,1,Data Science & Analytics,Engineering Mathematics-III,100.0,Microcontroller & Embedded Systems,100.0,Operating Systems,98.4,Data Structures and Algorithms,96.3,Cryptography & Network Security,92.5,scheduling|linear programming|inventory|optimization
DBM,3,2,Data Science & Analytics|Web Development|Cloud & Distributed Systems,Automata Theory,87.7,Database Management Systems,86.0,Computer Networks,80.2,Engineering Mathematics-III,78.6,Full Stack Development,77.4,kpi|ecommerce|digital marketing|sensor|dashboard|crm|analytics|react|seo|web
OR,2,2,Data Science & Analytics|Artificial Intelligence & Machine Learning,Design & Analysis of Algorithms,59.9,Data Structures and Algorithms,57.6,Full Stack Development,54.4,Computer Networks,49.4,IoT,48.0,simplex|supply chain|ecommerce|inventory|optimization|scipy
EAM,2,3,Mobile & IoT Development|Network & Wireless Systems,Java,50.2,Microcontroller & Embedded Systems,41.1,Digital Logic & Design,31.1,IoT,30.0,Operating Systems,28.5,audit|solar|monitoring|power|iot|efficiency|hvac|renewable|crm|probability
CSL,2,0,Network & Wireless Systems|Cloud & Distributed Systems,Engineering Mathematics-IV,76.8,Data Structures and Algorithms,76.7,Automata Theory,71.8,Cryptography & Network Security,71.7,IoT,71.7,
CSL,2,1,Network & Wireless Systems|Web Development,Engineering Mathematics-IV,65.5,Cryptography & Network Security,52.8,Operating Systems,49.5,Artificial Intelligence,49.2,Database Management Systems,46.0,encryption|firewall
EAM,1,2,Mobile & IoT Development,Cryptography & Network Security,65.5,Engineering Mathematics-IV,65.2,Engineering Mathematics-III,60.4,Java,59.5,Microcontroller & Embedded Systems,53.5,audit|solar|iot|sensor|efficiency|hvac|renewable
RE,2,3,Network & Wireless Systems|Cloud & Distributed Systems,Microcontroller & Embedded Systems,83.5,Engineering Mathematics-III,79.0,C++,76.8,Artificial Intelligence,76.8,Java,76.7,weibull|audit|fault tree|statistics|quality|simulation|testing|fmea|probability|risk
OR,1,2,Data Science & Analytics,Engineering Mathematics-III,88.9,Cryptography & Network Security,85.9,Data Structures and Algorithms,81.2,Operating Systems,79.0,Artificial Intelligence,77.7,simplex|supply chain|linear programming|simulation|queuing
RE,1,2,Network & Wireless Systems,Engineering Mathematics-IV,100.0,Data Structures and Algorithms,100.0,Computer Networks,100.0,Cryptography & Network Security,97.57385472214845,Software Engineering,96.3,simulation|testing|fmea|probability|reliability
DBM,2,1,Web Development|Data Science & Analytics,Engineering Mathematics-III,54.2,Data Structures and Algorithms,53.5,Computer Networks,46.5,C++,41.9,Automata Theory,40.4,agile|crm|react|digital marketing
CSL,1,1,Network & Wireless Systems,Computer Networks,76.6,IoT,72.9,Cryptography & Network Security,69.8,Java,66.0,Full Stack Development,64.1,vulnerability|security|cyber|network security|forensics
RE,1,2,Network & Wireless Systems,Operating Systems,58.4,Engineering Mathematics-III,51.5,Full Stack Development,44.4,Automata Theory,42.0,IoT,38.6,weibull|fault tree|statistics|quality|simulation|security|fmea|probability|reliability
CSL,2,0,Network & Wireless Systems|Cloud & Distributed Systems,Microcontroller & Embedded Systems,72.3,Design & Analysis of Algorithms,71.5,Computer Networks,62.4,Cryptography & Network Security,62.0,Python,58.4,
OR,1,3,Data Science & Analytics,Design & Analysis of Algorithms,59.2,Computer Networks,55.3,Engineering Mathematics-IV,54.0,IoT,51.9,Cryptography & Network Security,50.1,supply chain|simplex|scheduling|simulation|queuing|inventory|optimization|scipy
RE,1,3,Network & Wireless Systems,Full Stack Development,73.4,Engineering Mathematics-IV,70.80471852154807,Engineering Mathematics-III,70.69183240880007,Java,67.7,C++,65.4,weibull|statistics|quality|simulation|linear programming|testing|probability|risk
DBM,2,3,Data Science & Analytics|Web Development,Software Engineering,85.2,Design & Analysis of Algorithms,83.2,Java,81.8,Artificial Intelligence,77.4,Cryptography & Network Security,76.7,network security|kpi|ecommerce|digital marketing|iot|dashboard|crm|analytics|react|seo
CSL,1,3,Network & Wireless Systems,Automata Theory,72.8,Artificial Intelligence,64.6,Java,64.1,Software Engineering,63.3,Microcontroller & Embedded Systems,63.0,vulnerability|authentication|security|firewall|network security|forensics|encryption
CSL,2,1,Network & Wireless Systems|Web Development,C++,62.9,Engineering Mathematics-IV,62.21538091600784,Design & Analysis of Algorithms,56.0,Python,53.4,Computer Networks,52.8,vulnerability|phishing|security
CSL,2,3,Network & Wireless Systems|Cloud & Distributed Systems,Automata Theory,77.4,Design & Analysis of Algorithms,75.3,Java,68.4,Software Engineering,65.8,Engineering Mathematics-III,64.9,audit|authentication|phishing|security|cyber|network security|forensics|encryption
DBM,2,2,Data Science & Analytics|Cloud & Distributed Systems,Database Management Systems,96.9,Cryptography & Network Security,88.6,Software Engineering,88.0,Full Stack Development,86.1,IoT,83.5,seo|kpi
EAM,2,3,Mobile & IoT Development|Network & Wireless Systems,IoT,50.3,Software Engineering,44.6,Design & Analysis of Algorithms,44.1,Microcontroller & Embedded Systems,40.6,Data Structures and Algorithms,38.6,audit|monitoring|power|sensor|hvac|renewable|energy
RE,1,2,Network & Wireless Systems,Data Structures and Algorithms,83.2,Artificial Intelligence,81.5,Automata Theory,77.9,Engineering Mathematics-III,75.3,Full Stack Development,74.8,statistics|fmea|simulation|fault tree
DBM,3,2,Data Science & Analytics|Web Development|Cloud & Distributed Systems,Design & Analysis of Algorithms,80.0,Full Stack Development,76.8,Engineering Mathematics-III,76.2,Java,72.6,IoT,70.5,kpi|ecommerce|digital marketing|dashboard|agile|analytics|web
DBM,3,4,Web Development|Data Science & Analytics|Cloud & Distributed Systems,Python,77.7,Database Management Systems,76.8,Software Engineering,73.1,Engineering Mathematics-III,65.9,Engineering Mathematics-IV,64.1,kpi|ecommerce|digital marketing|dashboard|agile|crm|analytics|react|seo|web
OR,2,4,Data Science & Analytics|Artificial Intelligence & Machine Learning,Digital Logic & Design,67.7,Computer Networks,64.5,IoT,60.8,Software Engineering,59.8,Design & Analysis of Algorithms,57.4,supply chain|simplex|scheduling|linear programming|simulation|efficiency|queuing|crm|inventory|optimization
OR,2,1,Data Science & Analytics|Artificial Intelligence & Machine Learning,Computer Networks,93.4,Artificial Intelligence,73.9,Database Management Systems,73.5,Microcontroller & Embedded Systems,69.7,Cryptography & Network Security,68.5,simplex|supply chain|scheduling|inventory|optimization|scipy
DBM,2,3,Data Science & Analytics|Web Development,Engineering Mathematics-IV,100.0,Computer Networks,100.0,Software Engineering,100.0,Automata Theory,100.0,Design & Analysis of Algorithms,100.0,kpi|authentication|dashboard|analytics|react|seo|web
EAM,1,2,Mobile & IoT Development,Database Management Systems,88.0,C++,74.0,Digital Logic & Design,73.6,Python,72.3,Cryptography & Network Security,70.74403440035222,audit|solar|monitoring|power|iot|efficiency|hvac
DBM,2,3,Web Development|Data Science & Analytics,Full Stack Development,68.2,Engineering Mathematics-III,65.3,Cryptography & Network Security,64.5,Java,64.3,Computer Networks,62.6,ecommerce|digital marketing|dashboard|agile|analytics|react|seo
CSL,2,2,Network & Wireless Systems|Cloud & Distributed Systems,Python,65.8,Cryptography & Network Security,62.4,Software Engineering,57.4,Java,57.3,Digital Logic & Design,50.4,vulnerability|phishing|cyber|crm|forensics|encryption
RE,1,2,Network & Wireless Systems,Artificial Intelligence,82.7,Automata Theory,73.2,IoT,70.5,Engineering Mathematics-IV,67.0,Design & Analysis of Algorithms,63.9,statistics|quality|simulation|reliability
OR,1,1,Data Science & Analytics,IoT,61.7,Data Structures and Algorithms,48.7,Artificial Intelligence,46.4,Engineering Mathematics-III,46.3,Cryptography & Network Security,40.9,scipy|simplex|linear programming|queuing
DBM,1,1,Web Development,Engineering Mathematics-III,89.28070694395521,Database Management Systems,81.9,Engineering Mathematics-IV,74.80777620135716,Artificial Intelligence,68.5,Computer Networks,64.1,supply chain|ecommerce|digital marketing|crm|react|web
RE,1,1,Network & Wireless Systems,Java,90.3,Engineering Mathematics-IV,85.3,Cryptography & Network Security,84.2,Artificial Intelligence,84.1,Automata Theory,79.9,simulation|probability
RE,1,3,Network & Wireless Systems,Database Management Systems,82.8,Engineering Mathematics-IV,81.4,Data Structures and Algorithms,80.8,Operating Systems,76.2,Engineering Mathematics-III,76.1,weibull|audit|fault tree|quality|simulation|fmea|testing|crm|probability|risk
EAM,1,1,Mobile & IoT Development,Data Structures and Algorithms,93.2,Cryptography & Network Security,70.3,C++,68.6,Engineering Mathematics-IV,68.1,Engineering Mathematics-III,68.0,sensor|audit|energy|efficiency
OR,1,2,Data Science & Analytics,Engineering Mathematics-IV,91.3,Computer Networks,90.05342903812782,Data Structures and Algorithms,83.7,Engineering Mathematics-III,81.8,Cryptography & Network Security,80.61034463642754,simplex|monitoring|linear programming|queuing|inventory|scipy
DBM,3,2,Data Science & Analytics|Web Development|Cloud & Distributed Systems,Automata Theory,81.3,Python,63.6,Database Management Systems,62.2,C++,52.7,Full Stack Development,52.6,supply chain|kpi|digital marketing|dashboard|crm|analytics|seo|web
RE,2,1,Network & Wireless Systems|Cloud & Distributed Systems,Engineering Mathematics-III,45.2,Digital Logic & Design,34.8,IoT,29.2,Data Structures and Algorithms,21.8,Engineering Mathematics-IV,16.9,weibull|quality|testing|simulation
RE,1,4,Network & Wireless Systems,Microcontroller & Embedded Systems,97.2,Cryptography & Network Security,89.6,Engineering Mathematics-IV,86.5,Engineering Mathematics-III,82.2,Software Engineering,82.2,weibull|fault tree|quality|testing|fmea|analytics|probability|risk|reliability
RE,2,2,Network & Wireless Systems|Data Science & Analytics,Engineering Mathematics-III,100.0,Cryptography & Network Security,100.0,Microcontroller & Embedded Systems,99.7666716032237,Engineering Mathematics-IV,98.9,Java,96.8,fault tree|statistics|quality|simulation|testing|probability|risk
CSL,1,2,Network & Wireless Systems,Automata Theory,43.2,C++,42.0,Software Engineering,36.5,Data Structures and Algorithms,23.0,IoT,22.1,forensics|encryption|firewall|network security
DBM,4,3,Data Science & Analytics|Web Development|Cloud & Distributed Systems|Mobile & IoT Development,Design & Analysis of Algorithms,70.0,Software Engineering,63.1,Full Stack Development,56.1,Digital Logic & Design,52.9,Java,51.0,kpi|ecommerce|digital marketing|dashboard|simulation|agile|crm|analytics|react|seo
CSL,2,1,Network & Wireless Systems|Cloud & Distributed Systems,Operating Systems,82.0,Cryptography & Network Security,79.2,Software Engineering,78.6,Database Management Systems,77.6,Digital Logic & Design,74.5,authentication|forensics|phishing|network security
EAM,1,1,Mobile & IoT Development,Microcontroller & Embedded Systems,76.0,IoT,76.0,Digital Logic & Design,67.5,Automata Theory,67.4,C++,66.9,audit|simplex|iot|hvac|renewable|energy
DBM,2,2,Data Science & Analytics|Web Development,Full Stack Development,65.2,Cryptography & Network Security,56.5,C++,52.2,Java,49.9,Digital Logic & Design,45.2,kpi|fault tree|agile|crm|analytics|react|seo
CSL,1,1,Network & Wireless Systems,Engineering Mathematics-III,67.6,Full Stack Development,64.7,Python,61.7,Microcontroller & Embedded Systems,60.4,Data Structures and Algorithms,56.4,forensics|phishing|encryption|firewall
DBM,2,3,Data Science & Analytics|Web Development,IoT,75.9,Automata Theory,70.4,Cryptography & Network Security,70.4,C++,67.1,Design & Analysis of Algorithms,66.7,kpi|ecommerce|digital marketing|agile|crm|analytics|react|web
DBM,3,3,Data Science & Analytics|Web Development|Cloud & Distributed Systems,Full Stack Development,76.9,Computer Networks,68.8,Cryptography & Network Security,62.2,Database Management Systems,60.7,Data Structures and Algorithms,60.0,weibull|kpi|digital marketing|dashboard|agile|react|seo|web
OR,2,1,Data Science & Analytics|Artificial Intelligence & Machine Learning,Design & Analysis of Algorithms,100.0,Database Management Systems,91.2561610722919,Operating Systems,87.6,Computer Networks,84.6,Engineering Mathematics-IV,83.9,iot|supply chain|inventory|optimization
RE,2,3,Network & Wireless Systems|Cloud & Distributed Systems,Microcontroller & Embedded Systems,63.04307120496602,Engineering Mathematics-IV,60.9,Engineering Mathematics-III,52.7,IoT,51.48819056293405,Python,51.1,weibull|fault tree|quality|iot|efficiency|fmea|testing|probability|risk|reliability
CSL,1,0,Network & Wireless Systems,Database Management Systems,80.51755672628455,Digital Logic & Design,74.7,Cryptography & Network Security,72.8,Engineering Mathematics-IV,71.4,Computer Networks,70.8,
CSL,1,2,Network & Wireless Systems,Operating Systems,85.7,Design & Analysis of Algorithms,84.7,Automata Theory,79.9,Artificial Intelligence,79.2,Cryptography & Network Security,75.1,vulnerability|authentication|quality|phishing|security|cyber|firewall|network security|encryption
CSL,1,3,Network & Wireless Systems,Microcontroller & Embedded Systems,89.6,Software Engineering,81.2,Cryptography & Network Security,81.0,Computer Networks,76.9,Database Management Systems,74.5,vulnerability|authentication|phishing|security|cyber|efficiency|firewall|network security|forensics|encryption
OR,1,0,Data Science & Analytics,Operating Systems,73.2,C++,68.2,Java,67.4,Artificial Intelligence,65.7,Cryptography & Network Security,64.5,
CSL,1,2,Network & Wireless Systems,Microcontroller & Embedded Systems,75.2,Computer Networks,71.1,IoT,70.6,Full Stack Development,69.5,Python,68.6,vulnerability|digital marketing|authentication|security|cyber|firewall|forensics|encryption
OR,2,2,Data Science & Analytics|Web Development,Engineering Mathematics-III,95.3,Digital Logic & Design,76.8,Cryptography & Network Security,74.0,Java,73.4,Software Engineering,71.6,supply chain|simplex|scheduling|linear programming|queuing|optimization|scipy
RE,1,0,Network & Wireless Systems,Database Management Systems,73.4,Engineering Mathematics-IV,65.9,IoT,64.2,Microcontroller & Embedded Systems,63.0,Java,58.8,
EAM,2,4,Mobile & IoT Development|Network & Wireless Systems,IoT,88.0,Computer Networks,57.54879312108868,Database Management Systems,55.0,C++,51.9,Operating Systems,51.2,audit|solar|monitoring|power|iot|efficiency|hvac|renewable|energy
RE,1,2,Network & Wireless Systems,Computer Networks,70.7,Artificial Intelligence,57.8,Microcontroller & Embedded Systems,56.9,Python,53.4,Engineering Mathematics-III,53.1,weibull|fault tree|iot|quality|simulation|security|fmea|testing|risk|reliability
DBM,1,2,Data Science & Analytics,Software Engineering,77.6,Cryptography & Network Security,75.3,Database Management Systems,72.7,Artificial Intelligence,67.4,Full Stack Development,66.8,kpi|ecommerce|digital marketing|dashboard|agile|analytics|react|seo|web|encryption
DBM,2,2,Data Science & Analytics|Cloud & Distributed Systems,Database Management Systems,95.3,Data Structures and Algorithms,91.6,IoT,83.4,Python,75.4,Software Engineering,74.5,kpi|dashboard|crm|analytics|react|scipy|web
RE,1,1,Network & Wireless Systems,Engineering Mathematics-III,99.5,Java,80.9,Software Engineering,79.3,C++,70.7,IoT,70.4,statistics|simulation
RE,2,1,Network & Wireless Systems|Cloud & Distributed Systems,Computer Networks,82.1,Cryptography & Network Security,76.5,Engineering Mathematics-III,75.4,Engineering Mathematics-IV,75.1,Java,71.4,weibull|fault tree|quality|simulation|risk
RE,1,1,Network & Wireless Systems,Digital Logic & Design,62.5,Operating Systems,52.7,Software Engineering,45.6,Python,44.7,Artificial Intelligence,41.9,statistics|reliability
OR,2,2,Data Science & Analytics|Artificial Intelligence & Machine Learning,Engineering Mathematics-IV,55.6,Design & Analysis of Algorithms,48.7,Java,47.4,Artificial Intelligence,43.9,Python,42.6,supply chain|simplex|scheduling|linear programming|queuing|inventory|scipy
CSL,2,1,Network & Wireless Systems|Cloud & Distributed Systems,Python,81.5,Computer Networks,74.3,IoT,69.0,Software Engineering,68.8,Cryptography & Network Security,61.5,authentication|firewall
RE,1,3,Network & Wireless Systems,Operating Systems,66.8,Java,66.4,Engineering Mathematics-IV,56.5,Automata Theory,55.8,Computer Networks,47.8,weibull|fault tree|statistics|cyber|fmea|testing|probability|risk|reliability
EAM,1,2,Mobile & IoT Development,Engineering Mathematics-IV,70.9,Engineering Mathematics-III,69.0,Digital Logic & Design,67.2,Automata Theory,63.1,Database Management Systems,58.8,iot|renewable|energy|efficiency
OR,1,1,Data Science & Analytics,Computer Networks,69.27475721068552,Design & Analysis of Algorithms,65.5,Digital Logic & Design,61.0,Automata Theory,56.2,Engineering Mathematics-III,54.5,simplex|simulation
EAM,1,1,Mobile & IoT Development,Data Structures and Algorithms,100.0,Java,81.8,Engineering Mathematics-III,80.47682935263336,IoT,79.9,Design & Analysis of Algorithms,78.4,monitoring|power
RE,2,2,Network & Wireless Systems|Cloud & Distributed Systems,Computer Networks,82.5,Design & Analysis of Algorithms,60.9,Engineering Mathematics-III,60.3,Data Structures and Algorithms,56.8,Operating Systems,55.0,fault tree|statistics|quality|simulation|fmea|probability|reliability
RE,1,1,Network & Wireless Systems,Microcontroller & Embedded Systems,72.9,Java,71.4,Engineering Mathematics-III,70.4,Operating Systems,68.5,Software Engineering,66.6,weibull|encryption|statistics|quality|simulation|risk|reliability
RE,2,1,Network & Wireless Systems|Cloud & Distributed Systems,Microcontroller & Embedded Systems,87.50402983204077,Software Engineering,80.9,Operating Systems,69.5,Engineering Mathematics-III,67.8,Artificial Intelligence,55.4,weibull|fault tree|quality|simulation|risk|reliability
DBM,1,1,Web Development,Engineering Mathematics-IV,58.29944226157005,Java,55.8,C++,45.0,IoT,43.3,Database Management Systems,42.5,kpi|digital marketing|dashboard|crm|analytics
EAM,1,1,Mobile & IoT Development,Cryptography & Network Security,48.6,Software Engineering,48.2,Microcontroller & Embedded Systems,47.4,Operating Systems,34.0,Data Structures and Algorithms,31.3,iot|hvac
OR,2,0,Data Science & Analytics|Artificial Intelligence & Machine Learning,Database Management Systems,80.7,Java,79.1,Full Stack Development,74.2,Python,70.2,Engineering Mathematics-III,68.9,
OR,1,3,Data Science & Analytics,Engineering Mathematics-III,80.4,C++,80.1,Digital Logic & Design,73.0,Database Management Systems,67.8,Microcontroller & Embedded Systems,66.7,network security|simplex|supply chain|scheduling|dashboard|simulation|queuing|inventory|optimization|scipy
DBM,2,4,Data Science & Analytics|Web Development,Full Stack Development,58.8,Engineering Mathematics-III,48.7,Automata Theory,48.3,Database Management Systems,46.9,Design & Analysis of Algorithms,40.6,kpi|ecommerce|digital marketing|statistics|energy|dashboard|agile|crm|analytics|react
DBM,2,1,Data Science & Analytics|Cloud & Distributed Systems,Database Management Systems,100.0,Full Stack Development,100.0,IoT,100.0,Cryptography & Network Security,98.2,Design & Analysis of Algorithms,97.8,dashboard|crm|network security
EAM,2,2,Mobile & IoT Development|Network & Wireless Systems,Engineering Mathematics-IV,75.3,Computer Networks,73.7,Microcontroller & Embedded Systems,72.6,Operating Systems,71.3,Design & Analysis of Algorithms,70.2,audit|solar|iot|hvac|renewable|energy
RE,2,1,Network & Wireless Systems|Cloud & Distributed Systems,Engineering Mathematics-IV,75.4,C++,67.0,Data Structures and Algorithms,54.9,Automata Theory,53.2,Cryptography & Network Security,53.2,weibull|statistics|simulation|fmea|risk|reliability
DBM,2,2,Web Development|Cloud & Distributed Systems,Operating Systems,93.2,IoT,91.3,Software Engineering,89.3,Artificial Intelligence,81.2,Cryptography & Network Security,79.0,kpi|digital marketing|dashboard|phishing|analytics|react|seo|web
EAM,3,1,Mobile & IoT Development|Network & Wireless Systems|Cloud & Distributed Systems,Engineering Mathematics-III,100.0,IoT,84.6,Engineering Mathematics-IV,79.38254342047931,Software Engineering,74.3,Digital Logic & Design,71.2,monitoring|sensor|iot|efficiency|renewable|energy
EAM,1,3,Mobile & IoT Development,Computer Networks,56.3,Digital Logic & Design,54.0,Software Engineering,53.6,Automata Theory,51.4,Design & Analysis of Algorithms,50.4,audit|solar|power|sensor|efficiency|renewable|react|energy
OR,1,4,Data Science & Analytics,Engineering Mathematics-III,80.5,Engineering Mathematics-IV,77.3,Design & Analysis of Algorithms,66.2,Java,64.2,C++,64.1,supply chain|simplex|scheduling|iot|simulation|linear programming|queuing|optimization|inventory|scipy
DBM,2,2,Data Science & Analytics|Cloud & Distributed Systems,Design & Analysis of Algorithms,68.2,Full Stack Development,42.0,Engineering Mathematics-III,41.9,IoT,39.0,Cryptography & Network Security,38.3,digital marketing|scheduling|dashboard|simulation|agile|crm|analytics|react|seo
EAM,2,3,Mobile & IoT Development|Network & Wireless Systems,Computer Networks,100.0,C++,95.5,Cryptography & Network Security,95.08722423885675,Data Structures and Algorithms,92.0,Operating Systems,91.0,audit|solar|monitoring|power|efficiency|hvac|renewable
RE,3,0,Network & Wireless Systems|Cloud & Distributed Systems|Data Science & Analytics,Engineering Mathematics-III,83.3,Java,72.4,Python,70.3,Digital Logic & Design,68.9,Data Structures and Algorithms,68.2,
RE,1,1,Network & Wireless Systems,Full Stack Development,61.4,Software Engineering,57.7,IoT,56.1,Java,54.4,Computer Networks,52.4,weibull|fmea|reliability
RE,2,3,Network & Wireless Systems|Cloud & Distributed Systems,Engineering Mathematics-IV,39.8,Python,39.7,IoT,36.5,Software Engineering,35.7,Operating Systems,26.6,weibull|vulnerability|fault tree|statistics|simulation|fmea|testing|probability|risk|reliability
OR,2,0,Data Science & Analytics|Web Development,Engineering Mathematics-III,83.2,Engineering Mathematics-IV,82.1,Python,74.4,Java,71.1,Software Engineering,69.2,
RE,2,2,Network & Wireless Systems|Data Science & Analytics,Java,59.1,Python,55.8,Computer Networks,52.2,Digital Logic & Design,51.7,Engineering Mathematics-III,51.5,weibull|network security|fault tree|statistics|quality|testing|fmea|probability|risk|reliability
CSL,1,2,Network & Wireless Systems,Software Engineering,90.84241680360613,Database Management Systems,79.51478318633175,Java,75.1,Digital Logic & Design,73.3,Computer Networks,70.9,vulnerability|authentication|dashboard|phishing|security|cyber|firewall|network security
OR,1,3,Data Science & Analytics,Computer Networks,52.7,Software Engineering,45.0,Python,43.9,Engineering Mathematics-IV,43.0,Data Structures and Algorithms,40.7,simplex|supply chain|scheduling|simulation|linear programming|queuing|inventory|optimization|scipy
EAM,1,2,Mobile & IoT Development,C++,92.6,IoT,84.7,Data Structures and Algorithms,82.6,Engineering Mathematics-III,81.7,Design & Analysis of Algorithms,81.1,solar|power|sensor|simulation|efficiency|hvac|energy
OR,1,2,Data Science & Analytics,Automata Theory,50.7,Java,40.5,Computer Networks,38.46711044047083,Cryptography & Network Security,35.91815534974618,Engineering Mathematics-IV,35.4,simplex|supply chain|scheduling|dashboard|linear programming|queuing|inventory|scipy
EAM,3,1,Mobile & IoT Development|Network & Wireless Systems|Cloud & Distributed Systems,Engineering Mathematics-IV,63.3,Design & Analysis of Algorithms,40.4,Full Stack Development,39.4,Cryptography & Network Security,37.3,C++,36.3,audit|solar|efficiency|power
DBM,4,1,Web Development|Data Science & Analytics|Cloud & Distributed Systems|Mobile & IoT Development,Digital Logic & Design,69.3,Software Engineering,49.4,IoT,46.4,Automata Theory,46.1,Full Stack Development,45.7,seo|crm|firewall
OR,1,3,Data Science & Analytics,Python,82.9,Microcontroller & Embedded Systems,82.19367445640482,IoT,81.67093854678907,Java,79.5,Full Stack Development,77.8,supply chain|simplex|statistics|scheduling|linear programming|simulation|queuing|inventory|optimization|scipy
CSL,3,2,Network & Wireless Systems|Cloud & Distributed Systems|Web Development,Software Engineering,61.1,Engineering Mathematics-IV,59.28884135574531,Artificial Intelligence,59.0,Design & Analysis of Algorithms,56.8,Computer Networks,53.5,vulnerability|authentication|phishing|security|cyber|firewall|network security|forensics
EAM,1,2,Mobile & IoT Development,Design & Analysis of Algorithms,54.3,Operating Systems,52.6,Cryptography & Network Security,49.9,Digital Logic & Design,48.2,Python,46.4,audit|solar|monitoring|sensor|hvac|fmea|renewable|scipy
EAM,1,2,Mobile & IoT Development,Python,79.7,Operating Systems,76.7,Microcontroller & Embedded Systems,74.7,Data Structures and Algorithms,74.0,Full Stack Development,70.9,vulnerability|audit|monitoring|power|sensor|iot|efficiency|hvac|renewable
EAM,1,3,Mobile & IoT Development,Engineering Mathematics-III,99.87375052237371,Engineering Mathematics-IV,98.22001957282625,Cryptography & Network Security,89.5,IoT,83.4,Database Management Systems,82.0,audit|monitoring|power|sensor|dashboard|iot|efficiency|hvac|energy
OR,2,1,Data Science & Analytics|Artificial Intelligence & Machine Learning,Automata Theory,66.8,Engineering Mathematics-III,62.5,Cryptography & Network Security,62.4,Software Engineering,58.6,Data Structures and Algorithms,53.6,simplex|linear programming|queuing|optimization|inventory
EAM,2,2,Mobile & IoT Development|Network & Wireless Systems,Engineering Mathematics-IV,68.0,Operating Systems,65.8,Engineering Mathematics-III,60.0,IoT,59.2,Software Engineering,54.6,audit|solar|monitoring|power|sensor|hvac|energy
OR,2,4,Data Science & Analytics|Artificial Intelligence & Machine Learning,Design & Analysis of Algorithms,60.5,Cryptography & Network Security,60.4,Engineering Mathematics-IV,60.1,Full Stack Development,56.8,C++,54.2,simplex|supply chain|solar|authentication|linear programming|simulation|queuing|optimization|network security|inventory
OR,3,0,Data Science & Analytics|Artificial Intelligence & Machine Learning|Web Development,Artificial Intelligence,73.6,Microcontroller & Embedded Systems,68.3,Engineering Mathematics-III,63.9,Engineering Mathematics-IV,63.8,Software Engineering,57.5,
RE,1,2,Network & Wireless Systems,Design & Analysis of Algorithms,68.6,Engineering Mathematics-III,66.7,Java,65.5,Python,58.5,C++,52.0,weibull|fault tree|statistics|simulation|fmea|probability|risk
OR,3,1,Data Science & Analytics|Artificial Intelligence & Machine Learning|Web Development,Python,75.9,Data Structures and Algorithms,71.4,Engineering Mathematics-III,69.1,Digital Logic & Design,59.2,Engineering Mathematics-IV,55.7,scheduling|linear programming|optimization
CSL,1,2,Network & Wireless Systems,Computer Networks,75.6,Cryptography & Network Security,75.3,Software Engineering,65.2,Artificial Intelligence,60.5,Engineering Mathematics-IV,59.20577070901829,authentication|phishing|firewall|network security
RE,1,2,Network & Wireless Systems,Cryptography & Network Security,72.7,Engineering Mathematics-III,71.6424924498559,Digital Logic & Design,70.8,Engineering Mathematics-IV,67.7997920852552,Artificial Intelligence,66.7,weibull|fault tree|statistics|quality|simulation|probability|risk|reliability
RE,2,2,Network & Wireless Systems|Cloud & Distributed Systems,Database Management Systems,84.7,Design & Analysis of Algorithms,79.7,Engineering Mathematics-III,77.7,Operating Systems,73.5,C++,71.0,weibull|fault tree|statistics|quality|testing|reliability
OR,1,3,Data Science & Analytics,Engineering Mathematics-III,70.5,Python,70.3,Data Structures and Algorithms,68.4,Design & Analysis of Algorithms,68.0,Computer Networks,59.1,vulnerability|simplex|supply chain|simulation|linear programming|cyber|inventory|optimization|scipy
CSL,1,2,Network & Wireless Systems,Cryptography & Network Security,63.6,Database Management Systems,54.2,Operating Systems,48.4,IoT,47.9,Full Stack Development,44.7,authentication|phishing|cyber|network security|forensics
DBM,2,2,Data Science & Analytics|Web Development,Full Stack Development,97.0,Database Management Systems,92.7,Artificial Intelligence,90.6,Python,89.6,Cryptography & Network Security,89.3,vulnerability|kpi|digital marketing|dashboard|agile|crm|react
OR,1,1,Data Science & Analytics,Engineering Mathematics-IV,44.8,Cryptography & Network Security,33.9,Microcontroller & Embedded Systems,33.3,Operating Systems,31.5,Engineering Mathematics-III,29.7,supply chain|linear programming|inventory
RE,1,3,Network & Wireless Systems,Engineering Mathematics-III,69.8,Software Engineering,65.9,Design & Analysis of Algorithms,61.5,Automata Theory,59.9,Java,57.4,weibull|kpi|statistics|quality|simulation|testing|fmea|probability|energy|reliability
OR,1,2,Data Science & Analytics,C++,59.9,Python,53.9,Data Structures and Algorithms,52.8,Design & Analysis of Algorithms,50.3,Software Engineering,50.1,supply chain|simplex|scheduling|simulation|queuing|optimization|scipy
EAM,2,3,Mobile & IoT Development|Network & Wireless Systems,Engineering Mathematics-IV,73.92276821753468,Data Structures and Algorithms,73.6,Microcontroller & Embedded Systems,72.2,Automata Theory,70.9,Computer Networks,70.3,audit|monitoring|power|iot|sensor|efficiency|hvac|renewable|queuing|energy
EAM,2,2,Mobile & IoT Development|Network & Wireless Systems,Automata Theory,69.1,Microcontroller & Embedded Systems,65.7,IoT,59.4,Engineering Mathematics-IV,58.8,Operating Systems,54.7,audit|solar|iot|hvac|energy
RE,2,2,Network & Wireless Systems|Data Science & Analytics,Database Management Systems,45.3,Operating Systems,39.1,Data Structures and Algorithms,37.5,Artificial Intelligence,37.0,Cryptography & Network Security,36.490648318920435,weibull|statistics|quality|simulation|testing|risk|reliability
RE,1,4,Network & Wireless Systems,Engineering Mathematics-IV,72.9,Design & Analysis of Algorithms,69.3,Data Structures and Algorithms,68.1,Software Engineering,66.1,C++,64.2,weibull|fault tree|statistics|quality|simulation|testing|fmea|risk|encryption|reliability
RE,2,1,Network & Wireless Systems|Cloud & Distributed Systems,Data Structures and Algorithms,78.7,Artificial Intelligence,72.5,C++,67.2,Digital Logic & Design,66.2,IoT,65.6,fault tree|probability
CSL,1,1,Network & Wireless Systems,Microcontroller & Embedded Systems,68.1,Cryptography & Network Security,44.8,Data Structures and Algorithms,41.6,Digital Logic & Design,36.9,Full Stack Development,33.3,vulnerability|security|cyber|firewall|forensics|encryption
CSL,2,1,Network & Wireless Systems|Cloud & Distributed Systems,Data Structures and Algorithms,62.4,Operating Systems,59.4,Computer Networks,57.5,Python,57.4,Cryptography & Network Security,54.7,phishing|encryption|security|network security
EAM,2,2,Mobile & IoT Development|Network & Wireless Systems,Operating Systems,84.8,Java,79.9,Software Engineering,72.0912302262964,Digital Logic & Design,71.9,Automata Theory,71.8,solar|sensor|efficiency|hvac|renewable|energy
DBM,2,1,Data Science & Analytics|Web Development,Database Management Systems,47.3,Operating Systems,46.1,Full Stack Development,42.8,Digital Logic & Design,42.3,C++,39.7,ecommerce|efficiency|crm|analytics|seo|web
CSL,2,2,Network & Wireless Systems|Cloud & Distributed Systems,Operating Systems,46.7,Microcontroller & Embedded Systems,45.5,Database Management Systems,42.6,Digital Logic & Design,41.2,Design & Analysis of Algorithms,41.2,fault tree|authentication|phishing|security|firewall|forensics|encryption
CSL,1,3,Network & Wireless Systems,Cryptography & Network Security,69.3,Database Management Systems,63.0,Engineering Mathematics-IV,56.7,Digital Logic & Design,54.9,Java,53.6,vulnerability|ecommerce|statistics|authentication|phishing|security|cyber|firewall|network security|forensics
EAM,2,1,Mobile & IoT Development|Cloud & Distributed Systems,Engineering Mathematics-IV,74.34038558363783,Java,74.1,Database Management Systems,65.5,Digital Logic & Design,63.1,Operating Systems,62.1,audit|solar|monitoring|iot|sensor
RE,1,0,Network & Wireless Systems,Computer Networks,72.40529795271578,Engineering Mathematics-III,66.9,Engineering Mathematics-IV,60.4,Data Structures and Algorithms,56.2,Cryptography & Network Security,56.07119480485983,
DBM,2,2,Data Science & Analytics|Web Development,Automata Theory,61.5,Software Engineering,58.6,Cryptography & Network Security,52.0,Full Stack Development,51.8,Data Structures and Algorithms,49.7,simplex|kpi|digital marketing|dashboard|crm|analytics
RE,2,2,Network & Wireless Systems|Data Science & Analytics,Engineering Mathematics-III,61.6,Database Management Systems,55.9,Java,55.0,Automata Theory,52.3,Engineering Mathematics-IV,51.9,weibull|ecommerce|fault tree|statistics|quality|simulation|fmea|probability|reliability
CSL,1,3,Network & Wireless Systems,Full Stack Development,100.0,Cryptography & Network Security,94.8,Computer Networks,94.1,Engineering Mathematics-IV,93.7,Design & Analysis of Algorithms,91.0,vulnerability|weibull|simulation|phishing|security|cyber|forensics|encryption
OR,1,2,Data Science & Analytics,Computer Networks,47.12026906419282,Engineering Mathematics-III,45.9,Cryptography & Network Security,35.81709153132664,Engineering Mathematics-IV,32.0,IoT,31.9,simplex|supply chain|scheduling|linear programming|simulation|inventory|optimization
EAM,1,4,Mobile & IoT Development,Operating Systems,53.0,Database Management Systems,45.9,Artificial Intelligence,44.5,Microcontroller & Embedded Systems,40.2,Automata Theory,39.3,audit|solar|monitoring|power|iot|sensor|efficiency|hvac|energy
CSL,2,1,Network & Wireless Systems|Cloud & Distributed Systems,Artificial Intelligence,50.7,Digital Logic & Design,50.3,Microcontroller & Embedded Systems,42.9,Software Engineering,42.2,Operating Systems,38.2,cyber|forensics|security|firewall
DBM,2,2,Data Science & Analytics|Web Development,Python,48.3,IoT,46.3,Engineering Mathematics-III,45.2,Full Stack Development,42.3,Data Structures and Algorithms,40.9,kpi|dashboard|agile|crm|analytics|react|seo
OR,2,2,Data Science & Analytics|Artificial Intelligence & Machine Learning,Python,86.2,Microcontroller & Embedded Systems,80.00718469448489,Automata Theory,74.1,C++,73.6,Operating Systems,70.2,supply chain|simplex|linear programming|simulation|queuing|inventory|optimization|scipy|reliability
EAM,2,1,Mobile & IoT Development|Network & Wireless Systems,Database Management Systems,68.6183742456043,Engineering Mathematics-III,66.5,Microcontroller & Embedded Systems,66.3,Java,63.2,Operating Systems,59.1,sensor|audit|efficiency|renewable
EAM,1,4,Mobile & IoT Development,Engineering Mathematics-III,84.1,IoT,84.1,Microcontroller & Embedded Systems,83.7,Cryptography & Network Security,82.9,Full Stack Development,77.9,audit|solar|power|sensor|iot|hvac|renewable|energy
OR,2,3,Data Science & Analytics|Artificial Intelligence & Machine Learning,Data Structures and Algorithms,72.9,Microcontroller & Embedded Systems,71.0,Engineering Mathematics-IV,69.5,Computer Networks,67.9,C++,65.9,supply chain|scheduling|sensor|simulation|queuing|inventory|optimization|scipy
OR,1,1,Data Science & Analytics,Design & Analysis of Algorithms,74.2,Computer Networks,68.9,Software Engineering,68.9,Database Management Systems,68.1,Java,65.4,scheduling|simulation|inventory
CSL,2,1,Network & Wireless Systems|Cloud & Distributed Systems,Automata Theory,84.1,Java,70.0,Engineering Mathematics-IV,69.7,Artificial Intelligence,61.3,Cryptography & Network Security,61.1,authentication|phishing|cyber|firewall|network security|forensics
DBM,2,0,Web Development|Cloud & Distributed Systems,Design & Analysis of Algorithms,67.2,Automata Theory,60.7,Digital Logic & Design,56.5,Artificial Intelligence,56.4,Database Management Systems,54.4,
EAM,2,2,Mobile & IoT Development|Network & Wireless Systems,Software Engineering,79.8,Cryptography & Network Security,76.7,Automata Theory,74.8,Microcontroller & Embedded Systems,74.2,IoT,72.9,audit|monitoring|power|hvac|renewable|inventory|energy
RE,2,2,Network & Wireless Systems|Cloud & Distributed Systems,Engineering Mathematics-III,90.5,Digital Logic & Design,85.7,Operating Systems,83.4,Engineering Mathematics-IV,82.9,Software Engineering,81.3,weibull|fault tree|statistics|scipy|simulation|fmea|risk|reliability
OR,1,3,Data Science & Analytics,Design & Analysis of Algorithms,100.0,Java,95.4,Engineering Mathematics-III,89.7,Cryptography & Network Security,89.1,Software Engineering,87.9,simplex|supply chain|scheduling|dashboard|simulation|linear programming|queuing|optimization|scipy
CSL,2,2,Network & Wireless Systems|Cloud & Distributed Systems,Cryptography & Network Security,85.0,Operating Systems,84.8,IoT,79.9,Computer Networks,79.6,Data Structures and Algorithms,77.4,vulnerability|authentication|phishing|cyber|firewall|network security|forensics
OR,1,0,Data Science & Analytics,Computer Networks,82.4,Design & Analysis of Algorithms,77.5,Database Management Systems,70.6,Engineering Mathematics-III,63.9,Artificial Intelligence,63.9,
CSL,1,2,Network & Wireless Systems,Engineering Mathematics-IV,94.8,Microcontroller & Embedded Systems,71.25576907878389,C++,70.8,Java,66.5,Automata Theory,65.9,vulnerability|phishing|cyber|firewall|network security
EAM,2,3,Mobile & IoT Development|Network & Wireless Systems,IoT,58.4,Computer Networks,54.3,Cryptography & Network Security,53.2,C++,52.1,Design & Analysis of Algorithms,48.3,audit|solar|power|iot|efficiency|hvac|renewable
CSL,2,2,Network & Wireless Systems|Web Development,Data Structures and Algorithms,65.7,Cryptography & Network Security,61.0,IoT,60.3,Operating Systems,59.5,Design & Analysis of Algorithms,57.3,vulnerability|authentication|phishing|security|crm|network security|encryption
EAM,2,0,Mobile & IoT Development|Network & Wireless Systems,Computer Networks,100.0,C++,98.9,Engineering Mathematics-III,98.5,Cryptography & Network Security,96.68366577584615,Database Management Systems,96.1,
OR,2,1,Data Science & Analytics|Artificial Intelligence & Machine Learning,Data Structures and Algorithms,50.0,Software Engineering,47.8,Python,47.8,Java,43.6,Digital Logic & Design,36.1,simplex|simulation|queuing|cyber
RE,1,1,Network & Wireless Systems,Software Engineering,76.4,Data Structures and Algorithms,74.2,Computer Networks,73.67601633847096,Artificial Intelligence,66.9,Engineering Mathematics-III,66.5,risk|fault tree|probability
RE,2,3,Network & Wireless Systems|Data Science & Analytics,Automata Theory,86.1,Engineering Mathematics-IV,81.8,Operating Systems,79.3,Cryptography & Network Security,77.2,Data Structures and Algorithms,76.6,weibull|solar|statistics|quality|testing|probability|risk
OR,1,1,Data Science & Analytics,Operating Systems,65.6,Engineering Mathematics-IV,58.5,Software Engineering,55.7,Design & Analysis of Algorithms,53.6,Engineering Mathematics-III,44.9,simplex|scheduling|simulation|queuing|inventory
CSL,1,3,Network & Wireless Systems,IoT,100.0,Computer Networks,96.1,Artificial Intelligence,90.0,Engineering Mathematics-IV,88.5,Database Management Systems,88.5,vulnerability|power|authentication|phishing|security|cyber|firewall|network security|forensics|encryption
CSL,2,1,Network & Wireless Systems|Cloud & Distributed Systems,Cryptography & Network Security,100.0,Microcontroller & Embedded Systems,94.9,Engineering Mathematics-IV,94.0,Automata Theory,91.4,Operating Systems,90.3,risk|firewall|network security
RE,1,2,Network & Wireless Systems,Engineering Mathematics-III,100.0,Database Management Systems,100.0,Software Engineering,100.0,Python,100.0,C++,100.0,fault tree|statistics|quality|iot|simulation|reliability
RE,1,3,Network & Wireless Systems,Engineering Mathematics-III,100.0,Engineering Mathematics-IV,97.4,Digital Logic & Design,95.0,Automata Theory,93.9,Database Management Systems,93.4,weibull|statistics|quality|simulation|testing|fmea|firewall|probability|risk|reliability
EAM,2,3,Mobile & IoT Development|Network & Wireless Systems,Engineering Mathematics-III,43.239833267255776,Engineering Mathematics-IV,35.72798643586417,Data Structures and Algorithms,35.5,Digital Logic & Design,35.3,Python,30.4,audit|monitoring|power|iot|sensor|hvac|renewable
CSL,2,2,Network & Wireless Systems|Cloud & Distributed Systems,Database Management Systems,100.0,Computer Networks,100.0,Automata Theory,100.0,Cryptography & Network Security,100.0,Software Engineering,97.99242304064461,vulnerability|solar|phishing|firewall|react|forensics|encryption
CSL,1,2,Network & Wireless Systems,Cryptography & Network Security,92.1,Operating Systems,87.4,Computer Networks,87.3,C++,84.2,Java,79.2,authentication|phishing|security|firewall|forensics|encryption
OR,1,2,Data Science & Analytics,Design & Analysis of Algorithms,43.7,Engineering Mathematics-IV,32.1,Java,31.3,Database Management Systems,31.1,Python,23.6,supply chain|simplex|scheduling|linear programming|simulation|phishing|queuing|optimization|inventory
OR,2,1,Data Science & Analytics|Artificial Intelligence & Machine Learning,Design & Analysis of Algorithms,69.4,Operating Systems,62.6,Data Structures and Algorithms,59.7,Engineering Mathematics-III,58.1,IoT,51.5,scheduling|scipy|simulation|queuing
EAM,1,2,Mobile & IoT Development,Microcontroller & Embedded Systems,49.1,Database Management Systems,49.0,Operating Systems,47.6,Java,45.0,Automata Theory,44.8,solar|monitoring|iot|efficiency|hvac|renewable|scipy|energy
EAM,2,2,Mobile & IoT Development|Network & Wireless Systems,Data Structures and Algorithms,58.6,Artificial Intelligence,58.5,Cryptography & Network Security,55.3,IoT,50.3,Software Engineering,46.8,audit|solar|iot|sensor|efficiency|react|energy
DBM,1,4,Web Development,Full Stack Development,93.2,Automata Theory,83.8,IoT,82.4,Microcontroller & Embedded Systems,81.7,Database Management Systems,81.3,kpi|ecommerce|digital marketing|dashboard|agile|crm|analytics|react|seo|web
EAM,1,1,Mobile & IoT Development,Engineering Mathematics-III,83.60476787861344,IoT,76.9,C++,76.0,Data Structures and Algorithms,74.7,Engineering Mathematics-IV,64.96247596777808,iot|renewable|energy|monitoring
EAM,1,2,Mobile & IoT Development,Engineering Mathematics-IV,84.74996514066628,Digital Logic & Design,75.6,Python,68.3,Java,66.4,Database Management Systems,63.2,audit|sensor|iot|hvac|inventory|energy
EAM,2,4,Mobile & IoT Development|Network & Wireless Systems,Design & Analysis of Algorithms,55.8,Microcontroller & Embedded Systems,37.8,Data Structures and Algorithms,35.5,Automata Theory,34.5,Digital Logic & Design,28.3,audit|solar|monitoring|power|iot|sensor|efficiency|hvac|renewable|seo
RE,2,3,Network & Wireless Systems|Cloud & Distributed Systems,Database Management Systems,58.23821046735275,Microcontroller & Embedded Systems,51.2,Digital Logic & Design,49.0,Full Stack Development,45.3,Engineering Mathematics-III,41.7,weibull|fault tree|statistics|quality|simulation|testing|probability|reliability
CSL,1,3,Network & Wireless Systems,Design & Analysis of Algorithms,66.6,Cryptography & Network Security,60.5,Artificial Intelligence,58.7,Automata Theory,56.8,Python,50.8,vulnerability|authentication|simulation|phishing|security|cyber|firewall|network security|seo|encryption
RE,2,3,Network & Wireless Systems|Cloud & Distributed Systems,Database Management Systems,89.5,Artificial Intelligence,89.0,Microcontroller & Embedded Systems,79.1,Engineering Mathematics-IV,77.5,Engineering Mathematics-III,73.5,fault tree|statistics|quality|simulation|testing|fmea|renewable|probability|scipy|reliability
CSL,1,0,Network & Wireless Systems,Java,77.8,Computer Networks,72.8,Engineering Mathematics-IV,66.7,Python,66.6,Full Stack Development,62.6,
EAM,1,2,Mobile & IoT Development,Engineering Mathematics-IV,100.0,Software Engineering,100.0,Cryptography & Network Security,100.0,C++,99.8,Digital Logic & Design,96.9,audit|solar|power|iot|renewable
CSL,1,0,Network & Wireless Systems,Digital Logic & Design,71.9,Cryptography & Network Security,66.8,Data Structures and Algorithms,58.7,Design & Analysis of Algorithms,57.2,IoT,56.9,
EAM,1,4,Mobile & IoT Development,Artificial Intelligence,37.9,Microcontroller & Embedded Systems,37.5,IoT,36.3,C++,29.1,Full Stack Development,28.4,power|sensor|hvac|renewable|crm|energy
CSL,1,1,Network & Wireless Systems,Cryptography & Network Security,86.1,Artificial Intelligence,81.9,Operating Systems,79.3,Python,78.8,C++,78.4,authentication|forensics|security|firewall
RE,1,0,Network & Wireless Systems,Microcontroller & Embedded Systems,66.3,Design & Analysis of Algorithms,63.3,Engineering Mathematics-IV,60.5,C++,57.9,Automata Theory,54.5,
OR,1,1,Data Science & Analytics,Java,87.2,Engineering Mathematics-IV,86.9,Cryptography & Network Security,86.9,Database Management Systems,86.6,Operating Systems,84.4,scipy|queuing|optimization
CSL,3,3,Network & Wireless Systems|Cloud & Distributed Systems|Web Development,Cryptography & Network Security,63.6,Automata Theory,54.7,Digital Logic & Design,51.6,Software Engineering,46.9,Java,45.9,vulnerability|phishing|security|cyber|firewall|network security|analytics|forensics|encryption
OR,1,3,Data Science & Analytics,C++,68.7,Microcontroller & Embedded Systems,61.6,Engineering Mathematics-IV,58.1,Database Management Systems,46.9874754872597,Full Stack Development,42.7,simplex|scheduling|linear programming|queuing|inventory|optimization|scipy|encryption
DBM,2,4,Web Development|Data Science & Analytics,Software Engineering,56.9,Engineering Mathematics-IV,41.6,Full Stack Development,39.7,Artificial Intelligence,36.3,C++,35.0,kpi|solar|ecommerce|digital marketing|dashboard|agile|crm|analytics|react|seo
RE,2,0,Network & Wireless Systems|Cloud & Distributed Systems,Microcontroller & Embedded Systems,75.17892721662966,Java,72.3,IoT,72.15873637837694,Engineering Mathematics-IV,68.7,Data Structures and Algorithms,68.6,
OR,1,1,Data Science & Analytics,Engineering Mathematics-IV,65.2,Cryptography & Network Security,51.2,Python,46.4,Engineering Mathematics-III,38.0,IoT,36.1,supply chain|linear programming|simulation|inventory|optimization|scipy
OR,2,3,Data Science & Analytics|Artificial Intelligence & Machine Learning,Microcontroller & Embedded Systems,75.4,C++,67.7,Engineering Mathematics-III,66.9,Engineering Mathematics-IV,65.1,Full Stack Development,63.4,supply chain|simplex|scheduling|simulation|linear programming|queuing|optimization|inventory
RE,2,1,Network & Wireless Systems|Data Science & Analytics,Computer Networks,66.2,Cryptography & Network Security,59.6,Automata Theory,56.5,Engineering Mathematics-IV,50.0,Digital Logic & Design,49.8,statistics|risk|simulation|inventory
RE,2,1,Network & Wireless Systems|Data Science & Analytics,Java,80.2,Computer Networks,77.9,Digital Logic & Design,75.2,IoT,74.87763093917862,Python,73.8,quality|simulation|reliability|probability
OR,2,2,Data Science & Analytics|Artificial Intelligence & Machine Learning,Data Structures and Algorithms,39.4,Engineering Mathematics-IV,39.1,Design & Analysis of Algorithms,34.1,IoT,32.0,Digital Logic & Design,30.1,supply chain|simplex|linear programming|simulation|queuing|inventory
CSL,2,2,Network & Wireless Systems|Cloud & Distributed Systems,Java,65.3,Microcontroller & Embedded Systems,65.0248307952527,Operating Systems,52.9,Computer Networks,51.8,Software Engineering,51.7,vulnerability|authentication|phishing|security|cyber|queuing|firewall|encryption
OR,1,2,Data Science & Analytics,Engineering Mathematics-III,100.0,Database Management Systems,100.0,Digital Logic & Design,100.0,Software Engineering,100.0,Python,97.8,supply chain|simulation|linear programming|optimization|inventory|scipy
OR,2,2,Data Science & Analytics|Web Development,Operating Systems,57.8,Engineering Mathematics-IV,41.5,Engineering Mathematics-III,37.7,Software Engineering,35.4,Design & Analysis of Algorithms,33.3,simplex|supply chain|scheduling|simulation|phishing|queuing|inventory|optimization
CSL,1,3,Network & Wireless Systems,Data Structures and Algorithms,89.8,Full Stack Development,87.7,Engineering Mathematics-IV,86.64814361331135,Cryptography & Network Security,86.4,Java,85.5,vulnerability|authentication|phishing|security|cyber|firewall|forensics|encryption
RE,1,1,Network & Wireless Systems,Engineering Mathematics-IV,100.0,Operating Systems,94.0,Java,90.0,Artificial Intelligence,89.7,Engineering Mathematics-III,87.82805966887878,statistics|quality|simulation|fmea|risk
DBM,1,2,Web Development,Full Stack Development,96.3,Microcontroller & Embedded Systems,91.6,Cryptography & Network Security,89.9,Database Management Systems,89.7,Automata Theory,87.0,kpi|digital marketing|authentication|dashboard|agile|crm|analytics|web
DBM,2,1,Web Development|Data Science & Analytics,C++,62.0,Software Engineering,59.7,Full Stack Development,54.9,Computer Networks,54.7,Java,54.3,seo|kpi|agile
EAM,1,2,Mobile & IoT Development,Microcontroller & Embedded Systems,82.4,Java,80.8,IoT,79.0,Database Management Systems,74.7,Engineering Mathematics-IV,74.5,vulnerability|audit|solar|monitoring|sensor|iot|efficiency|hvac|renewable|energy
OR,2,3,Data Science & Analytics|Artificial Intelligence & Machine Learning,Data Structures and Algorithms,70.0,Engineering Mathematics-IV,66.5,Python,61.5,Design & Analysis of Algorithms,57.0,Software Engineering,54.3,simplex|supply chain|scheduling|linear programming|simulation|queuing|inventory|optimization|scipy|energy
DBM,2,1,Data Science & Analytics|Web Development,Engineering Mathematics-IV,75.44211862779449,Automata Theory,75.0,Data Structures and Algorithms,70.5,Artificial Intelligence,65.3,Operating Systems,52.6,crm|agile|ecommerce|react
DBM,3,2,Web Development|Data Science & Analytics|Cloud & Distributed Systems,Software Engineering,89.9,Operating Systems,89.5,Digital Logic & Design,89.0,IoT,85.97585823704586,Data Structures and Algorithms,84.5,weibull|kpi|ecommerce|digital marketing|crm|analytics|seo
EAM,2,1,Mobile & IoT Development|Network & Wireless Systems,IoT,64.9,Digital Logic & Design,58.8,Automata Theory,55.6,Engineering Mathematics-III,54.8,Design & Analysis of Algorithms,53.3,audit|solar|monitoring|sensor|iot|hvac
OR,1,4,Data Science & Analytics,Engineering Mathematics-IV,94.6,Automata Theory,90.7,Computer Networks,85.7,Software Engineering,83.5,Microcontroller & Embedded Systems,82.9,supply chain|simplex|scheduling|simulation|linear programming|queuing|inventory|network security
DBM,1,2,Web Development,Database Management Systems,71.2,IoT,71.2,Cryptography & Network Security,65.6,Microcontroller & Embedded Systems,64.9,Full Stack Development,64.6,kpi|dashboard|analytics|react|seo|web
RE,2,1,Network & Wireless Systems|Cloud & Distributed Systems,IoT,82.3,Engineering Mathematics-III,81.3,Data Structures and Algorithms,80.9,Java,77.1,Operating Systems,74.9,weibull|fault tree|simulation|probability|risk|reliability
RE,1,0,Network & Wireless Systems,C++,88.5,Engineering Mathematics-IV,62.1,Java,59.8,Digital Logic & Design,54.9,Operating Systems,54.8,
EAM,2,0,Mobile & IoT Development|Network & Wireless Systems,Java,85.7,Engineering Mathematics-IV,77.19759553806125,IoT,71.7,Engineering Mathematics-III,69.43220371162916,Data Structures and Algorithms,69.2,
RE,2,0,Network & Wireless Systems|Data Science & Analytics,Python,85.3,Engineering Mathematics-IV,69.7,Design & Analysis of Algorithms,68.1,C++,64.8,Java,63.8,
RE,2,2,Network & Wireless Systems|Cloud & Distributed Systems,Engineering Mathematics-III,54.2,Cryptography & Network Security,52.69734990129415,Software Engineering,44.0,Engineering Mathematics-IV,43.7,Automata Theory,42.0,weibull|quality|testing|simulation
RE,2,4,Network & Wireless Systems|Cloud & Distributed Systems,Software Engineering,77.82969369897769,Automata Theory,61.7,Engineering Mathematics-IV,59.8,Data Structures and Algorithms,52.6,Engineering Mathematics-III,51.9,weibull|fault tree|encryption|power|statistics|simulation|testing|probability|risk|reliability
CSL,2,1,Network & Wireless Systems|Web Development,Computer Networks,62.9,Java,59.2,Data Structures and Algorithms,50.6,Digital Logic & Design,46.2,IoT,44.71108072231597,vulnerability|authentication|phishing|network security|forensics|encryption
EAM,2,1,Mobile & IoT Development|Network & Wireless Systems,Cryptography & Network Security,73.8320425518631,C++,70.8,Computer Networks,63.93284206099366,Engineering Mathematics-IV,61.6,Design & Analysis of Algorithms,60.0,solar|power|efficiency|hvac|renewable|react|energy
OR,1,1,Data Science & Analytics,Design & Analysis of Algorithms,82.0,Engineering Mathematics-III,79.4,Data Structures and Algorithms,77.6,Microcontroller & Embedded Systems,76.8,Operating Systems,70.8,supply chain|scheduling|queuing|optimization|scipy
EAM,1,1,Mobile & IoT Development,Data Structures and Algorithms,61.4,Database Management Systems,58.4,Python,58.1,Full Stack Development,57.4,IoT,54.2,sensor|renewable|solar|power
EAM,1,2,Mobile & IoT Development,Software Engineering,69.3,Artificial Intelligence,69.0,C++,67.8,IoT,60.9,Engineering Mathematics-III,60.6,audit|solar|monitoring|efficiency|hvac|renewable
DBM,2,2,Web Development|Data Science & Analytics,Database Management Systems,64.2,Python,63.9,Engineering Mathematics-IV,55.6,Design & Analysis of Algorithms,55.0,Java,48.7,kpi|ecommerce|dashboard|analytics|firewall|seo|web
EAM,1,3,Mobile & IoT Development,Cryptography & Network Security,43.4,Engineering Mathematics-III,40.7,IoT,37.5,Database Management Systems,36.621984137390896,Microcontroller & Embedded Systems,35.8,audit|solar|monitoring|power|iot|efficiency|hvac|cyber|renewable
CSL,1,1,Network & Wireless Systems,Engineering Mathematics-III,82.50565184491666,C++,81.9,Full Stack Development,81.5,Cryptography & Network Security,80.0,Data Structures and Algorithms,77.6,authentication|firewall|cyber|network security
RE,1,3,Network & Wireless Systems,Microcontroller & Embedded Systems,63.3,Computer Networks,49.6,Engineering Mathematics-III,47.7,Engineering Mathematics-IV,46.7,Data Structures and Algorithms,44.1,weibull|statistics|quality|simulation|fmea|testing|firewall|risk
RE,1,3,Network & Wireless Systems,Engineering Mathematics-IV,100.0,Microcontroller & Embedded Systems,94.0,Engineering Mathematics-III,81.5,IoT,80.5,Java,78.2,weibull|fault tree|statistics|quality|simulation|fmea|testing|probability
EAM,1,1,Mobile & IoT Development,Software Engineering,96.9,Java,94.7,Digital Logic & Design,90.2,IoT,90.0,Microcontroller & Embedded Systems,88.6,audit|power|sensor|efficiency|renewable|energy
DBM,2,3,Web Development|Data Science & Analytics,Database Management Systems,79.2,Cryptography & Network Security,66.51881922807597,Digital Logic & Design,61.9,Automata Theory,58.4,C++,57.7,kpi|digital marketing|dashboard|crm|analytics|react|seo|web
RE,1,2,Network & Wireless Systems,Digital Logic & Design,75.3,Engineering Mathematics-IV,59.9,Engineering Mathematics-III,59.8,C++,52.6,Database Management Systems,51.2,weibull|fault tree|react|quality|testing|probability|risk|reliability
DBM,3,2,Data Science & Analytics|Web Development|Cloud & Distributed Systems,Software Engineering,70.2,Design & Analysis of Algorithms,66.7,Engineering Mathematics-III,65.3,C++,64.6,Computer Networks,60.0,kpi|ecommerce|digital marketing|agile|crm|analytics|react|seo
CSL,1,2,Network & Wireless Systems,Computer Networks,85.7,Cryptography & Network Security,74.1,Microcontroller & Embedded Systems,71.6,Data Structures and Algorithms,70.8,Database Management Systems,70.5,vulnerability|authentication|agile|security|firewall|forensics|encryption
CSL,2,2,Network & Wireless Systems|Cloud & Distributed Systems,Python,48.0,IoT,47.96540825159639,Computer Networks,44.2,Operating Systems,42.4,Java,37.2,vulnerability|digital marketing|authentication|security|cyber|network security|forensics|encryption
DBM,3,2,Web Development|Data Science & Analytics|Cloud & Distributed Systems,Cryptography & Network Security,79.1,Python,71.4,Design & Analysis of Algorithms,64.4,Data Structures and Algorithms,63.8,Full Stack Development,63.6,dashboard|kpi|ecommerce|react
CSL,2,1,Network & Wireless Systems|Cloud & Distributed Systems,Data Structures and Algorithms,63.7,Computer Networks,60.9,Microcontroller & Embedded Systems,58.8,Cryptography & Network Security,54.3,Python,50.2,vulnerability|authentication|cyber|network security|forensics|encryption
OR,1,1,Data Science & Analytics,Database Management Systems,81.47180895607305,Cryptography & Network Security,70.9,Automata Theory,64.9,Engineering Mathematics-III,60.4,Microcontroller & Embedded Systems,59.9,supply chain|simplex|scheduling|simulation|inventory|scipy
EAM,1,2,Mobile & IoT Development,Microcontroller & Embedded Systems,70.9,C++,60.1,Database Management Systems,53.2,Data Structures and Algorithms,50.2,Operating Systems,48.2,audit|solar|sensor|iot|efficiency|hvac|energy
OR,1,1,Data Science & Analytics,Engineering Mathematics-IV,78.1,Python,74.8,Cryptography & Network Security,74.2,Digital Logic & Design,73.9,Automata Theory,72.6,scheduling|supply chain|simulation|queuing
OR,1,0,Data Science & Analytics,Python,59.1,Cryptography & Network Security,44.1,C++,40.5,Engineering Mathematics-IV,38.5,Artificial Intelligence,29.7,
EAM,1,2,Mobile & IoT Development,Database Management Systems,100.0,Digital Logic & Design,99.0,Cryptography & Network Security,93.0,C++,92.9,Data Structures and Algorithms,87.4,audit|solar|monitoring|power|efficiency|renewable
DBM,1,0,Data Science & Analytics,Database Management Systems,86.2,Operating Systems,82.9,Automata Theory,81.6,Cryptography & Network Security,80.3,Engineering Mathematics-III,78.7,
CSL,2,3,Network & Wireless Systems|Cloud & Distributed Systems,Computer Networks,57.2,Data Structures and Algorithms,51.6,Automata Theory,40.0,C++,39.1,IoT,38.1,authentication|phishing|security|seo|scipy|encryption
DBM,3,2,Data Science & Analytics|Web Development|Mobile & IoT Development,C++,70.5,Full Stack Development,66.2,Software Engineering,62.7,Engineering Mathematics-III,60.4,Database Management Systems,55.9,kpi|ecommerce|digital marketing|dashboard|agile|cyber|crm|analytics|react
EAM,1,0,Mobile & IoT Development,Engineering Mathematics-IV,76.9251431775454,Engineering Mathematics-III,69.67670305764018,Database Management Systems,60.1,Design & Analysis of Algorithms,49.6,Cryptography & Network Security,46.5,
OR,2,1,Data Science & Analytics|Artificial Intelligence & Machine Learning,Software Engineering,78.9,Data Structures and Algorithms,76.7,Engineering Mathematics-III,73.0,Python,71.1,Digital Logic & Design,63.2,supply chain|simplex|scheduling|simulation|linear programming|inventory
RE,2,0,Network & Wireless Systems|Cloud & Distributed Systems,Software Engineering,95.6,Engineering Mathematics-IV,95.4,Operating Systems,85.6,Python,79.1,Engineering Mathematics-III,78.7,
EAM,2,3,Mobile & IoT Development|Network & Wireless Systems,Software Engineering,97.9,Data Structures and Algorithms,96.5,IoT,92.6,Microcontroller & Embedded Systems,89.2,Engineering Mathematics-III,87.1,audit|solar|iot|sensor|hvac|renewable|energy
EAM,1,4,Mobile & IoT Development,Design & Analysis of Algorithms,63.3,Cryptography & Network Security,58.8,IoT,53.7,Digital Logic & Design,52.4,Data Structures and Algorithms,51.2,audit|solar|monitoring|scheduling|iot|sensor|simulation|efficiency|hvac|energy
EAM,3,2,Mobile & IoT Development|Network & Wireless Systems|Cloud & Distributed Systems,Computer Networks,68.7,IoT,62.8,C++,56.2,Microcontroller & Embedded Systems,52.6,Automata Theory,52.1,audit|solar|monitoring|power|sensor|iot|efficiency|renewable|energy
DBM,3,1,Data Science & Analytics|Web Development|Cloud & Distributed Systems,Python,71.4,Computer Networks,69.7,IoT,69.0,Software Engineering,68.3,Automata Theory,66.7,simplex|kpi|ecommerce|digital marketing|agile|seo
OR,1,2,Data Science & Analytics,Engineering Mathematics-IV,63.0,Full Stack Development,49.1,Java,38.6,Engineering Mathematics-III,35.3,Cryptography & Network Security,33.5,supply chain|simplex|solar|scheduling|linear programming|simulation|queuing|inventory|optimization|scipy
EAM,1,2,Mobile & IoT Development,IoT,82.0,Computer Networks,80.3,Engineering Mathematics-III,74.7,Microcontroller & Embedded Systems,74.0,Software Engineering,73.6,audit|solar|monitoring|power|scheduling|sensor|iot|efficiency|renewable
OR,1,1,Data Science & Analytics,Computer Networks,82.6,Artificial Intelligence,78.7,Cryptography & Network Security,76.2,Engineering Mathematics-III,74.5,Database Management Systems,68.9,scheduling|linear programming|queuing|inventory
CSL,2,4,Network & Wireless Systems|Cloud & Distributed Systems,Operating Systems,53.7,Microcontroller & Embedded Systems,53.1,Cryptography & Network Security,49.5,Automata Theory,45.8,Python,45.6,vulnerability|authentication|scipy|phishing|security|cyber|network security|risk|forensics|encryption
RE,1,1,Network & Wireless Systems,Automata Theory,73.0,Microcontroller & Embedded Systems,72.9,Artificial Intelligence,70.7,Digital Logic & Design,61.0,Engineering Mathematics-IV,55.7,weibull|fault tree|statistics|probability|risk
DBM,2,3,Web Development|Data Science & Analytics,Engineering Mathematics-IV,56.2,Python,50.4,Artificial Intelligence,46.4,Database Management Systems,39.5,Automata Theory,38.9,kpi|ecommerce|crm|react|seo|web
RE,2,1,Network & Wireless Systems|Cloud & Distributed Systems,Java,43.1,Database Management Systems,38.20821860002597,C++,36.9,Computer Networks,34.7,Digital Logic & Design,33.2,weibull|solar|simulation|fmea|risk
DBM,3,3,Data Science & Analytics|Web Development|Cloud & Distributed Systems,Cryptography & Network Security,100.0,Database Management Systems,97.8,Software Engineering,96.3,Engineering Mathematics-III,92.87146996822935,Python,92.0,kpi|ecommerce|digital marketing|dashboard|agile|analytics|network security|seo|web
RE,2,4,Network & Wireless Systems|Data Science & Analytics,Computer Networks,68.6,C++,66.6,Design & Analysis of Algorithms,63.1,Engineering Mathematics-III,62.9,Engineering Mathematics-IV,61.1,supply chain|fault tree|statistics|authentication|quality|simulation|iot|testing|fmea|probability
CSL,1,3,Network & Wireless Systems,Computer Networks,79.4,Design & Analysis of Algorithms,78.5,Digital Logic & Design,77.7,Full Stack Development,72.0,Database Management Systems,71.0,vulnerability|kpi|authentication|phishing|security|queuing|network security|forensics|encryption
DBM,1,2,Web Development,Computer Networks,75.71417101044007,Database Management Systems,46.0,Microcontroller & Embedded Systems,45.1,Cryptography & Network Security,43.6157269331217,Python,43.1,kpi|digital marketing|dashboard|agile|analytics|seo
RE,2,2,Network & Wireless Systems|Cloud & Distributed Systems,C++,66.5,Computer Networks,60.5,Python,57.3,Artificial Intelligence,53.5,Operating Systems,52.7,weibull|fault tree|simulation|testing|fmea|renewable|probability
OR,2,2,Data Science & Analytics|Artificial Intelligence & Machine Learning,Design & Analysis of Algorithms,76.6,Cryptography & Network Security,60.3,Python,58.9,Data Structures and Algorithms,56.4,Artificial Intelligence,53.2,simplex|supply chain|audit|scheduling|linear programming|queuing|optimization
OR,1,2,Data Science & Analytics,Operating Systems,86.0,Engineering Mathematics-III,83.3,Engineering Mathematics-IV,71.9,C++,67.8,Data Structures and Algorithms,65.1,supply chain|scheduling|simulation|linear programming|queuing|optimization|inventory|scipy
DBM,2,0,Web Development|Data Science & Analytics,Digital Logic & Design,55.1,IoT,52.79880321131677,Software Engineering,45.7,Microcontroller & Embedded Systems,44.92340499046791,Operating Systems,43.5,
EAM,1,1,Mobile & IoT Development,IoT,100.0,Microcontroller & Embedded Systems,95.4,Computer Networks,88.8968250197471,Python,81.0,Cryptography & Network Security,80.00056675810224,renewable|solar
RE,3,3,Network & Wireless Systems|Cloud & Distributed Systems|Data Science & Analytics,Data Structures and Algorithms,43.9,Cryptography & Network Security,43.0,Digital Logic & Design,42.0,Design & Analysis of Algorithms,40.7,Operating Systems,39.2,weibull|fault tree|statistics|quality|simulation|fmea|probability|risk|reliability
RE,2,2,Network & Wireless Systems|Data Science & Analytics,Software Engineering,90.2,Automata Theory,81.1,Cryptography & Network Security,79.5,Engineering Mathematics-IV,78.0,Data Structures and Algorithms,71.9,risk|simulation|fmea|ecommerce
EAM,2,1,Mobile & IoT Development|Network & Wireless Systems,Computer Networks,55.89030411901021,Cryptography & Network Security,54.13744871769854,Software Engineering,54.1,IoT,48.6,Engineering Mathematics-III,48.2,sensor|energy|monitoring
RE,1,3,Network & Wireless Systems,C++,86.0,Artificial Intelligence,85.4,Operating Systems,83.3,Java,82.8,Software Engineering,81.9,simulation|fmea|testing|probability|risk|reliability
OR,1,3,Data Science & Analytics,Cryptography & Network Security,79.7,Operating Systems,78.5,Automata Theory,74.4,Artificial Intelligence,74.4,C++,74.2,simplex|supply chain|scheduling|statistics|linear programming|queuing|optimization|inventory|scipy
EAM,1,1,Mobile & IoT Development,Software Engineering,71.04006522460892,Design & Analysis of Algorithms,64.7,Engineering Mathematics-III,58.3,Python,58.1,Data Structures and Algorithms,53.4,iot|sensor|efficiency|hvac|energy
RE,1,2,Network & Wireless Systems,Automata Theory,73.6,Engineering Mathematics-III,63.1,Cryptography & Network Security,58.898230110247624,Operating Systems,57.5,Computer Networks,56.30052540669354,fault tree|scheduling|quality|simulation|reliability
DBM,2,1,Data Science & Analytics|Mobile & IoT Development,Microcontroller & Embedded Systems,45.5,Full Stack Development,44.9,Digital Logic & Design,42.6,Database Management Systems,40.6,Cryptography & Network Security,40.6,seo|kpi|agile|analytics
OR,2,3,Data Science & Analytics|Artificial Intelligence & Machine Learning,Cryptography & Network Security,54.9,Computer Networks,54.8,Engineering Mathematics-III,53.0,Automata Theory,42.6,Microcontroller & Embedded Systems,42.1,supply chain|scheduling|simulation|optimization|inventory|scipy
RE,2,2,Network & Wireless Systems|Cloud & Distributed Systems,Cryptography & Network Security,95.3,Data Structures and Algorithms,89.3,Operating Systems,83.4,Database Management Systems,81.51810785254123,Software Engineering,78.52594099073929,fmea|simulation|fault tree|reliability
OR,1,3,Data Science & Analytics,Engineering Mathematics-III,76.9,IoT,74.0,Cryptography & Network Security,73.1,Design & Analysis of Algorithms,72.1,Operating Systems,71.5,supply chain|scheduling|authentication|linear programming|simulation|queuing|inventory|optimization|scipy
CSL,2,2,Network & Wireless Systems|Cloud & Distributed Systems,Digital Logic & Design,37.7,C++,35.9,Operating Systems,35.0,Engineering Mathematics-III,34.5,Cryptography & Network Security,34.2,vulnerability|authentication|security|network security|forensics|encryption
DBM,2,1,Web Development|Cloud & Distributed Systems,Full Stack Development,66.0,IoT,62.8,Engineering Mathematics-IV,60.71982859609566,Engineering Mathematics-III,59.53155869939137,Software Engineering,55.8,dashboard|web
EAM,2,2,Mobile & IoT Development|Network & Wireless Systems,Automata Theory,33.0,Database Management Systems,31.2,Computer Networks,26.0,Design & Analysis of Algorithms,25.6,Engineering Mathematics-IV,22.9,audit|solar|power|sensor|efficiency|hvac|renewable|energy
EAM,2,1,Mobile & IoT Development|Network & Wireless Systems,IoT,90.1,Engineering Mathematics-III,75.19640212902749,Microcontroller & Embedded Systems,69.8,Engineering Mathematics-IV,69.69181593455416,Operating Systems,58.8,hvac|audit|efficiency|power
RE,3,0,Network & Wireless Systems|Cloud & Distributed Systems|Data Science & Analytics,Engineering Mathematics-III,99.497346218646,Cryptography & Network Security,98.1,Operating Systems,97.6,Engineering Mathematics-IV,96.79417918359007,Software Engineering,92.9,
CSL,1,1,Network & Wireless Systems,Operating Systems,89.6,Computer Networks,76.4,Digital Logic & Design,67.8,Data Structures and Algorithms,67.2,Cryptography & Network Security,63.5,vulnerability|phishing|cyber
CSL,1,2,Network & Wireless Systems,Digital Logic & Design,86.1,Artificial Intelligence,85.1,Computer Networks,79.1,Operating Systems,77.9,Automata Theory,76.9,authentication|security|cyber|firewall|forensics|encryption
DBM,3,3,Data Science & Analytics|Web Development|Mobile & IoT Development,Computer Networks,35.5,IoT,31.3,Database Management Systems,29.3,Cryptography & Network Security,28.3,Python,23.5,kpi|authentication|dashboard|security|crm|analytics|react|seo
OR,2,1,Data Science & Analytics|Artificial Intelligence & Machine Learning,Engineering Mathematics-III,65.5,Computer Networks,51.2,Java,48.3,Microcontroller & Embedded Systems,48.1,Operating Systems,47.5,scheduling|supply chain|inventory|digital marketing
RE,1,4,Network & Wireless Systems,Engineering Mathematics-III,61.2,Artificial Intelligence,59.7,Cryptography & Network Security,59.3,Computer Networks,52.5,Design & Analysis of Algorithms,49.8,fault tree|statistics|quality|dashboard|fmea|testing|probability|risk|reliability
OR,1,2,Data Science & Analytics,Design & Analysis of Algorithms,61.2,Artificial Intelligence,56.2,Full Stack Development,51.9,Java,50.9,Python,48.1,supply chain|linear programming|simulation|analytics|optimization|scipy
RE,2,3,Network & Wireless Systems|Cloud & Distributed Systems,Engineering Mathematics-IV,69.6,Software Engineering,62.2,Engineering Mathematics-III,59.7,Artificial Intelligence,56.7,Data Structures and Algorithms,56.5,statistics|simulation|fmea|testing|probability|energy
DBM,2,2,Web Development|Cloud & Distributed Systems,Java,82.1,Software Engineering,74.0,Engineering Mathematics-IV,70.4,Full Stack Development,68.8,Python,67.3,kpi|ecommerce|fault tree|digital marketing|dashboard|agile|analytics|react|seo
CSL,1,3,Network & Wireless Systems,Data Structures and Algorithms,72.3,Software Engineering,69.9,Digital Logic & Design,60.9,Operating Systems,59.8,Python,59.6,vulnerability|authentication|phishing|security|cyber|firewall|network security|forensics|encryption
EAM,1,1,Mobile & IoT Development,Microcontroller & Embedded Systems,69.1,Python,66.8,IoT,64.1,Cryptography & Network Security,62.1,Engineering Mathematics-IV,61.5,weibull|audit|monitoring|power|iot|efficiency|energy
EAM,2,1,Mobile & IoT Development|Network & Wireless Systems,Engineering Mathematics-III,100.0,Database Management Systems,100.0,Microcontroller & Embedded Systems,100.0,Cryptography & Network Security,100.0,IoT,100.0,iot|renewable|fmea|power
CSL,1,1,Network & Wireless Systems,Computer Networks,93.9,Cryptography & Network Security,92.0,Java,87.8,Microcontroller & Embedded Systems,85.1,Design & Analysis of Algorithms,84.7,encryption|cyber
OR,1,1,Data Science & Analytics,Design & Analysis of Algorithms,75.7,C++,73.3,Software Engineering,69.2,Microcontroller & Embedded Systems,67.7,Database Management Systems,67.0,simulation|linear programming|queuing|inventory|optimization|scipy
EAM,1,4,Mobile & IoT Development,Engineering Mathematics-IV,73.4,Computer Networks,65.2,Microcontroller & Embedded Systems,62.6,Software Engineering,57.6,Data Structures and Algorithms,54.9,audit|solar|power|sensor|iot|hvac|renewable|scipy|forensics|energy
OR,1,3,Data Science & Analytics,Full Stack Development,64.8,Digital Logic & Design,54.0,Design & Analysis of Algorithms,49.9,Artificial Intelligence,39.9,Database Management Systems,39.5,digital marketing|scheduling|simulation|linear programming|queuing|optimization|inventory|scipy
CSL,1,3,Network & Wireless Systems,Computer Networks,52.3,Design & Analysis of Algorithms,43.3,IoT,38.7,Data Structures and Algorithms,34.3,Digital Logic & Design,32.5,vulnerability|authentication|security|cyber|network security|forensics|encryption
EAM,1,2,Mobile & IoT Development,Data Structures and Algorithms,82.9,Engineering Mathematics-IV,76.4,C++,73.1,Python,69.3,Digital Logic & Design,68.2,audit|solar|monitoring|iot|sensor|efficiency|hvac|renewable
OR,2,0,Data Science & Analytics|Artificial Intelligence & Machine Learning,Design & Analysis of Algorithms,69.6,Engineering Mathematics-III,66.0,Computer Networks,59.1,Python,52.5,Operating Systems,50.9,
OR,2,2,Data Science & Analytics|Artificial Intelligence & Machine Learning,Engineering Mathematics-IV,84.5,Engineering Mathematics-III,69.3,Database Management Systems,67.3,Python,60.0,Cryptography & Network Security,57.0,supply chain|scheduling|linear programming|simulation|queuing|inventory
DBM,2,1,Web Development|Data Science & Analytics,Database Management Systems,86.4,Java,81.6,Software Engineering,79.0,Design & Analysis of Algorithms,73.5,Digital Logic & Design,70.1,seo|digital marketing
CSL,2,2,Network & Wireless Systems|Cloud & Distributed Systems,Cryptography & Network Security,95.7,Automata Theory,93.6,Operating Systems,89.5,Computer Networks,86.9,Artificial Intelligence,82.8,vulnerability|authentication|security|cyber|firewall|network security
EAM,2,2,Mobile & IoT Development|Network & Wireless Systems,Full Stack Development,55.1,Digital Logic & Design,54.6,Software Engineering,52.9,Engineering Mathematics-III,52.3,Data Structures and Algorithms,50.7,audit|solar|monitoring|power|iot|sensor|efficiency|hvac|renewable
RE,2,0,Network & Wireless Systems|Cloud & Distributed Systems,Digital Logic & Design,93.2,Engineering Mathematics-III,86.7,Computer Networks,83.4,Full Stack Development,80.4,Automata Theory,77.3,
OR,1,3,Data Science & Analytics,C++,80.1,IoT,77.4,Digital Logic & Design,73.5,Database Management Systems,68.3,Operating Systems,68.2,simplex|supply chain|dashboard|linear programming|queuing|inventory|optimization|scipy
OR,1,1,Data Science & Analytics,Engineering Mathematics-III,68.5,Cryptography & Network Security,64.9,Automata Theory,64.5,Database Management Systems,58.4,Artificial Intelligence,48.7,scipy|simplex|simulation|linear programming
CSL,2,3,Network & Wireless Systems|Cloud & Distributed Systems,Computer Networks,100.0,Software Engineering,100.0,C++,100.0,Java,100.0,Microcontroller & Embedded Systems,99.2,vulnerability|scheduling|authentication|phishing|security|cyber|firewall|network security|encryption
DBM,2,2,Web Development|Data Science & Analytics,Full Stack Development,86.6,Computer Networks,83.1,Automata Theory,81.6,Java,81.2,Software Engineering,80.4,kpi|digital marketing|dashboard|agile|seo|web
RE,1,2,Network & Wireless Systems,Database Management Systems,96.04245104805851,Artificial Intelligence,89.9,IoT,82.5,Engineering Mathematics-IV,76.3,Automata Theory,75.2,weibull|quality|simulation|testing|queuing|firewall|probability|risk|reliability
OR,1,3,Data Science & Analytics,Engineering Mathematics-IV,81.3,Python,81.3,Data Structures and Algorithms,79.3,Microcontroller & Embedded Systems,78.9,Operating Systems,77.7,supply chain|scheduling|simulation|linear programming|queuing|optimization|inventory|scipy
DBM,2,2,Data Science & Analytics|Cloud & Distributed Systems,Database Management Systems,74.3,Engineering Mathematics-IV,70.4,Full Stack Development,67.5,Python,65.7,Automata Theory,62.7,kpi|ecommerce|react|analytics|network security|seo|web
RE,1,2,Network & Wireless Systems,Engineering Mathematics-III,66.5,Cryptography & Network Security,64.5,Computer Networks,60.9,Engineering Mathematics-IV,57.7,Data Structures and Algorithms,57.1,weibull|statistics|fmea|inventory|probability|risk
RE,1,2,Network & Wireless Systems,Engineering Mathematics-III,100.0,Engineering Mathematics-IV,100.0,Data Structures and Algorithms,100.0,Database Management Systems,100.0,Microcontroller & Embedded Systems,100.0,fmea|simulation|fault tree
RE,1,2,Network & Wireless Systems,Engineering Mathematics-III,64.2,Digital Logic & Design,57.4,Data Structures and Algorithms,52.2,Engineering Mathematics-IV,49.0,IoT,48.6,risk|simulation|fmea|fault tree
EAM,2,3,Mobile & IoT Development|Network & Wireless Systems,IoT,78.3,Microcontroller & Embedded Systems,70.7,Automata Theory,70.0,Engineering Mathematics-III,62.5,Database Management Systems,62.4513034896621,audit|solar|monitoring|sensor|efficiency|hvac|renewable|energy
DBM,1,3,Web Development,Engineering Mathematics-III,71.7,Engineering Mathematics-IV,69.8,Database Management Systems,62.3,Python,59.1,C++,58.2,kpi|ecommerce|digital marketing|dashboard|agile|crm|analytics|forensics|web
OR,2,2,Data Science & Analytics|Artificial Intelligence & Machine Learning,Engineering Mathematics-III,86.1,Full Stack Development,85.5,Engineering Mathematics-IV,83.1,Design & Analysis of Algorithms,81.8,Artificial Intelligence,80.2,simplex|supply chain|scheduling|linear programming|simulation|inventory|optimization
RE,2,1,Network & Wireless Systems|Cloud & Distributed Systems,Python,82.9,Engineering Mathematics-IV,79.3,Engineering Mathematics-III,77.3,IoT,77.0,Digital Logic & Design,76.9,statistics|simulation|testing|fmea|risk|reliability
OR,2,4,Data Science & Analytics|Artificial Intelligence & Machine Learning,Engineering Mathematics-III,64.2,Microcontroller & Embedded Systems,55.6,Java,52.9,Artificial Intelligence,50.1,Engineering Mathematics-IV,45.3,simplex|simulation|fmea|queuing|inventory|optimization|scipy
OR,1,0,Data Science & Analytics,Database Management Systems,61.0,Engineering Mathematics-III,55.7,Microcontroller & Embedded Systems,53.57302566358098,Software Engineering,50.0,IoT,49.91597470351058,
EAM,1,4,Mobile & IoT Development,Cryptography & Network Security,90.5,IoT,80.3,Operating Systems,79.9,Microcontroller & Embedded Systems,78.2,Java,77.4,audit|solar|monitoring|power|sensor|hvac|renewable|energy
OR,1,1,Data Science & Analytics,Engineering Mathematics-III,93.4,Software Engineering,91.6,Microcontroller & Embedded Systems,78.6,C++,75.5,Digital Logic & Design,71.4,simplex|supply chain|scheduling|iot|linear programming|scipy
EAM,3,3,Mobile & IoT Development|Network & Wireless Systems|Cloud & Distributed Systems,Software Engineering,90.5,Engineering Mathematics-III,89.3,Design & Analysis of Algorithms,89.0,Microcontroller & Embedded Systems,81.6,Java,80.8,audit|solar|monitoring|power|sensor|iot|hvac|renewable|energy
CSL,1,1,Network & Wireless Systems,Computer Networks,87.0,Digital Logic & Design,83.2,Design & Analysis of Algorithms,78.1,Cryptography & Network Security,72.5,IoT,67.2,vulnerability|kpi|encryption
RE,1,2,Network & Wireless Systems,Engineering Mathematics-III,78.4,Operating Systems,74.4,Database Management Systems,72.5,Data Structures and Algorithms,70.3,Software Engineering,68.5,fault tree|quality|simulation|testing|fmea|inventory|probability|risk
DBM,3,3,Web Development|Data Science & Analytics|Cloud & Distributed Systems,Full Stack Development,84.2,Automata Theory,71.0,IoT,67.73695619060979,Digital Logic & Design,67.6,Java,63.9,simplex|kpi|ecommerce|digital marketing|dashboard|phishing|agile|crm|analytics|react
OR,1,2,Data Science & Analytics,Full Stack Development,66.3,Engineering Mathematics-IV,65.3,Design & Analysis of Algorithms,64.3,Java,61.7,Automata Theory,60.1,simplex|simulation|agile|cyber|queuing|optimization|scipy
OR,1,2,Data Science & Analytics,Design & Analysis of Algorithms,97.5,Engineering Mathematics-IV,95.2,C++,81.2,Digital Logic & Design,79.0,Cryptography & Network Security,78.0,supply chain|audit|simplex|scheduling|linear programming|simulation|queuing|optimization|inventory|scipy
RE,1,3,Network & Wireless Systems,Engineering Mathematics-IV,56.7,Software Engineering,55.5,Automata Theory,50.5,Cryptography & Network Security,47.7,Microcontroller & Embedded Systems,44.5,statistics|quality|simulation|testing|probability|risk|reliability
EAM,2,2,Mobile & IoT Development|Network & Wireless Systems,Python,70.1,IoT,60.7,Engineering Mathematics-III,57.8,Database Management Systems,54.9,Engineering Mathematics-IV,53.9,monitoring|sensor|efficiency|renewable|optimization
CSL,3,3,Network & Wireless Systems|Cloud & Distributed Systems|Web Development,Computer Networks,100.0,Artificial Intelligence,99.3,Java,97.7,Automata Theory,95.9,Data Structures and Algorithms,95.8,vulnerability|network security|authentication|phishing|security|cyber|firewall|probability|forensics|web
CSL,2,2,Network & Wireless Systems|Cloud & Distributed Systems,Engineering Mathematics-III,67.6,Artificial Intelligence,63.2,Python,60.3,Automata Theory,57.5,Engineering Mathematics-IV,52.7,vulnerability|authentication|phishing|cyber|firewall|network security|forensics|encryption
RE,2,2,Network & Wireless Systems|Data Science & Analytics,Engineering Mathematics-IV,71.0,Microcontroller & Embedded Systems,66.4,Java,66.1,C++,62.9,IoT,60.9,fault tree|quality|authentication|simulation|agile|probability|reliability
RE,2,2,Network & Wireless Systems|Cloud & Distributed Systems,Engineering Mathematics-IV,69.5595195749128,Digital Logic & Design,65.9,Design & Analysis of Algorithms,62.4,Engineering Mathematics-III,60.28137990569502,IoT,56.3,weibull|audit|fault tree|quality|simulation|fmea|probability|risk|reliability
RE,2,3,Network & Wireless Systems|Cloud & Distributed Systems,Software Engineering,70.7,Automata Theory,69.6,Database Management Systems,69.0,Engineering Mathematics-IV,67.8,IoT,67.8,weibull|fault tree|statistics|simulation|fmea|probability|risk|reliability
EAM,1,1,Mobile & IoT Development,IoT,89.3,Design & Analysis of Algorithms,81.0,Digital Logic & Design,78.2,Cryptography & Network Security,76.5,Engineering Mathematics-IV,72.8,audit|efficiency|hvac|renewable|energy
RE,2,1,Network & Wireless Systems|Cloud & Distributed Systems,Operating Systems,89.7,Engineering Mathematics-IV,85.5,Engineering Mathematics-III,81.1,C++,78.6,Cryptography & Network Security,75.8,weibull|fault tree|statistics|risk|reliability
DBM,2,2,Data Science & Analytics|Web Development,Python,91.0,Full Stack Development,88.1,IoT,87.98370110131268,Database Management Systems,84.7,Software Engineering,81.6,kpi|digital marketing|security|analytics|seo|web
EAM,1,3,Mobile & IoT Development,Artificial Intelligence,78.7,Microcontroller & Embedded Systems,78.6,Engineering Mathematics-IV,69.7,Automata Theory,68.5,Database Management Systems,65.1,audit|solar|monitoring|power|iot|sensor|efficiency|hvac|renewable|energy
CSL,1,4,Network & Wireless Systems,Cryptography & Network Security,74.5,Microcontroller & Embedded Systems,57.5,Design & Analysis of Algorithms,57.2,Data Structures and Algorithms,54.9,Engineering Mathematics-III,54.2,vulnerability|authentication|quality|phishing|security|cyber|testing|firewall|network security|forensics
OR,1,2,Data Science & Analytics,Computer Networks,64.5,Automata Theory,60.9,Artificial Intelligence,55.2,Java,54.5,Python,51.6,simplex|scheduling|linear programming|simulation|queuing|inventory|optimization
DBM,3,1,Web Development|Data Science & Analytics|Cloud & Distributed Systems,Automata Theory,74.5,Full Stack Development,66.5,Data Structures and Algorithms,64.5,Engineering Mathematics-III,63.7,Java,63.0,seo|react
DBM,3,0,Web Development|Data Science & Analytics|Cloud & Distributed Systems,Database Management Systems,89.0,Engineering Mathematics-III,80.5,Microcontroller & Embedded Systems,80.1,Data Structures and Algorithms,77.4,Design & Analysis of Algorithms,74.6,
OR,2,3,Data Science & Analytics|Artificial Intelligence & Machine Learning,Engineering Mathematics-III,79.15800952241216,Engineering Mathematics-IV,70.93720136261254,Artificial Intelligence,60.4,Microcontroller & Embedded Systems,58.8,Design & Analysis of Algorithms,54.9,supply chain|simplex|scheduling|simulation|linear programming|phishing|queuing|inventory|optimization|scipy
CSL,1,1,Network & Wireless Systems,Full Stack Development,61.6,Data Structures and Algorithms,54.6,Digital Logic & Design,54.3,Computer Networks,51.2,Automata Theory,51.2,vulnerability|solar|authentication|security|firewall|forensics|encryption
EAM,2,3,Mobile & IoT Development|Network & Wireless Systems,IoT,100.0,Engineering Mathematics-III,94.9,Data Structures and Algorithms,91.2,Computer Networks,89.9,Automata Theory,89.5,solar|power|iot|phishing|efficiency|hvac|energy
DBM,3,1,Data Science & Analytics|Web Development|Mobile & IoT Development,IoT,80.3,Java,79.9,Full Stack Development,79.6,Computer Networks,79.4,C++,77.3,ecommerce|digital marketing|agile|analytics|react|seo
RE,1,1,Network & Wireless Systems,Microcontroller & Embedded Systems,45.8,Data Structures and Algorithms,37.0,Operating Systems,35.7,Full Stack Development,34.2,Digital Logic & Design,31.4,statistics|quality|simulation|testing|probability|risk
DBM,2,1,Web Development|Data Science & Analytics,IoT,74.0371706143033,Data Structures and Algorithms,43.7,C++,37.7,Python,37.4,Digital Logic & Design,36.1,digital marketing|dashboard|renewable|analytics|seo|web
CSL,1,1,Network & Wireless Systems,Java,74.0,Design & Analysis of Algorithms,69.4,Engineering Mathematics-IV,64.4,Software Engineering,60.2,Engineering Mathematics-III,57.2,cyber|firewall|network security|forensics|encryption
DBM,4,1,Web Development|Data Science & Analytics|Cloud & Distributed Systems|Mobile & IoT Development,Full Stack Development,58.5,C++,50.6,Operating Systems,48.1,Computer Networks,45.4,Database Management Systems,38.7,web|dashboard|kpi|ecommerce
DBM,3,2,Web Development|Data Science & Analytics|Mobile & IoT Development,Data Structures and Algorithms,69.1,Engineering Mathematics-IV,67.2,Full Stack Development,63.7,C++,63.2,Computer Networks,56.5,kpi|digital marketing|agile|fmea|crm|analytics|react|seo|web
CSL,3,0,Network & Wireless Systems|Cloud & Distributed Systems|Web Development,Operating Systems,59.1,Engineering Mathematics-IV,56.6,Cryptography & Network Security,54.4,C++,51.4,Digital Logic & Design,48.7,
OR,1,4,Data Science & Analytics,Database Management Systems,91.32050238805122,Software Engineering,91.06307887985872,Digital Logic & Design,89.4,Engineering Mathematics-IV,89.2,Automata Theory,87.3,supply chain|simplex|scheduling|statistics|simulation|linear programming|queuing|optimization|inventory|scipy
EAM,1,2,Mobile & IoT Development,Data Structures and Algorithms,57.8,Python,50.2,Microcontroller & Embedded Systems,49.3,Engineering Mathematics-III,48.8,Digital Logic & Design,47.8,audit|solar|monitoring|sensor|efficiency|crm|energy
RE,2,1,Network & Wireless Systems|Data Science & Analytics,Computer Networks,65.2,Design & Analysis of Algorithms,63.3,Engineering Mathematics-III,58.7,IoT,57.4,Engineering Mathematics-IV,56.7,fault tree|statistics|simulation|testing|risk
DBM,2,1,Data Science & Analytics|Mobile & IoT Development,Software Engineering,70.4,Engineering Mathematics-IV,65.7,Python,65.6,Data Structures and Algorithms,56.6,Full Stack Development,56.1,web|analytics|react
EAM,1,3,Mobile & IoT Development,Data Structures and Algorithms,50.3,Full Stack Development,45.0,Database Management Systems,39.7,Software Engineering,37.7,Design & Analysis of Algorithms,37.7,audit|solar|monitoring|statistics|iot|sensor|efficiency|hvac|energy
OR,2,3,Data Science & Analytics|Web Development,C++,69.5,Cryptography & Network Security,58.7,Microcontroller & Embedded Systems,58.5,Software Engineering,55.5,Artificial Intelligence,51.6,simplex|supply chain|scheduling|simulation|linear programming|queuing|optimization|inventory|scipy
RE,1,3,Network & Wireless Systems,Cryptography & Network Security,82.2,Digital Logic & Design,72.5,Engineering Mathematics-III,62.1,Operating Systems,61.4,Data Structures and Algorithms,61.1,weibull|fault tree|statistics|quality|simulation|fmea|testing|reliability
DBM,2,3,Web Development|Data Science & Analytics,Operating Systems,83.1,Digital Logic & Design,69.7,Software Engineering,68.9,Java,67.8,Database Management Systems,66.8,ecommerce|digital marketing|dashboard|agile|crm|analytics|react|seo|web
CSL,1,1,Network & Wireless Systems,Operating Systems,81.4,Python,62.0,Automata Theory,60.8,Design & Analysis of Algorithms,57.6,Computer Networks,56.1,vulnerability|authentication|security|cyber|firewall|forensics
OR,2,3,Data Science & Analytics|Artificial Intelligence & Machine Learning,Data Structures and Algorithms,59.7,Engineering Mathematics-IV,55.4,Computer Networks,54.0,Design & Analysis of Algorithms,51.9,Automata Theory,51.2,supply chain|scheduling|linear programming|agile|simulation|queuing|inventory|optimization|scipy
CSL,2,1,Network & Wireless Systems|Cloud & Distributed Systems,Computer Networks,84.4,Java,76.3,Software Engineering,71.2,Operating Systems,64.4,Engineering Mathematics-III,62.2,vulnerability|forensics|security|network security
CSL,1,2,Network & Wireless Systems,Cryptography & Network Security,58.4,Java,47.3,Computer Networks,46.6,Python,43.4,Operating Systems,43.0,vulnerability|authentication|security|cyber|probability|forensics|encryption
OR,2,3,Data Science & Analytics|Artificial Intelligence & Machine Learning,Software Engineering,84.4,Full Stack Development,68.4,Cryptography & Network Security,63.2,Database Management Systems,60.5,Engineering Mathematics-IV,59.8,simplex|power|scheduling|digital marketing|simulation|linear programming|queuing|inventory|optimization|scipy
EAM,1,2,Mobile & IoT Development,IoT,87.2,Engineering Mathematics-III,83.81802250138017,Engineering Mathematics-IV,81.94424000118843,Cryptography & Network Security,76.8,C++,72.8,audit|monitoring|power|iot|efficiency|hvac|renewable
OR,1,1,Data Science & Analytics,Design & Analysis of Algorithms,49.1,Database Management Systems,48.0,Artificial Intelligence,43.5,Computer Networks,42.5,Engineering Mathematics-IV,39.3,vulnerability|simplex|supply chain|simulation|linear programming|inventory
EAM,1,4,Mobile & IoT Development,Engineering Mathematics-IV,71.5,IoT,69.3,Automata Theory,66.8,Full Stack Development,62.8,Data Structures and Algorithms,59.4,audit|monitoring|power|sensor|iot|efficiency|hvac|renewable|fmea|forensics
EAM,1,3,Mobile & IoT Development,Engineering Mathematics-III,89.6394849996565,IoT,85.7,Engineering Mathematics-IV,82.45489614276491,Microcontroller & Embedded Systems,75.3,Operating Systems,62.8,audit|power|scheduling|iot|sensor|energy|efficiency|hvac|web
CSL,2,2,Network & Wireless Systems|Cloud & Distributed Systems,Python,58.7,Computer Networks,54.8,Operating Systems,50.6,Digital Logic & Design,49.8,Software Engineering,44.6,vulnerability|authentication|phishing|security|cyber|firewall|risk|forensics|encryption
EAM,1,1,Mobile & IoT Development,Microcontroller & Embedded Systems,61.6,Data Structures and Algorithms,61.0,Automata Theory,57.6,Computer Networks,56.2,Full Stack Development,53.3,iot|solar|optimization|sensor
CSL,2,1,Network & Wireless Systems|Cloud & Distributed Systems,Cryptography & Network Security,49.9,Python,45.2,Digital Logic & Design,43.6,IoT,42.1,Engineering Mathematics-III,41.5,vulnerability|security|firewall
OR,1,4,Data Science & Analytics,Java,55.3,Microcontroller & Embedded Systems,54.7,Full Stack Development,52.7,Python,52.1,Data Structures and Algorithms,47.7,supply chain|simplex|scheduling|authentication|linear programming|simulation|cyber|optimization|inventory|scipy
CSL,1,1,Network & Wireless Systems,Python,87.8,Software Engineering,80.8,Computer Networks,72.8,Design & Analysis of Algorithms,69.9,Cryptography & Network Security,67.7,authentication|security|firewall|network security|encryption
CSL,1,2,Network & Wireless Systems,Cryptography & Network Security,32.7,Computer Networks,28.8,Digital Logic & Design,28.4,Database Management Systems,22.2,Python,20.8,vulnerability|authentication|phishing|security|cyber|firewall|network security|forensics|encryption
OR,1,2,Data Science & Analytics,Full Stack Development,60.5,Data Structures and Algorithms,59.1,Microcontroller & Embedded Systems,58.5,Engineering Mathematics-III,58.0,Engineering Mathematics-IV,52.4,supply chain|simplex|linear programming|queuing|optimization|inventory|scipy
OR,2,1,Data Science & Analytics|Artificial Intelligence & Machine Learning,C++,71.4,Operating Systems,68.3,Java,64.6,Python,61.0,Digital Logic & Design,59.0,scheduling|supply chain|simplex|queuing
DBM,2,2,Data Science & Analytics|Web Development,Operating Systems,48.5,IoT,47.9,Full Stack Development,46.1,Artificial Intelligence,42.9,Python,42.0,digital marketing|statistics|simulation|agile|crm|react
OR,2,3,Data Science & Analytics|Artificial Intelligence & Machine Learning,Engineering Mathematics-IV,86.4,Automata Theory,71.9,Microcontroller & Embedded Systems,70.4,Cryptography & Network Security,67.1,Digital Logic & Design,63.2,simplex|supply chain|simulation|linear programming|queuing|inventory|seo|scipy
RE,2,1,Network & Wireless Systems|Cloud & Distributed Systems,Artificial Intelligence,79.8,Engineering Mathematics-III,79.4,Microcontroller & Embedded Systems,76.4,Operating Systems,71.8,Java,71.1,statistics|testing
DBM,2,4,Web Development|Cloud & Distributed Systems,Automata Theory,59.1,Database Management Systems,58.1,Python,50.9,Full Stack Development,50.3,Operating Systems,50.1,weibull|kpi|ecommerce|digital marketing|agile|crm|analytics|react|seo|web
DBM,2,2,Web Development|Data Science & Analytics,Database Management Systems,78.8,Software Engineering,74.6,Digital Logic & Design,71.4,Python,66.8,Full Stack Development,65.1,digital marketing|dashboard|agile|analytics|react|seo|web
OR,2,1,Data Science & Analytics|Artificial Intelligence & Machine Learning,Engineering Mathematics-III,81.0,Microcontroller & Embedded Systems,79.8,Java,77.0,Design & Analysis of Algorithms,72.8,Automata Theory,72.4,scheduling|testing|simulation|optimization
RE,2,2,Network & Wireless Systems|Cloud & Distributed Systems,Digital Logic & Design,87.7,Engineering Mathematics-IV,82.3,Microcontroller & Embedded Systems,77.8,Database Management Systems,75.40494127612335,Cryptography & Network Security,75.1,weibull|simplex|statistics|simulation|fmea|testing|reliability
CSL,2,4,Network & Wireless Systems|Web Development,Design & Analysis of Algorithms,69.5,Digital Logic & Design,66.8,Java,65.5,Computer Networks,61.2,Operating Systems,60.3,vulnerability|supply chain|encryption|authentication|phishing|security|cyber|fmea|firewall|network security
DBM,2,3,Data Science & Analytics|Web Development,Full Stack Development,81.4,Database Management Systems,76.6,Python,72.3,Software Engineering,69.2,Java,67.0,vulnerability|supply chain|ecommerce|digital marketing|agile|hvac|crm|analytics|react|seo
DBM,2,2,Data Science & Analytics|Web Development,Database Management Systems,66.7,Computer Networks,60.9,Full Stack Development,53.4,C++,50.4,Java,49.4,kpi|ecommerce|digital marketing|agile|analytics|react|seo
RE,2,2,Network & Wireless Systems|Cloud & Distributed Systems,C++,79.7,Microcontroller & Embedded Systems,60.5,Cryptography & Network Security,59.1,Engineering Mathematics-III,53.5,Design & Analysis of Algorithms,52.9,weibull|statistics|quality|simulation|testing|probability|reliability
CSL,1,3,Network & Wireless Systems,Artificial Intelligence,75.1,Python,67.9,Design & Analysis of Algorithms,58.3,Computer Networks,53.7,Data Structures and Algorithms,46.6,network security|phishing|security|cyber|firewall|probability|forensics|encryption
RE,2,3,Network & Wireless Systems|Cloud & Distributed Systems,Design & Analysis of Algorithms,65.7,Engineering Mathematics-IV,57.3,IoT,54.007631649516604,Microcontroller & Embedded Systems,53.59846845662423,Engineering Mathematics-III,43.8,weibull|fault tree|monitoring|statistics|quality|linear programming|fmea|probability|risk|reliability
EAM,2,2,Mobile & IoT Development|Network & Wireless Systems,Java,48.3,IoT,40.9,Cryptography & Network Security,35.7,Software Engineering,30.8,Automata Theory,29.2,audit|solar|power|sensor|phishing|hvac|renewable|energy
DBM,1,1,Data Science & Analytics,Data Structures and Algorithms,65.5,Digital Logic & Design,62.9,IoT,62.4,Artificial Intelligence,59.1,Software Engineering,58.1,dashboard|agile|crm|analytics
EAM,1,2,Mobile & IoT Development,Automata Theory,74.3,Computer Networks,70.8,Software Engineering,67.86635483954066,Operating Systems,67.0,Engineering Mathematics-III,66.1,solar|power|sensor|iot|simulation|renewable|energy
OR,2,0,Data Science & Analytics|Web Development,Cryptography & Network Security,71.6,Operating Systems,54.3,Database Management Systems,52.4,Design & Analysis of Algorithms,50.2,Java,46.5,
CSL,2,2,Network & Wireless Systems|Cloud & Distributed Systems,Database Management Systems,55.5,IoT,49.1,Digital Logic & Design,38.4,Microcontroller & Embedded Systems,30.5,Operating Systems,26.7,vulnerability|authentication|phishing|security|cyber|network security|forensics
CSL,2,0,Network & Wireless Systems|Cloud & Distributed Systems,Artificial Intelligence,87.4,Database Management Systems,84.2,Java,70.9,Python,70.4,Computer Networks,69.5,
DBM,2,1,Data Science & Analytics|Web Development,Full Stack Development,73.4,Artificial Intelligence,72.4,Java,63.0,Database Management Systems,62.4,Engineering Mathematics-IV,62.3,ecommerce|analytics
OR,1,4,Data Science & Analytics,C++,53.5,Engineering Mathematics-IV,48.2,Cryptography & Network Security,42.8,Digital Logic & Design,37.9,Computer Networks,36.9,supply chain|simplex|audit|scheduling|simulation|linear programming|queuing|optimization|inventory|scipy
OR,1,3,Data Science & Analytics,Engineering Mathematics-IV,73.3,Software Engineering,72.4,Microcontroller & Embedded Systems,66.3,Computer Networks,65.8,Digital Logic & Design,65.1,supply chain|scheduling|linear programming|simulation|efficiency|optimization|scipy
EAM,2,2,Mobile & IoT Development|Cloud & Distributed Systems,Microcontroller & Embedded Systems,83.7,Computer Networks,68.2,Database Management Systems,65.0,Artificial Intelligence,57.2,IoT,52.6,weibull|solar|monitoring|iot|efficiency
OR,2,1,Data Science & Analytics|Artificial Intelligence & Machine Learning,Cryptography & Network Security,70.9,Database Management Systems,68.8,Artificial Intelligence,65.4,Engineering Mathematics-III,64.7,IoT,63.2,simplex|supply chain|simulation|hvac|queuing|optimization|scipy
RE,2,3,Network & Wireless Systems|Cloud & Distributed Systems,Data Structures and Algorithms,63.4,Operating Systems,51.8,Cryptography & Network Security,40.3,C++,40.0,Microcontroller & Embedded Systems,35.0,weibull|fault tree|statistics|quality|testing|probability|risk|reliability
CSL,2,2,Network & Wireless Systems|Cloud & Distributed Systems,Database Management Systems,66.5,Digital Logic & Design,66.2,Computer Networks,64.0,Engineering Mathematics-IV,60.5,Operating Systems,59.4,authentication|phishing|cyber|network security|forensics
RE,2,2,Network & Wireless Systems|Cloud & Distributed Systems,Microcontroller & Embedded Systems,62.81370124142374,Engineering Mathematics-IV,56.5,Cryptography & Network Security,54.3,Digital Logic & Design,50.9,Automata Theory,48.8,weibull|fault tree|simulation|cyber|testing|probability
RE,1,2,Network & Wireless Systems,Engineering Mathematics-III,74.3,Java,67.0,C++,64.5,Digital Logic & Design,61.6,Data Structures and Algorithms,60.6,weibull|fault tree|statistics|iot|testing|fmea|probability|risk
RE,1,0,Network & Wireless Systems,Design & Analysis of Algorithms,70.5,Computer Networks,64.6,Cryptography & Network Security,58.2,Engineering Mathematics-III,57.1,Database Management Systems,55.3,
CSL,1,3,Network & Wireless Systems,Cryptography & Network Security,58.4,Microcontroller & Embedded Systems,47.7,Digital Logic & Design,38.9,Full Stack Development,34.1,Computer Networks,32.6,vulnerability|fault tree|authentication|phishing|security|efficiency|firewall|network security|forensics|encryption
CSL,1,4,Network & Wireless Systems,Data Structures and Algorithms,77.9,Software Engineering,77.8,C++,66.2,Design & Analysis of Algorithms,65.2,Operating Systems,65.1,vulnerability|authentication|security|cyber|network security|forensics|encryption
DBM,1,2,Web Development,Java,66.6,Full Stack Development,65.0,Database Management Systems,53.5,Operating Systems,50.9,C++,49.8,ecommerce|dashboard|agile|crm|react|seo|web
CSL,1,3,Network & Wireless Systems,Python,73.7,Artificial Intelligence,71.9,Computer Networks,64.6,Digital Logic & Design,62.0,Java,61.0,vulnerability|kpi|ecommerce|authentication|phishing|cyber|firewall|network security|forensics|encryption
RE,1,2,Network & Wireless Systems,Operating Systems,87.7,Java,82.0,Python,81.9,Automata Theory,81.5,Engineering Mathematics-III,81.2,weibull|statistics|quality|simulation|fmea|testing|probability|risk|reliability
DBM,3,2,Data Science & Analytics|Web Development|Cloud & Distributed Systems,Automata Theory,88.0,Database Management Systems,68.1,Computer Networks,65.3,Artificial Intelligence,62.9,Python,60.7,ecommerce|digital marketing|dashboard|agile|analytics|react|seo|scipy|web
EAM,2,1,Mobile & IoT Development|Cloud & Distributed Systems,Engineering Mathematics-IV,61.3,Engineering Mathematics-III,58.0,Design & Analysis of Algorithms,57.7,Computer Networks,57.0,Microcontroller & Embedded Systems,54.8,audit|solar|phishing|hvac|renewable
DBM,1,2,Web Development,Software Engineering,73.0,Engineering Mathematics-IV,72.70250955397825,Python,70.5,Full Stack Development,67.4,Operating Systems,65.0,digital marketing|analytics|react|seo|web|encryption
EAM,2,3,Mobile & IoT Development|Network & Wireless Systems,Engineering Mathematics-IV,79.5,Database Management Systems,79.5,Automata Theory,77.8,Computer Networks,75.2,Engineering Mathematics-III,72.4,audit|solar|monitoring|power|hvac|renewable|queuing|energy
EAM,1,2,Mobile & IoT Development,Database Management Systems,100.0,IoT,100.0,Data Structures and Algorithms,99.0,Engineering Mathematics-III,94.3,Engineering Mathematics-IV,94.3,monitoring|power|sensor|authentication|efficiency|hvac|renewable|energy
OR,2,1,Data Science & Analytics|Web Development,Cryptography & Network Security,62.5,C++,59.7,Operating Systems,57.7,Data Structures and Algorithms,54.5,Engineering Mathematics-IV,50.2,simulation|inventory
OR,1,0,Data Science & Analytics,Microcontroller & Embedded Systems,94.7,Operating Systems,75.5,Engineering Mathematics-III,73.9,C++,67.4,Cryptography & Network Security,67.2,
OR,2,1,Data Science & Analytics|Web Development,Engineering Mathematics-IV,100.0,Artificial Intelligence,100.0,Engineering Mathematics-III,97.8,Data Structures and Algorithms,97.1,Cryptography & Network Security,95.2,simplex|scheduling|linear programming|simulation|queuing|scipy
EAM,3,2,Mobile & IoT Development|Network & Wireless Systems|Cloud & Distributed Systems,Database Management Systems,66.8,C++,57.2,Java,49.0,Artificial Intelligence,48.8,Cryptography & Network Security,40.5,audit|solar|monitoring|efficiency|hvac|renewable|energy
DBM,1,2,Data Science & Analytics,Software Engineering,87.3,Engineering Mathematics-III,85.8,Python,84.4,Full Stack Development,84.4,Operating Systems,81.0,kpi|digital marketing|dashboard|crm|analytics|react|seo
DBM,3,3,Data Science & Analytics|Web Development|Cloud & Distributed Systems,IoT,90.5,Database Management Systems,83.4,Software Engineering,82.7,Full Stack Development,78.9,Engineering Mathematics-IV,77.8,kpi|ecommerce|digital marketing|dashboard|simulation|agile|testing|crm|react|seo
RE,1,3,Network & Wireless Systems,Software Engineering,78.80124560733958,Database Management Systems,73.52323208430998,Computer Networks,68.4,Engineering Mathematics-III,66.1,Automata Theory,63.2,weibull|fault tree|statistics|quality|testing|fmea|probability|risk|reliability
DBM,3,1,Web Development|Data Science & Analytics|Cloud & Distributed Systems,Engineering Mathematics-III,77.33880332199334,Operating Systems,74.9,Engineering Mathematics-IV,64.9756454252605,Data Structures and Algorithms,54.7,Automata Theory,53.2,dashboard|agile|renewable|seo|web
RE,2,1,Network & Wireless Systems|Data Science & Analytics,Full Stack Development,73.9,Digital Logic & Design,72.7,Design & Analysis of Algorithms,70.2,Computer Networks,65.5,Cryptography & Network Security,60.1,weibull|fault tree|statistics|simulation|probability
EAM,2,3,Mobile & IoT Development|Network & Wireless Systems,Design & Analysis of Algorithms,78.0,Cryptography & Network Security,63.9,Python,62.1,Operating Systems,58.8,Full Stack Development,56.6,audit|solar|power|iot|efficiency|hvac|firewall|energy
RE,2,3,Network & Wireless Systems|Cloud & Distributed Systems,Engineering Mathematics-III,86.2,Computer Networks,80.2,Database Management Systems,78.9,Engineering Mathematics-IV,76.4,IoT,72.4,fault tree|statistics|quality|simulation|fmea|risk
CSL,3,1,Network & Wireless Systems|Cloud & Distributed Systems|Web Development,Software Engineering,79.3,Engineering Mathematics-III,76.9,IoT,76.3,Computer Networks,75.2,Java,73.4,vulnerability|ecommerce|authentication|cyber|forensics|encryption
OR,3,3,Data Science & Analytics|Artificial Intelligence & Machine Learning|Web Development,Artificial Intelligence,69.8,Data Structures and Algorithms,67.5,Digital Logic & Design,64.7,Python,63.7,Automata Theory,61.8,vulnerability|simplex|supply chain|ecommerce|scheduling|linear programming|simulation|queuing|optimization|scipy
RE,1,1,Network & Wireless Systems,Data Structures and Algorithms,79.9,Artificial Intelligence,75.8,Java,70.1,C++,65.8,Engineering Mathematics-IV,64.79913753939162,statistics|quality
OR,2,1,Data Science & Analytics|Artificial Intelligence & Machine Learning,Database Management Systems,74.13342394073938,Engineering Mathematics-IV,69.8,Operating Systems,65.7,Computer Networks,64.4,C++,62.9,simplex|optimization
CSL,1,2,Network & Wireless Systems,Python,79.7,Operating Systems,77.3,Database Management Systems,76.3,Software Engineering,76.1,C++,72.8,scheduling|phishing|security|cyber|forensics
OR,3,1,Data Science & Analytics|Artificial Intelligence & Machine Learning|Web Development,C++,83.2,Digital Logic & Design,80.4,Data Structures and Algorithms,78.7,Design & Analysis of Algorithms,76.2,Artificial Intelligence,73.6,scheduling|simplex|linear programming|supply chain
CSL,1,1,Network & Wireless Systems,Engineering Mathematics-IV,76.4,Database Management Systems,56.3,Computer Networks,48.0,Python,46.2,Engineering Mathematics-III,45.8,vulnerability|iot|security|cyber|firewall
OR,1,1,Data Science & Analytics,Microcontroller & Embedded Systems,73.6,Database Management Systems,62.19493204804884,Engineering Mathematics-IV,58.9,Operating Systems,58.7,Automata Theory,52.6,simplex|simulation|efficiency|queuing|inventory|scipy
DBM,2,1,Web Development|Data Science & Analytics,Cryptography & Network Security,49.1,Software Engineering,47.7,Engineering Mathematics-III,40.4,Database Management Systems,39.4,C++,32.1,hvac|web|crm|digital marketing
DBM,3,2,Web Development|Data Science & Analytics|Cloud & Distributed Systems,Cryptography & Network Security,56.4,Full Stack Development,53.8,IoT,51.5,Automata Theory,50.5,Python,48.1,ecommerce|dashboard|crm|analytics|seo
OR,1,3,Data Science & Analytics,Cryptography & Network Security,53.2,Python,52.9,Artificial Intelligence,52.6,Operating Systems,49.4,Digital Logic & Design,48.3,simplex|supply chain|kpi|scheduling|simulation|queuing|inventory|scipy
DBM,3,2,Data Science & Analytics|Web Development|Cloud & Distributed Systems,Engineering Mathematics-IV,76.3,Data Structures and Algorithms,70.6,Artificial Intelligence,64.4,Python,58.0,Cryptography & Network Security,57.8,kpi|ecommerce|agile|react|web
CSL,1,3,Network & Wireless Systems,Artificial Intelligence,67.0,Data Structures and Algorithms,65.6,Engineering Mathematics-III,64.6,C++,57.5,Computer Networks,56.3,vulnerability|authentication|phishing|security|agile|firewall|network security|optimization|forensics|encryption
DBM,2,2,Data Science & Analytics|Web Development,Database Management Systems,46.3,Python,43.2,Full Stack Development,43.2,Engineering Mathematics-III,41.7,Java,39.8,ecommerce|digital marketing|agile|crm|analytics|react|seo|web
CSL,2,0,Network & Wireless Systems|Cloud & Distributed Systems,Engineering Mathematics-III,72.58106891996533,Engineering Mathematics-IV,66.41725341981537,Operating Systems,58.1,Artificial Intelligence,56.9,Python,53.8,
EAM,1,2,Mobile & IoT Development,C++,94.3,IoT,88.0,Microcontroller & Embedded Systems,84.2,Computer Networks,82.4,Cryptography & Network Security,80.4,solar|power|sensor|iot|hvac|renewable|energy
DBM,2,2,Data Science & Analytics|Cloud & Distributed Systems,Computer Networks,84.5,Database Management Systems,83.9,Microcontroller & Embedded Systems,81.18366522838596,Full Stack Development,81.0,Software Engineering,79.8,kpi|ecommerce|digital marketing|dashboard|analytics|react|seo|web|reliability
DBM,2,4,Web Development|Cloud & Distributed Systems,Artificial Intelligence,69.1,Software Engineering,63.6,Database Management Systems,56.4,Operating Systems,54.0,Python,52.0,kpi|ecommerce|digital marketing|dashboard|agile|crm|analytics|react|seo|web
DBM,2,2,Web Development|Data Science & Analytics,Artificial Intelligence,31.8,Computer Networks,21.3,Full Stack Development,21.3,Database Management Systems,20.7,Software Engineering,19.9,ecommerce|dashboard|crm|analytics|react|web|reliability
CSL,2,1,Network & Wireless Systems|Cloud & Distributed Systems,Python,61.3,Full Stack Development,60.2,Cryptography & Network Security,59.8,Engineering Mathematics-III,57.4,Design & Analysis of Algorithms,51.6,authentication|security|network security
DBM,1,1,Data Science & Analytics,Engineering Mathematics-III,89.0,C++,82.7,Python,81.5,Design & Analysis of Algorithms,78.9,Database Management Systems,74.7,ecommerce|dashboard|agile|seo|web
DBM,3,4,Web Development|Data Science & Analytics|Cloud & Distributed Systems,Design & Analysis of Algorithms,98.7,IoT,92.7,Database Management Systems,89.3,Software Engineering,85.7,Full Stack Development,80.5,kpi|ecommerce|fault tree|digital marketing|dashboard|agile|analytics|react|seo|web
EAM,1,2,Mobile & IoT Development,Data Structures and Algorithms,100.0,Full Stack Development,88.3,Digital Logic & Design,88.1,C++,87.8,Engineering Mathematics-III,86.8,audit|iot|simulation|efficiency|renewable|energy
OR,1,1,Data Science & Analytics,Engineering Mathematics-IV,100.0,Digital Logic & Design,97.5,Automata Theory,93.1,C++,92.9,Computer Networks,89.7,scipy|simulation|queuing|inventory
EAM,1,2,Mobile & IoT Development,Data Structures and Algorithms,59.7,IoT,59.0,Database Management Systems,55.6,Java,44.2,Microcontroller & Embedded Systems,43.0,audit|solar|power|sensor|efficiency|hvac|cyber|renewable|queuing|energy
CSL,1,1,Network & Wireless Systems,Engineering Mathematics-III,70.4,Python,70.2,IoT,69.1,Database Management Systems,65.1,Engineering Mathematics-IV,64.1,vulnerability|quality|cyber|firewall|network security
CSL,1,3,Network & Wireless Systems,C++,100.0,IoT,100.0,Data Structures and Algorithms,92.1,Full Stack Development,83.8,Engineering Mathematics-III,80.7,vulnerability|network security|authentication|phishing|security|cyber|firewall|probability|forensics|encryption
CSL,2,2,Network & Wireless Systems|Cloud & Distributed Systems,Cryptography & Network Security,77.7,Software Engineering,73.1,Operating Systems,72.7,Computer Networks,72.1,Digital Logic & Design,62.2,vulnerability|phishing|security|cyber|agile|forensics
RE,1,0,Network & Wireless Systems,Artificial Intelligence,98.6,Engineering Mathematics-III,93.28754347980704,Digital Logic & Design,91.0,Operating Systems,85.3,IoT,82.7,
RE,1,1,Network & Wireless Systems,Database Management Systems,69.6,Engineering Mathematics-III,68.4,IoT,66.4,Data Structures and Algorithms,64.7,Java,64.1,weibull|fault tree|statistics|simulation|probability
OR,1,3,Data Science & Analytics,Engineering Mathematics-IV,100.0,Database Management Systems,87.5,Computer Networks,86.8,Software Engineering,85.5,Digital Logic & Design,84.7,simplex|supply chain|scheduling|linear programming|phishing|hvac|inventory|optimization|scipy
DBM,2,4,Web Development|Cloud & Distributed Systems,Full Stack Development,73.3,Database Management Systems,71.9,Engineering Mathematics-III,68.0,Software Engineering,66.2,C++,64.4,kpi|ecommerce|digital marketing|dashboard|agile|crm|analytics|seo|web
EAM,2,3,Mobile & IoT Development|Network & Wireless Systems,IoT,53.7,Python,50.7,Engineering Mathematics-IV,44.628931579818584,Full Stack Development,43.0,Software Engineering,42.4,solar|monitoring|power|iot|sensor|efficiency|crm
OR,1,1,Data Science & Analytics,Computer Networks,57.0,Engineering Mathematics-III,53.9,Automata Theory,48.6,Artificial Intelligence,47.6,Software Engineering,45.9,simplex|simulation|queuing|linear programming
DBM,2,3,Web Development|Data Science & Analytics,Engineering Mathematics-IV,57.00026897913538,Engineering Mathematics-III,56.082804958044846,Digital Logic & Design,54.3,Database Management Systems,51.7,Cryptography & Network Security,50.9,simplex|kpi|fault tree|ecommerce|digital marketing|dashboard|agile|react|seo|web
EAM,1,1,Mobile & IoT Development,C++,72.2,Digital Logic & Design,67.9,Python,65.3,Design & Analysis of Algorithms,64.0,IoT,63.7,iot|web|efficiency|power
OR,1,2,Data Science & Analytics,Engineering Mathematics-III,100.0,Design & Analysis of Algorithms,100.0,C++,98.4,IoT,98.1,Automata Theory,96.1,simplex|scheduling|linear programming|queuing|optimization|inventory|scipy
CSL,1,1,Network & Wireless Systems,Engineering Mathematics-IV,68.8,Python,63.2,Java,62.6,C++,47.1,Cryptography & Network Security,41.3,authentication|security|cyber|firewall|forensics
EAM,1,1,Mobile & IoT Development,Computer Networks,72.76595804521672,IoT,61.7,Cryptography & Network Security,58.62378237372714,Artificial Intelligence,50.9,Design & Analysis of Algorithms,50.8,monitoring|iot|sensor|efficiency|energy
RE,2,2,Network & Wireless Systems|Cloud & Distributed Systems,Cryptography & Network Security,65.0,Database Management Systems,64.9,Software Engineering,58.9,Design & Analysis of Algorithms,48.5,Digital Logic & Design,47.5,weibull|risk|fault tree|simulation|testing|fmea|probability|scipy|reliability
CSL,1,0,Network & Wireless Systems,Automata Theory,59.5,Software Engineering,54.22561945538595,Database Management Systems,50.73858440126486,Data Structures and Algorithms,44.4,Operating Systems,35.5,
RE,1,4,Network & Wireless Systems,Microcontroller & Embedded Systems,99.83064444511052,Digital Logic & Design,95.4,Java,91.4,Engineering Mathematics-III,88.3,Python,87.5,weibull|fault tree|quality|simulation|security|testing|fmea|probability|risk|reliability
OR,1,2,Data Science & Analytics,Digital Logic & Design,69.8,Design & Analysis of Algorithms,69.8,Engineering Mathematics-III,68.8,Artificial Intelligence,68.7,Java,68.5,simplex|supply chain|digital marketing|scheduling|simulation|linear programming|queuing|optimization|scipy
OR,2,4,Data Science & Analytics|Artificial Intelligence & Machine Learning,Engineering Mathematics-III,73.0,Engineering Mathematics-IV,72.0,Database Management Systems,69.6,Design & Analysis of Algorithms,68.8,Automata Theory,68.2,simplex|supply chain|risk|simulation|linear programming|queuing|inventory|optimization|scipy|encryption
OR,1,2,Data Science & Analytics,Engineering Mathematics-IV,90.6,Software Engineering,87.1,Microcontroller & Embedded Systems,80.7,Engineering Mathematics-III,77.5,Computer Networks,74.2,supply chain|simplex|scheduling|linear programming|simulation|queuing|optimization
OR,1,3,Data Science & Analytics,Automata Theory,81.9,Design & Analysis of Algorithms,81.4,Engineering Mathematics-III,80.43854794625116,Engineering Mathematics-IV,80.1133353084025,Database Management Systems,80.1,supply chain|simplex|scheduling|simulation|linear programming|queuing|inventory|optimization
DBM,3,2,Data Science & Analytics|Web Development|Mobile & IoT Development,Full Stack Development,58.8,Python,57.6,Database Management Systems,57.0,IoT,56.5,Cryptography & Network Security,55.9,ecommerce|dashboard|agile|crm|analytics|react|seo
EAM,1,1,Mobile & IoT Development,Engineering Mathematics-IV,100.0,Database Management Systems,100.0,Microcontroller & Embedded Systems,100.0,Software Engineering,100.0,Cryptography & Network Security,100.0,sensor|audit|renewable|power
DBM,2,1,Web Development|Data Science & Analytics,Software Engineering,98.7,Java,97.1,Engineering Mathematics-III,86.60238974788804,Full Stack Development,85.8,C++,79.8,seo|kpi|ecommerce|analytics
CSL,2,1,Network & Wireless Systems|Cloud & Distributed Systems,Computer Networks,74.9,Java,71.2,Microcontroller & Embedded Systems,70.0,Design & Analysis of Algorithms,66.6,Software Engineering,65.9,vulnerability|phishing|cyber
RE,1,3,Network & Wireless Systems,Engineering Mathematics-IV,78.5,Cryptography & Network Security,71.6,Computer Networks,68.3,Data Structures and Algorithms,65.7,Software Engineering,64.3,weibull|supply chain|simulation|testing|fmea|probability
EAM,1,1,Mobile & IoT Development,Java,96.2,Automata Theory,95.8,Design & Analysis of Algorithms,95.7,Operating Systems,95.4,Engineering Mathematics-III,94.8016231715247,iot|audit|monitoring
DBM,2,4,Data Science & Analytics|Cloud & Distributed Systems,Artificial Intelligence,68.6,Database Management Systems,63.2,Python,62.9,Design & Analysis of Algorithms,60.7,IoT,57.6,kpi|ecommerce|digital marketing|dashboard|agile|analytics|react|seo|web
EAM,1,0,Mobile & IoT Development,C++,76.3,IoT,67.6,Design & Analysis of Algorithms,64.8,Microcontroller & Embedded Systems,63.5,Database Management Systems,62.6,
RE,1,3,Network & Wireless Systems,Design & Analysis of Algorithms,91.2,Engineering Mathematics-IV,86.8,Data Structures and Algorithms,78.0,Engineering Mathematics-III,72.5,Database Management Systems,71.9,weibull|statistics|simulation|agile|fmea|probability|risk|reliability
RE,2,2,Network & Wireless Systems|Data Science & Analytics,Computer Networks,80.3,Automata Theory,74.6,Engineering Mathematics-III,70.8,Artificial Intelligence,68.8,Engineering Mathematics-IV,66.5,weibull|fault tree|statistics|quality|simulation|fmea|testing
OR,1,1,Data Science & Analytics,Software Engineering,61.0,Automata Theory,60.1,C++,57.2,Computer Networks,54.668113986297996,Data Structures and Algorithms,44.6,supply chain|scheduling|queuing|optimization|scipy
RE,2,2,Network & Wireless Systems|Cloud & Distributed Systems,Database Management Systems,79.05549997748352,Digital Logic & Design,75.8,Computer Networks,73.8,IoT,73.3,Software Engineering,73.14662402268195,fault tree|statistics|quality|simulation|analytics|reliability
EAM,2,3,Mobile & IoT Development|Network & Wireless Systems,IoT,89.0,Digital Logic & Design,84.3,Design & Analysis of Algorithms,83.3,Python,80.6,Engineering Mathematics-III,76.8,audit|solar|monitoring|iot|renewable|scipy|energy
DBM,1,1,Data Science & Analytics,Software Engineering,78.4,IoT,69.6,Artificial Intelligence,68.6,Operating Systems,66.4,Java,65.8,ecommerce|analytics|react
RE,2,2,Network & Wireless Systems|Cloud & Distributed Systems,Engineering Mathematics-III,58.9,Cryptography & Network Security,58.8,Database Management Systems,57.4,Python,52.7,Design & Analysis of Algorithms,46.7,weibull|testing|scipy
CSL,2,3,Network & Wireless Systems|Cloud & Distributed Systems,Cryptography & Network Security,84.9,Computer Networks,77.3,C++,67.8,Java,66.2,Data Structures and Algorithms,64.0,vulnerability|authentication|phishing|security|cyber|firewall|network security|forensics|encryption
EAM,2,2,Mobile & IoT Development|Network & Wireless Systems,Computer Networks,80.1,C++,69.3,Microcontroller & Embedded Systems,66.1,Python,60.4,Digital Logic & Design,60.3,solar|monitoring|sensor|iot|simulation|hvac|renewable|energy
EAM,2,1,Mobile & IoT Development|Network & Wireless Systems,Engineering Mathematics-III,100.0,IoT,97.6,Engineering Mathematics-IV,94.55061607511797,Microcontroller & Embedded Systems,94.3,Computer Networks,83.7,renewable|audit
EAM,1,2,Mobile & IoT Development,IoT,34.0,Operating Systems,28.2,Microcontroller & Embedded Systems,27.1,Design & Analysis of Algorithms,22.3,Digital Logic & Design,17.3,hvac|sensor|solar|power
CSL,2,2,Network & Wireless Systems|Cloud & Distributed Systems,Artificial Intelligence,82.1,Operating Systems,73.6,C++,59.4,Engineering Mathematics-IV,57.7,Design & Analysis of Algorithms,55.4,vulnerability|statistics|phishing|security|cyber|firewall|forensics|energy|encryption
CSL,1,1,Network & Wireless Systems,Digital Logic & Design,81.5,Cryptography & Network Security,79.8,Engineering Mathematics-III,78.36116509522958,Software Engineering,76.2,Computer Networks,71.5,vulnerability|authentication|linear programming|phishing|security|network security|forensics
OR,1,1,Data Science & Analytics,Engineering Mathematics-III,78.7,Artificial Intelligence,78.2,Design & Analysis of Algorithms,60.7,Full Stack Development,54.0,Cryptography & Network Security,49.7,simplex|scheduling|queuing|inventory|scipy
EAM,3,4,Mobile & IoT Development|Network & Wireless Systems|Cloud & Distributed Systems,IoT,81.5,Cryptography & Network Security,73.9,Digital Logic & Design,72.5,Computer Networks,69.8,Microcontroller & Embedded Systems,68.8,audit|solar|monitoring|power|sensor|iot|hvac|renewable|react|energy
EAM,1,2,Mobile & IoT Development,Engineering Mathematics-III,81.4,Computer Networks,76.5,Java,73.7,Digital Logic & Design,64.3,Microcontroller & Embedded Systems,56.7,audit|solar|monitoring|iot|efficiency|hvac
RE,1,1,Network & Wireless Systems,Engineering Mathematics-III,99.8,Design & Analysis of Algorithms,90.1,C++,87.6,Database Management Systems,86.9,Engineering Mathematics-IV,85.9,fault tree|quality|simulation|probability|reliability
EAM,1,2,Mobile & IoT Development,IoT,80.8,Automata Theory,77.2,Full Stack Development,75.0,Engineering Mathematics-IV,73.0,Engineering Mathematics-III,72.7,power|iot|efficiency|renewable|network security|energy
DBM,2,1,Data Science & Analytics|Web Development,Computer Networks,42.1,Full Stack Development,37.5,C++,35.4,Digital Logic & Design,34.4,IoT,34.2,kpi|ecommerce|digital marketing|analytics|react|web
OR,1,3,Data Science & Analytics,Software Engineering,58.0,Computer Networks,52.7,Engineering Mathematics-IV,51.8,Design & Analysis of Algorithms,51.6,Engineering Mathematics-III,49.2,simplex|supply chain|scheduling|linear programming|queuing|optimization|scipy
RE,1,3,Network & Wireless Systems,Computer Networks,46.9,Java,45.3,Engineering Mathematics-III,39.7,Operating Systems,38.9,Software Engineering,38.727546476201574,weibull|fault tree|quality|simulation|efficiency|testing|probability|reliability
EAM,2,0,Mobile & IoT Development|Network & Wireless Systems,Data Structures and Algorithms,81.2,Microcontroller & Embedded Systems,71.8,Engineering Mathematics-IV,68.6,Digital Logic & Design,68.1,IoT,59.5,
RE,2,3,Network & Wireless Systems|Cloud & Distributed Systems,Operating Systems,80.6,Engineering Mathematics-IV,75.8,Microcontroller & Embedded Systems,75.8,Software Engineering,72.8,Computer Networks,72.7,fault tree|statistics|fmea|probability|risk|reliability
OR,2,2,Data Science & Analytics|Artificial Intelligence & Machine Learning,Java,74.4,Operating Systems,72.0,Design & Analysis of Algorithms,71.7,Engineering Mathematics-III,58.6,Python,56.8,supply chain|simplex|fault tree|scheduling|quality|simulation|linear programming|queuing|inventory|scipy
OR,1,2,Data Science & Analytics,Full Stack Development,69.6,Engineering Mathematics-IV,69.2,Design & Analysis of Algorithms,67.8,Automata Theory,66.6,C++,66.5,simplex|supply chain|simulation|linear programming|queuing|inventory|react
RE,3,4,Network & Wireless Systems|Cloud & Distributed Systems|Data Science & Analytics,Operating Systems,77.2,Data Structures and Algorithms,75.3,C++,74.8,Microcontroller & Embedded Systems,74.5,Engineering Mathematics-III,73.1,weibull|fault tree|monitoring|statistics|quality|sensor|simulation|testing|fmea|probability
CSL,1,1,Network & Wireless Systems,Automata Theory,82.9,Operating Systems,63.8,Computer Networks,61.9,Artificial Intelligence,61.6,Java,60.8,vulnerability|dashboard|firewall|cyber
EAM,2,4,Mobile & IoT Development|Network & Wireless Systems,Digital Logic & Design,66.8,Java,59.0,Software Engineering,57.7,Microcontroller & Embedded Systems,53.0,Automata Theory,52.3,kpi|solar|monitoring|power|sensor|iot|hvac|renewable|seo|energy
EAM,1,2,Mobile & IoT Development,Cryptography & Network Security,76.6,Digital Logic & Design,74.9,Software Engineering,74.35270271808315,C++,68.5,IoT,62.1,audit|solar|monitoring|power|scheduling|iot|sensor|hvac|inventory
OR,1,2,Data Science & Analytics,Computer Networks,87.0,IoT,73.7,Cryptography & Network Security,65.1,Engineering Mathematics-III,64.1,Engineering Mathematics-IV,63.5,supply chain|simplex|scheduling|linear programming|simulation|optimization|scipy
RE,2,1,Network & Wireless Systems|Cloud & Distributed Systems,Computer Networks,64.6,Microcontroller & Embedded Systems,58.1,Cryptography & Network Security,54.8,Engineering Mathematics-IV,53.7,Database Management Systems,47.87953033202109,fault tree|statistics|quality|fmea|probability|reliability
DBM,3,4,Data Science & Analytics|Web Development|Cloud & Distributed Systems,Design & Analysis of Algorithms,89.9,Operating Systems,86.0,C++,85.6,Full Stack Development,80.3,Database Management Systems,79.3,kpi|ecommerce|digital marketing|dashboard|agile|crm|analytics|react|seo|web
DBM,2,0,Data Science & Analytics|Cloud & Distributed Systems,Software Engineering,85.7,Data Structures and Algorithms,79.7,Database Management Systems,73.0,Operating Systems,68.4,Java,67.1,
RE,1,4,Network & Wireless Systems,Engineering Mathematics-III,95.3682413284219,Design & Analysis of Algorithms,86.5,Operating Systems,84.1,Digital Logic & Design,84.0,Full Stack Development,81.4,weibull|fault tree|monitoring|statistics|quality|linear programming|simulation|crm|probability|risk
OR,2,3,Data Science & Analytics|Artificial Intelligence & Machine Learning,Software Engineering,61.8,Engineering Mathematics-IV,61.47992246808373,Engineering Mathematics-III,52.15410999365492,Cryptography & Network Security,51.9,Digital Logic & Design,51.6,supply chain|simplex|scheduling|simulation|queuing|inventory|optimization|scipy
RE,2,2,Network & Wireless Systems|Data Science & Analytics,Artificial Intelligence,63.1,Automata Theory,61.0,Operating Systems,57.3,Microcontroller & Embedded Systems,55.8,Engineering Mathematics-IV,54.7,weibull|quality|dashboard|fmea|probability|reliability
CSL,2,4,Network & Wireless Systems|Cloud & Distributed Systems,Computer Networks,79.1,Cryptography & Network Security,74.7,Software Engineering,65.8,Java,63.6,Design & Analysis of Algorithms,63.6,vulnerability|simulation|phishing|security|cyber|network security|forensics|encryption
OR,2,3,Data Science & Analytics|Artificial Intelligence & Machine Learning,Engineering Mathematics-IV,72.27994202660723,Engineering Mathematics-III,60.00108214739361,Data Structures and Algorithms,55.1,Automata Theory,54.4,Python,53.3,simplex|supply chain|scheduling|simulation|linear programming|inventory|network security|optimization
DBM,2,1,Web Development|Data Science & Analytics,Artificial Intelligence,51.6,Software Engineering,49.1,Design & Analysis of Algorithms,40.7,Computer Networks,40.1,Data Structures and Algorithms,38.8,seo|kpi|ecommerce|react
EAM,2,1,Mobile & IoT Development|Network & Wireless Systems,Database Management Systems,85.37850903926875,Engineering Mathematics-III,83.6,Software Engineering,79.31510925531639,Automata Theory,75.3,Data Structures and Algorithms,74.8,iot|audit|energy
OR,2,3,Data Science & Analytics|Web Development,Computer Networks,70.4,Engineering Mathematics-IV,69.1,Microcontroller & Embedded Systems,64.0,Design & Analysis of Algorithms,61.3,Operating Systems,59.8,supply chain|simplex|solar|scheduling|linear programming|simulation|queuing|inventory|optimization|scipy
OR,3,1,Data Science & Analytics|Artificial Intelligence & Machine Learning|Web Development,Java,84.4,Computer Networks,76.5,C++,69.5,Software Engineering,66.7,Database Management Systems,65.8,supply chain|linear programming|fmea
OR,2,2,Data Science & Analytics|Artificial Intelligence & Machine Learning,Engineering Mathematics-IV,71.6,Engineering Mathematics-III,64.5,Artificial Intelligence,59.8,Digital Logic & Design,58.3,Python,55.5,simplex|scheduling|queuing|inventory|optimization
DBM,3,1,Data Science & Analytics|Web Development|Mobile & IoT Development,Database Management Systems,97.4,Full Stack Development,89.6,C++,83.8,Python,82.9,Engineering Mathematics-III,80.4,ecommerce|digital marketing|iot|agile|analytics|react|seo
OR,2,2,Data Science & Analytics|Artificial Intelligence & Machine Learning,Design & Analysis of Algorithms,95.1,Computer Networks,86.3,Cryptography & Network Security,84.8,C++,82.8,Engineering Mathematics-III,79.5,simplex|scheduling|simulation|linear programming|optimization|scipy
DBM,2,0,Web Development|Cloud & Distributed Systems,Engineering Mathematics-III,79.4,Database Management Systems,73.0,Operating Systems,71.1,Artificial Intelligence,63.0,Full Stack Development,61.7,
RE,1,2,Network & Wireless Systems,Data Structures and Algorithms,62.4,Software Engineering,59.790632515326,Engineering Mathematics-III,57.2,Microcontroller & Embedded Systems,49.4,Database Management Systems,47.46817840400227,weibull|quality|simulation|testing|fmea|probability|risk|reliability
CSL,1,3,Network & Wireless Systems,Computer Networks,89.9,Full Stack Development,86.9,Design & Analysis of Algorithms,84.0,Java,78.4,Cryptography & Network Security,75.3,vulnerability|authentication|phishing|security|cyber|firewall|network security|forensics|encryption
OR,2,2,Data Science & Analytics|Artificial Intelligence & Machine Learning,Digital Logic & Design,96.1,Engineering Mathematics-III,95.0,Cryptography & Network Security,86.5,Data Structures and Algorithms,82.6,Database Management Systems,81.2,simplex|supply chain|ecommerce|simulation|linear programming|queuing|inventory
RE,1,2,Network & Wireless Systems,Software Engineering,41.0,Database Management Systems,36.5,C++,35.9,Artificial Intelligence,31.0,Automata Theory,26.8,quality|simulation|queuing|probability|risk
DBM,1,1,Web Development,Database Management Systems,78.4,Automata Theory,67.7,Engineering Mathematics-IV,60.8,Digital Logic & Design,59.9,Data Structures and Algorithms,54.5,ecommerce|crm
DBM,2,4,Data Science & Analytics|Cloud & Distributed Systems,Full Stack Development,100.0,Computer Networks,98.5,Cryptography & Network Security,97.6,IoT,93.8,Software Engineering,93.1,kpi|ecommerce|monitoring|digital marketing|quality|dashboard|agile|crm|seo|web
EAM,3,2,Mobile & IoT Development|Network & Wireless Systems|Cloud & Distributed Systems,Digital Logic & Design,62.5,Microcontroller & Embedded Systems,62.0,Database Management Systems,48.7,Cryptography & Network Security,46.8,Software Engineering,45.4,audit|solar|digital marketing|iot|hvac|renewable|energy
DBM,4,1,Web Development|Data Science & Analytics|Cloud & Distributed Systems|Mobile & IoT Development,Operating Systems,67.0,Database Management Systems,62.4,Engineering Mathematics-IV,58.9,Artificial Intelligence,56.3,Microcontroller & Embedded Systems,56.1,seo|dashboard
DBM,2,1,Web Development|Data Science & Analytics,Full Stack Development,72.7,Microcontroller & Embedded Systems,66.7,Python,57.9,Database Management Systems,57.2,Cryptography & Network Security,57.0,digital marketing|ecommerce|analytics|react
CSL,2,3,Network & Wireless Systems|Cloud & Distributed Systems,Cryptography & Network Security,78.5,Artificial Intelligence,75.3,C++,74.7,Digital Logic & Design,72.4,Full Stack Development,70.3,vulnerability|digital marketing|authentication|dashboard|phishing|security|firewall|network security|forensics
DBM,3,2,Data Science & Analytics|Cloud & Distributed Systems|Mobile & IoT Development,Engineering Mathematics-III,79.4,Software Engineering,79.1,Computer Networks,73.7,Database Management Systems,73.0,Engineering Mathematics-IV,72.8,ecommerce|sensor|agile|analytics|react|seo|web
OR,2,1,Data Science & Analytics|Artificial Intelligence & Machine Learning,Engineering Mathematics-III,32.4,IoT,32.0,Microcontroller & Embedded Systems,26.4,Design & Analysis of Algorithms,23.9,Software Engineering,21.2,supply chain|simulation|inventory
EAM,1,2,Mobile & IoT Development,Engineering Mathematics-III,100.0,Engineering Mathematics-IV,100.0,Digital Logic & Design,100.0,Computer Networks,100.0,Microcontroller & Embedded Systems,100.0,audit|solar|monitoring|iot|sensor|efficiency|hvac|energy
DBM,2,1,Data Science & Analytics|Cloud & Distributed Systems,Automata Theory,97.4,Operating Systems,95.5,Data Structures and Algorithms,95.1,Python,93.8,Software Engineering,89.0,ecommerce|agile|crm|seo|web
OR,1,2,Data Science & Analytics,Design & Analysis of Algorithms,98.7,Java,98.2,Engineering Mathematics-III,94.9,Digital Logic & Design,90.3,Software Engineering,88.0,supply chain|simplex|scheduling|linear programming|queuing|inventory|optimization|scipy|forensics
DBM,3,3,Data Science & Analytics|Web Development|Cloud & Distributed Systems,Database Management Systems,98.8,Software Engineering,95.8,Full Stack Development,92.9,Cryptography & Network Security,88.1,Python,88.0,kpi|ecommerce|digital marketing|dashboard|agile|crm|react|seo|encryption
OR,1,1,Data Science & Analytics,Design & Analysis of Algorithms,87.4,Python,72.2,Computer Networks,71.8,Data Structures and Algorithms,69.2,C++,65.5,simplex|simulation|queuing|optimization|scipy
RE,2,2,Network & Wireless Systems|Cloud & Distributed Systems,C++,66.1,Data Structures and Algorithms,58.5,Artificial Intelligence,54.3,Software Engineering,53.6,Java,45.5,weibull|fault tree|statistics|quality|simulation|probability|reliability
CSL,2,2,Network & Wireless Systems|Web Development,Cryptography & Network Security,89.3,Operating Systems,86.3,Engineering Mathematics-IV,83.4,Computer Networks,81.3,Software Engineering,79.5,supply chain|authentication|security|cyber|firewall|encryption
DBM,2,1,Data Science & Analytics|Cloud & Distributed Systems,Automata Theory,70.5,Computer Networks,68.7,Software Engineering,68.3,Full Stack Development,65.4,Database Management Systems,62.1,ecommerce|digital marketing|dashboard|crm|react
DBM,3,4,Data Science & Analytics|Web Development|Cloud & Distributed Systems,Full Stack Development,47.3,Artificial Intelligence,45.6,Java,37.0,Automata Theory,36.1,Digital Logic & Design,33.4,kpi|ecommerce|digital marketing|dashboard|agile|crm|analytics|seo|web
EAM,2,0,Mobile & IoT Development|Network & Wireless Systems,Engineering Mathematics-III,87.4,Automata Theory,84.1,Digital Logic & Design,83.3,IoT,82.9,Computer Networks,82.2,
EAM,2,3,Mobile & IoT Development|Network & Wireless Systems,C++,53.4,Microcontroller & Embedded Systems,45.7,Engineering Mathematics-III,43.8,Full Stack Development,43.2,Operating Systems,40.7,audit|solar|monitoring|power|iot|security|efficiency|hvac|renewable|energy
OR,2,3,Data Science & Analytics|Artificial Intelligence & Machine Learning,Data Structures and Algorithms,79.0,C++,74.8,Engineering Mathematics-IV,72.1,Software Engineering,69.7,Engineering Mathematics-III,67.7,supply chain|simplex|linear programming|simulation|security|queuing|crm|inventory|optimization|scipy
RE,2,3,Network & Wireless Systems|Data Science & Analytics,C++,73.6,Software Engineering,69.73893833662648,Computer Networks,65.0,Design & Analysis of Algorithms,61.7,Cryptography & Network Security,59.6,weibull|fault tree|statistics|quality|simulation|testing|fmea|probability|risk|reliability
CSL,1,1,Network & Wireless Systems,Computer Networks,99.2,Engineering Mathematics-III,87.4,IoT,84.8,Java,81.8,Artificial Intelligence,79.1,authentication|phishing|network security
DBM,2,3,Data Science & Analytics|Web Development,Software Engineering,89.1,Data Structures and Algorithms,80.5,Computer Networks,79.3,Engineering Mathematics-IV,76.9,Full Stack Development,72.6,kpi|ecommerce|digital marketing|agile|crm|react|seo|web
OR,1,0,Data Science & Analytics,Database Management Systems,69.4,Engineering Mathematics-IV,63.1,Design & Analysis of Algorithms,56.5,Full Stack Development,56.3,Automata Theory,54.9,
RE,2,3,Network & Wireless Systems|Cloud & Distributed Systems,Engineering Mathematics-III,96.1,C++,74.2,Python,72.4,Software Engineering,71.7,Digital Logic & Design,70.8,weibull|monitoring|statistics|quality|simulation|testing|fmea|probability|risk|reliability
DBM,3,0,Web Development|Cloud & Distributed Systems|Mobile & IoT Development,Java,79.6,Engineering Mathematics-IV,76.7,Engineering Mathematics-III,76.3,Microcontroller & Embedded Systems,73.6,IoT,71.8,
CSL,2,1,Network & Wireless Systems|Web Development,Operating Systems,94.5,Cryptography & Network Security,86.8,Automata Theory,86.7,Java,82.5,Computer Networks,80.8,firewall|forensics|cyber
CSL,1,3,Network & Wireless Systems,Computer Networks,53.9,Cryptography & Network Security,45.3,Engineering Mathematics-IV,45.209973198607095,Python,43.6,Engineering Mathematics-III,42.918916891083654,vulnerability|react|authentication|phishing|security|cyber|renewable|firewall|network security|forensics
EAM,1,2,Mobile & IoT Development,Engineering Mathematics-IV,68.17532099347065,Python,62.7,IoT,54.3,Java,54.2,Design & Analysis of Algorithms,51.3,solar|power|sensor|efficiency|scipy
RE,1,2,Network & Wireless Systems,Cryptography & Network Security,80.7,Digital Logic & Design,72.9,Artificial Intelligence,72.8,Python,67.6,Software Engineering,65.4,fault tree|quality|probability|simulation|testing|fmea|react|risk
EAM,1,2,Mobile & IoT Development,Microcontroller & Embedded Systems,81.4,C++,76.9,Cryptography & Network Security,76.9,Database Management Systems,76.3,Data Structures and Algorithms,75.7,audit|solar|power|scheduling|sensor|efficiency|hvac
CSL,1,1,Network & Wireless Systems,Python,81.1,Computer Networks,75.2,Operating Systems,72.5,C++,71.1,Microcontroller & Embedded Systems,69.6,vulnerability|authentication|cyber|firewall|forensics|encryption
EAM,2,1,Mobile & IoT Development|Network & Wireless Systems,Microcontroller & Embedded Systems,66.0,Full Stack Development,58.8,Operating Systems,44.8,Cryptography & Network Security,40.4,Engineering Mathematics-III,37.2,monitoring|iot|efficiency|hvac|energy
EAM,3,3,Mobile & IoT Development|Network & Wireless Systems|Cloud & Distributed Systems,Data Structures and Algorithms,72.0,Java,65.6,Engineering Mathematics-III,59.7,Microcontroller & Embedded Systems,55.7,IoT,51.8,audit|solar|monitoring|power|sensor|efficiency|hvac|renewable|energy|encryption
CSL,1,4,Network & Wireless Systems,Cryptography & Network Security,75.9,C++,74.5,Data Structures and Algorithms,71.4,Java,62.5,IoT,57.0,vulnerability|supply chain|authentication|phishing|security|cyber|firewall|network security|risk|forensics
CSL,2,4,Network & Wireless Systems|Cloud & Distributed Systems,Software Engineering,75.9,Database Management Systems,72.4,Java,70.0,Engineering Mathematics-III,68.6,Automata Theory,63.2,power|authentication|phishing|security|cyber|network security|forensics
CSL,2,3,Network & Wireless Systems|Web Development,Computer Networks,79.4,Cryptography & Network Security,77.2,Java,65.7,Python,63.8,Microcontroller & Embedded Systems,62.8,vulnerability|fault tree|authentication|phishing|security|cyber|firewall|network security|forensics|encryption
EAM,1,2,Mobile & IoT Development,Engineering Mathematics-III,84.3,Microcontroller & Embedded Systems,83.4,Database Management Systems,81.1,Software Engineering,80.5,Python,78.7,audit|kpi|power|iot|efficiency|hvac
RE,1,4,Network & Wireless Systems,Microcontroller & Embedded Systems,56.3,Database Management Systems,52.6,Engineering Mathematics-III,46.5,IoT,46.5,Cryptography & Network Security,45.8,weibull|supply chain|fault tree|statistics|quality|simulation|fmea|testing|probability|risk
RE,2,1,Network & Wireless Systems|Cloud & Distributed Systems,Digital Logic & Design,68.8,Engineering Mathematics-III,61.8,Database Management Systems,53.8,Artificial Intelligence,53.6,Data Structures and Algorithms,52.1,quality|simulation
RE,2,3,Network & Wireless Systems|Cloud & Distributed Systems,Engineering Mathematics-IV,95.9,Engineering Mathematics-III,94.0,Microcontroller & Embedded Systems,93.3,Data Structures and Algorithms,92.6,Cryptography & Network Security,90.0,ecommerce|statistics|quality|simulation|fmea|testing|probability|risk|reliability
CSL,3,2,Network & Wireless Systems|Cloud & Distributed Systems|Web Development,Design & Analysis of Algorithms,100.0,Cryptography & Network Security,100.0,Computer Networks,98.9,Operating Systems,97.6,Engineering Mathematics-IV,96.6,vulnerability|monitoring|phishing|cyber|firewall|network security|forensics|encryption
RE,2,2,Network & Wireless Systems|Cloud & Distributed Systems,Digital Logic & Design,67.3,C++,66.3,Cryptography & Network Security,66.0,Software Engineering,64.9,Computer Networks,60.9,weibull|audit|statistics|quality|testing|probability|reliability
CSL,2,1,Network & Wireless Systems|Cloud & Distributed Systems,Data Structures and Algorithms,73.2,Design & Analysis of Algorithms,63.7,Artificial Intelligence,63.4,Digital Logic & Design,62.3,Microcontroller & Embedded Systems,60.6,vulnerability|simulation|phishing|cyber
OR,3,2,Data Science & Analytics|Artificial Intelligence & Machine Learning|Web Development,Engineering Mathematics-IV,100.0,Automata Theory,86.5,Data Structures and Algorithms,83.1,Java,83.0,Design & Analysis of Algorithms,74.4,simplex|simulation|queuing|inventory|optimization|scipy
OR,2,3,Data Science & Analytics|Artificial Intelligence & Machine Learning,Automata Theory,81.2,C++,74.9,Java,74.3,Engineering Mathematics-IV,70.9,Data Structures and Algorithms,68.5,supply chain|simplex|scheduling|simulation|linear programming|queuing|inventory|optimization|scipy
EAM,1,3,Mobile & IoT Development,Python,100.0,Engineering Mathematics-IV,93.9,Data Structures and Algorithms,90.5,IoT,90.0,Engineering Mathematics-III,89.7,audit|solar|monitoring|power|iot|sensor|linear programming|hvac|renewable|energy
EAM,1,0,Mobile & IoT Development,Data Structures and Algorithms,78.7,Database Management Systems,77.2,Microcontroller & Embedded Systems,74.8,Software Engineering,72.6,IoT,72.1,
OR,1,4,Data Science & Analytics,Automata Theory,91.9,Engineering Mathematics-IV,90.3,Data Structures and Algorithms,82.5,Artificial Intelligence,81.0,Engineering Mathematics-III,79.0,simplex|supply chain|scheduling|simulation|queuing|optimization|inventory
DBM,2,2,Web Development|Cloud & Distributed Systems,IoT,67.5,Full Stack Development,66.3,Java,63.9,Engineering Mathematics-IV,61.1,Database Management Systems,57.2,ecommerce|react|digital marketing|dashboard|agile|crm|analytics|probability|seo|web
EAM,1,0,Mobile & IoT Development,IoT,55.7,Digital Logic & Design,55.5,Full Stack Development,38.4,Software Engineering,32.1,Engineering Mathematics-III,30.5,
DBM,1,1,Web Development,Engineering Mathematics-III,91.3,Full Stack Development,90.1,Engineering Mathematics-IV,86.6,Java,86.0,Data Structures and Algorithms,83.5,web|agile|digital marketing
EAM,1,4,Mobile & IoT Development,Python,85.4,IoT,77.6,Operating Systems,75.4,Cryptography & Network Security,73.88389396183017,Data Structures and Algorithms,71.8,audit|solar|monitoring|power|iot|sensor|efficiency|hvac|renewable|react
OR,1,3,Data Science & Analytics,Design & Analysis of Algorithms,80.5,Engineering Mathematics-IV,78.2,IoT,76.0,Operating Systems,75.1,Digital Logic & Design,73.2,supply chain|scheduling|simulation|linear programming|inventory|optimization|scipy
RE,1,2,Network & Wireless Systems,Engineering Mathematics-IV,83.3,Computer Networks,81.0,Operating Systems,79.3,Software Engineering,78.5,C++,78.4,weibull|fault tree|statistics|quality|simulation|testing|risk|reliability
RE,2,4,Network & Wireless Systems|Data Science & Analytics,Python,53.1,Artificial Intelligence,48.9,Computer Networks,48.8,Database Management Systems,47.1,IoT,37.2,weibull|fault tree|statistics|quality|simulation|testing|fmea|probability|risk
DBM,2,1,Web Development|Data Science & Analytics,Engineering Mathematics-IV,58.334344277126284,Software Engineering,51.4,Engineering Mathematics-III,39.040492195899674,Data Structures and Algorithms,36.9,Database Management Systems,36.7,kpi|digital marketing|seo|web|encryption
CSL,1,4,Network & Wireless Systems,Computer Networks,81.0,Microcontroller & Embedded Systems,64.5,Cryptography & Network Security,58.1,Engineering Mathematics-IV,57.9,Python,57.4,authentication|phishing|security|cyber|inventory|network security|forensics|web|encryption
DBM,3,2,Data Science & Analytics|Cloud & Distributed Systems|Mobile & IoT Development,Artificial Intelligence,100.0,Full Stack Development,100.0,Database Management Systems,91.1,Python,86.4,Computer Networks,85.6,kpi|ecommerce|dashboard|agile|crm|react|seo|web
OR,1,2,Data Science & Analytics,Operating Systems,74.7,Engineering Mathematics-III,62.823097142379396,Python,60.9,Computer Networks,57.7,Design & Analysis of Algorithms,57.7,weibull|supply chain|scheduling|simulation|linear programming|inventory|optimization
RE,1,0,Network & Wireless Systems,Operating Systems,80.0,Engineering Mathematics-III,70.6,Artificial Intelligence,68.5,Java,67.1,C++,66.1,
OR,1,2,Data Science & Analytics,Engineering Mathematics-III,84.0,Engineering Mathematics-IV,82.7,Full Stack Development,78.5,Artificial Intelligence,72.3,Digital Logic & Design,70.8,simplex|supply chain|simulation|inventory|optimization
OR,1,1,Data Science & Analytics,Operating Systems,71.5,Engineering Mathematics-III,69.0,IoT,58.5,C++,54.8,Engineering Mathematics-IV,50.3,simplex|simulation|queuing|optimization|scipy
CSL,1,2,Network & Wireless Systems,Digital Logic & Design,59.5,Operating Systems,55.7,Artificial Intelligence,52.7,Engineering Mathematics-IV,51.0,Java,44.9,vulnerability|encryption|phishing|security|cyber|firewall|network security|reliability
CSL,1,2,Network & Wireless Systems,Cryptography & Network Security,94.9,Operating Systems,88.9,Computer Networks,81.8,IoT,81.1,Artificial Intelligence,79.7,vulnerability|authentication|phishing|cyber|efficiency|firewall|network security|forensics|encryption
RE,2,0,Network & Wireless Systems|Data Science & Analytics,Engineering Mathematics-IV,100.0,Engineering Mathematics-III,84.66558966333585,C++,74.2,Software Engineering,71.9,Automata Theory,69.6,
DBM,1,3,Data Science & Analytics,Design & Analysis of Algorithms,39.3,Engineering Mathematics-III,32.7,Software Engineering,27.0,Engineering Mathematics-IV,25.3,Database Management Systems,23.2,kpi|ecommerce|dashboard|agile|crm|analytics|react|seo|web
DBM,2,1,Web Development|Data Science & Analytics,Cryptography & Network Security,56.14982008911749,Full Stack Development,49.9,Python,48.0,Database Management Systems,43.8,Automata Theory,39.1,web|seo|agile
DBM,2,1,Web Development|Cloud & Distributed Systems,Operating Systems,72.6,Data Structures and Algorithms,66.8,Python,62.2,Full Stack Development,60.3,Software Engineering,60.1,web|ecommerce|digital marketing
DBM,2,2,Data Science & Analytics|Cloud & Distributed Systems,Java,90.3,Software Engineering,81.6,Digital Logic & Design,77.5,Artificial Intelligence,76.4,C++,73.8,ecommerce|digital marketing|crm|firewall|react|analytics|web
DBM,3,2,Data Science & Analytics|Web Development|Mobile & IoT Development,Artificial Intelligence,60.2,Software Engineering,48.7,Engineering Mathematics-III,43.1,Design & Analysis of Algorithms,43.0,Cryptography & Network Security,39.7,ecommerce|digital marketing|scheduling|agile|crm|react|seo
DBM,2,3,Web Development|Data Science & Analytics,Java,62.1,IoT,53.6,Artificial Intelligence,48.5,Full Stack Development,47.7,Software Engineering,45.6,kpi|digital marketing|dashboard|agile|crm|analytics|seo|web
OR,1,2,Data Science & Analytics,Python,71.6,C++,58.9,Database Management Systems,58.4,Engineering Mathematics-IV,57.2,Cryptography & Network Security,56.2,supply chain|solar|scheduling|linear programming|queuing|optimization|inventory|scipy
EAM,1,4,Mobile & IoT Development,Automata Theory,73.1,Operating Systems,71.1,Engineering Mathematics-IV,69.77373440464709,Engineering Mathematics-III,68.62503549908116,Microcontroller & Embedded Systems,66.2,audit|power|sensor|iot|efficiency|hvac|renewable|energy
CSL,1,1,Network & Wireless Systems,Digital Logic & Design,78.7,Data Structures and Algorithms,74.5,Cryptography & Network Security,73.3,Database Management Systems,71.7,Automata Theory,70.0,vulnerability|forensics|phishing|encryption
OR,2,4,Data Science & Analytics|Artificial Intelligence & Machine Learning,IoT,63.891900323605306,Artificial Intelligence,62.6,Engineering Mathematics-III,61.8,Design & Analysis of Algorithms,61.4,Cryptography & Network Security,58.4,simplex|supply chain|scheduling|simulation|linear programming|cyber|testing|queuing|inventory|scipy
DBM,2,2,Web Development|Data Science & Analytics,IoT,88.7,Full Stack Development,77.3,Cryptography & Network Security,71.0,C++,64.9,Artificial Intelligence,56.5,ecommerce|digital marketing|dashboard|agile|crm|analytics|react|seo|forensics|web
CSL,3,2,Network & Wireless Systems|Cloud & Distributed Systems|Web Development,Computer Networks,72.0,Database Management Systems,69.1,Operating Systems,64.2,C++,50.9,Design & Analysis of Algorithms,45.6,vulnerability|authentication|phishing|cyber|firewall|forensics|encryption
OR,2,2,Data Science & Analytics|Artificial Intelligence & Machine Learning,Data Structures and Algorithms,93.2,Engineering Mathematics-IV,91.3,C++,84.2,Design & Analysis of Algorithms,79.6,Database Management Systems,74.3,simplex|scheduling|queuing|optimization|scipy
OR,2,1,Data Science & Analytics|Web Development,Data Structures and Algorithms,64.8,Design & Analysis of Algorithms,63.5,Engineering Mathematics-III,61.6,Artificial Intelligence,59.0,Engineering Mathematics-IV,53.9,simplex|scheduling|simulation|inventory|optimization
EAM,2,4,Mobile & IoT Development|Network & Wireless Systems,Automata Theory,100.0,Cryptography & Network Security,100.0,Java,91.1,Software Engineering,90.4,Data Structures and Algorithms,89.1,audit|solar|power|iot|sensor|efficiency|hvac|renewable|energy
EAM,2,2,Mobile & IoT Development|Network & Wireless Systems,IoT,97.0,Database Management Systems,85.6,Cryptography & Network Security,83.2,Microcontroller & Embedded Systems,81.4,C++,80.9,audit|solar|power|iot|sensor|hvac
DBM,1,2,Data Science & Analytics,Software Engineering,40.4,Database Management Systems,39.1,Artificial Intelligence,38.0,IoT,37.4,Cryptography & Network Security,36.7,ecommerce|digital marketing|agile|react|seo
RE,1,2,Network & Wireless Systems,Engineering Mathematics-III,73.4,Data Structures and Algorithms,72.1,Operating Systems,70.6,Digital Logic & Design,67.3,Artificial Intelligence,67.1,fault tree|quality|simulation|testing|fmea|reliability
OR,1,2,Data Science & Analytics,Engineering Mathematics-III,87.3,Data Structures and Algorithms,76.8,Design & Analysis of Algorithms,76.0,Artificial Intelligence,71.9,Full Stack Development,70.7,simplex|supply chain|linear programming|simulation|queuing|inventory|scipy
OR,2,0,Data Science & Analytics|Artificial Intelligence & Machine Learning,C++,60.8,Java,60.7,Design & Analysis of Algorithms,60.1,Computer Networks,54.8,Python,52.0,
RE,1,0,Network & Wireless Systems,Software Engineering,63.1,Database Management Systems,58.2,Java,55.3,Operating Systems,54.3,Digital Logic & Design,51.2,
OR,1,1,Data Science & Analytics,Cryptography & Network Security,71.1,Engineering Mathematics-IV,70.9,Artificial Intelligence,69.1,Digital Logic & Design,68.8,Full Stack Development,64.9,supply chain|scheduling|linear programming|simulation|queuing|optimization
EAM,1,2,Mobile & IoT Development,Automata Theory,65.2,Engineering Mathematics-III,61.6,Microcontroller & Embedded Systems,60.2,IoT,59.4,C++,52.9,audit|energy|efficiency|power
CSL,1,0,Network & Wireless Systems,Computer Networks,55.3,IoT,52.5,C++,49.5,Microcontroller & Embedded Systems,48.4,Engineering Mathematics-IV,47.2,
EAM,1,0,Mobile & IoT Development,Operating Systems,95.2,Computer Networks,91.9,Engineering Mathematics-III,83.0,Software Engineering,77.8,IoT,74.0,
RE,1,4,Network & Wireless Systems,Computer Networks,53.4,Design & Analysis of Algorithms,51.0,Automata Theory,47.4,Database Management Systems,44.0,Engineering Mathematics-III,43.1,weibull|fault tree|statistics|quality|simulation|testing|probability|risk|energy|reliability
CSL,2,2,Network & Wireless Systems|Cloud & Distributed Systems,Full Stack Development,74.3,Java,71.9,Database Management Systems,70.4,IoT,64.8,Operating Systems,61.6,vulnerability|authentication|phishing|cyber|firewall|forensics|encryption
EAM,2,0,Mobile & IoT Development|Network & Wireless Systems,Microcontroller & Embedded Systems,76.0,Digital Logic & Design,74.6,Design & Analysis of Algorithms,71.2,Data Structures and Algorithms,70.1,Software Engineering,67.1,
EAM,2,1,Mobile & IoT Development|Network & Wireless Systems,Engineering Mathematics-III,71.2,Data Structures and Algorithms,65.0,Operating Systems,60.2,Microcontroller & Embedded Systems,58.4,Automata Theory,55.3,monitoring|power|efficiency|hvac|renewable|energy
RE,1,2,Network & Wireless Systems,Software Engineering,68.5,C++,61.0,Engineering Mathematics-IV,59.7,Digital Logic & Design,52.8,IoT,49.4,weibull|fault tree|statistics|quality|simulation|probability|risk|reliability
RE,2,0,Network & Wireless Systems|Data Science & Analytics,Automata Theory,85.3,Engineering Mathematics-IV,78.0,Operating Systems,73.8,Engineering Mathematics-III,68.8,IoT,67.3,
EAM,2,2,Mobile & IoT Development|Network & Wireless Systems,Data Structures and Algorithms,97.6,Software Engineering,97.0,Artificial Intelligence,93.4,Cryptography & Network Security,90.8,IoT,89.6,audit|solar|ecommerce|monitoring|sensor|efficiency|renewable
DBM,3,0,Data Science & Analytics|Web Development|Cloud & Distributed Systems,Engineering Mathematics-IV,73.78633064849373,IoT,67.8,Design & Analysis of Algorithms,55.8,Database Management Systems,53.8,Python,52.7,
OR,1,3,Data Science & Analytics,Software Engineering,55.7,Python,49.6,Java,42.1,Cryptography & Network Security,41.7,C++,40.4,network security|supply chain|simplex|simulation|linear programming|inventory|optimization
RE,2,3,Network & Wireless Systems|Cloud & Distributed Systems,Engineering Mathematics-III,71.3,Database Management Systems,50.9,Python,50.3,Cryptography & Network Security,50.0,Operating Systems,43.7,weibull|fault tree|statistics|quality|simulation|scipy|fmea|risk|encryption
OR,1,2,Data Science & Analytics,Engineering Mathematics-III,88.47676484036798,Data Structures and Algorithms,78.5,Engineering Mathematics-IV,76.70672792136875,Automata Theory,74.0,Microcontroller & Embedded Systems,73.5,supply chain|simplex|monitoring|simulation|hvac|queuing|inventory|optimization|scipy
DBM,1,2,Web Development,C++,90.9,Cryptography & Network Security,84.30179845998882,Automata Theory,84.2,IoT,82.1,Operating Systems,80.1,kpi|ecommerce|digital marketing|analytics|web
DBM,3,2,Data Science & Analytics|Web Development|Cloud & Distributed Systems,Engineering Mathematics-IV,100.0,Engineering Mathematics-III,91.65829959946355,Database Management Systems,89.9,Artificial Intelligence,85.4,Automata Theory,84.4,ecommerce|dashboard|agile|analytics|react
OR,2,0,Data Science & Analytics|Web Development,Engineering Mathematics-III,95.8,C++,95.7,Digital Logic & Design,92.4,Python,92.3,Database Management Systems,91.1,
CSL,2,1,Network & Wireless Systems|Cloud & Distributed Systems,Computer Networks,100.0,Cryptography & Network Security,100.0,Full Stack Development,98.0,Database Management Systems,93.4,Design & Analysis of Algorithms,89.8,vulnerability|security|cyber
DBM,1,3,Data Science & Analytics,Design & Analysis of Algorithms,75.5,C++,73.0,Operating Systems,69.5,Engineering Mathematics-III,66.4,Computer Networks,65.7,kpi|ecommerce|digital marketing|agile|crm|analytics|react|inventory|seo
RE,2,2,Network & Wireless Systems|Data Science & Analytics,C++,91.0,Engineering Mathematics-III,80.4,Computer Networks,80.2,Artificial Intelligence,78.9,Digital Logic & Design,78.4,weibull|encryption|statistics|quality|simulation|probability|risk|reliability
DBM,2,3,Data Science & Analytics|Web Development,Computer Networks,100.0,Software Engineering,100.0,Artificial Intelligence,100.0,Automata Theory,99.2,Full Stack Development,97.9,kpi|ecommerce|digital marketing|dashboard|agile|crm|analytics|react|web
RE,3,1,Network & Wireless Systems|Cloud & Distributed Systems|Data Science & Analytics,Engineering Mathematics-IV,73.8,Database Management Systems,71.4,Data Structures and Algorithms,70.5,Java,67.0,Digital Logic & Design,64.5,fault tree|fmea|testing|risk|reliability
EAM,1,2,Mobile & IoT Development,Digital Logic & Design,79.0,Engineering Mathematics-IV,74.1,Database Management Systems,70.6,Computer Networks,70.2,Cryptography & Network Security,69.6,audit|solar|monitoring|sensor|iot|authentication|efficiency|hvac|renewable
EAM,2,2,Mobile & IoT Development|Network & Wireless Systems,Engineering Mathematics-IV,89.6,Artificial Intelligence,68.6,Automata Theory,67.6,Java,66.4,Full Stack Development,60.6,audit|solar|power|sensor|iot|phishing|hvac|energy
EAM,1,3,Mobile & IoT Development,Cryptography & Network Security,71.9,Engineering Mathematics-IV,64.8,Design & Analysis of Algorithms,61.9,Data Structures and Algorithms,60.7,Python,57.9,audit|solar|monitoring|sensor|iot|efficiency|hvac|energy
RE,1,4,Network & Wireless Systems,Artificial Intelligence,100.0,Engineering Mathematics-III,97.3,Microcontroller & Embedded Systems,92.1,IoT,89.8,Operating Systems,89.1,weibull|network security|supply chain|fault tree|statistics|quality|simulation|testing|fmea|firewall
DBM,1,0,Data Science & Analytics,Software Engineering,97.0,Database Management Systems,92.0,Artificial Intelligence,86.4,Engineering Mathematics-IV,86.1,Cryptography & Network Security,85.1,
OR,1,2,Data Science & Analytics,Engineering Mathematics-IV,85.3,Microcontroller & Embedded Systems,76.7,Operating Systems,73.4,Full Stack Development,73.4,Artificial Intelligence,73.0,simplex|supply chain|scheduling|simulation|linear programming|queuing|optimization|inventory
CSL,2,1,Network & Wireless Systems|Web Development,Cryptography & Network Security,63.6,Computer Networks,63.4,Engineering Mathematics-III,59.7,Data Structures and Algorithms,58.1,Java,50.7,vulnerability|supply chain|phishing|security|network security
RE,2,3,Network & Wireless Systems|Data Science & Analytics,Database Management Systems,93.0,Engineering Mathematics-III,89.66400421126886,Design & Analysis of Algorithms,84.1,Engineering Mathematics-IV,82.89671958444313,Artificial Intelligence,82.3,weibull|fault tree|statistics|quality|simulation|testing|probability|seo|risk|reliability
CSL,1,1,Network & Wireless Systems,Computer Networks,59.1,Engineering Mathematics-III,58.2,Full Stack Development,51.8,Java,46.7,Microcontroller & Embedded Systems,43.0,security|firewall
OR,3,3,Data Science & Analytics|Artificial Intelligence & Machine Learning|Web Development,Cryptography & Network Security,47.4,IoT,39.8,Engineering Mathematics-III,37.1,Software Engineering,30.51973908106863,C++,26.2,supply chain|risk|simplex|linear programming|simulation|queuing|inventory|optimization|scipy|web
EAM,1,2,Mobile & IoT Development,IoT,66.2,Microcontroller & Embedded Systems,61.8,Operating Systems,54.6,Cryptography & Network Security,54.0,Engineering Mathematics-III,52.2,monitoring|power|sensor|iot|efficiency|hvac|renewable|energy
CSL,3,3,Network & Wireless Systems|Cloud & Distributed Systems|Web Development,Computer Networks,65.3,Java,53.9,Automata Theory,50.4,Cryptography & Network Security,49.9,Engineering Mathematics-III,48.0,vulnerability|weibull|phishing|security|cyber|efficiency|firewall|network security|forensics|encryption
DBM,3,0,Data Science & Analytics|Web Development|Mobile & IoT Development,Software Engineering,90.5,Database Management Systems,84.6,Python,81.5,Data Structures and Algorithms,80.5,IoT,80.4,
RE,2,0,Network & Wireless Systems|Cloud & Distributed Systems,C++,76.6,Database Management Systems,76.1,Microcontroller & Embedded Systems,74.8,Artificial Intelligence,71.2,Cryptography & Network Security,68.5,
CSL,1,2,Network & Wireless Systems,Computer Networks,59.4,Engineering Mathematics-IV,59.1,C++,50.6,Python,50.4,Cryptography & Network Security,47.4,authentication|security|cyber|firewall|forensics|encryption|reliability
EAM,3,2,Mobile & IoT Development|Network & Wireless Systems|Cloud & Distributed Systems,Microcontroller & Embedded Systems,81.1,IoT,72.5,Engineering Mathematics-III,68.4,Engineering Mathematics-IV,58.6,Operating Systems,55.3,audit|solar|fault tree|monitoring|power|sensor|efficiency|renewable|probability|energy
CSL,2,1,Network & Wireless Systems|Cloud & Distributed Systems,Design & Analysis of Algorithms,76.0,Microcontroller & Embedded Systems,71.5,Digital Logic & Design,70.7,Operating Systems,69.2,Software Engineering,66.2,authentication|network security
DBM,3,4,Web Development|Data Science & Analytics|Cloud & Distributed Systems,Cryptography & Network Security,43.1,Software Engineering,41.3,Python,23.2,Operating Systems,13.9,Engineering Mathematics-IV,12.9,kpi|digital marketing|dashboard|agile|crm|analytics|react|web
RE,2,2,Network & Wireless Systems|Cloud & Distributed Systems,Operating Systems,67.5,Computer Networks,65.2,Engineering Mathematics-III,60.1,Software Engineering,55.5,Full Stack Development,48.8,weibull|fault tree|simulation|fmea|testing|risk|reliability
OR,2,0,Data Science & Analytics|Web Development,Engineering Mathematics-IV,98.7,Software Engineering,88.7,Engineering Mathematics-III,83.5,Full Stack Development,81.8,Operating Systems,77.4,
CSL,1,3,Network & Wireless Systems,Operating Systems,55.6,Artificial Intelligence,46.3,Computer Networks,36.1,Microcontroller & Embedded Systems,34.4,Automata Theory,29.9,vulnerability|authentication|phishing|cyber|firewall|forensics|encryption
CSL,1,0,Network & Wireless Systems,Engineering Mathematics-III,60.7,Design & Analysis of Algorithms,57.1,Computer Networks,56.1,Cryptography & Network Security,52.4,Data Structures and Algorithms,51.9,
OR,2,3,Data Science & Analytics|Artificial Intelligence & Machine Learning,Artificial Intelligence,62.3,Cryptography & Network Security,60.3,C++,59.4,Engineering Mathematics-III,58.7,Database Management Systems,57.6,supply chain|scheduling|simulation|queuing|optimization|scipy|energy
OR,1,3,Data Science & Analytics,Design & Analysis of Algorithms,93.4,Automata Theory,85.6,Computer Networks,85.4,Engineering Mathematics-III,80.8,Operating Systems,80.3,simplex|supply chain|scheduling|linear programming|scipy|simulation|queuing|inventory|risk
CSL,2,1,Network & Wireless Systems|Cloud & Distributed Systems,Java,100.0,Design & Analysis of Algorithms,100.0,Engineering Mathematics-IV,95.93434768020563,Cryptography & Network Security,94.7,Operating Systems,93.0,phishing|cyber|network security|forensics|encryption
RE,1,2,Network & Wireless Systems,Engineering Mathematics-III,79.7,Data Structures and Algorithms,69.6,Design & Analysis of Algorithms,67.3,Automata Theory,65.0,Cryptography & Network Security,64.55723549651852,weibull|power|statistics|simulation|testing|fmea|probability|reliability
CSL,1,2,Network & Wireless Systems,Digital Logic & Design,79.8,Cryptography & Network Security,73.8,Database Management Systems,71.8,Engineering Mathematics-III,66.22616756545872,Microcontroller & Embedded Systems,60.9,vulnerability|phishing|security|cyber|forensics
DBM,4,1,Data Science & Analytics|Web Development|Cloud & Distributed Systems|Mobile & IoT Development,Engineering Mathematics-III,83.8,C++,78.7,Engineering Mathematics-IV,76.6,Database Management Systems,73.8,IoT,69.3,kpi|digital marketing|hvac|crm|react|seo|web
EAM,2,1,Mobile & IoT Development|Network & Wireless Systems,Java,78.0,Cryptography & Network Security,77.2,Engineering Mathematics-III,71.8,Engineering Mathematics-IV,69.9,IoT,67.6,audit|solar|monitoring|iot|sensor|hvac
CSL,2,2,Network & Wireless Systems|Cloud & Distributed Systems,Full Stack Development,76.8,Artificial Intelligence,68.9,IoT,68.5,Engineering Mathematics-IV,64.4,Java,59.1,vulnerability|authentication|phishing|security|cyber|renewable|firewall|network security|forensics
EAM,1,2,Mobile & IoT Development,Digital Logic & Design,75.2,Database Management Systems,69.9,Cryptography & Network Security,68.10964701413981,Automata Theory,65.4,Data Structures and Algorithms,64.1,power|sensor|hvac|renewable|energy
EAM,2,3,Mobile & IoT Development|Cloud & Distributed Systems,Microcontroller & Embedded Systems,58.3,C++,52.2,Database Management Systems,51.51444121363563,Design & Analysis of Algorithms,42.0,Engineering Mathematics-IV,41.2,solar|monitoring|iot|efficiency|hvac|fmea|energy
EAM,2,0,Mobile & IoT Development|Cloud & Distributed Systems,Engineering Mathematics-III,75.5,Java,66.3,Operating Systems,53.4,Python,50.3,Microcontroller & Embedded Systems,49.0,
DBM,2,3,Web Development|Data Science & Analytics,Full Stack Development,75.5,Engineering Mathematics-III,73.9,Python,57.9,Java,56.3,Database Management Systems,56.1,weibull|kpi|ecommerce|digital marketing|dashboard|agile|crm|analytics|react|seo
EAM,1,4,Mobile & IoT Development,Microcontroller & Embedded Systems,91.5,Operating Systems,84.1,Software Engineering,83.4,Automata Theory,72.0,IoT,69.6,audit|solar|monitoring|iot|sensor|efficiency|hvac|renewable|fmea|energy
OR,2,1,Data Science & Analytics|Artificial Intelligence & Machine Learning,Design & Analysis of Algorithms,80.6,Computer Networks,78.5,Engineering Mathematics-III,77.9,IoT,73.5,Data Structures and Algorithms,70.2,simplex|supply chain|inventory|optimization
OR,2,2,Data Science & Analytics|Artificial Intelligence & Machine Learning,Python,96.1,Design & Analysis of Algorithms,85.6,Full Stack Development,84.4,Artificial Intelligence,81.3,Java,79.3,simplex|supply chain|scheduling|linear programming|simulation|optimization|inventory|scipy
DBM,3,4,Web Development|Cloud & Distributed Systems|Mobile & IoT Development,Full Stack Development,89.4,Software Engineering,78.8,Java,67.8,Automata Theory,62.8,Database Management Systems,60.3,kpi|ecommerce|digital marketing|scheduling|dashboard|crm|analytics|react|seo|web
EAM,2,0,Mobile & IoT Development|Cloud & Distributed Systems,Engineering Mathematics-III,100.0,Microcontroller & Embedded Systems,92.5,Software Engineering,86.6,IoT,83.0,Full Stack Development,77.6,
DBM,3,1,Web Development|Data Science & Analytics|Cloud & Distributed Systems,Engineering Mathematics-IV,100.0,Database Management Systems,100.0,Software Engineering,100.0,Python,100.0,C++,100.0,sensor|dashboard|kpi|react
DBM,2,3,Data Science & Analytics|Web Development,Software Engineering,66.0,Database Management Systems,65.0,Automata Theory,49.5,Engineering Mathematics-III,48.3,Data Structures and Algorithms,48.0,ecommerce|digital marketing|dashboard|crm|analytics|react|seo
EAM,2,0,Mobile & IoT Development|Network & Wireless Systems,Engineering Mathematics-III,88.23838676455904,Microcontroller & Embedded Systems,75.5,C++,72.1,Engineering Mathematics-IV,71.97630435763662,Design & Analysis of Algorithms,71.6,
DBM,2,3,Web Development|Data Science & Analytics,Full Stack Development,62.7,Java,61.1,C++,59.7,Automata Theory,54.9,Operating Systems,53.9,network security|kpi|ecommerce|dashboard|agile|crm|analytics|react|web
DBM,1,2,Data Science & Analytics,IoT,68.4,Engineering Mathematics-IV,62.68214779316921,Database Management Systems,60.6,Automata Theory,57.4,Full Stack Development,57.1,kpi|ecommerce|dashboard|agile|cyber|crm|analytics|react|seo|web
EAM,1,1,Mobile & IoT Development,Operating Systems,48.5,Design & Analysis of Algorithms,48.0,Engineering Mathematics-IV,44.68899725613524,Engineering Mathematics-III,44.121113419952515,Computer Networks,41.6,sensor|power|efficiency|hvac
OR,2,3,Data Science & Analytics|Artificial Intelligence & Machine Learning,Engineering Mathematics-IV,62.96508473631892,Operating Systems,56.4,Engineering Mathematics-III,55.449552055115035,Database Management Systems,53.9,Cryptography & Network Security,52.7,simplex|supply chain|scheduling|authentication|simulation|cyber|optimization|inventory
OR,3,3,Data Science & Analytics|Artificial Intelligence & Machine Learning|Web Development,Engineering Mathematics-III,76.3,Engineering Mathematics-IV,75.3,Operating Systems,75.3,Full Stack Development,68.1,Digital Logic & Design,67.6,network security|simplex|scheduling|quality|linear programming|simulation|inventory|optimization|scipy
RE,1,2,Network & Wireless Systems,IoT,60.3,Software Engineering,59.3,Engineering Mathematics-IV,57.6,Computer Networks,57.2,Cryptography & Network Security,55.4,fault tree|quality|simulation|testing|fmea|risk
CSL,3,2,Network & Wireless Systems|Cloud & Distributed Systems|Web Development,Software Engineering,75.03100953459051,Microcontroller & Embedded Systems,69.5,Full Stack Development,62.3,Operating Systems,61.5,Database Management Systems,59.67918632584977,vulnerability|authentication|phishing|security|cyber|forensics|encryption
RE,1,3,Network & Wireless Systems,Computer Networks,38.0,Engineering Mathematics-III,32.2,Data Structures and Algorithms,30.7,Software Engineering,21.0,Digital Logic & Design,20.9,weibull|fault tree|testing|risk|reliability
RE,1,1,Network & Wireless Systems,Engineering Mathematics-IV,75.5,Operating Systems,73.0,Full Stack Development,72.1,Python,69.4,Computer Networks,69.0,testing|simulation|energy
DBM,2,2,Web Development|Data Science & Analytics,Software Engineering,99.7,Python,95.7,Database Management Systems,91.1,Java,89.3,Engineering Mathematics-IV,86.2,seo|dashboard|crm|digital marketing
EAM,2,3,Mobile & IoT Development|Network & Wireless Systems,Engineering Mathematics-III,100.0,Engineering Mathematics-IV,100.0,C++,91.5,IoT,84.1,Database Management Systems,76.7,audit|solar|power|sensor|iot|renewable|energy
CSL,1,2,Network & Wireless Systems,Operating Systems,75.1,C++,59.5,Software Engineering,59.499752299251874,Database Management Systems,54.800581916411446,Java,50.5,vulnerability|authentication|phishing|security|firewall|forensics|encryption
DBM,1,2,Data Science & Analytics,Software Engineering,65.1,IoT,64.5,Artificial Intelligence,54.0,Java,52.2,Engineering Mathematics-III,50.8,simplex|kpi|ecommerce|digital marketing|dashboard|analytics
RE,1,2,Network & Wireless Systems,Computer Networks,72.1,Automata Theory,68.7,Artificial Intelligence,68.2,Design & Analysis of Algorithms,67.8,Software Engineering,67.6,simulation|testing|probability|risk|reliability
CSL,3,1,Network & Wireless Systems|Cloud & Distributed Systems|Web Development,Operating Systems,100.0,Automata Theory,100.0,Cryptography & Network Security,100.0,Database Management Systems,98.2,Artificial Intelligence,97.7,vulnerability|phishing|security|network security|seo|forensics|encryption
OR,1,3,Data Science & Analytics,Operating Systems,73.5,Engineering Mathematics-IV,71.8,Cryptography & Network Security,71.79680631597265,Design & Analysis of Algorithms,70.0,Digital Logic & Design,68.1,simplex|supply chain|scheduling|simulation|linear programming|queuing|optimization|inventory
EAM,2,2,Mobile & IoT Development|Network & Wireless Systems,Cryptography & Network Security,50.034874960654676,Operating Systems,35.4,Full Stack Development,34.0,Microcontroller & Embedded Systems,33.1,Digital Logic & Design,29.9,audit|solar|power|iot|sensor|energy
DBM,1,3,Web Development,Design & Analysis of Algorithms,93.4,Operating Systems,87.7,Microcontroller & Embedded Systems,70.7,Cryptography & Network Security,69.3,Computer Networks,69.0,supply chain|kpi|digital marketing|authentication|crm|analytics|react|seo|web
EAM,1,2,Mobile & IoT Development,Computer Networks,81.2,Data Structures and Algorithms,76.1,Operating Systems,72.1,IoT,71.0,Microcontroller & Embedded Systems,70.6,audit|solar|monitoring|power|scheduling|sensor|efficiency|renewable|energy
OR,2,2,Data Science & Analytics|Artificial Intelligence & Machine Learning,Engineering Mathematics-III,81.9,Python,58.9,Engineering Mathematics-IV,57.8,Design & Analysis of Algorithms,53.5,Artificial Intelligence,52.5,supply chain|authentication|linear programming|simulation|queuing|inventory|optimization|scipy
OR,2,2,Data Science & Analytics|Web Development,Engineering Mathematics-III,64.7,Operating Systems,59.3,Computer Networks,52.7,Automata Theory,51.1,Java,50.5,supply chain|simplex|monitoring|scheduling|simulation|linear programming|queuing|inventory
RE,1,0,Network & Wireless Systems,Engineering Mathematics-IV,69.0,Data Structures and Algorithms,65.9,Microcontroller & Embedded Systems,61.8,Engineering Mathematics-III,61.0,Artificial Intelligence,60.7,
OR,2,0,Data Science & Analytics|Artificial Intelligence & Machine Learning,C++,59.5,Operating Systems,55.2,Engineering Mathematics-III,52.9,Digital Logic & Design,52.3,Python,51.9,
OR,1,3,Data Science & Analytics,Engineering Mathematics-IV,67.2,Java,61.3,Artificial Intelligence,50.4,Microcontroller & Embedded Systems,45.2,C++,42.2,supply chain|simplex|scheduling|simulation|linear programming|scipy|queuing|optimization|risk
EAM,1,2,Mobile & IoT Development,Engineering Mathematics-III,71.9,Java,69.6,Design & Analysis of Algorithms,62.6,IoT,62.3,Digital Logic & Design,62.2,audit|monitoring|sensor|iot|hvac|renewable|energy
RE,2,3,Network & Wireless Systems|Cloud & Distributed Systems,Software Engineering,48.9,Digital Logic & Design,46.7,Python,44.0,Engineering Mathematics-IV,43.9,Java,43.7,weibull|fault tree|encryption|quality|simulation|fmea|testing|probability|risk|reliability
OR,1,2,Data Science & Analytics,Design & Analysis of Algorithms,95.9,Operating Systems,93.7,Engineering Mathematics-IV,90.0,C++,88.9,Microcontroller & Embedded Systems,84.8,simplex|supply chain|scheduling|simulation|linear programming|queuing
EAM,2,3,Mobile & IoT Development|Network & Wireless Systems,Microcontroller & Embedded Systems,45.0,Operating Systems,43.1,IoT,40.8,Design & Analysis of Algorithms,39.4,Database Management Systems,35.4,audit|simplex|solar|monitoring|power|sensor|renewable|energy
EAM,1,0,Mobile & IoT Development,IoT,38.3,Microcontroller & Embedded Systems,38.0,Engineering Mathematics-III,25.3,Java,24.9,Engineering Mathematics-IV,23.9,
EAM,1,3,Mobile & IoT Development,Engineering Mathematics-IV,77.2,Digital Logic & Design,76.0,Design & Analysis of Algorithms,72.5,Microcontroller & Embedded Systems,69.2,Artificial Intelligence,68.3,solar|monitoring|power|sensor|dashboard|iot|efficiency|hvac|renewable|energy
CSL,1,4,Network & Wireless Systems,Operating Systems,50.0,Full Stack Development,44.9,Engineering Mathematics-III,39.6,Design & Analysis of Algorithms,39.6,Computer Networks,38.4,authentication|cyber|hvac|efficiency|firewall|network security|forensics|encryption
RE,1,1,Network & Wireless Systems,Artificial Intelligence,64.6,Cryptography & Network Security,63.6,Operating Systems,63.0,Design & Analysis of Algorithms,60.2,C++,58.3,weibull|fault tree|statistics|simulation|testing|reliability
DBM,2,1,Web Development|Data Science & Analytics,IoT,68.7,Cryptography & Network Security,67.2,Computer Networks,66.1,Artificial Intelligence,64.5,Digital Logic & Design,59.6,web|analytics|agile
RE,2,4,Network & Wireless Systems|Cloud & Distributed Systems,Engineering Mathematics-III,100.0,Engineering Mathematics-IV,100.0,Digital Logic & Design,100.0,Software Engineering,100.0,Automata Theory,100.0,weibull|solar|fault tree|encryption|statistics|simulation|fmea|testing|probability|risk
DBM,1,2,Web Development,C++,83.6,Python,83.5,Software Engineering,81.5,Microcontroller & Embedded Systems,79.5,Automata Theory,79.5,simplex|supply chain|kpi|digital marketing|dashboard|crm|analytics|react|seo|web
EAM,2,3,Mobile & IoT Development|Network & Wireless Systems,Design & Analysis of Algorithms,78.6,Microcontroller & Embedded Systems,68.3,Database Management Systems,58.6,Data Structures and Algorithms,58.2,Python,56.1,audit|solar|monitoring|power|iot|hvac|renewable|optimization|energy
RE,1,3,Network & Wireless Systems,Engineering Mathematics-III,64.6,Artificial Intelligence,60.7,Data Structures and Algorithms,51.4,Design & Analysis of Algorithms,48.0,Microcontroller & Embedded Systems,46.9,weibull|fault tree|statistics|quality|simulation|fmea|testing|firewall|probability|risk
OR,2,3,Data Science & Analytics|Artificial Intelligence & Machine Learning,Engineering Mathematics-III,100.0,C++,97.0,Engineering Mathematics-IV,91.1,Digital Logic & Design,88.6,Software Engineering,87.2,supply chain|risk|scheduling|simulation|linear programming|inventory|optimization|scipy
DBM,2,4,Data Science & Analytics|Web Development,Software Engineering,91.8,Cryptography & Network Security,86.65505843429266,Computer Networks,86.17736883648293,Java,85.6,Automata Theory,78.2,ecommerce|digital marketing|dashboard|agile|crm|analytics|react|optimization|seo|web
CSL,2,0,Network & Wireless Systems|Cloud & Distributed Systems,Design & Analysis of Algorithms,73.1,Engineering Mathematics-III,68.3,Data Structures and Algorithms,67.0,Automata Theory,65.5,Artificial Intelligence,65.5,
DBM,1,2,Data Science & Analytics,Automata Theory,68.0,Python,66.9,Design & Analysis of Algorithms,61.9,Software Engineering,60.8,Artificial Intelligence,54.4,ecommerce|dashboard|agile|testing|crm|analytics|react|seo
RE,1,1,Network & Wireless Systems,Data Structures and Algorithms,57.2,Java,55.7,Microcontroller & Embedded Systems,40.7,Automata Theory,38.9,IoT,38.7,fault tree|statistics|quality|simulation|forensics|reliability
EAM,1,1,Mobile & IoT Development,Digital Logic & Design,100.0,Operating Systems,99.7,Data Structures and Algorithms,97.1,Design & Analysis of Algorithms,93.1,Automata Theory,91.6,renewable|risk|efficiency|hvac
DBM,1,1,Web Development,C++,77.0,Java,70.5,Cryptography & Network Security,70.3,Computer Networks,69.3,Engineering Mathematics-III,65.5,dashboard|kpi|ecommerce|analytics
RE,2,3,Network & Wireless Systems|Data Science & Analytics,Cryptography & Network Security,68.6,Digital Logic & Design,56.9,Engineering Mathematics-IV,55.5,Engineering Mathematics-III,52.4,Computer Networks,52.0,fault tree|statistics|quality|cyber|fmea|testing|probability|reliability
CSL,1,1,Network & Wireless Systems,Database Management Systems,49.65900076991342,Operating Systems,34.3,C++,30.0,Artificial Intelligence,24.4,Data Structures and Algorithms,24.0,phishing|security
DBM,2,0,Data Science & Analytics|Cloud & Distributed Systems,Operating Systems,55.4,Engineering Mathematics-IV,53.2,Digital Logic & Design,52.8,Software Engineering,50.4,Database Management Systems,47.3,
CSL,1,2,Network & Wireless Systems,Cryptography & Network Security,66.2,Python,62.0,Computer Networks,61.7,Data Structures and Algorithms,60.5,Engineering Mathematics-IV,59.5,vulnerability|security|cyber|firewall|forensics|encryption
CSL,1,4,Network & Wireless Systems,Database Management Systems,88.1947249253445,Digital Logic & Design,81.5,Artificial Intelligence,79.3,Full Stack Development,78.1,Design & Analysis of Algorithms,75.1,vulnerability|authentication|simulation|phishing|security|cyber|firewall|network security|forensics|encryption
RE,1,2,Network & Wireless Systems,Computer Networks,82.56215955217291,Engineering Mathematics-IV,71.7,Engineering Mathematics-III,63.8,Database Management Systems,63.4,Cryptography & Network Security,63.18575935426361,weibull|fault tree|quality|fmea|testing|probability|risk|reliability
EAM,2,2,Mobile & IoT Development|Network & Wireless Systems,Computer Networks,65.5,IoT,36.5,Python,34.6,Java,30.8,Automata Theory,27.9,audit|solar|monitoring|power|iot|sensor|efficiency|hvac|energy
OR,2,4,Data Science & Analytics|Artificial Intelligence & Machine Learning,Engineering Mathematics-IV,57.7,Engineering Mathematics-III,55.4,Python,47.3,IoT,46.9,Database Management Systems,44.7,supply chain|simplex|scheduling|linear programming|simulation|queuing|optimization|inventory|scipy
RE,1,2,Network & Wireless Systems,Software Engineering,80.0,Automata Theory,76.4,Digital Logic & Design,74.5,Operating Systems,72.7,Design & Analysis of Algorithms,71.4,weibull|solar|fault tree|fmea|testing|probability|risk
CSL,2,3,Network & Wireless Systems|Cloud & Distributed Systems,Python,72.8,Data Structures and Algorithms,65.5,Operating Systems,62.4,Computer Networks,59.1,Design & Analysis of Algorithms,58.3,vulnerability|authentication|quality|phishing|security|cyber|firewall|network security|forensics|web
RE,2,2,Network & Wireless Systems|Data Science & Analytics,C++,93.2,Software Engineering,86.6,Microcontroller & Embedded Systems,81.1,Database Management Systems,78.2,Engineering Mathematics-III,78.1,weibull|audit|fault tree|sensor|risk|reliability
EAM,2,2,Mobile & IoT Development|Network & Wireless Systems,C++,58.9,Database Management Systems,55.6,Artificial Intelligence,50.6,Data Structures and Algorithms,49.7,IoT,48.4,solar|monitoring|sensor|iot|efficiency|hvac|renewable|reliability
CSL,1,4,Network & Wireless Systems,Engineering Mathematics-IV,75.8,Computer Networks,73.9,Full Stack Development,71.3,Software Engineering,66.1,Microcontroller & Embedded Systems,65.8,vulnerability|authentication|phishing|security|cyber|firewall|network security|risk|forensics|encryption
EAM,2,1,Mobile & IoT Development|Network & Wireless Systems,Engineering Mathematics-III,76.69874746843765,Software Engineering,62.5,Python,59.5,Computer Networks,58.0,IoT,57.2,sensor|iot|power
CSL,1,1,Network & Wireless Systems,Cryptography & Network Security,81.6,Full Stack Development,62.8,Data Structures and Algorithms,51.5,Software Engineering,50.4,Operating Systems,43.3,authentication|dashboard|security|cyber|firewall|network security|forensics
CSL,2,1,Network & Wireless Systems|Web Development,Engineering Mathematics-IV,78.0,Data Structures and Algorithms,77.7,Design & Analysis of Algorithms,76.3,Microcontroller & Embedded Systems,70.9,IoT,70.8,weibull|authentication|phishing|security
RE,1,3,Network & Wireless Systems,Engineering Mathematics-III,98.01552623127634,Java,95.5,Microcontroller & Embedded Systems,87.8,Database Management Systems,87.7,Engineering Mathematics-IV,87.63612773679615,weibull|fault tree|monitoring|statistics|quality|testing|risk
OR,1,0,Data Science & Analytics,Digital Logic & Design,58.9,Engineering Mathematics-IV,54.3,Engineering Mathematics-III,54.2,Python,54.0,Microcontroller & Embedded Systems,53.1,
EAM,1,3,Mobile & IoT Development,Operating Systems,93.4,Computer Networks,82.4,Python,80.1,Automata Theory,77.0,IoT,75.8,solar|fault tree|monitoring|power|sensor|iot|efficiency|hvac|renewable|risk
DBM,2,1,Web Development|Data Science & Analytics,Microcontroller & Embedded Systems,48.3,Software Engineering,46.8,Full Stack Development,46.2,Engineering Mathematics-III,45.2,Artificial Intelligence,39.8,kpi|ecommerce|dashboard|agile|seo|web
DBM,3,2,Data Science & Analytics|Web Development|Cloud & Distributed Systems,Database Management Systems,76.1,Computer Networks,73.2,Engineering Mathematics-III,69.6,Design & Analysis of Algorithms,61.4,Software Engineering,61.0,simplex|kpi|ecommerce|dashboard|crm|react|web
DBM,2,3,Data Science & Analytics|Cloud & Distributed Systems,Python,92.3,Cryptography & Network Security,88.9,Java,83.7,Operating Systems,79.7,C++,78.0,kpi|ecommerce|digital marketing|dashboard|renewable|crm|analytics|react|seo|web
DBM,3,2,Web Development|Data Science & Analytics|Cloud & Distributed Systems,Software Engineering,83.1,Java,80.5,IoT,71.4,Full Stack Development,71.2,Cryptography & Network Security,68.16186797470102,ecommerce|dashboard|agile|efficiency|crm|analytics|web
DBM,3,1,Data Science & Analytics|Web Development|Cloud & Distributed Systems,Automata Theory,49.5,Engineering Mathematics-III,44.7,Software Engineering,41.1,Full Stack Development,39.2,Python,38.3,ecommerce|dashboard|analytics|seo|web|reliability
OR,1,4,Data Science & Analytics,Engineering Mathematics-IV,70.8,Database Management Systems,64.9,Java,62.4,Operating Systems,60.7,Software Engineering,60.1,supply chain|simplex|scheduling|authentication|simulation|linear programming|queuing|optimization|scipy
EAM,2,0,Mobile & IoT Development|Network & Wireless Systems,Engineering Mathematics-IV,53.4,C++,51.8,Design & Analysis of Algorithms,51.0,IoT,46.1,Java,43.0,
EAM,2,0,Mobile & IoT Development|Cloud & Distributed Systems,Python,83.4,Automata Theory,80.4,Software Engineering,78.6,Microcontroller & Embedded Systems,77.9,IoT,77.6,
EAM,1,3,Mobile & IoT Development,Engineering Mathematics-III,90.8,Automata Theory,82.9,Artificial Intelligence,82.1,Full Stack Development,81.8,Software Engineering,80.6,audit|solar|monitoring|power|iot|sensor|efficiency|hvac|renewable|energy
EAM,2,3,Mobile & IoT Development|Network & Wireless Systems,Computer Networks,49.4,Digital Logic & Design,43.9,Java,41.4,Data Structures and Algorithms,37.3,Database Management Systems,35.6,audit|solar|power|authentication|hvac|renewable|testing|energy
CSL,1,1,Network & Wireless Systems,Operating Systems,72.5,C++,67.3,Computer Networks,59.6,Database Management Systems,58.9,Engineering Mathematics-III,58.88670801600764,security|firewall|react
DBM,2,2,Web Development|Cloud & Distributed Systems,IoT,91.5,Artificial Intelligence,85.3,Engineering Mathematics-IV,79.15876392346863,Database Management Systems,77.1,Java,75.6,ecommerce|digital marketing|dashboard|agile|crm|react|seo|web
RE,1,2,Network & Wireless Systems,Design & Analysis of Algorithms,72.7,Computer Networks,63.759495296057615,Cryptography & Network Security,61.283207525570674,Operating Systems,58.8,Microcontroller & Embedded Systems,57.3,weibull|audit|fault tree|quality|testing|fmea|probability|risk|reliability
OR,1,1,Data Science & Analytics,Python,75.0,Microcontroller & Embedded Systems,67.07101600172676,Computer Networks,63.5,IoT,62.19791112041396,Java,62.1,supply chain|simulation|fmea|linear programming
CSL,2,0,Network & Wireless Systems|Cloud & Distributed Systems,Full Stack Development,63.9,Design & Analysis of Algorithms,60.1,Python,52.4,Operating Systems,52.0,C++,47.9,
RE,2,0,Network & Wireless Systems|Data Science & Analytics,Computer Networks,68.5,Engineering Mathematics-III,60.4,Artificial Intelligence,58.1,Python,53.5,Cryptography & Network Security,51.9,
EAM,2,3,Mobile & IoT Development|Network & Wireless Systems,Design & Analysis of Algorithms,83.3,Computer Networks,80.9,Cryptography & Network Security,79.6,Artificial Intelligence,74.1,Data Structures and Algorithms,68.0,sensor|renewable|efficiency|audit
RE,1,4,Network & Wireless Systems,Engineering Mathematics-III,87.9,Cryptography & Network Security,82.1,Database Management Systems,75.28625359801059,Design & Analysis of Algorithms,72.8,C++,65.0,weibull|fault tree|statistics|quality|simulation|fmea|testing|firewall|probability|risk
CSL,3,1,Network & Wireless Systems|Cloud & Distributed Systems|Web Development,Full Stack Development,67.2,Operating Systems,63.1,Software Engineering,54.5,Artificial Intelligence,53.2,Cryptography & Network Security,49.9,authentication|simulation|security|network security|forensics
OR,2,1,Data Science & Analytics|Artificial Intelligence & Machine Learning,Automata Theory,100.0,Engineering Mathematics-III,95.3,Data Structures and Algorithms,92.3,Engineering Mathematics-IV,88.2,Software Engineering,86.6,simulation|optimization|linear programming
OR,2,2,Data Science & Analytics|Artificial Intelligence & Machine Learning,Java,68.6,Cryptography & Network Security,66.0,Data Structures and Algorithms,60.2,C++,57.8,Database Management Systems,53.506560090476775,simplex|scheduling|linear programming|simulation|queuing|inventory|optimization
EAM,2,2,Mobile & IoT Development|Network & Wireless Systems,Data Structures and Algorithms,75.5,Engineering Mathematics-III,62.7,Microcontroller & Embedded Systems,58.5,C++,56.2,Artificial Intelligence,51.8,audit|monitoring|power|iot|efficiency|energy
RE,1,2,Network & Wireless Systems,Engineering Mathematics-IV,98.3,Engineering Mathematics-III,89.1,Automata Theory,83.7,Database Management Systems,83.2,Design & Analysis of Algorithms,81.3,fault tree|statistics|quality|testing|fmea|risk|reliability
OR,1,2,Data Science & Analytics,Computer Networks,86.4,Engineering Mathematics-IV,81.7,Full Stack Development,72.9,Engineering Mathematics-III,62.4,Automata Theory,59.8,weibull|simplex|scheduling|simulation|linear programming|inventory|scipy
DBM,1,1,Web Development,Full Stack Development,85.0,Digital Logic & Design,70.6,Design & Analysis of Algorithms,70.1,Cryptography & Network Security,68.1,Automata Theory,62.9,analytics|digital marketing
DBM,2,3,Data Science & Analytics|Web Development,Java,74.9,Digital Logic & Design,74.0,C++,70.8,Database Management Systems,68.0,Computer Networks,67.7,kpi|ecommerce|digital marketing|dashboard|agile|crm|analytics|react|seo|web
OR,2,1,Data Science & Analytics|Artificial Intelligence & Machine Learning,Engineering Mathematics-IV,99.67779749626521,Engineering Mathematics-III,86.76863793044285,Software Engineering,76.7,Data Structures and Algorithms,76.6,Digital Logic & Design,69.3,simplex|supply chain|simulation|queuing|inventory
RE,1,3,Network & Wireless Systems,Digital Logic & Design,54.0,IoT,46.3,Computer Networks,43.9159114746727,Automata Theory,42.2,Engineering Mathematics-IV,39.5,weibull|solar|fault tree|statistics|quality|testing|fmea|optimization|probability|risk
DBM,1,1,Web Development,Database Management Systems,78.2,Cryptography & Network Security,77.2120311207479,Automata Theory,75.6,Engineering Mathematics-III,74.1,Engineering Mathematics-IV,70.7,dashboard|crm|analytics|react|optimization|web
DBM,2,1,Data Science & Analytics|Cloud & Distributed Systems,Computer Networks,54.6,Python,53.1,Software Engineering,51.7,Full Stack Development,48.9,Operating Systems,48.4,crm|analytics|digital marketing
CSL,2,1,Network & Wireless Systems|Cloud & Distributed Systems,Computer Networks,80.8,C++,78.3,Java,77.5,Software Engineering,72.6,Data Structures and Algorithms,71.9,vulnerability|authentication|network security|forensics|encryption
OR,2,1,Data Science & Analytics|Artificial Intelligence & Machine Learning,Microcontroller & Embedded Systems,84.30214912404989,Data Structures and Algorithms,79.1,Software Engineering,75.5,Design & Analysis of Algorithms,63.8,C++,63.6,simplex|simulation|linear programming|queuing|optimization|seo
DBM,3,1,Web Development|Data Science & Analytics|Cloud & Distributed Systems,Database Management Systems,82.4,Full Stack Development,58.0,Automata Theory,52.1,Software Engineering,44.4,Artificial Intelligence,41.2,ecommerce|digital marketing|optimization|react|seo
CSL,2,2,Network & Wireless Systems|Cloud & Distributed Systems,Software Engineering,82.7,Cryptography & Network Security,80.6,C++,76.0,Data Structures and Algorithms,75.4,Java,74.9,power|authentication|phishing|security|network security|forensics|encryption
CSL,1,4,Network & Wireless Systems,Engineering Mathematics-IV,69.4,Microcontroller & Embedded Systems,65.1,Python,64.4,Java,59.2,Full Stack Development,58.2,vulnerability|supply chain|statistics|authentication|phishing|security|cyber|firewall|forensics|encryption
CSL,1,0,Network & Wireless Systems,C++,82.7,Computer Networks,69.6,Design & Analysis of Algorithms,68.0,Database Management Systems,67.2,IoT,63.1,
CSL,1,3,Network & Wireless Systems,Computer Networks,85.9,Artificial Intelligence,84.8,Cryptography & Network Security,81.3,Software Engineering,80.9,Database Management Systems,78.7,vulnerability|authentication|phishing|security|cyber|firewall|forensics|encryption
CSL,1,2,Network & Wireless Systems,Artificial Intelligence,38.7,Design & Analysis of Algorithms,36.7,C++,35.4,Database Management Systems,29.5,Data Structures and Algorithms,25.5,vulnerability|quality|authentication|phishing|cyber|firewall|network security|forensics
OR,2,2,Data Science & Analytics|Web Development,Data Structures and Algorithms,69.6,Engineering Mathematics-III,65.3,Python,61.6,Software Engineering,60.116991928269684,Database Management Systems,56.89263569199297,simplex|supply chain|simulation|linear programming|optimization|scipy
OR,2,3,Data Science & Analytics|Artificial Intelligence & Machine Learning,Microcontroller & Embedded Systems,95.6,Engineering Mathematics-IV,84.1,Digital Logic & Design,76.2,Automata Theory,73.8,Design & Analysis of Algorithms,72.7,supply chain|scheduling|simulation|queuing|optimization|inventory
RE,2,3,Network & Wireless Systems|Cloud & Distributed Systems,Engineering Mathematics-III,67.2,Operating Systems,65.9,IoT,64.8,Java,60.2,Engineering Mathematics-IV,56.7,weibull|ecommerce|fault tree|statistics|quality|simulation|fmea|testing|probability|risk
CSL,2,1,Network & Wireless Systems|Cloud & Distributed Systems,Computer Networks,57.3,Cryptography & Network Security,44.9,Engineering Mathematics-III,44.8,Operating Systems,44.5,Artificial Intelligence,41.5,vulnerability|security|cyber|firewall|encryption
CSL,1,2,Network & Wireless Systems,Python,93.7,Java,90.7,Database Management Systems,88.9,Design & Analysis of Algorithms,87.0,Operating Systems,86.3,vulnerability|authentication|phishing|security|cyber|queuing|encryption
EAM,2,2,Mobile & IoT Development|Network & Wireless Systems,Digital Logic & Design,69.4,Design & Analysis of Algorithms,61.9,Full Stack Development,55.5,Engineering Mathematics-IV,55.3,Software Engineering,54.6,sensor|solar|monitoring|power
CSL,1,2,Network & Wireless Systems,Cryptography & Network Security,76.8,Computer Networks,67.0,Operating Systems,66.3,Digital Logic & Design,65.6,Java,63.7,vulnerability|phishing|security|cyber|network security
EAM,2,1,Mobile & IoT Development|Network & Wireless Systems,Operating Systems,60.7,Cryptography & Network Security,51.0,Digital Logic & Design,48.0,Data Structures and Algorithms,47.5,IoT,47.3,audit|monitoring|iot|efficiency|hvac|renewable
OR,1,1,Data Science & Analytics,Automata Theory,86.0,Computer Networks,80.3,IoT,80.0,Engineering Mathematics-III,77.0,Cryptography & Network Security,74.2,scheduling|simplex|inventory
RE,2,2,Network & Wireless Systems|Cloud & Distributed Systems,Engineering Mathematics-III,98.2,IoT,95.7,C++,91.9,Artificial Intelligence,91.6,Engineering Mathematics-IV,91.2,weibull|quality|reliability|optimization
CSL,1,4,Network & Wireless Systems,IoT,69.95673687995647,Python,60.4,Microcontroller & Embedded Systems,60.22762200622095,Operating Systems,59.5,Artificial Intelligence,53.8,vulnerability|authentication|phishing|security|cyber|queuing|firewall|network security|forensics|encryption
OR,1,3,Data Science & Analytics,Python,79.0,Engineering Mathematics-IV,77.5,Design & Analysis of Algorithms,72.2,Data Structures and Algorithms,68.6,Engineering Mathematics-III,63.5,simplex|scheduling|simulation|linear programming|queuing|inventory|optimization|analytics|scipy
CSL,1,1,Network & Wireless Systems,Database Management Systems,78.8,Data Structures and Algorithms,77.5,Computer Networks,77.5,Microcontroller & Embedded Systems,73.0,Automata Theory,73.0,phishing|security|cyber|firewall|network security|encryption
OR,2,4,Data Science & Analytics|Artificial Intelligence & Machine Learning,Design & Analysis of Algorithms,76.3,Cryptography & Network Security,65.9,Digital Logic & Design,57.7,Artificial Intelligence,57.3,Engineering Mathematics-III,55.6,supply chain|simplex|scheduling|queuing|inventory|optimization|scipy
RE,2,2,Network & Wireless Systems|Data Science & Analytics,Engineering Mathematics-III,70.9,Software Engineering,66.1,Computer Networks,65.1,Microcontroller & Embedded Systems,61.8,Automata Theory,56.8,statistics|quality|simulation|testing|fmea|probability|reliability
RE,3,2,Network & Wireless Systems|Cloud & Distributed Systems|Data Science & Analytics,Digital Logic & Design,70.8,Automata Theory,52.4,Artificial Intelligence,51.1,Operating Systems,50.5,Computer Networks,49.7,weibull|fault tree|phishing|fmea|probability
RE,2,4,Network & Wireless Systems|Cloud & Distributed Systems,Data Structures and Algorithms,92.6,IoT,92.4,Software Engineering,91.4,Engineering Mathematics-IV,91.2,Computer Networks,87.2,weibull|solar|fault tree|encryption|statistics|quality|simulation|fmea|probability|risk
DBM,2,2,Web Development|Cloud & Distributed Systems,Software Engineering,95.4,Database Management Systems,81.0,Full Stack Development,78.5,Operating Systems,77.4,Cryptography & Network Security,75.5,kpi|ecommerce|dashboard|agile|queuing|analytics|web
CSL,1,4,Network & Wireless Systems,Computer Networks,100.0,IoT,96.34138764264068,Microcontroller & Embedded Systems,92.20932639298142,Automata Theory,91.2,Database Management Systems,90.5,vulnerability|authentication|phishing|security|cyber|firewall|network security|encryption
DBM,2,3,Data Science & Analytics|Cloud & Distributed Systems,Engineering Mathematics-IV,94.8,Design & Analysis of Algorithms,94.8,Software Engineering,90.1,Digital Logic & Design,88.6,Python,88.6,kpi|digital marketing|iot|crm|web|seo|energy
EAM,2,4,Mobile & IoT Development|Network & Wireless Systems,Computer Networks,87.6,C++,80.7,Software Engineering,79.2,Operating Systems,79.0,Data Structures and Algorithms,77.0,audit|solar|monitoring|iot|efficiency|hvac|renewable|energy
OR,1,1,Data Science & Analytics,Design & Analysis of Algorithms,100.0,Engineering Mathematics-IV,86.9,Operating Systems,86.7,Data Structures and Algorithms,84.8,Engineering Mathematics-III,82.6,simplex|linear programming|queuing|inventory|scipy
EAM,1,1,Mobile & IoT Development,Microcontroller & Embedded Systems,86.3,Operating Systems,84.0,Engineering Mathematics-III,78.6,Full Stack Development,76.5,Artificial Intelligence,70.2,sensor|audit|solar|power
EAM,1,2,Mobile & IoT Development,Engineering Mathematics-III,85.94521567596402,Data Structures and Algorithms,84.4,IoT,82.3,Automata Theory,80.0,Microcontroller & Embedded Systems,75.7,solar|monitoring|power|iot|hvac
OR,1,2,Data Science & Analytics,Python,74.4,Digital Logic & Design,67.7,Java,66.4,Software Engineering,65.5,Cryptography & Network Security,64.0,simulation|queuing|inventory|linear programming
EAM,1,3,Mobile & IoT Development,Cryptography & Network Security,60.9,Computer Networks,51.1,Data Structures and Algorithms,50.4,Microcontroller & Embedded Systems,50.0,Engineering Mathematics-III,44.00428569761788,audit|power|scheduling|sensor|iot|efficiency|hvac|renewable|energy
EAM,1,3,Mobile & IoT Development,Computer Networks,77.5,Operating Systems,73.9,Automata Theory,61.3,Software Engineering,59.0,Java,58.9,vulnerability|audit|monitoring|power|sensor|iot|hvac|renewable|energy
CSL,2,1,Network & Wireless Systems|Cloud & Distributed Systems,Java,43.0,Design & Analysis of Algorithms,30.2,Engineering Mathematics-IV,29.6,Artificial Intelligence,28.7,Database Management Systems,26.1,authentication|forensics|security|network security
OR,2,3,Data Science & Analytics|Artificial Intelligence & Machine Learning,Engineering Mathematics-IV,69.3,Java,69.2,Database Management Systems,66.2,Design & Analysis of Algorithms,62.4,Data Structures and Algorithms,62.1,simplex|supply chain|scheduling|simulation|linear programming|fmea|queuing|optimization|scipy
EAM,1,2,Mobile & IoT Development,Digital Logic & Design,83.3,Operating Systems,76.5,Data Structures and Algorithms,76.3,IoT,76.0,Database Management Systems,73.8,audit|monitoring|power|sensor|quality|iot|efficiency|hvac|renewable|energy
CSL,1,1,Network & Wireless Systems,Python,84.5,Computer Networks,81.3,Java,76.7,Operating Systems,75.4,Automata Theory,74.5,audit|phishing|security|firewall|forensics|encryption
DBM,2,3,Web Development|Data Science & Analytics,Java,76.2,IoT,73.2,Engineering Mathematics-III,72.0,Database Management Systems,67.1,Full Stack Development,66.8,kpi|ecommerce|digital marketing|dashboard|agile|crm|analytics|react|seo|web
DBM,2,1,Data Science & Analytics|Web Development,Design & Analysis of Algorithms,57.8,Data Structures and Algorithms,56.5,Full Stack Development,53.6,IoT,52.6,Python,49.9,optimization|analytics|react
CSL,2,3,Network & Wireless Systems|Cloud & Distributed Systems,Computer Networks,80.3,Database Management Systems,80.22919661472739,Java,77.8,Engineering Mathematics-III,65.4,Software Engineering,64.13317030754224,supply chain|monitoring|authentication|phishing|firewall|encryption
OR,1,3,Data Science & Analytics,Engineering Mathematics-IV,100.0,Python,98.9,Software Engineering,98.7,Database Management Systems,97.7,Design & Analysis of Algorithms,97.4,supply chain|simplex|scheduling|simulation|linear programming|agile|queuing|inventory|scipy
CSL,2,1,Network & Wireless Systems|Web Development,Artificial Intelligence,69.9,Python,64.5,Computer Networks,64.3,Engineering Mathematics-III,62.3,C++,61.4,vulnerability|authentication|supply chain
CSL,1,0,Network & Wireless Systems,Database Management Systems,97.15869862588386,Software Engineering,80.74535527375076,Cryptography & Network Security,73.1,Computer Networks,72.4,Design & Analysis of Algorithms,68.8,
RE,2,3,Network & Wireless Systems|Cloud & Distributed Systems,Computer Networks,52.2,IoT,49.2,Full Stack Development,46.9,Engineering Mathematics-III,44.6,Artificial Intelligence,44.6,supply chain|fault tree|statistics|simulation|fmea|testing|probability|reliability
DBM,4,1,Data Science & Analytics|Web Development|Cloud & Distributed Systems|Mobile & IoT Development,Java,70.1,Artificial Intelligence,63.7,Engineering Mathematics-III,61.2,Database Management Systems,60.9,Cryptography & Network Security,58.8,crm|ecommerce
RE,1,2,Network & Wireless Systems,Engineering Mathematics-III,100.0,Engineering Mathematics-IV,93.40953019608018,Microcontroller & Embedded Systems,91.7,C++,91.7,Design & Analysis of Algorithms,89.3,weibull|statistics|simulation|fmea|testing|risk|reliability
CSL,2,4,Network & Wireless Systems|Cloud & Distributed Systems,Database Management Systems,65.2,Microcontroller & Embedded Systems,51.9,Operating Systems,42.4,Computer Networks,41.2,Java,36.3,vulnerability|authentication|phishing|cyber|firewall|network security|forensics|encryption
EAM,1,2,Mobile & IoT Development,C++,64.4,IoT,63.3,Software Engineering,56.7,Digital Logic & Design,56.4,Automata Theory,54.9,audit|solar|ecommerce|monitoring|power|sensor|iot|hvac|renewable|energy
RE,1,1,Network & Wireless Systems,Digital Logic & Design,48.5,Operating Systems,37.1,Engineering Mathematics-IV,35.3,Java,34.3,Artificial Intelligence,32.6,weibull|fault tree|quality|fmea|probability|seo
RE,2,1,Network & Wireless Systems|Cloud & Distributed Systems,Microcontroller & Embedded Systems,70.5,IoT,69.0,Design & Analysis of Algorithms,58.1,Cryptography & Network Security,55.8,Digital Logic & Design,54.7,weibull|fault tree|quality|fmea|probability|risk
CSL,1,0,Network & Wireless Systems,Software Engineering,79.91760702764161,Artificial Intelligence,62.6,Data Structures and Algorithms,61.2,Computer Networks,59.5,Cryptography & Network Security,56.1,
OR,1,4,Data Science & Analytics,Computer Networks,80.1,Design & Analysis of Algorithms,65.9,Engineering Mathematics-III,64.8,Java,64.4,Artificial Intelligence,64.0,simplex|solar|scheduling|sensor|simulation|linear programming|queuing|inventory|optimization|scipy
EAM,1,4,Mobile & IoT Development,Computer Networks,68.5,Database Management Systems,57.8,Software Engineering,56.6,IoT,50.1,Engineering Mathematics-III,44.0,audit|supply chain|solar|monitoring|power|sensor|iot|agile|efficiency|hvac
OR,2,1,Data Science & Analytics|Web Development,Operating Systems,68.7,Engineering Mathematics-IV,59.3,Design & Analysis of Algorithms,59.1,Software Engineering,57.2,Automata Theory,54.3,simplex|supply chain|simulation|queuing|inventory|scipy
RE,1,0,Network & Wireless Systems,Engineering Mathematics-III,100.0,Engineering Mathematics-IV,100.0,Automata Theory,100.0,Design & Analysis of Algorithms,100.0,Software Engineering,99.8,
CSL,1,2,Network & Wireless Systems,Engineering Mathematics-IV,82.7,Computer Networks,80.6,Automata Theory,80.5,Python,79.2,Digital Logic & Design,79.1,authentication|security|cyber|firewall|network security|forensics
EAM,1,3,Mobile & IoT Development,Java,61.1,Design & Analysis of Algorithms,51.6,Database Management Systems,50.51421158787192,Full Stack Development,48.9,IoT,46.8,audit|solar|power|sensor|iot|efficiency|hvac|renewable|energy
DBM,1,1,Web Development,Database Management Systems,58.5,Full Stack Development,42.2,Cryptography & Network Security,40.5,Data Structures and Algorithms,40.3,Java,39.8,ecommerce|crm|analytics|react|web
EAM,2,4,Mobile & IoT Development|Cloud & Distributed Systems,IoT,71.9,Database Management Systems,70.6,Engineering Mathematics-IV,58.2,Microcontroller & Embedded Systems,55.0,Operating Systems,54.8,weibull|solar|monitoring|power|sensor|iot|efficiency|renewable|energy
CSL,1,2,Network & Wireless Systems,Computer Networks,83.6,Engineering Mathematics-III,78.54925196160707,Digital Logic & Design,76.7,Cryptography & Network Security,73.6,Database Management Systems,72.4,vulnerability|authentication|phishing|security|cyber|queuing|firewall|network security|encryption
RE,1,0,Network & Wireless Systems,Python,81.0,Database Management Systems,79.2,Computer Networks,64.6,Microcontroller & Embedded Systems,63.4,C++,62.0,
CSL,2,2,Network & Wireless Systems|Web Development,Java,82.5,Computer Networks,76.7,Microcontroller & Embedded Systems,66.4,Full Stack Development,61.5,Database Management Systems,59.3,vulnerability|phishing|cyber|seo|forensics
EAM,1,3,Mobile & IoT Development,Artificial Intelligence,79.8,Automata Theory,75.7,Digital Logic & Design,73.4,IoT,72.0,Design & Analysis of Algorithms,69.8,audit|solar|monitoring|power|sensor|dashboard|iot|efficiency|hvac|renewable
DBM,2,1,Web Development|Data Science & Analytics,IoT,81.7,Java,79.6,Engineering Mathematics-IV,79.0,Database Management Systems,76.7,Design & Analysis of Algorithms,76.1,dashboard|ecommerce|react|digital marketing
RE,1,2,Network & Wireless Systems,IoT,90.5,Computer Networks,86.0,Database Management Systems,84.6,Data Structures and Algorithms,83.5,Design & Analysis of Algorithms,79.8,weibull|fault tree|statistics|testing|fmea|probability|risk
CSL,1,3,Network & Wireless Systems,Cryptography & Network Security,58.4,Artificial Intelligence,47.6,Computer Networks,45.4,Python,39.9,IoT,35.2,vulnerability|monitoring|authentication|phishing|cyber|network security|forensics|encryption
CSL,2,4,Network & Wireless Systems|Cloud & Distributed Systems,Computer Networks,92.2,Cryptography & Network Security,88.0,Database Management Systems,80.14185561693112,Python,79.1,Digital Logic & Design,77.5,vulnerability|simplex|authentication|quality|phishing|firewall|network security|analytics|forensics|encryption
DBM,2,1,Data Science & Analytics|Cloud & Distributed Systems,Operating Systems,77.0,Software Engineering,70.4,Computer Networks,67.4,Database Management Systems,65.5,Automata Theory,65.4,kpi|dashboard|agile|crm|react
EAM,2,1,Mobile & IoT Development|Cloud & Distributed Systems,Cryptography & Network Security,72.1,IoT,62.4,Engineering Mathematics-IV,53.5,Design & Analysis of Algorithms,47.4,Full Stack Development,40.0,probability|power|efficiency|hvac
RE,2,3,Network & Wireless Systems|Cloud & Distributed Systems,Operating Systems,39.3,Engineering Mathematics-III,35.56512985164785,Microcontroller & Embedded Systems,30.4,Software Engineering,30.3,Design & Analysis of Algorithms,29.6,weibull|simulation|phishing|hvac|fmea|probability|risk
EAM,2,2,Mobile & IoT Development|Network & Wireless Systems,Design & Analysis of Algorithms,59.3,IoT,39.6,Full Stack Development,37.6,Automata Theory,30.9,Digital Logic & Design,28.1,audit|kpi|monitoring|power|iot|efficiency|renewable|network security|energy
OR,1,3,Data Science & Analytics,Engineering Mathematics-IV,72.8,IoT,64.9,Digital Logic & Design,56.1,Engineering Mathematics-III,53.7,Artificial Intelligence,50.9,simplex|supply chain|linear programming|queuing|optimization|inventory|scipy
OR,1,1,Data Science & Analytics,Computer Networks,94.8,Engineering Mathematics-III,93.5,Engineering Mathematics-IV,91.3,Artificial Intelligence,87.7,Design & Analysis of Algorithms,87.0,simplex|scheduling|simulation|queuing|inventory|scipy|reliability
RE,1,2,Network & Wireless Systems,Engineering Mathematics-III,81.1,Automata Theory,71.2,Engineering Mathematics-IV,57.2,Operating Systems,55.4,Cryptography & Network Security,54.0,statistics|simulation|fmea|testing|probability|risk|reliability
DBM,2,2,Web Development|Data Science & Analytics,IoT,49.0,Java,33.7,Software Engineering,32.2,Engineering Mathematics-III,25.1,Data Structures and Algorithms,24.1,kpi|solar|digital marketing|agile|crm|analytics|react|web
CSL,2,1,Network & Wireless Systems|Cloud & Distributed Systems,Design & Analysis of Algorithms,78.3,Artificial Intelligence,74.7,Operating Systems,71.7,Java,65.6,Digital Logic & Design,64.4,vulnerability|authentication|linear programming|phishing|firewall|forensics
DBM,3,4,Web Development|Data Science & Analytics|Cloud & Distributed Systems,Full Stack Development,48.9,Engineering Mathematics-IV,45.5,Cryptography & Network Security,42.6,Java,42.3,Operating Systems,41.8,kpi|ecommerce|fault tree|digital marketing|dashboard|agile|analytics|react|seo|web
DBM,2,2,Data Science & Analytics|Web Development,Engineering Mathematics-IV,100.0,Database Management Systems,100.0,Operating Systems,100.0,Software Engineering,100.0,C++,100.0,vulnerability|kpi|ecommerce|digital marketing|statistics|agile|analytics|seo
EAM,2,1,Mobile & IoT Development|Network & Wireless Systems,Digital Logic & Design,71.6,Java,67.2,Cryptography & Network Security,67.1,Engineering Mathematics-III,61.7,Software Engineering,61.6,audit|solar|monitoring|power
RE,1,2,Network & Wireless Systems,Microcontroller & Embedded Systems,45.5,Engineering Mathematics-III,39.7,Java,39.1,Design & Analysis of Algorithms,38.8,Automata Theory,33.7,fault tree|statistics|fmea|probability|seo|risk|reliability
DBM,2,2,Data Science & Analytics|Cloud & Distributed Systems,Engineering Mathematics-IV,75.5,Cryptography & Network Security,74.0,Full Stack Development,66.6,Software Engineering,65.5,Automata Theory,64.7,seo|ecommerce|react
CSL,2,2,Network & Wireless Systems|Web Development,Computer Networks,72.6,Engineering Mathematics-IV,66.4,Full Stack Development,66.0,Operating Systems,60.9,Data Structures and Algorithms,53.4,vulnerability|monitoring|phishing|security|cyber|firewall|network security|forensics
DBM,2,2,Web Development|Data Science & Analytics,Full Stack Development,60.7,Cryptography & Network Security,56.7,Software Engineering,55.8,Data Structures and Algorithms,54.8,Engineering Mathematics-IV,54.1,kpi|digital marketing|dashboard|agile|crm|seo|risk|web
OR,2,3,Data Science & Analytics|Artificial Intelligence & Machine Learning,Software Engineering,100.0,Design & Analysis of Algorithms,100.0,Engineering Mathematics-IV,96.7,Data Structures and Algorithms,96.7,Engineering Mathematics-III,94.8,simplex|scheduling|simulation|queuing|inventory|optimization|scipy
RE,2,1,Network & Wireless Systems|Cloud & Distributed Systems,Cryptography & Network Security,75.4,Design & Analysis of Algorithms,75.0,IoT,72.5,Software Engineering,71.4,Engineering Mathematics-IV,71.3,fault tree|statistics|quality|simulation|risk|reliability
RE,3,2,Network & Wireless Systems|Cloud & Distributed Systems|Data Science & Analytics,Engineering Mathematics-III,58.5,Design & Analysis of Algorithms,51.4,Cryptography & Network Security,45.8,Software Engineering,43.5,Data Structures and Algorithms,40.8,weibull|supply chain|fault tree|statistics|quality|simulation|risk|energy
DBM,3,1,Web Development|Data Science & Analytics|Cloud & Distributed Systems,Automata Theory,86.7,Design & Analysis of Algorithms,75.7,Digital Logic & Design,75.6,Microcontroller & Embedded Systems,74.2,Database Management Systems,72.2,kpi|agile|efficiency|analytics|react|web
EAM,2,1,Mobile & IoT Development|Cloud & Distributed Systems,IoT,64.5,Software Engineering,58.9,Data Structures and Algorithms,50.8,Automata Theory,49.4,C++,48.3,solar|monitoring|sensor|iot|efficiency|renewable|inventory
DBM,2,2,Data Science & Analytics|Web Development,Microcontroller & Embedded Systems,53.9276547129099,Database Management Systems,44.6,Operating Systems,44.3,Software Engineering,41.1,C++,39.8,kpi|ecommerce|analytics|react|seo|web
RE,3,1,Network & Wireless Systems|Cloud & Distributed Systems|Data Science & Analytics,Engineering Mathematics-IV,46.9,IoT,46.8,Operating Systems,46.4,Java,43.0,Microcontroller & Embedded Systems,42.2,weibull|risk|simulation|forensics
RE,2,2,Network & Wireless Systems|Data Science & Analytics,Engineering Mathematics-IV,42.6,Software Engineering,37.8,Design & Analysis of Algorithms,37.4,C++,36.3,Operating Systems,35.1,fault tree|quality|simulation|fmea|testing|probability|risk|reliability
EAM,1,2,Mobile & IoT Development,Engineering Mathematics-III,78.78206740670961,Engineering Mathematics-IV,78.13015120252736,Microcontroller & Embedded Systems,66.7,Design & Analysis of Algorithms,62.1,IoT,59.0,solar|monitoring|power|efficiency|renewable|web|energy
OR,1,2,Data Science & Analytics,Engineering Mathematics-IV,80.4,Java,74.2,Design & Analysis of Algorithms,73.9,Cryptography & Network Security,71.3,Engineering Mathematics-III,69.2,scheduling|supply chain|linear programming|inventory
EAM,1,3,Mobile & IoT Development,Engineering Mathematics-III,62.8,Data Structures and Algorithms,60.8,Engineering Mathematics-IV,60.6,Java,47.5,Design & Analysis of Algorithms,44.5,monitoring|power|sensor|iot|efficiency|hvac|renewable|scipy
RE,2,1,Network & Wireless Systems|Cloud & Distributed Systems,Automata Theory,75.2,Engineering Mathematics-III,72.2,IoT,71.4,C++,69.3,Cryptography & Network Security,64.6,simulation|reliability
RE,3,3,Network & Wireless Systems|Cloud & Distributed Systems|Data Science & Analytics,Operating Systems,82.5,Engineering Mathematics-III,78.9,Java,69.7,C++,68.5,Data Structures and Algorithms,68.3,weibull|vulnerability|fault tree|statistics|quality|fmea|probability|risk|reliability
RE,2,2,Network & Wireless Systems|Cloud & Distributed Systems,Microcontroller & Embedded Systems,87.0,Computer Networks,82.6,Digital Logic & Design,82.0,Java,80.7,IoT,80.2,weibull|quality|simulation|testing|optimization|probability|risk
DBM,3,2,Web Development|Data Science & Analytics|Cloud & Distributed Systems,Database Management Systems,74.8,Full Stack Development,73.1,Microcontroller & Embedded Systems,72.9,Automata Theory,71.9,IoT,67.1,kpi|ecommerce|dashboard|agile|react|seo
OR,1,3,Data Science & Analytics,C++,94.2,Engineering Mathematics-IV,86.0,Python,84.2,Digital Logic & Design,82.2,Java,79.7,simplex|supply chain|monitoring|scheduling|linear programming|simulation|queuing|inventory|analytics|optimization
DBM,1,1,Web Development,Design & Analysis of Algorithms,68.4,Engineering Mathematics-III,67.1,Full Stack Development,66.3,IoT,66.1,Software Engineering,64.0,ecommerce|digital marketing|agile|analytics|seo|web
DBM,3,2,Web Development|Data Science & Analytics|Cloud & Distributed Systems,Engineering Mathematics-III,27.140418528267254,Full Stack Development,25.6,Software Engineering,25.3,Python,22.2,Database Management Systems,19.6,kpi|ecommerce|digital marketing|dashboard|agile|crm|react|seo|scipy|web
RE,1,1,Network & Wireless Systems,Microcontroller & Embedded Systems,64.2,Database Management Systems,64.10407786451864,Software Engineering,63.247473474018086,Engineering Mathematics-IV,59.3,Python,51.0,weibull|supply chain|statistics|probability|reliability
RE,2,3,Network & Wireless Systems|Data Science & Analytics,Artificial Intelligence,63.8,Python,55.2,C++,45.4,Java,44.3,Operating Systems,43.0,simplex|statistics|quality|simulation|fmea|probability|risk|reliability
EAM,2,3,Mobile & IoT Development|Cloud & Distributed Systems,Computer Networks,55.0,Microcontroller & Embedded Systems,49.4,Automata Theory,43.1,IoT,40.0,C++,37.0,audit|solar|ecommerce|iot|efficiency|renewable|forensics|energy
RE,2,2,Network & Wireless Systems|Cloud & Distributed Systems,Engineering Mathematics-III,96.08347289345406,Database Management Systems,79.6,Engineering Mathematics-IV,72.51297628014521,Full Stack Development,71.2,Cryptography & Network Security,69.4,weibull|fault tree|quality|hvac|fmea|probability|reliability
CSL,2,3,Network & Wireless Systems|Cloud & Distributed Systems,Engineering Mathematics-IV,68.3,Operating Systems,65.6,Design & Analysis of Algorithms,56.6,Full Stack Development,54.7,Artificial Intelligence,49.8,vulnerability|authentication|phishing|cyber|firewall|network security|encryption
CSL,1,2,Network & Wireless Systems,Digital Logic & Design,83.8,Database Management Systems,82.3,Cryptography & Network Security,82.2,Computer Networks,79.3,Software Engineering,78.7,vulnerability|authentication|phishing|security|cyber|network security|encryption
EAM,3,4,Mobile & IoT Development|Network & Wireless Systems|Cloud & Distributed Systems,IoT,76.2,Engineering Mathematics-IV,73.8,Database Management Systems,72.6,Microcontroller & Embedded Systems,67.8,Design & Analysis of Algorithms,64.3,audit|solar|monitoring|power|sensor|linear programming|efficiency|hvac|renewable|energy
OR,2,2,Data Science & Analytics|Artificial Intelligence & Machine Learning,Operating Systems,49.6,Full Stack Development,38.3,Engineering Mathematics-III,36.1,Automata Theory,33.6,Python,29.8,simplex|statistics|scheduling|linear programming|simulation|inventory|optimization
OR,1,2,Data Science & Analytics,Data Structures and Algorithms,99.4,Java,91.5,Engineering Mathematics-IV,84.8,Operating Systems,82.1,Engineering Mathematics-III,81.3,supply chain|simplex|sensor|linear programming|simulation|inventory|optimization
CSL,1,3,Network & Wireless Systems,Database Management Systems,71.04758480658398,Python,67.4,Computer Networks,61.7,Artificial Intelligence,60.6,Cryptography & Network Security,55.5,vulnerability|authentication|phishing|firewall|network security|forensics|encryption
OR,2,4,Data Science & Analytics|Web Development,Engineering Mathematics-III,41.7,Engineering Mathematics-IV,41.3,Artificial Intelligence,40.4,Microcontroller & Embedded Systems,37.70868701311923,Automata Theory,35.9,supply chain|simplex|scheduling|linear programming|simulation|queuing|optimization|inventory|scipy
RE,1,0,Network & Wireless Systems,Full Stack Development,67.9,Database Management Systems,65.98381538677853,IoT,58.5,Python,56.1,Automata Theory,53.9,
EAM,1,4,Mobile & IoT Development,Python,78.8,IoT,62.0,Microcontroller & Embedded Systems,59.7,Java,48.9,Cryptography & Network Security,46.8,audit|solar|monitoring|power|sensor|linear programming|renewable|energy
EAM,2,3,Mobile & IoT Development|Network & Wireless Systems,Automata Theory,53.1,Java,47.9,Operating Systems,42.2,Database Management Systems,41.9,Software Engineering,38.0,audit|solar|monitoring|sensor|iot|efficiency|hvac|cyber|energy
RE,1,2,Network & Wireless Systems,Automata Theory,61.6,Software Engineering,54.5,Computer Networks,53.6,Digital Logic & Design,48.9,Java,47.9,statistics|quality|fmea|probability|risk|reliability
CSL,1,1,Network & Wireless Systems,Computer Networks,83.8,Cryptography & Network Security,80.5,Operating Systems,77.9,Digital Logic & Design,77.2,Python,72.0,firewall|network security
DBM,1,4,Data Science & Analytics,Full Stack Development,53.3,Design & Analysis of Algorithms,51.8,Cryptography & Network Security,51.8,Automata Theory,47.3,Software Engineering,42.1,ecommerce|digital marketing|sensor|dashboard|agile|analytics|react|seo|web
EAM,2,2,Mobile & IoT Development|Network & Wireless Systems,IoT,83.2,Cryptography & Network Security,76.9,Operating Systems,74.1,Engineering Mathematics-III,67.1,Design & Analysis of Algorithms,63.4,vulnerability|sensor|audit|efficiency
EAM,1,1,Mobile & IoT Development,Engineering Mathematics-III,66.6,Software Engineering,60.2,Microcontroller & Embedded Systems,59.2,Java,58.9,Full Stack Development,58.9,iot|sensor|monitoring|hvac
CSL,1,1,Network & Wireless Systems,Computer Networks,94.6,Artificial Intelligence,81.8,Full Stack Development,81.7,Database Management Systems,77.0,Microcontroller & Embedded Systems,76.8,authentication|phishing|security|cyber|network security
EAM,2,2,Mobile & IoT Development|Network & Wireless Systems,Microcontroller & Embedded Systems,75.1,Digital Logic & Design,71.7,Automata Theory,71.2,Data Structures and Algorithms,70.1,Full Stack Development,67.9,audit|monitoring|hvac|fmea|energy
EAM,1,2,Mobile & IoT Development,C++,93.2,Java,88.4,IoT,84.1,Python,80.0,Operating Systems,76.4,audit|solar|monitoring|power|iot|sensor|hvac|renewable|network security
CSL,2,3,Network & Wireless Systems|Cloud & Distributed Systems,Artificial Intelligence,92.1,Python,90.3,C++,88.0,Microcontroller & Embedded Systems,86.0,Computer Networks,83.8,vulnerability|authentication|phishing|security|cyber|network security|forensics|encryption
RE,2,2,Network & Wireless Systems|Cloud & Distributed Systems,Engineering Mathematics-III,96.6,Data Structures and Algorithms,80.0,Computer Networks,65.1,IoT,64.0,Operating Systems,63.5,weibull|simplex|fault tree|quality|simulation|fmea|testing|risk|reliability
EAM,2,2,Mobile & IoT Development|Network & Wireless Systems,Software Engineering,57.8,Microcontroller & Embedded Systems,46.5,Design & Analysis of Algorithms,42.9,C++,41.8,Engineering Mathematics-IV,41.1,audit|kpi|monitoring|power|hvac
EAM,1,2,Mobile & IoT Development,C++,67.6,IoT,63.5,Microcontroller & Embedded Systems,61.3,Java,58.6,Operating Systems,57.3,solar|monitoring|iot|sensor|efficiency|hvac|renewable|energy
RE,1,3,Network & Wireless Systems,Computer Networks,62.49513320097704,C++,58.5,Engineering Mathematics-III,54.7,Artificial Intelligence,54.2,Cryptography & Network Security,51.30158293714949,weibull|fault tree|quality|authentication|simulation|fmea|probability|reliability
EAM,2,0,Mobile & IoT Development|Network & Wireless Systems,Data Structures and Algorithms,67.3,Python,65.1,Full Stack Development,61.6,Operating Systems,60.4,IoT,57.7,
OR,2,1,Data Science & Analytics|Artificial Intelligence & Machine Learning,Operating Systems,82.4,Cryptography & Network Security,79.3,Database Management Systems,75.3,Engineering Mathematics-IV,74.1,IoT,71.3,supply chain|linear programming|inventory
DBM,2,1,Web Development|Mobile & IoT Development,Software Engineering,78.7,Engineering Mathematics-III,70.50069856839482,Design & Analysis of Algorithms,66.4,Engineering Mathematics-IV,63.1,Database Management Systems,62.6,kpi|crm|analytics
DBM,1,3,Data Science & Analytics,Cryptography & Network Security,81.9,Python,79.3,Computer Networks,76.2,Artificial Intelligence,76.2,Full Stack Development,75.4,kpi|ecommerce|digital marketing|dashboard|agile|analytics|react|optimization|seo|web
DBM,2,2,Web Development|Data Science & Analytics,Database Management Systems,100.0,Python,100.0,Full Stack Development,100.0,IoT,100.0,Automata Theory,99.8,kpi|solar|digital marketing|dashboard|agile|crm|analytics|react|seo|risk
DBM,1,1,Data Science & Analytics,Database Management Systems,68.4,Engineering Mathematics-III,45.9,Digital Logic & Design,39.5,Automata Theory,36.3,Full Stack Development,36.1,kpi|digital marketing|linear programming|agile|crm|analytics|web
DBM,2,1,Data Science & Analytics|Web Development,Full Stack Development,78.8,Software Engineering,75.3,Java,70.3,Artificial Intelligence,63.3,Computer Networks,59.8,crm|agile|ecommerce|react
CSL,1,3,Network & Wireless Systems,Cryptography & Network Security,97.8,Data Structures and Algorithms,89.6,Digital Logic & Design,86.7,Engineering Mathematics-III,85.30040956474309,Automata Theory,85.0,vulnerability|authentication|agile|security|cyber|phishing|queuing|firewall|forensics|encryption
CSL,1,2,Network & Wireless Systems,Automata Theory,93.6,Engineering Mathematics-IV,89.9,Database Management Systems,89.7,Cryptography & Network Security,87.1,Digital Logic & Design,87.0,vulnerability|react|authentication|phishing|security|cyber|firewall|network security|encryption
OR,2,4,Data Science & Analytics|Artificial Intelligence & Machine Learning,Engineering Mathematics-IV,74.2,Database Management Systems,68.62528733008075,Engineering Mathematics-III,67.1,Cryptography & Network Security,65.5,Full Stack Development,65.0,simplex|supply chain|scheduling|simulation|linear programming|phishing|queuing|inventory|optimization
DBM,1,2,Web Development,Microcontroller & Embedded Systems,100.0,Software Engineering,100.0,IoT,100.0,Data Structures and Algorithms,98.7,Full Stack Development,98.6,agile|crm|analytics|react|web
RE,1,1,Network & Wireless Systems,Database Management Systems,58.4,Engineering Mathematics-III,48.4,Operating Systems,45.4,Cryptography & Network Security,45.0,Data Structures and Algorithms,42.9,statistics|quality|fmea|probability|risk
RE,2,3,Network & Wireless Systems|Cloud & Distributed Systems,Engineering Mathematics-III,56.6,Database Management Systems,39.9,Software Engineering,39.7,Java,28.9,Full Stack Development,27.4,quality|simulation|fmea|testing|inventory|probability|risk|reliability
RE,1,1,Network & Wireless Systems,Microcontroller & Embedded Systems,67.9,Engineering Mathematics-IV,67.1,Automata Theory,58.1,Digital Logic & Design,54.4,Python,51.9,quality|testing|fmea|probability|reliability
EAM,1,4,Mobile & IoT Development,Microcontroller & Embedded Systems,27.7,Engineering Mathematics-IV,24.1,Data Structures and Algorithms,21.9,Design & Analysis of Algorithms,20.0,Software Engineering,19.913204134969288,audit|sensor|iot|efficiency|hvac|renewable|network security|energy
CSL,2,0,Network & Wireless Systems|Cloud & Distributed Systems,Automata Theory,76.5,Full Stack Development,76.4,Database Management Systems,73.6,Digital Logic & Design,73.1,Python,68.1,
OR,1,2,Data Science & Analytics,Engineering Mathematics-IV,85.7,Engineering Mathematics-III,79.3,Database Management Systems,75.3,Design & Analysis of Algorithms,67.9,Data Structures and Algorithms,66.8,scipy|simulation|linear programming|supply chain
OR,2,1,Data Science & Analytics|Artificial Intelligence & Machine Learning,C++,61.0,Engineering Mathematics-III,50.3,Artificial Intelligence,49.8,Software Engineering,46.4,Engineering Mathematics-IV,43.7,scipy|linear programming|queuing|reliability
DBM,2,3,Data Science & Analytics|Web Development,Engineering Mathematics-III,61.3,Full Stack Development,57.5,Computer Networks,56.6,Database Management Systems,54.0,Data Structures and Algorithms,52.7,solar|ecommerce|dashboard|hvac|crm|analytics|react|web
CSL,1,1,Network & Wireless Systems,Database Management Systems,87.3,Cryptography & Network Security,77.4,Automata Theory,76.5,Data Structures and Algorithms,74.4,Python,74.4,authentication|forensics|ecommerce|network security
CSL,1,2,Network & Wireless Systems,Computer Networks,100.0,Automata Theory,100.0,Design & Analysis of Algorithms,100.0,Cryptography & Network Security,100.0,C++,99.7,authentication|phishing|cyber|firewall|forensics|encryption
RE,2,3,Network & Wireless Systems|Cloud & Distributed Systems,Engineering Mathematics-IV,99.3747452942455,Design & Analysis of Algorithms,82.7,Full Stack Development,82.1,Digital Logic & Design,77.7,Computer Networks,77.0,weibull|fault tree|statistics|quality|phishing|fmea|risk
OR,2,2,Data Science & Analytics|Artificial Intelligence & Machine Learning,Database Management Systems,81.8,Engineering Mathematics-III,74.1,IoT,70.3,Full Stack Development,65.1,Engineering Mathematics-IV,63.4,simplex|simulation|queuing
EAM,3,0,Mobile & IoT Development|Network & Wireless Systems|Cloud & Distributed Systems,Cryptography & Network Security,72.9,Python,69.8,Design & Analysis of Algorithms,68.3,Microcontroller & Embedded Systems,65.4,Engineering Mathematics-III,63.8,
OR,1,3,Data Science & Analytics,Software Engineering,94.1,Digital Logic & Design,93.7,C++,88.1,Computer Networks,85.9,Data Structures and Algorithms,85.0,supply chain|scheduling|simulation|linear programming|queuing|inventory|optimization|scipy
CSL,2,1,Network & Wireless Systems|Cloud & Distributed Systems,Database Management Systems,100.0,Operating Systems,100.0,Microcontroller & Embedded Systems,100.0,Cryptography & Network Security,100.0,Engineering Mathematics-IV,98.8,seo|cyber|network security
EAM,1,3,Mobile & IoT Development,Computer Networks,74.7,Engineering Mathematics-IV,72.8,IoT,71.9,Artificial Intelligence,70.9,C++,63.1,audit|solar|power|iot|sensor|efficiency|hvac|renewable
RE,1,2,Network & Wireless Systems,Computer Networks,70.5,Full Stack Development,66.3,Microcontroller & Embedded Systems,64.4,C++,62.3,Database Management Systems,61.0,weibull|fault tree|simulation|testing|fmea|probability|risk|encryption
EAM,1,3,Mobile & IoT Development,Automata Theory,76.6,IoT,72.8,Digital Logic & Design,69.9,Java,64.7,Artificial Intelligence,63.8,audit|solar|monitoring|power|sensor|phishing|hvac|renewable
CSL,1,3,Network & Wireless Systems,Operating Systems,100.0,Microcontroller & Embedded Systems,100.0,Cryptography & Network Security,100.0,Full Stack Development,100.0,Java,95.7,authentication|security|cyber|queuing|firewall|network security|forensics|encryption
RE,2,2,Network & Wireless Systems|Cloud & Distributed Systems,Database Management Systems,76.3,Engineering Mathematics-III,73.4,Design & Analysis of Algorithms,62.9,Microcontroller & Embedded Systems,58.736356203563986,IoT,57.37877252467676,weibull|quality|statistics|power
CSL,2,3,Network & Wireless Systems|Web Development,Cryptography & Network Security,100.0,Data Structures and Algorithms,87.2,Computer Networks,86.4,Database Management Systems,84.4,Python,81.6,vulnerability|quality|simulation|phishing|cyber|firewall|network security|forensics|encryption
RE,1,3,Network & Wireless Systems,Engineering Mathematics-III,56.9,Java,55.5,Engineering Mathematics-IV,54.8,Design & Analysis of Algorithms,50.1,Computer Networks,49.5,weibull|fault tree|statistics|agile|renewable|probability|risk|reliability
RE,2,2,Network & Wireless Systems|Cloud & Distributed Systems,Data Structures and Algorithms,53.8,Operating Systems,51.9,Cryptography & Network Security,48.6,Full Stack Development,47.9,C++,33.1,weibull|simulation|fmea|probability|reliability
DBM,2,3,Data Science & Analytics|Web Development,IoT,75.0,Database Management Systems,67.5,Data Structures and Algorithms,66.3,Artificial Intelligence,64.8,Digital Logic & Design,64.5,kpi|ecommerce|digital marketing|dashboard|agile|phishing|crm|seo|web
RE,1,3,Network & Wireless Systems,Engineering Mathematics-IV,99.4,Cryptography & Network Security,67.15665497885242,Digital Logic & Design,66.6,Microcontroller & Embedded Systems,61.6,Python,60.3,weibull|encryption|statistics|quality|simulation|fmea|queuing|probability|risk|reliability
EAM,1,3,Mobile & IoT Development,Digital Logic & Design,70.9,Computer Networks,69.5,Engineering Mathematics-III,61.1,Engineering Mathematics-IV,60.5,Cryptography & Network Security,59.3,solar|monitoring|power|iot|sensor|efficiency|renewable|energy
RE,2,3,Network & Wireless Systems|Data Science & Analytics,Engineering Mathematics-III,100.0,Database Management Systems,99.6208599524402,Cryptography & Network Security,96.3,Engineering Mathematics-IV,93.6,Software Engineering,91.22202653270836,weibull|fault tree|statistics|hvac|testing|fmea|probability|risk|reliability
CSL,2,2,Network & Wireless Systems|Cloud & Distributed Systems,Design & Analysis of Algorithms,40.7,Full Stack Development,40.6,Engineering Mathematics-IV,37.401444539541004,Java,33.2,Microcontroller & Embedded Systems,27.4,authentication|phishing|security|network security|forensics|encryption
EAM,2,4,Mobile & IoT Development|Network & Wireless Systems,Python,74.6,Microcontroller & Embedded Systems,70.9,Automata Theory,70.1,Java,69.7,Operating Systems,64.3,audit|solar|monitoring|power|statistics|iot|sensor|linear programming|efficiency|hvac
OR,2,3,Data Science & Analytics|Web Development,Engineering Mathematics-IV,100.0,Data Structures and Algorithms,100.0,Digital Logic & Design,100.0,Computer Networks,100.0,Cryptography & Network Security,100.0,supply chain|simplex|simulation|linear programming|renewable|queuing|inventory|scipy
RE,3,1,Network & Wireless Systems|Cloud & Distributed Systems|Data Science & Analytics,Software Engineering,41.1,Artificial Intelligence,33.0,Cryptography & Network Security,31.0,Digital Logic & Design,16.7,Design & Analysis of Algorithms,16.7,statistics|quality|testing|probability|risk|reliability
CSL,1,2,Network & Wireless Systems,Computer Networks,82.6,IoT,78.4,Software Engineering,69.7,Cryptography & Network Security,68.5,Full Stack Development,68.0,vulnerability|simplex|authentication|phishing|firewall|network security|forensics|encryption
OR,2,3,Data Science & Analytics|Artificial Intelligence & Machine Learning,Microcontroller & Embedded Systems,71.9,IoT,57.0,Software Engineering,56.1,Automata Theory,48.5,Database Management Systems,45.1,weibull|supply chain|simplex|simulation|linear programming|queuing|inventory|react|scipy
CSL,2,4,Network & Wireless Systems|Web Development,Microcontroller & Embedded Systems,89.1,Computer Networks,87.8,Data Structures and Algorithms,86.2,Full Stack Development,80.9,Artificial Intelligence,80.2,vulnerability|authentication|phishing|security|cyber|firewall|network security|seo|forensics|encryption
CSL,1,4,Network & Wireless Systems,Computer Networks,67.1,Cryptography & Network Security,65.6,Operating Systems,61.9,Software Engineering,59.9,Python,53.3,vulnerability|authentication|phishing|security|cyber|firewall|network security|forensics|encryption
RE,1,0,Network & Wireless Systems,Digital Logic & Design,78.5,Artificial Intelligence,78.5,Python,75.0,Automata Theory,74.5,IoT,73.4,
RE,1,2,Network & Wireless Systems,Software Engineering,66.5,Automata Theory,64.3,Design & Analysis of Algorithms,60.5,Artificial Intelligence,58.4,IoT,49.2,weibull|fault tree|quality|testing|fmea|risk
CSL,1,2,Network & Wireless Systems,C++,49.5,Computer Networks,43.0,Java,35.5,Design & Analysis of Algorithms,27.8,Operating Systems,24.5,vulnerability|authentication|security|cyber|network security|encryption
RE,2,3,Network & Wireless Systems|Data Science & Analytics,Java,77.6,Engineering Mathematics-III,66.3,IoT,62.9,Operating Systems,60.0,Design & Analysis of Algorithms,58.3,weibull|fault tree|statistics|quality|fmea|testing|probability
DBM,2,1,Data Science & Analytics|Cloud & Distributed Systems,Full Stack Development,77.9,Data Structures and Algorithms,69.4,Design & Analysis of Algorithms,61.3,Software Engineering,59.4,Engineering Mathematics-III,58.1,kpi|ecommerce|agile|crm|react|web
RE,1,1,Network & Wireless Systems,Operating Systems,52.8,Engineering Mathematics-III,47.2,Design & Analysis of Algorithms,46.9,Digital Logic & Design,43.2,Engineering Mathematics-IV,37.5,weibull|ecommerce|testing|probability|reliability
EAM,1,3,Mobile & IoT Development,Cryptography & Network Security,57.7,Design & Analysis of Algorithms,55.7,Microcontroller & Embedded Systems,50.2,Operating Systems,50.0,Engineering Mathematics-III,47.5,audit|solar|monitoring|power|iot|efficiency|hvac|renewable|energy
CSL,1,2,Network & Wireless Systems,Engineering Mathematics-III,100.0,Computer Networks,100.0,Cryptography & Network Security,100.0,Operating Systems,95.8,Engineering Mathematics-IV,95.12052766522943,vulnerability|authentication|phishing|cyber|firewall
RE,2,2,Network & Wireless Systems|Cloud & Distributed Systems,Engineering Mathematics-IV,79.3,Java,78.1,Computer Networks,77.5,Software Engineering,77.4,Database Management Systems,75.0,weibull|statistics|testing|probability|risk|web
CSL,2,1,Network & Wireless Systems|Cloud & Distributed Systems,Artificial Intelligence,50.7,Software Engineering,46.3,Cryptography & Network Security,40.9,Automata Theory,38.5,Engineering Mathematics-III,36.0,testing|forensics|security
DBM,2,1,Web Development|Data Science & Analytics,Software Engineering,65.8,Engineering Mathematics-III,61.6,Database Management Systems,57.7,Digital Logic & Design,57.0,Java,55.7,kpi|dashboard|agile|crm|analytics|react
RE,1,1,Network & Wireless Systems,Engineering Mathematics-III,81.92885937639174,Engineering Mathematics-IV,74.1483748463331,Operating Systems,69.8,Computer Networks,60.7,IoT,59.3,risk|fmea|probability
EAM,3,2,Mobile & IoT Development|Network & Wireless Systems|Cloud & Distributed Systems,Cryptography & Network Security,90.0,IoT,88.6,Automata Theory,86.9,Artificial Intelligence,86.0,Python,85.3,iot|sensor|efficiency|hvac|renewable|energy
CSL,1,3,Network & Wireless Systems,C++,64.3,Data Structures and Algorithms,43.6,IoT,40.5,Automata Theory,39.3,Artificial Intelligence,36.9,vulnerability|authentication|phishing|security|cyber|network security|forensics|encryption
CSL,1,1,Network & Wireless Systems,Operating Systems,89.8,Java,84.2,IoT,83.81287902647112,Automata Theory,81.2,Data Structures and Algorithms,80.4,vulnerability|authentication|forensics|encryption
RE,2,4,Network & Wireless Systems|Cloud & Distributed Systems,Database Management Systems,64.8,Data Structures and Algorithms,45.5,Artificial Intelligence,40.8,Operating Systems,37.7,Engineering Mathematics-III,35.6,weibull|fault tree|statistics|sensor|simulation|fmea|testing|probability|risk|reliability
OR,2,4,Data Science & Analytics|Web Development,Database Management Systems,86.0,C++,83.5,Engineering Mathematics-IV,82.9,Java,81.3,Digital Logic & Design,80.0,simplex|supply chain|scheduling|linear programming|simulation|cyber|queuing|optimization|inventory|scipy
CSL,2,2,Network & Wireless Systems|Cloud & Distributed Systems,Computer Networks,62.2,Data Structures and Algorithms,59.8,Artificial Intelligence,57.7,Full Stack Development,57.5,Digital Logic & Design,57.2,vulnerability|authentication|security|cyber|optimization|forensics|encryption
OR,1,3,Data Science & Analytics,Engineering Mathematics-IV,81.62601140218209,Artificial Intelligence,73.3,Operating Systems,71.3,Digital Logic & Design,67.6,Automata Theory,65.2,supply chain|audit|simplex|scheduling|linear programming|simulation|queuing|inventory|optimization|scipy
OR,1,1,Data Science & Analytics,Engineering Mathematics-IV,65.0,Operating Systems,63.1,C++,60.2,Engineering Mathematics-III,60.1,Python,60.0,simplex|supply chain|ecommerce|linear programming|queuing|optimization
OR,3,3,Data Science & Analytics|Artificial Intelligence & Machine Learning|Web Development,Python,78.2,Digital Logic & Design,78.1,Cryptography & Network Security,76.0,Design & Analysis of Algorithms,74.6,C++,73.2,simplex|scheduling|linear programming|simulation|queuing|inventory|optimization|scipy
EAM,1,1,Mobile & IoT Development,Engineering Mathematics-IV,88.3,Database Management Systems,87.4,Software Engineering,86.2,IoT,84.9,Microcontroller & Embedded Systems,83.8,audit|sensor|iot|renewable|energy
RE,2,4,Network & Wireless Systems|Data Science & Analytics,Python,59.9,Engineering Mathematics-III,58.83809555686555,Database Management Systems,55.9,Operating Systems,48.5,Engineering Mathematics-IV,48.243148597626394,weibull|fault tree|statistics|quality|iot|simulation|testing|analytics|probability|risk
EAM,1,3,Mobile & IoT Development,Design & Analysis of Algorithms,57.6,Digital Logic & Design,50.3,Cryptography & Network Security,49.9,Engineering Mathematics-IV,49.4,C++,42.2,solar|monitoring|power|sensor|efficiency|hvac|renewable|seo|energy
DBM,3,1,Data Science & Analytics|Cloud & Distributed Systems|Mobile & IoT Development,Full Stack Development,64.4,Artificial Intelligence,63.5,Python,58.9,Automata Theory,58.0,Microcontroller & Embedded Systems,52.0,kpi|linear programming|web|crm
RE,2,1,Network & Wireless Systems|Data Science & Analytics,Software Engineering,89.5,Digital Logic & Design,85.2,Engineering Mathematics-IV,78.8,Java,75.7,Artificial Intelligence,72.7,weibull|fmea|probability
RE,2,2,Network & Wireless Systems|Cloud & Distributed Systems,Engineering Mathematics-III,91.2,Software Engineering,77.2,Engineering Mathematics-IV,69.2,Artificial Intelligence,64.9,C++,62.7,weibull|vulnerability|fault tree|statistics|quality|simulation|testing
EAM,2,1,Mobile & IoT Development|Cloud & Distributed Systems,Automata Theory,63.9,Database Management Systems,56.0,Engineering Mathematics-IV,55.3,IoT,54.6,Data Structures and Algorithms,52.7,sensor|energy|efficiency|hvac
DBM,3,2,Data Science & Analytics|Web Development|Cloud & Distributed Systems,Cryptography & Network Security,65.7,Software Engineering,64.5,Computer Networks,62.6,Engineering Mathematics-III,60.0,Python,57.7,ecommerce|dashboard|queuing|crm|analytics|react
OR,2,3,Data Science & Analytics|Artificial Intelligence & Machine Learning,Cryptography & Network Security,93.0,Data Structures and Algorithms,87.7,Engineering Mathematics-IV,83.8,Digital Logic & Design,73.9,Automata Theory,72.9,supply chain|risk|scheduling|linear programming|simulation|queuing|optimization|inventory|scipy
EAM,2,3,Mobile & IoT Development|Network & Wireless Systems,IoT,77.1,Microcontroller & Embedded Systems,75.3,Computer Networks,75.2,Engineering Mathematics-III,72.7,Engineering Mathematics-IV,70.6,audit|solar|monitoring|power|statistics|sensor|iot|phishing|efficiency|hvac
EAM,2,2,Mobile & IoT Development|Network & Wireless Systems,Engineering Mathematics-IV,84.27201665221078,Operating Systems,67.8,Microcontroller & Embedded Systems,65.1,Engineering Mathematics-III,59.773916277179026,Artificial Intelligence,57.5,audit|solar|monitoring|power|iot|hvac|react|energy
EAM,1,3,Mobile & IoT Development,Automata Theory,64.2,IoT,50.8,Python,49.1,Digital Logic & Design,38.6,Artificial Intelligence,32.7,audit|solar|power|iot|sensor|efficiency|hvac|renewable|energy
CSL,1,4,Network & Wireless Systems,Operating Systems,58.3,Java,58.2,Engineering Mathematics-IV,55.7,Full Stack Development,53.9,Engineering Mathematics-III,50.6,vulnerability|authentication|phishing|security|cyber|firewall|forensics|encryption
CSL,1,1,Network & Wireless Systems,Data Structures and Algorithms,100.0,Cryptography & Network Security,97.9,Computer Networks,94.7,Design & Analysis of Algorithms,91.7,Java,84.3,vulnerability|phishing|security|firewall|network security|forensics
CSL,1,2,Network & Wireless Systems,Microcontroller & Embedded Systems,96.0,Computer Networks,94.2,Software Engineering,92.9,Cryptography & Network Security,91.1,Automata Theory,90.4,iot|authentication|phishing|cyber|firewall|network security|forensics|encryption
OR,1,2,Data Science & Analytics,Engineering Mathematics-IV,61.8,Engineering Mathematics-III,56.7,C++,54.9,Python,54.1,Design & Analysis of Algorithms,53.9,linear programming|simulation|queuing|inventory|optimization|analytics|scipy
CSL,2,1,Network & Wireless Systems|Cloud & Distributed Systems,Database Management Systems,88.00247318234007,Operating Systems,80.5,IoT,79.2,Software Engineering,78.02585688800218,Engineering Mathematics-IV,77.2,phishing|security|firewall|network security|encryption
OR,2,3,Data Science & Analytics|Artificial Intelligence & Machine Learning,Engineering Mathematics-III,94.2,Java,93.7,Cryptography & Network Security,87.0,Engineering Mathematics-IV,84.5,Design & Analysis of Algorithms,79.1,supply chain|simplex|scheduling|simulation|linear programming|queuing|optimization|scipy
CSL,1,3,Network & Wireless Systems,Automata Theory,65.5,Cryptography & Network Security,64.0,C++,58.9,Data Structures and Algorithms,51.6,Engineering Mathematics-IV,48.5953827415914,vulnerability|simulation|phishing|security|firewall|network security|forensics|encryption
DBM,3,2,Data Science & Analytics|Web Development|Cloud & Distributed Systems,Database Management Systems,100.0,Software Engineering,100.0,Full Stack Development,100.0,Engineering Mathematics-IV,96.4,Data Structures and Algorithms,94.1,kpi|ecommerce|digital marketing|dashboard|analytics|react|seo|web
CSL,1,1,Network & Wireless Systems,Full Stack Development,79.2,Python,74.2,Digital Logic & Design,72.7,Engineering Mathematics-IV,70.1,Cryptography & Network Security,69.0,forensics|network security
OR,2,2,Data Science & Analytics|Artificial Intelligence & Machine Learning,Python,57.4,Computer Networks,52.3,C++,38.6,Database Management Systems,37.8,Design & Analysis of Algorithms,37.6,supply chain|linear programming|inventory|simulation
CSL,2,1,Network & Wireless Systems|Cloud & Distributed Systems,Design & Analysis of Algorithms,96.4,Engineering Mathematics-IV,93.2,Computer Networks,83.8,IoT,71.4,Engineering Mathematics-III,70.7,vulnerability|forensics|security|firewall
DBM,3,3,Web Development|Data Science & Analytics|Cloud & Distributed Systems,Database Management Systems,79.0,Computer Networks,73.2,Data Structures and Algorithms,71.0,Design & Analysis of Algorithms,67.4,Cryptography & Network Security,67.1,kpi|ecommerce|digital marketing|agile|crm|seo|web
CSL,1,3,Network & Wireless Systems,Cryptography & Network Security,42.7,Engineering Mathematics-IV,37.6,Data Structures and Algorithms,36.1,Automata Theory,35.3,Artificial Intelligence,34.2,vulnerability|authentication|phishing|cyber|renewable|firewall|network security|encryption
CSL,2,2,Network & Wireless Systems|Web Development,Cryptography & Network Security,98.1,Full Stack Development,92.9,Database Management Systems,92.1,Computer Networks,91.0,Operating Systems,84.8,vulnerability|authentication|phishing|security|cyber|firewall|network security|forensics
OR,2,3,Data Science & Analytics|Artificial Intelligence & Machine Learning,Database Management Systems,100.0,Engineering Mathematics-III,86.5,Artificial Intelligence,86.1,Java,84.9,Engineering Mathematics-IV,82.8,simplex|supply chain|linear programming|simulation|queuing|inventory|optimization|scipy
OR,2,1,Data Science & Analytics|Artificial Intelligence & Machine Learning,Operating Systems,45.4,Database Management Systems,43.4,Design & Analysis of Algorithms,41.1,Artificial Intelligence,38.3,Engineering Mathematics-III,37.7,simplex|scheduling|simulation|optimization|scipy|forensics
EAM,2,3,Mobile & IoT Development|Network & Wireless Systems,Microcontroller & Embedded Systems,69.1,Cryptography & Network Security,65.7,Computer Networks,62.7,Digital Logic & Design,61.6,Data Structures and Algorithms,59.8,audit|monitoring|power|iot|sensor|hvac|renewable|optimization|energy
CSL,1,1,Network & Wireless Systems,Operating Systems,52.6,Cryptography & Network Security,48.0,Engineering Mathematics-IV,47.11319187171013,Digital Logic & Design,45.3,Automata Theory,41.1,vulnerability|authentication|cyber|firewall|encryption
RE,2,2,Network & Wireless Systems|Cloud & Distributed Systems,Microcontroller & Embedded Systems,75.7,Design & Analysis of Algorithms,75.4,Data Structures and Algorithms,75.2,Operating Systems,73.8,Engineering Mathematics-IV,73.1,fault tree|statistics|quality|simulation|testing|probability|risk|reliability
EAM,1,3,Mobile & IoT Development,Engineering Mathematics-III,100.0,Database Management Systems,100.0,Operating Systems,100.0,Full Stack Development,100.0,Automata Theory,98.9,audit|solar|monitoring|sensor|hvac|energy
DBM,3,2,Data Science & Analytics|Web Development|Cloud & Distributed Systems,Database Management Systems,40.5,Automata Theory,33.5,Full Stack Development,33.1,Design & Analysis of Algorithms,33.0,Java,31.5,kpi|dashboard|agile|crm|seo|web
OR,2,4,Data Science & Analytics|Artificial Intelligence & Machine Learning,IoT,81.7,Python,71.7,Microcontroller & Embedded Systems,68.5,Engineering Mathematics-IV,66.5,Automata Theory,66.3,supply chain|simplex|scheduling|quality|simulation|linear programming|queuing|optimization|inventory
DBM,2,2,Data Science & Analytics|Web Development,Database Management Systems,79.7,Software Engineering,74.9,Java,70.3,Engineering Mathematics-III,69.7,Full Stack Development,69.0,kpi|ecommerce|digital marketing|authentication|dashboard|react|seo|web
DBM,2,0,Data Science & Analytics|Web Development,Full Stack Development,76.3,Engineering Mathematics-IV,66.7,Java,63.1,Artificial Intelligence,62.6,Engineering Mathematics-III,60.2,
DBM,1,0,Data Science & Analytics,Full Stack Development,55.6,Software Engineering,47.4,Engineering Mathematics-III,39.8160076205986,Digital Logic & Design,38.8,Microcontroller & Embedded Systems,35.1,
DBM,3,3,Data Science & Analytics|Web Development|Cloud & Distributed Systems,Cryptography & Network Security,74.5,Operating Systems,74.0,Full Stack Development,73.3,Data Structures and Algorithms,71.1,Python,66.9,kpi|ecommerce|digital marketing|dashboard|agile|fmea|crm|analytics|seo|web
RE,2,2,Network & Wireless Systems|Cloud & Distributed Systems,Computer Networks,53.9,Design & Analysis of Algorithms,51.3,Full Stack Development,50.1,Java,47.5,Operating Systems,46.5,weibull|vulnerability|fault tree|simulation|risk
RE,1,2,Network & Wireless Systems,IoT,88.3760440568842,Database Management Systems,86.8,Software Engineering,81.2,Microcontroller & Embedded Systems,79.43228743342078,Data Structures and Algorithms,76.6,quality|testing
CSL,1,0,Network & Wireless Systems,Artificial Intelligence,79.3,Operating Systems,71.0,Python,70.0,Engineering Mathematics-IV,67.4,Full Stack Development,66.8,
OR,1,0,Data Science & Analytics,Engineering Mathematics-IV,85.7,Database Management Systems,78.3,Engineering Mathematics-III,72.6,Cryptography & Network Security,64.3,IoT,61.1,
DBM,2,1,Web Development|Data Science & Analytics,Full Stack Development,100.0,Digital Logic & Design,99.9,C++,98.9,IoT,98.6,Software Engineering,96.4,seo|web|firewall|digital marketing
EAM,2,4,Mobile & IoT Development|Network & Wireless Systems,IoT,81.6,Cryptography & Network Security,79.9,Automata Theory,78.2,Microcontroller & Embedded Systems,76.6,Operating Systems,72.0,audit|solar|monitoring|power|sensor|iot|efficiency|hvac|renewable|energy
EAM,2,0,Mobile & IoT Development|Network & Wireless Systems,Software Engineering,92.6,Cryptography & Network Security,78.8,Digital Logic & Design,77.5,Microcontroller & Embedded Systems,76.8,IoT,72.5,
DBM,3,3,Data Science & Analytics|Web Development|Cloud & Distributed Systems,Engineering Mathematics-III,70.7,Java,63.2,Full Stack Development,59.3,Software Engineering,53.2,Python,52.3,audit|kpi|ecommerce|digital marketing|dashboard|agile|crm|analytics|seo|web
EAM,2,1,Mobile & IoT Development|Network & Wireless Systems,C++,78.1,Automata Theory,65.3,Computer Networks,61.9,Microcontroller & Embedded Systems,60.6,Database Management Systems,57.4,solar|energy|hvac
DBM,2,1,Web Development|Cloud & Distributed Systems,Cryptography & Network Security,68.5,Automata Theory,66.4,Python,59.2,Digital Logic & Design,57.8,Software Engineering,56.7,agile|ecommerce|react
RE,2,3,Network & Wireless Systems|Cloud & Distributed Systems,Digital Logic & Design,81.0,Software Engineering,67.02287792429429,Database Management Systems,64.0317211287761,Cryptography & Network Security,61.9,Engineering Mathematics-III,61.4,weibull|fault tree|statistics|quality|testing|queuing|inventory|probability|risk|reliability
DBM,3,1,Web Development|Data Science & Analytics|Cloud & Distributed Systems,Automata Theory,71.8,Database Management Systems,69.6,Design & Analysis of Algorithms,69.6,Data Structures and Algorithms,69.3,Software Engineering,60.7,ecommerce|dashboard|kpi|crm
RE,1,3,Network & Wireless Systems,Data Structures and Algorithms,68.8,Engineering Mathematics-IV,64.7,Operating Systems,62.0,Engineering Mathematics-III,60.0,Software Engineering,55.4,weibull|fault tree|statistics|quality|simulation|testing|queuing|probability|risk
CSL,2,1,Network & Wireless Systems|Web Development,Computer Networks,88.4,Python,84.7,Cryptography & Network Security,82.2,Engineering Mathematics-IV,76.4,Software Engineering,75.17921337242855,security|firewall
RE,2,1,Network & Wireless Systems|Cloud & Distributed Systems,Engineering Mathematics-III,82.0,Software Engineering,81.9,Python,78.1,Automata Theory,71.5,Microcontroller & Embedded Systems,70.3,statistics|quality|testing|reliability
EAM,2,1,Mobile & IoT Development|Network & Wireless Systems,Data Structures and Algorithms,70.7,Microcontroller & Embedded Systems,67.4,Python,64.2,Cryptography & Network Security,60.9,Design & Analysis of Algorithms,60.7,solar|fault tree|iot|hvac|energy
RE,1,1,Network & Wireless Systems,Engineering Mathematics-IV,92.8,Engineering Mathematics-III,91.9,Data Structures and Algorithms,89.3,Microcontroller & Embedded Systems,87.8,Cryptography & Network Security,87.8,statistics|quality|simulation|testing|inventory|risk|reliability
OR,1,1,Data Science & Analytics,Engineering Mathematics-IV,62.7,Data Structures and Algorithms,58.1,Full Stack Development,58.1,Engineering Mathematics-III,54.9,Design & Analysis of Algorithms,54.5,scheduling|scipy
RE,1,2,Network & Wireless Systems,Computer Networks,71.5,Java,71.5,Microcontroller & Embedded Systems,68.8,Engineering Mathematics-III,66.3,Cryptography & Network Security,63.7,weibull|quality|simulation|security|testing|probability|reliability
CSL,1,0,Network & Wireless Systems,Full Stack Development,70.3,Engineering Mathematics-IV,68.9,Microcontroller & Embedded Systems,64.1,Design & Analysis of Algorithms,59.6,Digital Logic & Design,57.6,
DBM,3,2,Web Development|Data Science & Analytics|Cloud & Distributed Systems,Engineering Mathematics-III,90.76855161488375,Software Engineering,67.5,Full Stack Development,64.6,Cryptography & Network Security,61.4,Database Management Systems,60.0,vulnerability|kpi|digital marketing|dashboard|agile|crm|react|seo|web
CSL,2,1,Network & Wireless Systems|Cloud & Distributed Systems,Engineering Mathematics-III,66.51406549537812,Digital Logic & Design,59.7,Cryptography & Network Security,57.7,Python,56.5,IoT,54.4,cyber|firewall|network security|forensics|encryption
OR,3,4,Data Science & Analytics|Artificial Intelligence & Machine Learning|Web Development,Microcontroller & Embedded Systems,67.2,Software Engineering,54.117369674861536,Full Stack Development,52.4,Python,50.6,Java,48.1,risk|supply chain|simplex|scheduling|simulation|linear programming|queuing|inventory|probability|optimization
CSL,1,2,Network & Wireless Systems,Automata Theory,65.0,Microcontroller & Embedded Systems,53.0,Database Management Systems,50.4,Full Stack Development,47.5,Digital Logic & Design,47.4,vulnerability|dashboard|firewall|network security|forensics|encryption
RE,1,4,Network & Wireless Systems,Java,89.6,C++,85.8,Digital Logic & Design,85.4,IoT,85.4,Database Management Systems,79.7,weibull|audit|fault tree|monitoring|statistics|simulation|fmea|seo|risk|reliability
DBM,2,0,Data Science & Analytics|Web Development,Computer Networks,76.0,Python,74.7,Data Structures and Algorithms,72.1,Software Engineering,69.2,IoT,63.6,
OR,3,1,Data Science & Analytics|Artificial Intelligence & Machine Learning|Web Development,Computer Networks,98.65713371440246,Operating Systems,96.3,Database Management Systems,92.6,Data Structures and Algorithms,92.3,Cryptography & Network Security,90.11148731388757,vulnerability|supply chain|simulation|inventory
EAM,1,3,Mobile & IoT Development,Engineering Mathematics-III,62.2200341368728,Design & Analysis of Algorithms,56.7,Digital Logic & Design,54.4,Engineering Mathematics-IV,47.72291875869766,Automata Theory,47.7,audit|solar|power|iot|sensor|efficiency|hvac|energy
RE,1,2,Network & Wireless Systems,Operating Systems,97.5,Engineering Mathematics-IV,84.6,Engineering Mathematics-III,81.1,Artificial Intelligence,77.8,IoT,77.7,fault tree|statistics|quality|simulation|fmea|testing|probability
CSL,2,0,Network & Wireless Systems|Web Development,Cryptography & Network Security,82.9,Software Engineering,71.7,Engineering Mathematics-III,67.0636136150219,Operating Systems,66.4,Artificial Intelligence,64.7,
EAM,1,2,Mobile & IoT Development,IoT,100.0,Database Management Systems,89.14168239218456,Data Structures and Algorithms,88.7,Operating Systems,86.8,Microcontroller & Embedded Systems,86.4,audit|solar|monitoring|power|sensor|efficiency|hvac|renewable
RE,3,0,Network & Wireless Systems|Cloud & Distributed Systems|Data Science & Analytics,Design & Analysis of Algorithms,95.5,Data Structures and Algorithms,87.2,Database Management Systems,86.0,Cryptography & Network Security,84.5,Engineering Mathematics-IV,83.4,
OR,1,1,Data Science & Analytics,Data Structures and Algorithms,76.3,Computer Networks,66.5,Java,65.3,Engineering Mathematics-IV,63.2,Database Management Systems,60.9,supply chain|simplex|scheduling|linear programming|queuing|optimization
OR,2,1,Data Science & Analytics|Artificial Intelligence & Machine Learning,Design & Analysis of Algorithms,64.2,Artificial Intelligence,63.2,C++,59.7,Engineering Mathematics-III,59.6,Data Structures and Algorithms,59.0,simplex|optimization
EAM,1,1,Mobile & IoT Development,Engineering Mathematics-III,74.2,Database Management Systems,64.8,Python,64.7,Software Engineering,62.5,Operating Systems,61.4,audit|solar|power|iot|efficiency|renewable
EAM,1,4,Mobile & IoT Development,Microcontroller & Embedded Systems,100.0,Python,100.0,Design & Analysis of Algorithms,100.0,IoT,100.0,C++,96.4,audit|supply chain|solar|monitoring|power|iot|sensor|agile|security|efficiency
OR,2,0,Data Science & Analytics|Artificial Intelligence & Machine Learning,C++,76.9,Engineering Mathematics-III,75.4,Java,74.1,Engineering Mathematics-IV,73.5,Database Management Systems,72.60139814212167,
RE,1,1,Network & Wireless Systems,C++,65.2,Digital Logic & Design,63.8,Software Engineering,56.0,Engineering Mathematics-III,50.0,Artificial Intelligence,47.8,quality|risk
DBM,2,2,Data Science & Analytics|Web Development,Data Structures and Algorithms,82.9,Engineering Mathematics-IV,75.8,Java,74.4,Computer Networks,72.5,Python,71.6,digital marketing|agile|analytics|react
RE,2,0,Network & Wireless Systems|Cloud & Distributed Systems,Artificial Intelligence,88.2,Design & Analysis of Algorithms,73.8,Engineering Mathematics-III,65.4,Digital Logic & Design,59.6,Java,59.2,
CSL,1,2,Network & Wireless Systems,Operating Systems,79.4,Database Management Systems,74.25397885723336,Digital Logic & Design,73.6,Cryptography & Network Security,71.2,Computer Networks,70.4,kpi|authentication|cyber|firewall|network security|forensics|encryption
OR,1,1,Data Science & Analytics,Data Structures and Algorithms,68.1,Digital Logic & Design,59.2,Computer Networks,53.0,Database Management Systems,52.4,Engineering Mathematics-III,51.6,scheduling|scipy|simulation|queuing
OR,2,2,Data Science & Analytics|Artificial Intelligence & Machine Learning,Artificial Intelligence,72.8,Database Management Systems,66.3041553581185,Software Engineering,65.36432220872491,Design & Analysis of Algorithms,59.9,Operating Systems,58.5,fault tree|scheduling|simulation|linear programming|queuing|inventory|scipy
DBM,3,2,Data Science & Analytics|Web Development|Mobile & IoT Development,Artificial Intelligence,41.8,Cryptography & Network Security,39.4,Full Stack Development,38.1,C++,36.1,Automata Theory,34.9,kpi|ecommerce|power|agile|crm|analytics|web
OR,1,2,Data Science & Analytics,Microcontroller & Embedded Systems,85.8,Engineering Mathematics-III,82.8,Automata Theory,81.6,Python,81.4,Engineering Mathematics-IV,81.0,scheduling|supply chain|linear programming|queuing
OR,1,2,Data Science & Analytics,Engineering Mathematics-IV,68.2,Cryptography & Network Security,54.7,Design & Analysis of Algorithms,51.3,Artificial Intelligence,50.1,Data Structures and Algorithms,49.4,simplex|supply chain|scheduling|linear programming|simulation|queuing|inventory|probability|scipy
EAM,2,2,Mobile & IoT Development|Network & Wireless Systems,Artificial Intelligence,43.0,Automata Theory,41.5,C++,39.6,Data Structures and Algorithms,38.1,Microcontroller & Embedded Systems,37.9,solar|power|efficiency|renewable|energy
DBM,2,1,Web Development|Mobile & IoT Development,Data Structures and Algorithms,100.0,Database Management Systems,100.0,Java,100.0,Operating Systems,97.7,Cryptography & Network Security,92.8,dashboard|web|crm
EAM,1,2,Mobile & IoT Development,IoT,69.2,Software Engineering,59.1,Data Structures and Algorithms,57.7,Full Stack Development,57.3,Java,56.7,simplex|solar|sensor|iot|efficiency|hvac|renewable|energy
CSL,1,1,Network & Wireless Systems,Data Structures and Algorithms,94.5,Computer Networks,91.7,Microcontroller & Embedded Systems,91.4,Software Engineering,90.5,Full Stack Development,85.7,vulnerability|security|cyber|network security|forensics|encryption
RE,2,2,Network & Wireless Systems|Data Science & Analytics,Engineering Mathematics-III,76.6,Engineering Mathematics-IV,68.5,Design & Analysis of Algorithms,62.1,C++,59.5,Python,59.3,statistics|quality|scipy|fmea|probability|risk
RE,3,3,Network & Wireless Systems|Cloud & Distributed Systems|Data Science & Analytics,Digital Logic & Design,62.1,C++,52.5,Automata Theory,51.4,Python,43.2,Artificial Intelligence,41.2,weibull|fault tree|sensor|quality|simulation|scipy|testing|fmea|probability|risk
OR,1,2,Data Science & Analytics,Engineering Mathematics-IV,99.5,Engineering Mathematics-III,92.1,Database Management Systems,87.6,Computer Networks,85.6,Design & Analysis of Algorithms,85.1,linear programming|simulation|queuing|optimization|inventory
CSL,2,1,Network & Wireless Systems|Cloud & Distributed Systems,Operating Systems,89.6,Computer Networks,77.1,Data Structures and Algorithms,61.1,Cryptography & Network Security,60.5,Software Engineering,59.4,vulnerability|statistics|forensics|security
RE,1,2,Network & Wireless Systems,Software Engineering,75.8,IoT,72.6,Engineering Mathematics-IV,62.8,Python,62.4,Operating Systems,54.5,statistics|quality|risk|simulation
RE,1,2,Network & Wireless Systems,Microcontroller & Embedded Systems,100.0,Automata Theory,100.0,IoT,100.0,Database Management Systems,98.9,Engineering Mathematics-IV,95.1,quality|testing|risk|probability
RE,1,3,Network & Wireless Systems,Microcontroller & Embedded Systems,85.3,Artificial Intelligence,83.5,Engineering Mathematics-IV,73.7,Java,72.6,Digital Logic & Design,72.2,weibull|fault tree|scheduling|quality|dashboard|fmea|testing|optimization|probability|risk
DBM,2,2,Data Science & Analytics|Web Development,Python,61.2,Automata Theory,60.8,Software Engineering,53.7,Engineering Mathematics-III,47.74960772598903,Digital Logic & Design,46.6,kpi|dashboard|agile|crm|analytics|react|web
EAM,1,3,Mobile & IoT Development,IoT,52.9,Automata Theory,45.2,Design & Analysis of Algorithms,44.2,Software Engineering,43.7,C++,41.3,audit|solar|monitoring|power|iot|efficiency|hvac|renewable|seo|energy
CSL,1,4,Network & Wireless Systems,Cryptography & Network Security,97.6,Software Engineering,86.2,IoT,83.8,Operating Systems,80.7,Computer Networks,79.9,vulnerability|authentication|security|cyber|firewall|network security|encryption
EAM,1,1,Mobile & IoT Development,C++,56.0,Python,54.6,Microcontroller & Embedded Systems,51.3,Operating Systems,50.5,Database Management Systems,47.4,solar|efficiency|hvac|renewable|seo
DBM,2,4,Data Science & Analytics|Cloud & Distributed Systems,Full Stack Development,85.1,IoT,70.6,Engineering Mathematics-III,67.85538107512336,Artificial Intelligence,64.6,Software Engineering,62.5,kpi|ecommerce|digital marketing|agile|crm|analytics|react|seo|web
OR,1,1,Data Science & Analytics,Cryptography & Network Security,55.6,Engineering Mathematics-III,55.2,Design & Analysis of Algorithms,47.9,Python,47.3,Microcontroller & Embedded Systems,44.3,linear programming|queuing|inventory
OR,1,2,Data Science & Analytics,Operating Systems,74.1,Software Engineering,72.7,Java,71.3,Digital Logic & Design,68.9,Design & Analysis of Algorithms,64.0,supply chain|simplex|scheduling|linear programming|queuing|optimization|risk
CSL,2,2,Network & Wireless Systems|Cloud & Distributed Systems,Cryptography & Network Security,36.4,Digital Logic & Design,31.2,Design & Analysis of Algorithms,25.3,Python,16.3,Software Engineering,13.510547510832563,vulnerability|forensics|phishing|network security
EAM,2,2,Mobile & IoT Development|Network & Wireless Systems,Operating Systems,55.8,IoT,53.9,Python,50.8,Full Stack Development,48.3,Digital Logic & Design,45.0,solar|digital marketing|power|iot|efficiency|hvac
DBM,2,2,Data Science & Analytics|Cloud & Distributed Systems,Full Stack Development,49.0,Operating Systems,46.7,C++,45.6,Data Structures and Algorithms,42.9,Python,42.4,weibull|ecommerce|dashboard|agile|crm|analytics|seo
EAM,2,3,Mobile & IoT Development|Network & Wireless Systems,Design & Analysis of Algorithms,88.0,C++,72.3,Operating Systems,67.1,Microcontroller & Embedded Systems,66.4,Software Engineering,65.7,audit|solar|monitoring|power|sensor|iot|renewable|energy
CSL,1,4,Network & Wireless Systems,Java,59.6,Microcontroller & Embedded Systems,57.2,Python,40.0,Data Structures and Algorithms,37.1,Database Management Systems,35.42961227420572,vulnerability|fault tree|authentication|phishing|cyber|efficiency|firewall|network security|forensics|encryption
DBM,4,2,Data Science & Analytics|Web Development|Cloud & Distributed Systems|Mobile & IoT Development,Operating Systems,81.9,Python,78.3,Data Structures and Algorithms,76.6,Computer Networks,71.1,Engineering Mathematics-III,71.0,ecommerce|dashboard|agile|crm|analytics|react|seo|web
OR,3,3,Data Science & Analytics|Artificial Intelligence & Machine Learning|Web Development,Design & Analysis of Algorithms,56.1,Engineering Mathematics-III,51.7,C++,47.0,Software Engineering,39.7,Operating Systems,39.5,simplex|supply chain|scheduling|linear programming|simulation|queuing|inventory|optimization|scipy
EAM,1,4,Mobile & IoT Development,Engineering Mathematics-III,88.1,Operating Systems,78.2,Engineering Mathematics-IV,77.5,IoT,76.9,C++,74.8,audit|solar|monitoring|power|iot|sensor|linear programming|efficiency|hvac|renewable
CSL,1,3,Network & Wireless Systems,Cryptography & Network Security,99.8,Computer Networks,98.5,Design & Analysis of Algorithms,98.2,Full Stack Development,96.9,Engineering Mathematics-III,93.0,vulnerability|statistics|phishing|firewall|forensics|encryption
RE,1,3,Network & Wireless Systems,IoT,69.9,Computer Networks,69.0,Data Structures and Algorithms,67.9,Operating Systems,67.7,Software Engineering,65.5354076186384,fault tree|statistics|quality|simulation|cyber|testing|fmea|probability|risk
EAM,2,1,Mobile & IoT Development|Cloud & Distributed Systems,C++,51.3,Operating Systems,49.4,Java,48.2,Computer Networks,40.0,Python,33.6,audit|solar|power|sensor|efficiency
RE,1,4,Network & Wireless Systems,Artificial Intelligence,46.7,Engineering Mathematics-IV,45.9,Software Engineering,45.6,Full Stack Development,31.7,Cryptography & Network Security,31.2,weibull|statistics|iot|quality|testing|fmea|risk|reliability
OR,2,2,Data Science & Analytics|Artificial Intelligence & Machine Learning,Digital Logic & Design,62.4,Engineering Mathematics-IV,58.1,Design & Analysis of Algorithms,46.7,Database Management Systems,46.5,Operating Systems,41.0,weibull|supply chain|scheduling|simulation|queuing|optimization|scipy
RE,2,2,Network & Wireless Systems|Cloud & Distributed Systems,Computer Networks,67.0,Operating Systems,65.5,Artificial Intelligence,62.4,Cryptography & Network Security,60.1,IoT,59.3,weibull|statistics|quality|simulation|web
EAM,2,3,Mobile & IoT Development|Network & Wireless Systems,Microcontroller & Embedded Systems,95.7,Engineering Mathematics-III,90.4,Automata Theory,84.8,Engineering Mathematics-IV,84.4,Database Management Systems,77.7,weibull|audit|solar|iot|efficiency|renewable|energy
OR,2,1,Data Science & Analytics|Artificial Intelligence & Machine Learning,Design & Analysis of Algorithms,86.0,Engineering Mathematics-IV,85.8,Microcontroller & Embedded Systems,85.3,Artificial Intelligence,84.4,Automata Theory,81.2,simplex|scheduling|simulation|inventory|optimization
RE,2,2,Network & Wireless Systems|Cloud & Distributed Systems,Engineering Mathematics-III,66.7,Digital Logic & Design,60.3,Full Stack Development,57.4,Operating Systems,50.2,Python,47.1,weibull|fault tree|statistics|quality|fmea|probability|reliability
RE,2,3,Network & Wireless Systems|Cloud & Distributed Systems,Engineering Mathematics-III,62.8,Automata Theory,61.5,Database Management Systems,61.2,Engineering Mathematics-IV,59.9,Digital Logic & Design,59.5,weibull|fault tree|statistics|quality|simulation|probability|risk|reliability
RE,2,2,Network & Wireless Systems|Cloud & Distributed Systems,Data Structures and Algorithms,69.0,Artificial Intelligence,64.0,Digital Logic & Design,63.4,Design & Analysis of Algorithms,63.1,Software Engineering,58.5,weibull|fault tree|statistics|quality|authentication|simulation|testing|risk
DBM,3,0,Data Science & Analytics|Web Development|Cloud & Distributed Systems,Software Engineering,84.2,Python,69.6,IoT,68.6,Full Stack Development,67.8,Engineering Mathematics-IV,67.4,
EAM,1,2,Mobile & IoT Development,Computer Networks,47.5,Operating Systems,46.2,Digital Logic & Design,44.3,Engineering Mathematics-III,42.2,Java,40.9,audit|solar|monitoring|power|efficiency|renewable|probability
OR,1,1,Data Science & Analytics,Software Engineering,59.0,Engineering Mathematics-IV,58.6,Java,56.7,Operating Systems,56.1,Data Structures and Algorithms,52.0,simplex|linear programming|queuing|inventory|optimization|scipy
RE,1,2,Network & Wireless Systems,Microcontroller & Embedded Systems,70.1,Design & Analysis of Algorithms,64.0,Engineering Mathematics-III,63.1,Data Structures and Algorithms,54.6,Java,52.7,ecommerce|statistics|simulation|fmea|testing|probability|risk|reliability
CSL,2,2,Network & Wireless Systems|Cloud & Distributed Systems,Microcontroller & Embedded Systems,61.97416338932014,Cryptography & Network Security,58.5,Computer Networks,39.1,Design & Analysis of Algorithms,38.9,Data Structures and Algorithms,35.3,vulnerability|audit|fault tree|phishing|security|cyber|firewall|network security|forensics
CSL,2,4,Network & Wireless Systems|Cloud & Distributed Systems,Computer Networks,49.1,Design & Analysis of Algorithms,39.0,Engineering Mathematics-III,35.1,Python,30.9,Microcontroller & Embedded Systems,29.8,vulnerability|authentication|phishing|security|cyber|network security|forensics|encryption
OR,1,2,Data Science & Analytics,Engineering Mathematics-IV,60.1,Engineering Mathematics-III,57.1,Database Management Systems,56.2,Automata Theory,45.8,Full Stack Development,44.6,supply chain|simplex|simulation|linear programming|queuing|inventory|scipy
EAM,1,3,Mobile & IoT Development,Design & Analysis of Algorithms,89.1,Cryptography & Network Security,82.0,Operating Systems,80.1,Automata Theory,80.1,Java,79.5,solar|monitoring|iot|efficiency|hvac|renewable
DBM,2,0,Web Development|Data Science & Analytics,Full Stack Development,100.0,Design & Analysis of Algorithms,82.4,Software Engineering,78.7,Engineering Mathematics-III,73.4,Operating Systems,72.2,
OR,2,1,Data Science & Analytics|Artificial Intelligence & Machine Learning,Software Engineering,84.0,Engineering Mathematics-IV,74.6,Database Management Systems,71.3,C++,70.8,IoT,67.1,simplex|supply chain|scheduling|simulation|inventory
OR,1,2,Data Science & Analytics,Python,74.6,Design & Analysis of Algorithms,69.3,IoT,68.5,Data Structures and Algorithms,61.4,Computer Networks,57.6,simplex|supply chain|digital marketing|linear programming|queuing|inventory|optimization|scipy
EAM,3,3,Mobile & IoT Development|Network & Wireless Systems|Cloud & Distributed Systems,Database Management Systems,91.9,Python,85.3,Automata Theory,80.6,Computer Networks,79.0,C++,78.2,audit|supply chain|solar|monitoring|iot|dashboard|efficiency|hvac|renewable|energy
CSL,1,1,Network & Wireless Systems,Operating Systems,71.3,C++,69.5,Design & Analysis of Algorithms,61.9,Artificial Intelligence,57.2,Data Structures and Algorithms,56.4,vulnerability|phishing|firewall
OR,1,0,Data Science & Analytics,Digital Logic & Design,55.5,Python,50.7,Engineering Mathematics-IV,49.2,C++,46.6,Cryptography & Network Security,42.4,
DBM,3,4,Data Science & Analytics|Cloud & Distributed Systems|Mobile & IoT Development,Engineering Mathematics-IV,65.3927272193849,Digital Logic & Design,53.5,Design & Analysis of Algorithms,49.1,Java,46.7,Python,44.3,simplex|kpi|ecommerce|digital marketing|dashboard|agile|analytics|react|seo|web
RE,2,3,Network & Wireless Systems|Cloud & Distributed Systems,Engineering Mathematics-III,52.6,Engineering Mathematics-IV,52.1,Design & Analysis of Algorithms,48.1,Microcontroller & Embedded Systems,37.5,IoT,33.4,weibull|fault tree|statistics|quality|agile|testing|fmea|probability|risk|reliability
EAM,1,0,Mobile & IoT Development,Full Stack Development,85.5,Operating Systems,77.5,Artificial Intelligence,75.6,Data Structures and Algorithms,71.6,IoT,67.2,
EAM,2,2,Mobile & IoT Development|Network & Wireless Systems,Python,54.1,Operating Systems,43.2,Microcontroller & Embedded Systems,38.9,IoT,38.8,Data Structures and Algorithms,32.7,audit|solar|monitoring|power|sensor|iot|authentication|efficiency|hvac|renewable
DBM,3,2,Data Science & Analytics|Web Development|Cloud & Distributed Systems,C++,56.4,Digital Logic & Design,51.4,Full Stack Development,46.6,Software Engineering,44.1,Database Management Systems,42.0,agile|efficiency|crm|analytics|react|seo
DBM,2,3,Data Science & Analytics|Web Development,Data Structures and Algorithms,59.9,Software Engineering,59.9,Database Management Systems,58.5,C++,56.9,Design & Analysis of Algorithms,52.7,supply chain|kpi|ecommerce|digital marketing|dashboard|agile|crm|analytics|seo|web
RE,1,1,Network & Wireless Systems,Software Engineering,72.9,Design & Analysis of Algorithms,62.8,Data Structures and Algorithms,61.7,Engineering Mathematics-III,59.8,C++,58.5,testing|risk|fault tree|probability
EAM,2,1,Mobile & IoT Development|Network & Wireless Systems,Database Management Systems,74.5,Java,67.7,Cryptography & Network Security,66.9,Software Engineering,65.6,Full Stack Development,61.6,sensor|audit|network security
EAM,2,2,Mobile & IoT Development|Network & Wireless Systems,C++,85.4,Computer Networks,71.6,Microcontroller & Embedded Systems,68.7,IoT,65.3,Automata Theory,64.2,audit|monitoring|iot|efficiency|hvac
RE,1,2,Network & Wireless Systems,Engineering Mathematics-IV,39.8,Database Management Systems,37.2,Design & Analysis of Algorithms,31.2,Data Structures and Algorithms,29.8,Cryptography & Network Security,28.1,weibull|fault tree|statistics|quality|simulation|efficiency|probability|risk|reliability
OR,3,2,Data Science & Analytics|Artificial Intelligence & Machine Learning|Web Development,Python,59.5,Cryptography & Network Security,47.0,Operating Systems,45.5,C++,36.9,Database Management Systems,33.3,supply chain|scheduling|statistics|linear programming|queuing|inventory|optimization|scipy
DBM,1,2,Data Science & Analytics,Database Management Systems,66.9,Full Stack Development,60.3,Computer Networks,45.3,Python,41.8,Engineering Mathematics-III,40.6,digital marketing|web|ecommerce|react
RE,2,1,Network & Wireless Systems|Data Science & Analytics,Artificial Intelligence,56.5,Engineering Mathematics-IV,50.3,Java,46.7,Engineering Mathematics-III,46.1,Digital Logic & Design,44.2,quality|testing
CSL,2,3,Network & Wireless Systems|Cloud & Distributed Systems,Design & Analysis of Algorithms,53.5,Computer Networks,50.7,Python,46.7,Cryptography & Network Security,39.1,C++,38.7,vulnerability|authentication|dashboard|phishing|security|cyber|firewall|network security|forensics
OR,1,3,Data Science & Analytics,Design & Analysis of Algorithms,60.4,Data Structures and Algorithms,57.2,Engineering Mathematics-IV,45.5,Cryptography & Network Security,37.38987578053765,Microcontroller & Embedded Systems,34.8,supply chain|scheduling|linear programming|simulation|queuing|optimization|inventory|scipy
OR,2,4,Data Science & Analytics|Web Development,Full Stack Development,68.6,Java,68.3,Design & Analysis of Algorithms,68.1,Engineering Mathematics-IV,67.74017434423544,Cryptography & Network Security,66.2,simplex|supply chain|scheduling|linear programming|queuing|inventory|optimization
EAM,2,0,Mobile & IoT Development|Network & Wireless Systems,IoT,99.5,Automata Theory,97.0,C++,95.5,Engineering Mathematics-IV,94.1,Operating Systems,92.6,
CSL,2,2,Network & Wireless Systems|Cloud & Distributed Systems,Cryptography & Network Security,65.2,Operating Systems,55.7,Automata Theory,51.6,Database Management Systems,40.8,Computer Networks,34.3,authentication|iot|phishing|cyber|firewall|network security|forensics|encryption
OR,2,3,Data Science & Analytics|Artificial Intelligence & Machine Learning,Design & Analysis of Algorithms,80.1,Operating Systems,71.0,Engineering Mathematics-III,68.6,Data Structures and Algorithms,65.0,Digital Logic & Design,63.4,simplex|supply chain|fault tree|linear programming|simulation|inventory|optimization|scipy
CSL,1,2,Network & Wireless Systems,Computer Networks,50.2,Operating Systems,47.9,C++,45.1,Microcontroller & Embedded Systems,44.6,Design & Analysis of Algorithms,44.1,dashboard|phishing|cyber|firewall|network security|forensics|encryption
CSL,1,3,Network & Wireless Systems,Software Engineering,28.0,Automata Theory,27.3,Microcontroller & Embedded Systems,25.4,Cryptography & Network Security,22.6,C++,22.4,vulnerability|phishing|security|agile|fmea|firewall|network security|forensics|encryption
EAM,2,2,Mobile & IoT Development|Network & Wireless Systems,Cryptography & Network Security,52.9,Engineering Mathematics-III,50.8,Microcontroller & Embedded Systems,49.9,IoT,48.0,C++,43.4,audit|solar|fault tree|monitoring|iot|sensor|efficiency|hvac|energy
DBM,2,3,Data Science & Analytics|Mobile & IoT Development,Database Management Systems,89.6,Full Stack Development,84.7,Python,84.6,C++,83.8,Operating Systems,81.4,ecommerce|digital marketing|dashboard|agile|phishing|crm|seo|web|reliability
CSL,1,2,Network & Wireless Systems,Computer Networks,66.8,Design & Analysis of Algorithms,52.5,Python,51.9,Engineering Mathematics-III,45.3,Microcontroller & Embedded Systems,43.9,vulnerability|kpi|authentication|phishing|security|firewall|forensics|encryption
RE,2,3,Network & Wireless Systems|Cloud & Distributed Systems,Engineering Mathematics-III,67.6835854267471,Software Engineering,67.6,Data Structures and Algorithms,67.0,Digital Logic & Design,66.5,Database Management Systems,65.7,weibull|statistics|quality|simulation|testing|fmea|probability|risk|reliability
DBM,3,4,Data Science & Analytics|Web Development|Cloud & Distributed Systems,Microcontroller & Embedded Systems,86.3,Engineering Mathematics-IV,78.9,Python,74.0,Java,73.9,Computer Networks,73.68397429629827,kpi|ecommerce|digital marketing|dashboard|agile|crm|analytics|react|seo|reliability
DBM,2,0,Data Science & Analytics|Mobile & IoT Development,Cryptography & Network Security,75.7,Software Engineering,50.8,Engineering Mathematics-IV,50.1,Java,47.2,Database Management Systems,45.8,
DBM,2,2,Web Development|Data Science & Analytics,Computer Networks,77.9,Engineering Mathematics-III,77.7,Artificial Intelligence,77.1,Database Management Systems,76.9,Full Stack Development,75.0,kpi|ecommerce|fault tree|digital marketing|dashboard|crm|analytics|seo
CSL,1,1,Network & Wireless Systems,Design & Analysis of Algorithms,92.2,Data Structures and Algorithms,75.0,Microcontroller & Embedded Systems,74.0,Cryptography & Network Security,72.3,Digital Logic & Design,68.1,vulnerability|authentication|phishing|cyber
DBM,3,0,Web Development|Data Science & Analytics|Cloud & Distributed Systems,Software Engineering,100.0,Database Management Systems,99.2,Engineering Mathematics-III,98.44044904735269,Engineering Mathematics-IV,95.78528934563315,Automata Theory,93.0,
OR,1,3,Data Science & Analytics,Database Management Systems,77.7,Engineering Mathematics-IV,76.7,Engineering Mathematics-III,75.5,Artificial Intelligence,71.2,Data Structures and Algorithms,71.1,simplex|supply chain|fault tree|scheduling|simulation|linear programming|queuing|crm|optimization|analytics
RE,1,1,Network & Wireless Systems,Engineering Mathematics-III,82.8,Digital Logic & Design,82.7,Automata Theory,79.6,C++,77.5,Python,74.2,weibull|fault tree|simulation|testing|risk|energy
CSL,2,1,Network & Wireless Systems|Cloud & Distributed Systems,Engineering Mathematics-IV,93.3,IoT,87.6,Artificial Intelligence,81.1,Full Stack Development,78.3,Database Management Systems,75.5,security|network security
OR,1,1,Data Science & Analytics,Operating Systems,64.6,Java,64.6,Engineering Mathematics-IV,59.9,Full Stack Development,57.8,Automata Theory,55.9,scheduling|simulation|optimization
OR,2,3,Data Science & Analytics|Web Development,Engineering Mathematics-III,84.2,Software Engineering,82.5,Microcontroller & Embedded Systems,75.5,C++,72.9,Design & Analysis of Algorithms,70.8,simplex|supply chain|scheduling|linear programming|agile|queuing|optimization|inventory|scipy
CSL,1,3,Network & Wireless Systems,Operating Systems,97.2,Software Engineering,96.4,Computer Networks,95.1,Design & Analysis of Algorithms,92.8,Python,91.1,vulnerability|phishing|cyber|firewall|network security|forensics|encryption
CSL,2,2,Network & Wireless Systems|Cloud & Distributed Systems,Engineering Mathematics-IV,60.777333788452594,Automata Theory,44.0,Python,37.4,Microcontroller & Embedded Systems,37.1,Database Management Systems,33.5,forensics|security|cyber|encryption
OR,2,3,Data Science & Analytics|Artificial Intelligence & Machine Learning,Engineering Mathematics-III,62.4,Engineering Mathematics-IV,58.0,IoT,36.9,Operating Systems,35.3,Digital Logic & Design,32.1,supply chain|linear programming|simulation|queuing|optimization|inventory|scipy
DBM,3,3,Web Development|Data Science & Analytics|Cloud & Distributed Systems,Data Structures and Algorithms,85.5,Automata Theory,82.5,C++,81.4,Full Stack Development,77.3,Database Management Systems,74.5,kpi|dashboard|agile|crm|react|seo|web
RE,2,1,Network & Wireless Systems|Cloud & Distributed Systems,Operating Systems,87.4,Engineering Mathematics-IV,86.1,Computer Networks,85.799076262796,C++,81.5,Engineering Mathematics-III,79.5,weibull|testing|fault tree
OR,1,3,Data Science & Analytics,Java,99.4,Engineering Mathematics-IV,96.4,Digital Logic & Design,92.8,C++,89.3,Data Structures and Algorithms,88.5,supply chain|solar|scheduling|linear programming|queuing|inventory|optimization
CSL,2,2,Network & Wireless Systems|Cloud & Distributed Systems,Computer Networks,64.1,Data Structures and Algorithms,64.0,IoT,59.1,Operating Systems,39.9,Software Engineering,39.8,authentication|phishing|cyber|firewall|network security|forensics
CSL,2,1,Network & Wireless Systems|Cloud & Distributed Systems,Engineering Mathematics-IV,78.26463813423995,Database Management Systems,65.4,Computer Networks,61.4,Cryptography & Network Security,51.8,Operating Systems,49.0,vulnerability|authentication|phishing|cyber|encryption
OR,2,3,Data Science & Analytics|Artificial Intelligence & Machine Learning,Java,82.9,Digital Logic & Design,80.6,C++,80.4,Cryptography & Network Security,79.8,Operating Systems,76.9,simplex|scheduling|linear programming|simulation|queuing|optimization|inventory|energy
RE,1,4,Network & Wireless Systems,Artificial Intelligence,81.7,Engineering Mathematics-IV,78.7,Operating Systems,78.3,Full Stack Development,77.3,Software Engineering,75.3,weibull|fault tree|statistics|quality|efficiency|fmea|testing|probability|risk|energy
EAM,1,2,Mobile & IoT Development,Digital Logic & Design,82.8,Python,69.2,Database Management Systems,66.2,Microcontroller & Embedded Systems,65.0,IoT,63.7,solar|monitoring|iot|sensor|hvac|renewable|energy
OR,2,1,Data Science & Analytics|Artificial Intelligence & Machine Learning,Engineering Mathematics-III,100.0,Data Structures and Algorithms,94.9,Design & Analysis of Algorithms,90.5,Engineering Mathematics-IV,86.7,Database Management Systems,86.6,scheduling|scipy|linear programming|queuing
RE,1,4,Network & Wireless Systems,IoT,66.07237087287105,Digital Logic & Design,62.1,Automata Theory,58.9,Engineering Mathematics-IV,55.0,Cryptography & Network Security,54.2,kpi|statistics|quality|simulation|testing|fmea|probability|risk|reliability
CSL,2,3,Network & Wireless Systems|Web Development,Full Stack Development,67.4,Data Structures and Algorithms,47.2,Microcontroller & Embedded Systems,46.2,Computer Networks,44.1,Operating Systems,43.7,vulnerability|authentication|phishing|cyber|fmea|renewable|firewall|network security|forensics|encryption
DBM,4,0,Data Science & Analytics|Web Development|Cloud & Distributed Systems|Mobile & IoT Development,Database Management Systems,90.0,C++,79.1,Operating Systems,66.3,Full Stack Development,66.0,Software Engineering,63.8,
RE,1,0,Network & Wireless Systems,Artificial Intelligence,75.5,Computer Networks,71.5,Digital Logic & Design,68.5,Automata Theory,66.0,Cryptography & Network Security,65.9,
DBM,2,3,Web Development|Data Science & Analytics,Design & Analysis of Algorithms,77.9,Database Management Systems,71.0,Java,68.5,Software Engineering,65.4,Cryptography & Network Security,63.4,kpi|digital marketing|statistics|dashboard|agile|crm|seo|scipy
OR,2,1,Data Science & Analytics|Artificial Intelligence & Machine Learning,Engineering Mathematics-IV,53.7,Engineering Mathematics-III,49.3,Java,44.4,Full Stack Development,44.2,IoT,40.5,simplex|supply chain|queuing|inventory|optimization|scipy
DBM,2,1,Data Science & Analytics|Web Development,C++,78.7,Software Engineering,74.8,Computer Networks,74.5,Operating Systems,73.9,IoT,70.6,crm|dashboard|ecommerce|react
EAM,1,1,Mobile & IoT Development,Digital Logic & Design,81.9,Operating Systems,74.0,Python,66.7,IoT,58.4,Computer Networks,55.9,sensor|efficiency|monitoring
OR,2,2,Data Science & Analytics|Artificial Intelligence & Machine Learning,Engineering Mathematics-III,72.1,Data Structures and Algorithms,59.7,Python,59.0,Computer Networks,52.4,Engineering Mathematics-IV,47.7,supply chain|simplex|simulation|linear programming|queuing|inventory|optimization
DBM,3,3,Data Science & Analytics|Web Development|Cloud & Distributed Systems,Automata Theory,75.8,Python,75.4,Full Stack Development,75.1,Software Engineering,73.9,Engineering Mathematics-III,71.2,kpi|ecommerce|dashboard|agile|crm|react|web
EAM,2,3,Mobile & IoT Development|Network & Wireless Systems,Computer Networks,71.7,Full Stack Development,68.8,Java,65.1,Automata Theory,64.2,Design & Analysis of Algorithms,60.7,solar|monitoring|power|digital marketing|iot|sensor|hvac|energy
DBM,2,1,Data Science & Analytics|Cloud & Distributed Systems,Full Stack Development,91.7,Engineering Mathematics-III,87.7,Database Management Systems,80.3,IoT,76.3,Java,70.1,crm|digital marketing
CSL,2,1,Network & Wireless Systems|Cloud & Distributed Systems,Operating Systems,57.6,IoT,42.2,Automata Theory,38.0,Design & Analysis of Algorithms,32.1,Cryptography & Network Security,30.2,vulnerability|authentication|phishing|firewall|network security
RE,1,0,Network & Wireless Systems,Software Engineering,96.63760876469388,Engineering Mathematics-IV,90.2,Database Management Systems,89.57085273545226,Engineering Mathematics-III,88.3,C++,87.2,
CSL,2,0,Network & Wireless Systems|Cloud & Distributed Systems,Java,73.9,Engineering Mathematics-III,67.0,Operating Systems,60.6,Software Engineering,60.1,IoT,57.3,
DBM,1,2,Data Science & Analytics,Database Management Systems,100.0,Automata Theory,97.3,Engineering Mathematics-III,93.9,Operating Systems,90.6,C++,89.3,ecommerce|digital marketing|power|dashboard|agile|crm|analytics|react|seo|web
CSL,2,2,Network & Wireless Systems|Cloud & Distributed Systems,Automata Theory,55.6,Computer Networks,51.7,Digital Logic & Design,48.3,Operating Systems,47.7,Artificial Intelligence,46.6,vulnerability|authentication|security|cyber|firewall|forensics
CSL,2,1,Network & Wireless Systems|Cloud & Distributed Systems,C++,51.4,Java,49.8,Artificial Intelligence,47.0,Engineering Mathematics-IV,44.8,Digital Logic & Design,44.2,security|network security
OR,2,2,Data Science & Analytics|Artificial Intelligence & Machine Learning,Data Structures and Algorithms,66.5,Automata Theory,65.9,Java,64.7,Full Stack Development,62.8,Design & Analysis of Algorithms,58.9,supply chain|simplex|scheduling|simulation|inventory|optimization
CSL,2,1,Network & Wireless Systems|Cloud & Distributed Systems,Automata Theory,72.5,Software Engineering,70.5,Operating Systems,67.5,Artificial Intelligence,67.3,Computer Networks,66.3,forensics|security
OR,1,4,Data Science & Analytics,Engineering Mathematics-III,89.8,Database Management Systems,85.7,Java,84.8,Data Structures and Algorithms,83.9,Software Engineering,83.4,weibull|supply chain|risk|scheduling|linear programming|hvac|queuing|inventory|optimization|scipy
CSL,1,2,Network & Wireless Systems,Computer Networks,56.7,Cryptography & Network Security,52.5,Operating Systems,49.5,IoT,48.1,Automata Theory,45.4,vulnerability|dashboard|phishing|security|cyber|firewall|network security|encryption
DBM,2,2,Web Development|Data Science & Analytics,Database Management Systems,100.0,Computer Networks,100.0,Software Engineering,100.0,Full Stack Development,97.9,Java,97.2,kpi|ecommerce|digital marketing|dashboard|hvac|crm|analytics|web
CSL,1,2,Network & Wireless Systems,Operating Systems,62.6,Full Stack Development,62.4,Artificial Intelligence,59.5,Cryptography & Network Security,58.5,Microcontroller & Embedded Systems,52.6,forensics|security|cyber|encryption
OR,1,3,Data Science & Analytics,Cryptography & Network Security,59.8,Engineering Mathematics-III,54.3,Data Structures and Algorithms,48.8,Computer Networks,44.5,Java,44.3,risk|simplex|scheduling|linear programming|simulation|queuing|inventory|optimization|seo|scipy
CSL,1,2,Network & Wireless Systems,Python,91.7,Cryptography & Network Security,89.6,Software Engineering,84.8,Engineering Mathematics-III,84.204522245097,Engineering Mathematics-IV,81.23812205476574,vulnerability|authentication|phishing|encryption
RE,1,1,Network & Wireless Systems,Engineering Mathematics-IV,72.8,Engineering Mathematics-III,65.1,Computer Networks,63.5,Java,63.2,Data Structures and Algorithms,62.0,weibull|fault tree|statistics|fmea|probability|reliability
EAM,2,1,Mobile & IoT Development|Network & Wireless Systems,Cryptography & Network Security,98.90473954539922,IoT,88.5,Python,88.3,Database Management Systems,85.3,Engineering Mathematics-III,78.2,audit|solar|monitoring|security|efficiency|energy
OR,1,1,Data Science & Analytics,Database Management Systems,76.2,Cryptography & Network Security,74.1,Artificial Intelligence,72.5,Operating Systems,71.8,Digital Logic & Design,71.5,simplex|supply chain|queuing|optimization|inventory|scipy
CSL,1,4,Network & Wireless Systems,Data Structures and Algorithms,69.7,Java,62.3,Design & Analysis of Algorithms,61.8,Cryptography & Network Security,58.3,Python,57.1,vulnerability|solar|authentication|security|cyber|firewall|network security|forensics|encryption
RE,2,3,Network & Wireless Systems|Cloud & Distributed Systems,IoT,87.1,Software Engineering,81.1,Computer Networks,77.7,Engineering Mathematics-IV,75.7,Digital Logic & Design,74.6,weibull|fault tree|quality|simulation|fmea|testing|reliability
OR,2,0,Data Science & Analytics|Artificial Intelligence & Machine Learning,Engineering Mathematics-III,72.3,IoT,62.285366088836064,Operating Systems,56.8,Java,56.3,Cryptography & Network Security,56.3,
DBM,2,1,Data Science & Analytics|Web Development,Engineering Mathematics-IV,71.8,Full Stack Development,63.4,Database Management Systems,62.9,Automata Theory,49.7,Operating Systems,45.5,kpi|ecommerce|dashboard|scipy|web
EAM,1,1,Mobile & IoT Development,Software Engineering,92.3,IoT,83.4,C++,77.9,Data Structures and Algorithms,76.9,Automata Theory,74.9,audit|solar|monitoring|sensor|hvac
OR,1,0,Data Science & Analytics,Data Structures and Algorithms,97.8,Design & Analysis of Algorithms,85.2,Digital Logic & Design,82.6,Engineering Mathematics-III,81.6,Database Management Systems,79.9,
RE,3,2,Network & Wireless Systems|Cloud & Distributed Systems|Data Science & Analytics,Engineering Mathematics-III,88.7,Automata Theory,79.5,Operating Systems,77.5,Cryptography & Network Security,74.2,Microcontroller & Embedded Systems,72.8,weibull|audit|statistics|quality|simulation|fmea|seo|risk
RE,3,1,Network & Wireless Systems|Cloud & Distributed Systems|Data Science & Analytics,Data Structures and Algorithms,91.0,Engineering Mathematics-IV,88.7,Operating Systems,87.9,Java,82.0,Digital Logic & Design,81.9,fmea|fault tree|reliability
RE,2,2,Network & Wireless Systems|Cloud & Distributed Systems,Computer Networks,91.31250593575129,Data Structures and Algorithms,87.2,C++,84.1,Database Management Systems,82.6,Engineering Mathematics-IV,82.3,statistics|risk|fault tree|reliability
EAM,1,2,Mobile & IoT Development,Software Engineering,65.0,IoT,65.0,Microcontroller & Embedded Systems,55.5,C++,54.3,Full Stack Development,53.3,iot|monitoring|power
EAM,2,2,Mobile & IoT Development|Network & Wireless Systems,Microcontroller & Embedded Systems,56.8,Design & Analysis of Algorithms,50.5,Computer Networks,50.4,Digital Logic & Design,46.3,IoT,44.2,solar|monitoring|power|sensor|iot|linear programming|efficiency|hvac|renewable
RE,1,4,Network & Wireless Systems,Data Structures and Algorithms,44.5,Design & Analysis of Algorithms,39.3,Engineering Mathematics-III,37.5710116348221,Java,35.5,Cryptography & Network Security,35.3,weibull|fault tree|statistics|simulation|hvac|fmea|testing|probability|risk|reliability
EAM,2,3,Mobile & IoT Development|Cloud & Distributed Systems,Design & Analysis of Algorithms,71.9,IoT,71.8,Engineering Mathematics-III,71.0,Software Engineering,67.8,Digital Logic & Design,65.6,solar|monitoring|power|sensor|authentication|iot|security|efficiency|hvac|renewable
EAM,1,1,Mobile & IoT Development,Java,73.1,Data Structures and Algorithms,72.6,IoT,72.6,Artificial Intelligence,70.8,Microcontroller & Embedded Systems,69.3,power|sensor|iot|renewable|energy
CSL,1,1,Network & Wireless Systems,Engineering Mathematics-IV,75.6,Computer Networks,68.1,Software Engineering,66.1,Digital Logic & Design,64.9,Operating Systems,64.9,vulnerability|power|phishing|security|network security|forensics
EAM,1,2,Mobile & IoT Development,C++,45.9,IoT,37.9,Engineering Mathematics-III,36.6,Full Stack Development,32.3,Python,32.1,solar|power|iot|efficiency|renewable|energy
EAM,1,2,Mobile & IoT Development,Design & Analysis of Algorithms,96.1,Engineering Mathematics-IV,93.9,Microcontroller & Embedded Systems,91.0,Digital Logic & Design,90.1,Python,88.5,solar|monitoring|sensor|iot|efficiency|renewable|risk
RE,1,0,Network & Wireless Systems,Database Management Systems,70.6,Full Stack Development,69.7,Python,66.8,Engineering Mathematics-III,66.5,Operating Systems,62.1,
DBM,3,4,Data Science & Analytics|Web Development|Cloud & Distributed Systems,Software Engineering,100.0,Full Stack Development,100.0,Automata Theory,94.5,Operating Systems,92.7,Digital Logic & Design,84.9,kpi|ecommerce|digital marketing|dashboard|agile|crm|analytics|react|seo|web
CSL,2,2,Network & Wireless Systems|Cloud & Distributed Systems,Software Engineering,66.6,Java,62.9,IoT,62.5,Database Management Systems,62.2,Computer Networks,61.0,vulnerability|authentication|security|cyber|firewall|network security|encryption
CSL,2,3,Network & Wireless Systems|Cloud & Distributed Systems,Cryptography & Network Security,51.4,IoT,44.4,Full Stack Development,42.3,Computer Networks,42.0,Engineering Mathematics-IV,41.9,vulnerability|authentication|phishing|security|firewall|network security|forensics
OR,1,1,Data Science & Analytics,Computer Networks,80.0,Engineering Mathematics-III,77.3,IoT,76.7,Digital Logic & Design,69.3,Data Structures and Algorithms,68.9,scheduling|queuing|reliability|optimization
OR,1,0,Data Science & Analytics,Engineering Mathematics-III,80.6,Full Stack Development,76.7,Computer Networks,75.2,Operating Systems,75.0,Design & Analysis of Algorithms,74.6,
DBM,2,1,Data Science & Analytics|Web Development,Full Stack Development,84.5,Artificial Intelligence,67.6,Digital Logic & Design,67.4,Software Engineering,65.5,Engineering Mathematics-IV,64.0,kpi|digital marketing|dashboard|testing|crm|analytics|web
DBM,1,1,Data Science & Analytics,Software Engineering,62.6,Engineering Mathematics-III,59.60224826070281,Cryptography & Network Security,59.6,Database Management Systems,57.8,Automata Theory,57.4,dashboard|digital marketing|analytics|react
RE,1,3,Network & Wireless Systems,Engineering Mathematics-III,88.8,Java,75.6,Design & Analysis of Algorithms,75.2,Engineering Mathematics-IV,73.5,Automata Theory,69.1,weibull|ecommerce|quality|simulation|testing|fmea|probability|reliability
EAM,2,1,Mobile & IoT Development|Network & Wireless Systems,Design & Analysis of Algorithms,50.8,Microcontroller & Embedded Systems,49.7,IoT,44.7,Computer Networks,41.5,Engineering Mathematics-III,41.0,scheduling|sensor|power
EAM,1,1,Mobile & IoT Development,Java,83.0,IoT,82.5,Computer Networks,80.8,Cryptography & Network Security,78.3,Automata Theory,77.9,renewable|energy|efficiency|audit
EAM,2,3,Mobile & IoT Development|Network & Wireless Systems,Engineering Mathematics-IV,87.09780666735182,Microcontroller & Embedded Systems,80.8,Digital Logic & Design,80.5,C++,79.4,Engineering Mathematics-III,78.84445057573511,solar|monitoring|power|sensor|dashboard|linear programming|efficiency|hvac|renewable|energy
OR,2,3,Data Science & Analytics|Web Development,Database Management Systems,91.8,Computer Networks,80.8,C++,77.9,Automata Theory,75.4,Software Engineering,74.9,supply chain|scheduling|quality|linear programming|simulation|queuing|inventory|optimization
EAM,1,1,Mobile & IoT Development,Java,67.4,Data Structures and Algorithms,51.8,Full Stack Development,50.4,Software Engineering,49.3,IoT,48.5,iot|energy|efficiency|power
DBM,2,2,Data Science & Analytics|Web Development,Design & Analysis of Algorithms,78.7,Database Management Systems,70.7,Java,69.5,IoT,65.2,Engineering Mathematics-IV,64.3,kpi|ecommerce|digital marketing|power|dashboard|agile|analytics|web
RE,1,2,Network & Wireless Systems,Engineering Mathematics-IV,66.3,Data Structures and Algorithms,61.0,Database Management Systems,54.6,Java,47.6,Operating Systems,46.4,weibull|fault tree|statistics|simulation|testing|fmea|probability|risk|reliability
CSL,1,2,Network & Wireless Systems,Digital Logic & Design,55.0,Operating Systems,51.8,Microcontroller & Embedded Systems,46.9,Computer Networks,45.2,Database Management Systems,42.76733772303218,vulnerability|phishing|cyber|network security|forensics
CSL,1,4,Network & Wireless Systems,Microcontroller & Embedded Systems,72.68901879874335,Automata Theory,68.5,Operating Systems,60.9,Cryptography & Network Security,59.7,C++,59.3,vulnerability|authentication|iot|linear programming|phishing|security|cyber|firewall|network security|encryption
EAM,1,1,Mobile & IoT Development,Software Engineering,48.6,Engineering Mathematics-IV,48.5,Cryptography & Network Security,47.5,Engineering Mathematics-III,47.3,Computer Networks,42.9,iot|solar
OR,2,2,Data Science & Analytics|Web Development,Java,78.2,Python,77.8,Database Management Systems,73.1,Software Engineering,70.3,Cryptography & Network Security,70.3,simplex|supply chain|scheduling|dashboard|linear programming|simulation|optimization|inventory
OR,1,2,Data Science & Analytics,Digital Logic & Design,56.6,C++,54.3,Engineering Mathematics-III,54.2,Cryptography & Network Security,53.8,Full Stack Development,45.8,supply chain|simplex|simulation|linear programming|queuing|optimization|scipy|energy
OR,1,2,Data Science & Analytics,Automata Theory,81.1,Microcontroller & Embedded Systems,75.7,Data Structures and Algorithms,71.0,Engineering Mathematics-IV,70.9,Design & Analysis of Algorithms,70.6,supply chain|scheduling|sensor|simulation|linear programming|optimization|scipy
OR,2,1,Data Science & Analytics|Artificial Intelligence & Machine Learning,Software Engineering,81.61693633960942,Engineering Mathematics-IV,60.7,C++,58.1,Artificial Intelligence,55.1,Database Management Systems,54.38382551862091,scheduling|inventory|optimization
DBM,2,0,Web Development|Data Science & Analytics,Python,75.8,Engineering Mathematics-III,67.6,Database Management Systems,63.4,C++,63.1,Automata Theory,61.2,
OR,1,2,Data Science & Analytics,Java,55.9,Engineering Mathematics-IV,53.5,Engineering Mathematics-III,49.3,Cryptography & Network Security,46.3,Artificial Intelligence,44.8,simplex|supply chain|solar|simulation|linear programming|queuing|optimization|inventory
OR,1,2,Data Science & Analytics,Engineering Mathematics-III,100.0,Engineering Mathematics-IV,100.0,Data Structures and Algorithms,99.4,Python,93.9,Design & Analysis of Algorithms,92.3,supply chain|simplex|simulation|linear programming|queuing|inventory
OR,2,1,Data Science & Analytics|Web Development,Data Structures and Algorithms,100.0,Java,99.1,Digital Logic & Design,97.5,Engineering Mathematics-III,96.8,Cryptography & Network Security,95.17647433999281,simplex|simulation|queuing|supply chain
OR,1,1,Data Science & Analytics,Computer Networks,100.0,Engineering Mathematics-IV,97.3,Database Management Systems,80.2,Cryptography & Network Security,79.8,Operating Systems,78.5,simplex|supply chain|simulation|phishing|queuing|inventory|optimization
RE,1,1,Network & Wireless Systems,Engineering Mathematics-III,47.1,Data Structures and Algorithms,46.4,Design & Analysis of Algorithms,43.0,Microcontroller & Embedded Systems,42.8,Database Management Systems,42.4,weibull|statistics|quality|fmea|risk|reliability
DBM,1,3,Data Science & Analytics,Digital Logic & Design,61.1,Artificial Intelligence,57.1,Computer Networks,53.0,Software Engineering,50.8,C++,49.7,kpi|ecommerce|agile|crm|analytics|react|seo|web
DBM,3,1,Data Science & Analytics|Web Development|Cloud & Distributed Systems,IoT,56.5,Software Engineering,44.4,Database Management Systems,41.8,Full Stack Development,39.2,Computer Networks,35.2,ecommerce|digital marketing|crm|analytics|seo|web
OR,1,2,Data Science & Analytics,Java,71.7,Engineering Mathematics-III,63.4,Engineering Mathematics-IV,60.8,IoT,52.1,Computer Networks,49.0,scheduling|linear programming|simulation|queuing|optimization|inventory
OR,2,3,Data Science & Analytics|Artificial Intelligence & Machine Learning,IoT,69.7,Microcontroller & Embedded Systems,67.0,Engineering Mathematics-IV,65.1,Python,65.1,Data Structures and Algorithms,61.5,scheduling|linear programming|queuing|inventory|optimization|scipy
RE,2,3,Network & Wireless Systems|Cloud & Distributed Systems,Software Engineering,90.6,Digital Logic & Design,88.9,Engineering Mathematics-IV,85.7,Python,85.6,Data Structures and Algorithms,84.5,fault tree|statistics|quality|simulation|risk|reliability
CSL,1,3,Network & Wireless Systems,Computer Networks,50.0,Database Management Systems,45.69757189568189,Cryptography & Network Security,39.0,Operating Systems,33.4,Data Structures and Algorithms,28.1,vulnerability|authentication|phishing|security|cyber|firewall|network security|forensics|encryption
DBM,3,1,Data Science & Analytics|Web Development|Cloud & Distributed Systems,Java,84.5,Software Engineering,81.5,Cryptography & Network Security,79.2,C++,76.5,Automata Theory,72.0,kpi|web|ecommerce|network security
OR,1,1,Data Science & Analytics,Engineering Mathematics-IV,96.3,Engineering Mathematics-III,83.0,Artificial Intelligence,82.5,IoT,77.5,Design & Analysis of Algorithms,77.0,simplex|supply chain|scheduling|queuing|inventory|scipy
DBM,2,2,Data Science & Analytics|Cloud & Distributed Systems,Database Management Systems,98.3,Engineering Mathematics-III,97.6,Digital Logic & Design,97.0,Data Structures and Algorithms,93.8,Python,88.7,kpi|ecommerce|dashboard|agile|analytics|react|seo
EAM,2,1,Mobile & IoT Development|Network & Wireless Systems,Digital Logic & Design,78.6,IoT,75.3,Data Structures and Algorithms,74.1,Java,70.5,Engineering Mathematics-IV,65.4,renewable|phishing|hvac
EAM,3,4,Mobile & IoT Development|Network & Wireless Systems|Cloud & Distributed Systems,Artificial Intelligence,93.8,Full Stack Development,90.8,C++,90.4,Digital Logic & Design,90.2,Engineering Mathematics-IV,87.7,audit|solar|monitoring|power|iot|sensor|efficiency|hvac|renewable
EAM,2,0,Mobile & IoT Development|Network & Wireless Systems,Python,63.7,Design & Analysis of Algorithms,63.3,Engineering Mathematics-III,60.6,Database Management Systems,60.0,Digital Logic & Design,59.2,
DBM,2,1,Web Development|Data Science & Analytics,Software Engineering,92.9,Cryptography & Network Security,88.1,Operating Systems,84.7,Automata Theory,79.8,Engineering Mathematics-III,70.7,kpi|analytics|digital marketing
DBM,3,2,Data Science & Analytics|Web Development|Cloud & Distributed Systems,Database Management Systems,62.7,Engineering Mathematics-III,58.2,Software Engineering,55.3,Design & Analysis of Algorithms,54.1,Python,50.4,ecommerce|digital marketing|dashboard|agile|analytics|web
CSL,1,3,Network & Wireless Systems,Database Management Systems,72.3,Cryptography & Network Security,66.5,Operating Systems,64.8,Computer Networks,60.3,Design & Analysis of Algorithms,55.6,authentication|security|cyber|network security|seo|forensics|encryption
CSL,1,2,Network & Wireless Systems,Software Engineering,77.6,Cryptography & Network Security,76.7,Computer Networks,69.6,Database Management Systems,62.1,Full Stack Development,60.3,vulnerability|authentication|phishing|security|cyber|firewall|network security|forensics
CSL,2,3,Network & Wireless Systems|Cloud & Distributed Systems,Full Stack Development,77.6,Python,76.2,Digital Logic & Design,76.1,Data Structures and Algorithms,75.6,Automata Theory,74.6,vulnerability|kpi|authentication|security|firewall|forensics
DBM,1,2,Web Development,Automata Theory,49.9,Computer Networks,39.3,Artificial Intelligence,36.2,Engineering Mathematics-III,33.1,Cryptography & Network Security,31.9,kpi|dashboard|agile|crm|react|web
RE,1,1,Network & Wireless Systems,Microcontroller & Embedded Systems,74.1,Automata Theory,68.3,Engineering Mathematics-III,66.8,Data Structures and Algorithms,63.6,Digital Logic & Design,61.3,weibull|fmea|fault tree|probability
OR,1,1,Data Science & Analytics,Artificial Intelligence,89.4,Database Management Systems,71.7,Engineering Mathematics-IV,69.08024045118017,C++,67.4,Software Engineering,67.0,supply chain|scheduling|queuing|inventory|optimization|scipy
CSL,2,3,Network & Wireless Systems|Cloud & Distributed Systems,Computer Networks,63.7,Java,62.0,Design & Analysis of Algorithms,60.5,C++,59.4,Cryptography & Network Security,51.2,vulnerability|authentication|phishing|security|cyber|firewall|forensics
RE,2,3,Network & Wireless Systems|Cloud & Distributed Systems,Engineering Mathematics-IV,74.3,Engineering Mathematics-III,70.1,Digital Logic & Design,68.5,IoT,63.6,Database Management Systems,61.7,weibull|fault tree|statistics|simulation|testing|fmea|probability|risk|reliability
DBM,4,2,Data Science & Analytics|Web Development|Cloud & Distributed Systems|Mobile & IoT Development,Engineering Mathematics-IV,84.3,Software Engineering,83.7,Cryptography & Network Security,80.4,Database Management Systems,79.3,Microcontroller & Embedded Systems,74.5,kpi|ecommerce|digital marketing|security|analytics|react|seo
OR,1,3,Data Science & Analytics,Database Management Systems,77.3,Engineering Mathematics-IV,76.2,Cryptography & Network Security,59.4,Engineering Mathematics-III,58.5,Data Structures and Algorithms,57.9,network security|supply chain|scheduling|linear programming|simulation|scipy|queuing|optimization|inventory|risk
OR,2,3,Data Science & Analytics|Artificial Intelligence & Machine Learning,Digital Logic & Design,98.4,Engineering Mathematics-IV,87.1,Java,86.7,Engineering Mathematics-III,79.4,Python,68.3,simplex|scheduling|linear programming|simulation|queuing|optimization|scipy
CSL,1,1,Network & Wireless Systems,Engineering Mathematics-IV,29.8,Computer Networks,27.8,Microcontroller & Embedded Systems,26.2,Digital Logic & Design,25.4,Design & Analysis of Algorithms,23.0,authentication|phishing
CSL,1,1,Network & Wireless Systems,Computer Networks,61.3,Cryptography & Network Security,59.0,Artificial Intelligence,57.0,Software Engineering,51.68192872937257,IoT,50.4,authentication|network security
CSL,1,2,Network & Wireless Systems,Design & Analysis of Algorithms,70.5,Software Engineering,64.9,Cryptography & Network Security,64.0,Java,61.8,Artificial Intelligence,60.0,authentication|phishing|firewall|network security|forensics
OR,1,2,Data Science & Analytics,Database Management Systems,71.6,Data Structures and Algorithms,70.7,Artificial Intelligence,70.0,Engineering Mathematics-IV,64.5,Java,64.0,supply chain|simplex|scheduling|linear programming|cyber|optimization|scipy
OR,1,0,Data Science & Analytics,Microcontroller & Embedded Systems,94.11781700112631,Engineering Mathematics-III,69.9,Computer Networks,68.5,Python,65.9,Automata Theory,65.8,
OR,2,4,Data Science & Analytics|Artificial Intelligence & Machine Learning,Python,71.2,Engineering Mathematics-III,54.1,Microcontroller & Embedded Systems,46.7,Design & Analysis of Algorithms,41.8,Operating Systems,39.6,supply chain|simplex|fault tree|scheduling|linear programming|simulation|queuing|optimization|inventory|scipy
RE,1,1,Network & Wireless Systems,Data Structures and Algorithms,85.0,Engineering Mathematics-III,84.0,Software Engineering,83.8,Engineering Mathematics-IV,78.3,Artificial Intelligence,69.5,quality|testing|fault tree|reliability
RE,1,2,Network & Wireless Systems,Engineering Mathematics-IV,84.7,Computer Networks,79.5,Artificial Intelligence,78.3,C++,74.0,Cryptography & Network Security,72.4,weibull|solar|fault tree|statistics|quality|simulation|fmea|firewall|probability
EAM,1,2,Mobile & IoT Development,Microcontroller & Embedded Systems,61.4,Operating Systems,59.3,C++,47.8,Database Management Systems,44.9,Design & Analysis of Algorithms,43.4,solar|power|iot|sensor|efficiency|hvac|energy
DBM,1,1,Data Science & Analytics,Data Structures and Algorithms,71.9,Design & Analysis of Algorithms,59.1,Computer Networks,56.3,Database Management Systems,54.3,Engineering Mathematics-IV,54.2,encryption|crm|analytics|digital marketing
EAM,1,2,Mobile & IoT Development,Cryptography & Network Security,76.14652800765784,IoT,68.2,Microcontroller & Embedded Systems,68.1,Automata Theory,68.0,Design & Analysis of Algorithms,65.0,audit|solar|monitoring|hvac|renewable
EAM,2,1,Mobile & IoT Development|Network & Wireless Systems,Cryptography & Network Security,73.1,Computer Networks,66.9,Java,64.1,Digital Logic & Design,60.9,Microcontroller & Embedded Systems,60.7,audit|solar|hvac
OR,1,2,Data Science & Analytics,Computer Networks,90.8,Engineering Mathematics-III,87.3,Automata Theory,84.4,Artificial Intelligence,77.8,Data Structures and Algorithms,77.2,simplex|supply chain|scheduling|inventory|scipy
RE,2,3,Network & Wireless Systems|Cloud & Distributed Systems,Design & Analysis of Algorithms,68.6,Microcontroller & Embedded Systems,61.1,Python,59.6,Computer Networks,58.410275675260415,Engineering Mathematics-III,55.9,weibull|fault tree|quality|simulation|testing|fmea|probability|risk
CSL,1,3,Network & Wireless Systems,Java,54.6,IoT,52.3,Engineering Mathematics-IV,49.7,Design & Analysis of Algorithms,47.3,Database Management Systems,44.1,vulnerability|authentication|phishing|security|cyber|testing|firewall|encryption
DBM,3,2,Data Science & Analytics|Web Development|Cloud & Distributed Systems,Design & Analysis of Algorithms,92.0,Software Engineering,90.6,C++,88.0,IoT,79.3,Cryptography & Network Security,78.0,kpi|digital marketing|dashboard|analytics|react|seo|risk
DBM,2,0,Data Science & Analytics|Cloud & Distributed Systems,Full Stack Development,93.0,Python,76.0,Database Management Systems,71.9,Engineering Mathematics-III,71.2,Automata Theory,69.4,
DBM,3,1,Data Science & Analytics|Web Development|Cloud & Distributed Systems,IoT,46.0,Software Engineering,32.6,Java,30.2,Cryptography & Network Security,26.5,Python,20.7,kpi|digital marketing|agile|analytics|react|seo
DBM,2,2,Web Development|Cloud & Distributed Systems,Microcontroller & Embedded Systems,78.001757018714,Full Stack Development,65.4,Computer Networks,62.9,Database Management Systems,62.8,Engineering Mathematics-IV,57.9,network security|kpi|dashboard|agile|crm|react|seo|web
DBM,2,2,Data Science & Analytics|Cloud & Distributed Systems,Full Stack Development,100.0,Engineering Mathematics-IV,98.3,C++,90.1,Computer Networks,88.1,Data Structures and Algorithms,87.8,kpi|digital marketing|dashboard|agile|crm|react|seo
RE,2,2,Network & Wireless Systems|Cloud & Distributed Systems,Engineering Mathematics-III,54.6,Software Engineering,45.4,Automata Theory,43.2,Design & Analysis of Algorithms,39.7,Engineering Mathematics-IV,37.9,quality|fmea|fault tree|probability
CSL,2,1,Network & Wireless Systems|Cloud & Distributed Systems,Full Stack Development,76.2,Engineering Mathematics-IV,74.59882125400553,Design & Analysis of Algorithms,72.9,Computer Networks,72.3,Cryptography & Network Security,69.8,vulnerability|scheduling|phishing|security|cyber|firewall|encryption
EAM,2,0,Mobile & IoT Development|Network & Wireless Systems,Computer Networks,53.6,Operating Systems,47.6,Engineering Mathematics-IV,43.8,Design & Analysis of Algorithms,42.2,Microcontroller & Embedded Systems,41.5,
RE,1,1,Network & Wireless Systems,Software Engineering,89.93060049312606,Database Management Systems,86.70907044400144,Microcontroller & Embedded Systems,77.4,Design & Analysis of Algorithms,75.5,Digital Logic & Design,71.5,quality|testing|reliability
CSL,1,1,Network & Wireless Systems,Cryptography & Network Security,84.8,Java,83.0,Operating Systems,81.8,Software Engineering,74.6,Data Structures and Algorithms,73.3,phishing|security
OR,2,1,Data Science & Analytics|Artificial Intelligence & Machine Learning,Cryptography & Network Security,46.326185485289315,Engineering Mathematics-III,44.7,Digital Logic & Design,42.3,Design & Analysis of Algorithms,39.9,Python,39.7,scheduling|linear programming|queuing
DBM,1,3,Web Development,Full Stack Development,84.8,Python,75.2,Data Structures and Algorithms,73.8,Design & Analysis of Algorithms,70.1,Java,69.5,kpi|ecommerce|digital marketing|dashboard|crm|analytics|optimization|seo
EAM,2,0,Mobile & IoT Development|Network & Wireless Systems,Cryptography & Network Security,61.1,Engineering Mathematics-IV,57.3,Engineering Mathematics-III,55.3,C++,54.5,Automata Theory,54.0,
DBM,2,3,Web Development|Data Science & Analytics,Microcontroller & Embedded Systems,81.0,Full Stack Development,74.9,Automata Theory,72.8,Engineering Mathematics-IV,72.7,Digital Logic & Design,67.3,weibull|kpi|ecommerce|digital marketing|dashboard|agile|crm|analytics|react|seo
EAM,2,0,Mobile & IoT Development|Network & Wireless Systems,Database Management Systems,78.56049633168061,Cryptography & Network Security,77.9,Engineering Mathematics-IV,76.1,Automata Theory,70.5,Software Engineering,68.24566715295279,
OR,2,1,Data Science & Analytics|Artificial Intelligence & Machine Learning,Digital Logic & Design,79.8,Engineering Mathematics-III,78.1,Microcontroller & Embedded Systems,77.6,Engineering Mathematics-IV,75.2,Cryptography & Network Security,70.1,sensor|simplex|scipy|queuing
CSL,1,2,Network & Wireless Systems,Full Stack Development,70.8,Automata Theory,69.8,Engineering Mathematics-IV,69.35377587842888,Computer Networks,68.5,Engineering Mathematics-III,66.74982626282414,vulnerability|monitoring|authentication|phishing|security|forensics|encryption
RE,2,2,Network & Wireless Systems|Cloud & Distributed Systems,Microcontroller & Embedded Systems,78.9,Computer Networks,78.2,Engineering Mathematics-IV,65.3,IoT,63.6,Automata Theory,63.4,fault tree|quality|simulation|fmea|probability|reliability
DBM,2,3,Data Science & Analytics|Web Development,Software Engineering,58.6,Artificial Intelligence,50.4,Automata Theory,48.6,Data Structures and Algorithms,42.8,Digital Logic & Design,41.5,kpi|digital marketing|security|crm|analytics|react|firewall|seo|web
DBM,4,2,Data Science & Analytics|Web Development|Cloud & Distributed Systems|Mobile & IoT Development,Automata Theory,69.8,Full Stack Development,65.7,Cryptography & Network Security,64.3,Database Management Systems,58.9,Engineering Mathematics-III,57.6,digital marketing|dashboard|agile|crm|react
RE,1,3,Network & Wireless Systems,Engineering Mathematics-III,72.6,Software Engineering,64.6,Engineering Mathematics-IV,62.0,Operating Systems,61.1,Java,59.0,weibull|fault tree|statistics|quality|simulation|probability|seo|risk|reliability
CSL,2,3,Network & Wireless Systems|Cloud & Distributed Systems,Python,82.3,Database Management Systems,78.0966955571716,Digital Logic & Design,77.1,Cryptography & Network Security,74.6,Automata Theory,74.4,vulnerability|authentication|phishing|security|cyber|firewall|network security|reliability
DBM,2,3,Data Science & Analytics|Web Development,Java,78.7,Python,78.5,Computer Networks,74.9,Engineering Mathematics-III,74.1,Automata Theory,67.5,kpi|ecommerce|digital marketing|dashboard|agile|crm|analytics|react|web|seo
DBM,1,4,Data Science & Analytics,Full Stack Development,65.5,Java,57.8,Design & Analysis of Algorithms,57.7,Cryptography & Network Security,50.5,Software Engineering,48.2,kpi|ecommerce|digital marketing|dashboard|agile|crm|analytics|react|seo|web
EAM,2,1,Mobile & IoT Development|Network & Wireless Systems,Microcontroller & Embedded Systems,81.8,Computer Networks,77.37322350977956,IoT,76.7,Cryptography & Network Security,72.58779295819038,Java,71.7,renewable|energy|solar
EAM,2,2,Mobile & IoT Development|Network & Wireless Systems,C++,76.4,Microcontroller & Embedded Systems,73.9,Data Structures and Algorithms,70.6,Automata Theory,70.5,Computer Networks,69.0,audit|solar|monitoring|power|iot|efficiency|hvac|renewable|firewall
OR,2,1,Data Science & Analytics|Artificial Intelligence & Machine Learning,Microcontroller & Embedded Systems,72.12990396524307,Python,70.7,IoT,70.59637173941977,Engineering Mathematics-IV,70.3,Operating Systems,69.8,scheduling|scipy|optimization
OR,1,4,Data Science & Analytics,Engineering Mathematics-III,100.0,Software Engineering,100.0,Artificial Intelligence,99.4,Engineering Mathematics-IV,98.0,Microcontroller & Embedded Systems,96.6,supply chain|scheduling|linear programming|simulation|queuing|optimization|inventory|scipy
CSL,2,2,Network & Wireless Systems|Cloud & Distributed Systems,Cryptography & Network Security,85.8,Software Engineering,84.29414214803855,Operating Systems,81.5,Database Management Systems,79.05955223806262,Automata Theory,78.1,vulnerability|authentication|phishing|cyber|network security|forensics|encryption
DBM,3,2,Web Development|Data Science & Analytics|Cloud & Distributed Systems,Python,58.7,Engineering Mathematics-IV,56.7,Java,54.9,Design & Analysis of Algorithms,54.0,Database Management Systems,52.7,kpi|ecommerce|digital marketing|dashboard|hvac|crm|seo|web|encryption
OR,2,2,Data Science & Analytics|Web Development,Automata Theory,58.6,Engineering Mathematics-III,49.6,Engineering Mathematics-IV,46.3,Microcontroller & Embedded Systems,42.7,Data Structures and Algorithms,41.5,supply chain|linear programming|simulation|queuing|inventory|scipy
RE,1,2,Network & Wireless Systems,Software Engineering,63.2,Design & Analysis of Algorithms,62.9,IoT,62.7,Data Structures and Algorithms,56.9,Digital Logic & Design,52.6,statistics|weibull|testing|probability
EAM,2,1,Mobile & IoT Development|Cloud & Distributed Systems,C++,65.5,Engineering Mathematics-III,65.42140556271748,IoT,58.9,Computer Networks,55.8,Engineering Mathematics-IV,55.02072527954355,solar|monitoring|power|sensor|authentication|efficiency|hvac
DBM,2,1,Web Development|Data Science & Analytics,Design & Analysis of Algorithms,88.2,Operating Systems,87.6,Automata Theory,84.9,Cryptography & Network Security,80.4407686315076,Digital Logic & Design,77.4,crm|react|digital marketing
EAM,1,4,Mobile & IoT Development,Software Engineering,50.8,Cryptography & Network Security,50.2,Engineering Mathematics-IV,48.5,Microcontroller & Embedded Systems,47.9,Operating Systems,43.4,audit|solar|monitoring|power|quality|iot|sensor|agile|efficiency|hvac
OR,1,4,Data Science & Analytics,Operating Systems,88.5,Computer Networks,87.8,Engineering Mathematics-IV,82.6,C++,81.5,Engineering Mathematics-III,72.9,weibull|supply chain|simplex|scheduling|linear programming|simulation|queuing|inventory|optimization|scipy
OR,1,0,Data Science & Analytics,Engineering Mathematics-IV,64.33249072574785,Java,56.3,Data Structures and Algorithms,51.1,Operating Systems,50.9,Digital Logic & Design,46.9,
RE,1,0,Network & Wireless Systems,Engineering Mathematics-III,70.3,Python,63.8,Cryptography & Network Security,61.3,Artificial Intelligence,60.1,Software Engineering,59.12762649060103,
DBM,3,0,Web Development|Data Science & Analytics|Mobile & IoT Development,Cryptography & Network Security,71.9,Operating Systems,71.6,Computer Networks,69.6,Full Stack Development,64.7,IoT,62.20589234109576,
DBM,2,3,Web Development|Data Science & Analytics,Database Management Systems,73.0,Software Engineering,65.0,Cryptography & Network Security,63.74215126425557,Artificial Intelligence,62.1,Operating Systems,58.3,weibull|kpi|ecommerce|dashboard|agile|crm|inventory|seo
RE,2,3,Network & Wireless Systems|Cloud & Distributed Systems,Engineering Mathematics-IV,58.0,Operating Systems,51.4,IoT,50.5,Digital Logic & Design,48.3,Software Engineering,45.82283988341851,weibull|fault tree|statistics|quality|simulation|fmea|testing|risk|reliability
EAM,1,3,Mobile & IoT Development,Automata Theory,82.5,Engineering Mathematics-IV,79.5,Database Management Systems,78.3,Data Structures and Algorithms,77.1,IoT,76.2,audit|power|iot|efficiency|hvac|renewable|inventory|energy
DBM,3,3,Data Science & Analytics|Web Development|Mobile & IoT Development,Software Engineering,66.1,Artificial Intelligence,63.0,IoT,49.4,Python,48.8,Design & Analysis of Algorithms,48.0,kpi|ecommerce|dashboard|agile|fmea|crm|seo|encryption
EAM,2,2,Mobile & IoT Development|Network & Wireless Systems,Engineering Mathematics-III,87.8922243459018,Data Structures and Algorithms,79.3,Cryptography & Network Security,74.8,Database Management Systems,69.1,Engineering Mathematics-IV,66.21289214504849,monitoring|power|sensor|iot|efficiency|hvac|renewable
RE,1,1,Network & Wireless Systems,Engineering Mathematics-III,70.3,Microcontroller & Embedded Systems,68.0,Computer Networks,58.4,IoT,58.0,C++,55.5,testing|reliability
EAM,2,2,Mobile & IoT Development|Network & Wireless Systems,Computer Networks,67.4,Data Structures and Algorithms,60.7,IoT,56.9,Database Management Systems,55.1,Digital Logic & Design,51.5,solar|monitoring|sensor|iot|hvac|renewable|firewall|energy
CSL,1,1,Network & Wireless Systems,Computer Networks,98.5,Design & Analysis of Algorithms,98.3,Digital Logic & Design,97.3,Cryptography & Network Security,97.2,IoT,96.7,authentication|security|firewall|network security
CSL,2,3,Network & Wireless Systems|Cloud & Distributed Systems,Computer Networks,86.1,Full Stack Development,80.3,Design & Analysis of Algorithms,79.0,Data Structures and Algorithms,78.5,IoT,76.6,vulnerability|authentication|phishing|security|hvac|firewall|network security|forensics
CSL,1,2,Network & Wireless Systems,Cryptography & Network Security,71.9,Python,71.0,Operating Systems,68.6,Design & Analysis of Algorithms,67.6,Artificial Intelligence,66.2,vulnerability|phishing|security|network security|encryption
CSL,1,1,Network & Wireless Systems,Cryptography & Network Security,98.8,Engineering Mathematics-IV,97.5,Automata Theory,97.1,Computer Networks,93.6,Design & Analysis of Algorithms,92.9,authentication|phishing|cyber|network security|forensics
DBM,3,2,Data Science & Analytics|Cloud & Distributed Systems|Mobile & IoT Development,Full Stack Development,76.5,Python,65.5,Engineering Mathematics-III,63.71701718215037,Cryptography & Network Security,62.4,Operating Systems,59.5,fault tree|ecommerce|dashboard|analytics|react|web
OR,1,1,Data Science & Analytics,Design & Analysis of Algorithms,67.0,Data Structures and Algorithms,66.9,Full Stack Development,66.4,Automata Theory,65.9,Engineering Mathematics-III,62.5,scheduling|linear programming|inventory
DBM,3,4,Web Development|Data Science & Analytics|Mobile & IoT Development,Full Stack Development,69.9,Operating Systems,47.1,Microcontroller & Embedded Systems,45.4,Software Engineering,35.9,IoT,33.1,kpi|ecommerce|digital marketing|dashboard|agile|analytics|react|inventory|web
DBM,1,0,Data Science & Analytics,Full Stack Development,89.3,Database Management Systems,88.7,Computer Networks,78.0,Automata Theory,78.0,IoT,77.9,
OR,2,1,Data Science & Analytics|Artificial Intelligence & Machine Learning,Engineering Mathematics-IV,76.5,Computer Networks,72.5,Database Management Systems,71.8,Automata Theory,69.5,Full Stack Development,67.6,scheduling|scipy|linear programming
OR,3,0,Data Science & Analytics|Artificial Intelligence & Machine Learning|Web Development,Engineering Mathematics-IV,78.53688087918813,Digital Logic & Design,72.5,C++,72.3,Design & Analysis of Algorithms,71.4,Python,67.5,
RE,2,0,Network & Wireless Systems|Data Science & Analytics,Engineering Mathematics-III,81.0,IoT,68.0,Operating Systems,66.3,Engineering Mathematics-IV,64.4,Database Management Systems,63.4,
EAM,2,2,Mobile & IoT Development|Cloud & Distributed Systems,Operating Systems,58.1,Python,56.8,Java,53.9,Digital Logic & Design,52.8,Engineering Mathematics-III,52.7,solar|monitoring|iot|hvac|firewall
OR,2,0,Data Science & Analytics|Web Development,Engineering Mathematics-III,71.6,Cryptography & Network Security,54.6644574350414,Computer Networks,52.886801540423406,Design & Analysis of Algorithms,52.4,Python,51.1,
OR,1,2,Data Science & Analytics,Java,38.4,Computer Networks,36.6,Database Management Systems,33.5,Python,29.0,IoT,25.9,simplex|supply chain|simulation|linear programming|scipy
RE,1,2,Network & Wireless Systems,Engineering Mathematics-IV,86.4,Database Management Systems,75.2,Microcontroller & Embedded Systems,74.3,IoT,71.7,Java,70.1,weibull|quality|simulation|risk|web|reliability
EAM,1,2,Mobile & IoT Development,Java,79.8,Engineering Mathematics-IV,79.1,IoT,74.4,Microcontroller & Embedded Systems,73.2,Computer Networks,70.6,audit|solar|efficiency|hvac|renewable|energy|reliability
OR,1,1,Data Science & Analytics,Python,97.1,Microcontroller & Embedded Systems,75.1,C++,71.4,Engineering Mathematics-III,67.8,Data Structures and Algorithms,65.5,scheduling|linear programming|simulation|optimization|inventory|scipy
EAM,2,3,Mobile & IoT Development|Network & Wireless Systems,Database Management Systems,70.2,C++,57.0,Full Stack Development,53.5,Digital Logic & Design,52.6,Engineering Mathematics-III,52.2,audit|solar|monitoring|power|sensor|iot|efficiency|hvac|renewable|optimization
RE,1,2,Network & Wireless Systems,C++,63.7,IoT,63.1,Cryptography & Network Security,55.35764325634057,Computer Networks,55.23782798479765,Engineering Mathematics-IV,46.2,fault tree|authentication|simulation|testing|queuing|probability|reliability
EAM,1,1,Mobile & IoT Development,Java,66.9,Computer Networks,66.11686082933294,Microcontroller & Embedded Systems,65.4,Cryptography & Network Security,63.55439564306969,Python,58.2,monitoring|power|iot|sensor|efficiency
CSL,1,3,Network & Wireless Systems,Data Structures and Algorithms,94.2,Automata Theory,81.6,Digital Logic & Design,78.7,Computer Networks,75.4,Operating Systems,73.8,vulnerability|authentication|quality|security|fmea|firewall|network security|analytics|forensics|encryption
