student_id,archetype,semester,current_cgpa,current_sgpa,previous_sgpa,sgpa_trend,attendance,lab_performance,project_score,participation_score,extracurricular,dept_avg,num_subjects,num_backlogs,num_strong_subjects,num_weak_subjects,avg_subject_score,min_subject_score,max_subject_score,std_subject_score,practical_avg,theory_avg,credits_completed_ratio,next_sgpa
STU_00000,below_avg,3,0.57,0.89,0.0,0.89,54.3,49.5,23.3,55.1,0.0,5.56,6,4,0,5,29.0,8.1,59.5,18.3,52.8,17.1,0.25,1.09
STU_00001,below_avg,3,0.51,0.0,1.47,-1.47,62.0,35.1,36.9,42.1,9.1,6.82,6,6,0,6,19.3,2.0,37.2,14.2,32.1,12.9,0.25,0.0
STU_00002,failing,4,0.05,0.0,0.0,0.0,33.0,24.9,18.1,41.8,0.0,6.65,7,7,0,7,14.3,2.0,36.8,12.9,33.9,6.5,0.38,0.0
STU_00003,average,4,0.46,1.14,0.0,1.14,69.0,55.1,42.4,45.9,0.0,5.01,7,5,0,7,31.4,11.9,48.5,12.4,42.4,26.9,0.38,1.22
STU_00004,average,3,1.72,1.16,2.0,-0.84,63.8,49.8,24.0,64.0,39.7,4.34,6,4,0,5,35.8,19.2,53.9,12.0,46.0,30.7,0.25,0.32
STU_00005,below_avg,6,0.58,0.0,0.44,-0.44,54.3,27.9,67.0,100.0,15.9,6.72,4,4,0,4,14.3,2.0,25.3,9.6,16.3,8.1,0.62,0.67
STU_00006,average,4,3.48,4.14,3.16,0.98,62.3,69.3,31.4,36.0,29.0,5.75,7,1,0,4,45.2,22.2,65.8,12.6,53.0,42.0,0.38,6.56
STU_00007,topper,6,9.19,9.5,8.56,0.94,92.2,94.0,69.0,70.7,84.9,6.17,4,0,4,0,89.0,78.6,95.9,6.6,92.5,78.6,0.62,10.0
STU_00008,strong,4,7.45,7.14,7.74,-0.6,81.9,83.2,56.4,76.4,64.6,6.56,7,0,1,0,67.5,62.4,81.8,6.3,74.8,64.6,0.38,7.11
STU_00009,above_avg,7,5.91,6.67,5.0,1.67,73.2,76.9,56.8,34.6,36.3,5.51,3,0,0,1,60.0,48.5,67.8,8.3,58.1,63.6,0.75,7.33
STU_00010,above_avg,5,3.81,3.11,4.45,-1.34,77.4,71.6,59.9,41.0,60.5,6.09,4,1,0,2,50.9,35.2,65.8,11.5,61.3,40.4,0.5,3.25
STU_00011,strong,6,8.23,8.38,8.44,-0.06,86.5,100.0,60.9,87.3,58.1,6.17,4,0,3,0,80.5,61.5,91.5,11.9,86.8,61.5,0.62,8.0
STU_00012,below_avg,4,2.06,2.18,1.47,0.71,67.1,55.2,35.7,39.5,0.0,6.28,7,4,1,5,36.2,12.3,70.9,20.1,47.0,31.9,0.38,0.67
STU_00013,improving,3,2.69,3.84,0.74,3.1,68.0,81.5,71.5,44.9,57.2,6.0,6,1,0,4,48.1,28.4,66.5,12.9,64.3,40.0,0.25,7.0
STU_00014,above_avg,5,4.44,5.56,3.82,1.74,85.0,63.0,76.2,61.4,36.1,6.37,4,0,1,1,59.3,43.2,84.3,15.3,70.5,48.1,0.5,7.25
STU_00015,below_avg,3,0.98,0.89,0.89,0.0,64.7,60.7,36.7,41.7,33.1,6.66,6,4,0,5,21.2,2.0,56.7,22.0,50.9,6.5,0.25,1.14
STU_00016,topper,7,9.72,10.0,9.0,1.0,88.9,100.0,94.9,55.5,55.7,5.23,3,0,3,0,97.2,91.5,100.0,4.0,95.8,100.0,0.75,10.0
STU_00017,strong,4,8.27,7.77,7.89,-0.12,93.7,75.5,94.8,72.3,47.7,6.89,7,0,3,0,69.0,60.0,81.7,6.7,66.6,70.0,0.38,8.56
STU_00018,below_avg,5,1.64,0.44,2.27,-1.83,61.6,45.6,27.1,20.5,28.7,7.35,4,3,0,4,27.1,14.4,42.2,10.1,35.3,18.9,0.5,0.0
STU_00019,average,4,0.48,1.09,0.68,0.41,79.0,28.0,56.5,76.6,0.0,6.57,7,4,0,7,33.7,19.8,43.3,8.6,42.6,30.2,0.38,3.11
STU_00020,below_avg,4,0.97,0.0,1.89,-1.89,61.5,29.3,36.8,48.3,1.6,5.15,7,7,0,7,26.6,15.9,39.1,8.7,36.3,22.8,0.38,0.0
STU_00021,above_avg,5,5.82,5.0,6.05,-1.05,84.2,61.0,53.9,48.9,2.3,5.99,4,0,0,2,55.9,44.9,69.3,9.8,65.2,46.7,0.5,4.88
STU_00022,above_avg,4,4.92,4.77,6.0,-1.23,88.5,46.7,46.9,45.4,28.2,6.99,7,1,0,2,52.6,39.9,62.7,7.9,58.9,50.0,0.38,3.56
STU_00023,struggling,4,0.12,0.0,0.63,-0.63,41.8,1.7,24.1,45.2,32.6,8.27,7,7,0,7,10.0,2.0,23.3,8.8,2.0,13.2,0.38,0.0
STU_00024,average,5,2.81,3.33,3.14,0.19,74.3,70.0,80.0,51.3,57.1,5.92,4,1,1,3,52.1,32.1,80.0,17.4,64.7,39.5,0.5,5.62
STU_00025,average,3,5.09,6.05,4.11,1.94,65.4,79.7,44.6,50.1,36.7,6.38,6,0,0,1,57.5,48.3,69.9,7.8,62.5,55.0,0.25,5.14
STU_00026,average,3,1.4,1.68,0.84,0.84,82.2,56.7,75.7,61.0,2.1,6.79,6,4,0,5,35.0,19.7,55.3,13.5,44.8,30.1,0.25,4.36
STU_00027,above_avg,4,5.67,5.95,4.74,1.21,85.5,71.9,74.8,62.4,29.2,7.01,7,0,1,3,56.1,43.8,74.1,10.7,54.8,56.6,0.38,10.0
STU_00028,strong,4,6.14,6.59,5.11,1.48,87.8,64.6,72.3,44.9,19.9,6.63,7,0,1,1,60.9,46.5,70.7,8.4,58.7,61.7,0.38,6.78
STU_00029,average,3,4.77,4.89,4.74,0.15,76.3,68.8,54.5,77.0,17.5,6.61,6,1,0,2,55.6,30.6,67.6,14.0,64.2,51.3,0.25,2.27
STU_00030,average,5,0.22,0.78,0.0,0.78,73.8,34.9,29.0,44.5,16.3,5.4,4,3,0,3,33.5,13.2,64.1,18.7,45.5,21.5,0.5,2.62
STU_00031,below_avg,5,1.59,0.67,2.0,-1.33,59.1,46.9,34.7,29.6,26.0,6.13,4,3,0,3,27.8,9.9,50.4,16.2,43.0,12.6,0.5,0.0
STU_00032,average,6,0.81,0.0,1.11,-1.11,65.9,34.4,62.6,41.4,2.2,5.07,4,4,0,4,35.6,32.8,39.1,2.3,34.4,39.1,0.62,0.0
STU_00033,above_avg,5,4.77,3.78,5.18,-1.4,86.1,59.1,68.1,33.8,26.6,6.58,4,1,1,2,52.3,35.9,73.3,13.5,62.8,41.8,0.5,6.5
STU_00034,below_avg,3,0.0,0.42,0.32,0.1,54.1,33.2,35.7,53.9,25.3,5.76,6,5,0,6,29.1,17.9,44.4,9.5,39.9,23.8,0.25,0.73
STU_00035,average,3,3.48,4.53,2.84,1.69,81.2,76.5,46.7,62.2,41.6,6.74,6,1,0,2,48.4,28.9,55.4,9.0,51.0,47.0,0.25,3.64
STU_00036,above_avg,5,5.9,6.11,5.68,0.43,77.0,67.4,51.4,59.7,31.4,7.29,4,0,1,1,61.1,48.9,70.6,8.1,65.0,57.2,0.5,6.75
STU_00037,average,3,1.14,0.42,1.68,-1.26,77.7,23.4,12.9,63.9,31.7,4.74,6,5,0,6,26.2,5.4,40.9,10.8,23.1,27.7,0.25,4.05
STU_00038,above_avg,3,3.86,5.05,2.53,2.52,74.6,59.3,58.3,62.7,61.3,5.73,6,0,0,4,48.5,44.0,56.0,4.1,50.2,47.6,0.25,4.32
STU_00039,average,5,2.77,1.22,4.59,-3.37,63.5,56.4,58.8,41.7,62.4,6.44,4,2,0,3,44.9,35.5,61.6,10.0,52.4,37.5,0.5,1.75
STU_00040,topper,6,9.93,10.0,9.67,0.33,92.1,100.0,84.2,76.6,43.0,5.44,4,0,4,0,95.5,84.5,100.0,6.4,94.0,100.0,0.62,10.0
STU_00041,struggling,7,0.0,0.0,0.0,0.0,36.1,19.2,25.9,16.9,10.1,6.83,3,3,0,3,11.4,2.0,30.1,13.2,16.1,2.0,0.75,0.0
STU_00042,struggling,3,0.56,0.0,0.74,-0.74,45.5,30.6,39.5,17.5,2.1,7.4,6,6,0,6,10.2,2.0,29.2,9.5,16.7,6.9,0.25,0.0
STU_00043,strong,4,6.44,6.41,6.16,0.25,80.8,86.8,65.6,84.7,21.4,5.58,7,0,1,1,63.7,45.8,89.7,12.6,79.2,57.5,0.38,9.67
STU_00044,topper,4,9.35,9.27,10.0,-0.73,93.1,100.0,100.0,83.9,40.5,7.46,7,0,7,0,84.7,72.7,100.0,8.8,93.8,81.0,0.38,10.0
STU_00045,topper,4,9.57,9.77,9.37,0.4,90.3,100.0,81.1,86.1,71.5,7.56,7,0,7,0,84.4,77.8,97.0,6.3,87.4,83.2,0.38,10.0
STU_00046,topper,5,9.78,8.89,9.91,-1.02,85.9,90.4,78.0,77.6,58.9,6.87,4,0,4,0,83.2,71.1,95.3,10.4,85.0,81.3,0.5,9.0
STU_00047,average,4,2.6,1.77,2.11,-0.34,76.4,33.5,44.8,49.9,9.9,5.95,7,4,0,6,36.6,17.5,63.4,14.2,43.9,33.7,0.38,0.0
STU_00048,struggling,5,0.41,0.0,1.18,-1.18,62.7,19.6,57.7,25.0,26.5,7.21,4,4,0,4,14.0,2.0,31.8,12.0,25.0,3.0,0.5,0.0
STU_00049,struggling,3,0.0,0.0,0.0,0.0,53.6,8.6,39.6,29.8,18.7,5.6,6,6,0,6,8.3,2.0,36.5,12.7,19.2,2.9,0.25,0.0
STU_00050,below_avg,3,0.82,0.42,1.89,-1.47,48.7,50.7,31.1,23.2,16.5,7.93,6,5,0,6,22.4,7.6,44.5,11.6,34.6,16.4,0.25,0.32
STU_00051,above_avg,4,5.89,5.86,5.84,0.02,78.2,81.0,58.8,61.8,33.3,6.29,7,0,1,2,59.7,42.4,85.6,13.5,75.2,53.5,0.38,6.0
STU_00052,below_avg,3,0.85,0.32,1.05,-0.73,61.1,54.8,57.2,52.8,47.2,6.78,6,5,0,5,25.6,2.0,53.9,16.4,44.2,16.2,0.25,1.14
STU_00053,strong,5,8.57,7.67,9.27,-1.6,94.8,83.5,55.0,43.1,20.6,7.37,4,0,2,0,77.4,66.6,91.6,10.0,86.7,68.2,0.5,9.38
STU_00054,average,6,1.43,1.75,0.67,1.08,66.1,68.8,40.6,52.7,30.1,6.78,4,2,0,4,37.2,26.2,47.9,8.2,40.9,26.2,0.62,1.67
STU_00055,struggling,6,0.33,0.62,0.0,0.62,52.6,48.8,8.9,39.0,9.7,5.61,4,3,0,4,22.2,2.0,45.7,17.1,28.9,2.0,0.62,0.0
STU_00056,average,4,3.0,3.14,3.0,0.14,71.6,38.6,45.2,40.5,44.4,5.82,7,2,0,6,42.2,18.8,59.2,11.9,45.5,40.9,0.38,1.11
STU_00057,strong,3,9.21,9.11,9.89,-0.78,82.4,80.7,84.1,67.1,47.7,5.29,6,0,6,0,82.8,70.5,100.0,10.6,88.6,79.8,0.25,9.18
STU_00058,above_avg,4,7.64,6.82,8.47,-1.65,78.7,65.3,54.5,82.8,16.8,6.52,7,0,0,0,63.4,58.4,69.8,3.2,63.6,63.3,0.38,4.78
STU_00059,above_avg,4,4.85,4.23,5.0,-0.77,88.4,86.6,59.8,68.4,31.7,7.05,7,2,0,2,55.0,37.5,68.5,11.2,62.0,52.2,0.38,2.78
STU_00060,struggling,3,0.0,0.0,0.0,0.0,53.1,32.6,22.7,10.4,25.8,7.08,6,6,0,6,12.8,2.0,31.3,10.0,22.4,8.0,0.25,0.0
STU_00061,topper,4,8.35,9.23,8.0,1.23,90.5,80.6,70.0,87.6,40.5,6.45,7,0,7,0,81.4,74.8,90.1,5.3,83.2,80.6,0.38,10.0
STU_00062,improving,4,0.97,1.23,0.0,1.23,92.7,59.3,46.6,65.3,24.2,4.79,7,4,0,6,35.8,14.7,54.8,13.5,51.9,29.4,0.38,1.11
STU_00063,below_avg,3,0.8,0.63,0.74,-0.11,65.4,60.0,36.4,21.5,16.4,7.04,6,5,0,5,16.7,2.0,56.4,21.6,46.0,2.0,0.25,0.73
STU_00064,struggling,4,0.12,0.0,0.0,0.0,40.4,20.2,37.5,21.9,0.0,6.43,7,7,0,7,12.0,3.9,21.1,6.0,14.1,11.2,0.38,0.0
STU_00065,average,5,3.14,3.56,2.59,0.97,61.5,42.7,61.6,49.8,13.4,7.16,4,1,0,3,43.2,36.6,50.5,5.0,42.8,43.5,0.5,5.5
STU_00066,strong,4,8.92,8.82,9.05,-0.23,86.7,76.2,85.0,66.7,43.9,6.06,7,0,6,0,76.8,56.3,87.3,9.7,78.9,75.9,0.38,7.22
STU_00067,below_avg,5,1.34,0.0,2.73,-2.73,64.5,35.6,45.7,40.0,5.3,5.94,4,4,0,4,30.6,21.2,38.7,6.5,31.4,30.0,0.5,1.0
STU_00068,improving,5,2.54,3.67,0.18,3.49,86.1,58.3,45.7,21.5,23.8,7.83,4,1,0,3,43.4,26.6,53.2,10.2,47.0,39.9,0.5,6.38
STU_00069,struggling,4,0.38,0.0,0.0,0.0,49.3,15.7,37.1,28.3,17.4,6.7,7,7,0,7,11.8,2.0,26.0,8.8,17.4,9.5,0.38,0.0
STU_00070,below_avg,5,0.84,0.89,0.0,0.89,55.9,55.8,34.2,91.6,23.6,6.29,4,3,1,3,37.1,20.2,71.9,20.9,46.7,27.5,0.5,2.0
STU_00071,strong,4,9.0,8.91,8.53,0.38,88.9,86.3,70.5,98.1,19.5,5.38,7,0,6,0,82.6,57.2,97.1,12.5,89.4,79.9,0.38,7.22
STU_00072,average,4,3.59,2.55,4.89,-2.34,66.6,62.3,43.8,49.7,42.7,6.48,7,3,0,5,47.2,37.3,65.8,9.6,57.6,43.1,0.38,1.33
STU_00073,average,3,5.68,5.26,5.79,-0.53,71.8,50.8,45.3,59.9,21.2,7.32,6,1,0,4,49.4,32.9,68.7,12.7,38.4,54.9,0.25,4.27
STU_00074,above_avg,6,6.27,6.38,6.89,-0.51,76.5,81.2,35.1,56.7,26.0,6.46,4,0,2,1,63.3,47.3,74.8,10.7,68.7,47.3,0.62,6.17
STU_00075,struggling,3,0.0,0.0,0.0,0.0,53.9,11.5,43.3,30.7,50.3,6.27,6,6,0,6,8.5,2.0,19.4,5.9,9.3,8.2,0.25,0.0
STU_00076,below_avg,5,0.49,0.67,0.91,-0.24,60.9,44.0,18.9,66.2,4.2,6.53,4,3,0,3,19.6,2.0,55.8,22.0,37.2,2.0,0.5,0.5
STU_00077,strong,3,7.4,8.68,6.47,2.21,91.8,83.8,59.0,71.5,46.5,6.84,6,0,4,0,73.6,63.4,84.5,6.8,71.3,74.8,0.25,9.82
STU_00078,below_avg,4,0.0,0.27,0.0,0.27,71.0,42.5,26.6,42.5,32.7,4.95,7,6,0,6,14.2,2.0,50.2,15.8,32.6,6.8,0.38,0.0
STU_00079,struggling,4,0.85,0.36,0.74,-0.38,48.5,49.3,26.8,65.5,22.2,4.87,7,5,0,7,18.9,2.0,41.2,16.1,41.0,10.1,0.38,0.0
STU_00080,below_avg,5,5.03,3.44,6.59,-3.15,57.6,52.1,32.5,15.8,4.7,7.08,4,1,0,3,36.2,2.0,50.9,19.9,48.5,24.1,0.5,1.25
STU_00081,average,4,2.74,2.73,2.05,0.68,75.2,66.3,31.2,82.9,5.0,6.42,7,3,0,3,46.1,31.7,58.4,10.2,54.9,42.6,0.38,3.56
STU_00082,below_avg,4,1.83,1.18,2.53,-1.35,51.7,43.3,33.2,27.0,21.5,7.01,7,5,0,6,30.9,2.0,56.7,16.7,44.0,25.7,0.38,0.0
STU_00083,above_avg,3,5.57,5.0,6.05,-1.05,81.3,62.2,62.2,100.0,46.8,4.71,6,0,0,4,50.6,41.3,67.0,8.4,55.7,48.0,0.25,6.09
STU_00084,below_avg,6,1.51,2.0,0.78,1.22,64.3,42.6,30.6,25.7,59.7,5.07,4,2,0,3,40.1,19.7,53.1,13.0,40.7,38.2,0.62,1.33
STU_00085,above_avg,3,3.91,4.16,4.0,0.16,81.4,77.6,55.7,38.6,17.2,5.92,6,1,0,3,50.8,37.0,64.0,9.3,61.0,45.6,0.25,6.0
STU_00086,struggling,7,0.23,0.67,0.0,0.67,35.1,27.6,15.5,29.0,0.0,6.88,3,2,0,3,25.9,17.5,41.8,11.2,29.6,18.4,0.75,0.0
STU_00087,below_avg,6,0.26,0.5,0.0,0.5,68.2,32.3,42.7,8.4,39.7,6.61,4,3,0,4,35.4,28.5,40.2,4.4,37.7,28.5,0.62,1.17
STU_00088,failing,7,0.05,0.0,0.0,0.0,15.5,32.5,0.0,21.7,10.3,5.39,3,3,0,3,15.6,5.6,28.0,9.3,20.6,5.6,0.75,0.0
STU_00089,below_avg,3,0.88,0.63,1.68,-1.05,42.9,37.0,32.9,66.4,0.0,7.0,6,5,0,5,26.7,7.7,56.3,14.9,42.4,18.9,0.25,0.0
STU_00090,average,6,5.42,5.62,5.0,0.62,66.4,63.2,48.1,57.8,33.9,4.87,4,0,0,1,57.2,48.2,64.3,5.8,60.3,48.2,0.62,7.5
STU_00091,topper,7,9.81,10.0,9.0,1.0,94.8,92.1,57.9,91.1,42.3,6.47,3,0,3,0,82.9,80.9,86.6,2.6,83.8,80.9,0.75,10.0
STU_00092,above_avg,7,4.78,6.17,2.5,3.67,66.5,57.8,54.9,39.2,35.9,4.39,3,0,0,0,55.1,50.2,61.5,4.7,57.5,50.2,0.75,7.33
STU_00093,topper,3,8.57,9.11,7.84,1.27,91.4,99.9,81.4,65.8,46.8,5.32,6,0,6,0,81.5,73.9,90.7,6.1,85.2,79.6,0.25,9.82
STU_00094,strong,7,7.52,7.0,7.25,-0.25,92.0,77.0,43.0,71.5,41.9,5.94,3,0,0,0,62.8,61.1,65.3,1.8,63.6,61.1,0.75,7.17
STU_00095,average,6,1.37,0.5,1.22,-0.72,64.7,55.7,32.3,59.6,46.5,4.55,4,3,0,4,34.8,27.7,41.3,5.4,35.8,31.8,0.62,0.67
STU_00096,below_avg,5,0.49,0.0,0.0,0.0,68.0,20.6,53.6,63.2,37.6,6.78,4,4,0,4,22.8,12.6,27.3,5.9,26.6,18.9,0.5,0.75
STU_00097,topper,5,8.74,10.0,7.73,2.27,87.8,86.4,51.8,69.2,19.6,6.44,4,0,4,0,83.5,80.4,88.6,3.3,82.2,84.8,0.5,10.0
STU_00098,below_avg,7,0.0,0.0,0.0,0.0,61.5,27.6,32.2,18.1,22.4,6.49,3,3,0,3,19.6,6.2,30.1,10.0,26.4,6.2,0.75,0.0
STU_00099,average,4,4.42,4.23,5.0,-0.77,72.3,47.0,57.5,44.7,30.7,6.55,7,1,1,5,51.3,39.5,72.8,12.0,61.1,47.4,0.38,6.0
STU_00100,average,6,1.97,2.0,0.67,1.33,79.2,32.5,29.4,39.9,58.0,6.46,4,3,0,4,33.2,20.1,41.5,7.9,30.4,41.5,0.62,2.0
STU_00101,topper,4,9.05,8.73,9.16,-0.43,94.4,100.0,81.6,65.1,21.1,7.47,7,0,6,0,79.2,69.7,90.3,8.1,87.0,76.0,0.38,10.0
STU_00102,below_avg,6,0.97,2.0,0.0,2.0,53.4,26.6,62.4,43.2,28.9,6.75,4,1,0,4,37.2,25.8,41.4,6.6,41.1,25.8,0.62,1.0
STU_00103,below_avg,5,0.25,0.0,0.91,-0.91,64.7,45.8,36.2,39.3,17.9,6.31,4,4,0,4,30.1,10.0,39.4,11.7,35.5,24.7,0.5,0.5
STU_00104,below_avg,3,0.93,1.47,0.63,0.84,52.4,48.5,51.9,29.8,27.1,6.52,6,4,0,5,32.0,21.6,50.1,11.3,36.1,30.0,0.25,1.14
STU_00105,below_avg,3,0.29,0.26,0.26,0.0,52.2,49.1,39.2,37.6,0.0,6.26,6,5,0,6,20.8,2.0,45.8,15.5,28.3,17.1,0.25,0.5
STU_00106,below_avg,5,0.82,0.0,0.95,-0.95,72.4,19.6,53.2,41.6,59.2,6.1,4,4,0,4,12.0,2.0,20.4,7.8,12.8,11.2,0.5,0.0
STU_00107,topper,5,8.15,7.56,8.36,-0.8,99.7,100.0,81.0,52.2,41.3,5.5,4,0,2,0,75.5,64.4,93.2,11.5,85.6,65.3,0.5,8.5
STU_00108,average,7,2.43,0.0,4.5,-4.5,67.5,54.1,50.5,34.6,21.7,6.57,3,3,0,3,28.3,19.6,39.2,8.2,29.4,26.1,0.75,1.0
STU_00109,average,4,2.98,3.45,2.74,0.71,77.5,58.1,61.7,24.9,36.1,6.65,7,2,0,4,45.1,22.8,56.6,11.6,54.5,41.4,0.38,2.89
STU_00110,struggling,3,0.01,0.0,0.0,0.0,44.4,5.8,26.7,17.8,3.5,7.02,6,6,0,6,5.5,2.0,13.7,5.1,6.8,4.9,0.25,0.0
STU_00111,average,3,4.73,3.53,5.21,-1.68,78.6,64.3,62.7,41.7,41.5,4.72,6,2,1,4,49.5,35.7,75.1,13.3,61.5,43.5,0.25,1.05
STU_00112,above_avg,5,6.08,6.44,5.86,0.58,80.1,79.4,55.4,72.8,49.0,7.61,4,0,1,1,61.6,46.2,74.6,10.1,68.8,54.4,0.5,7.38
STU_00113,below_avg,4,0.0,1.09,0.0,1.09,54.4,48.7,32.4,24.2,15.7,6.13,7,5,0,7,30.3,11.9,46.8,10.8,34.3,28.7,0.38,0.44
STU_00114,above_avg,4,6.07,6.77,5.42,1.35,76.2,91.2,62.5,57.4,49.2,5.05,7,0,2,1,66.1,48.6,89.6,12.1,78.5,61.1,0.38,5.67
STU_00115,average,3,1.03,0.42,1.32,-0.9,66.1,55.9,46.2,35.2,19.6,5.08,6,5,1,5,35.1,20.5,71.0,16.6,49.0,28.1,0.25,0.73
STU_00116,struggling,3,0.43,0.0,0.53,-0.53,44.1,26.1,16.9,27.5,0.0,5.35,6,6,0,6,6.6,2.0,29.7,10.3,15.8,2.0,0.25,0.18
STU_00117,average,3,1.06,1.26,1.32,-0.06,59.4,64.2,52.8,48.6,42.2,6.16,6,4,1,5,38.8,12.5,87.0,23.3,64.2,26.1,0.25,0.23
STU_00118,average,7,2.72,3.5,2.25,1.25,82.3,61.7,58.0,44.3,17.7,7.69,3,1,0,3,42.0,35.1,49.0,5.7,42.0,41.9,0.75,1.33
STU_00119,topper,5,9.65,10.0,9.45,0.55,95.1,93.9,82.4,50.8,31.8,6.56,4,0,4,0,81.7,80.2,83.4,1.1,82.4,81.1,0.5,10.0
STU_00120,average,5,1.68,1.0,2.45,-1.45,63.6,40.1,43.9,28.6,89.1,5.25,4,2,0,4,39.3,25.8,49.7,8.7,46.4,32.1,0.5,5.25
STU_00121,inconsistent,3,2.4,4.11,0.95,3.16,85.7,54.1,80.6,52.3,19.0,7.17,6,1,0,4,47.4,25.0,67.6,14.8,54.0,44.1,0.25,5.82
STU_00122,average,6,0.97,2.75,0.0,2.75,73.2,72.9,69.5,34.0,0.9,5.37,4,1,0,3,44.7,30.3,56.2,9.3,49.5,30.3,0.62,5.33
STU_00123,strong,7,8.64,9.33,7.62,1.71,90.4,91.4,80.2,60.8,67.0,5.68,3,0,3,0,89.6,77.7,100.0,9.2,95.5,77.7,0.75,7.83
STU_00124,strong,4,7.11,7.5,7.53,-0.03,90.1,90.7,61.2,50.3,23.4,6.07,7,0,3,0,67.2,51.8,81.5,11.8,75.1,64.0,0.38,9.78
STU_00125,above_avg,7,5.86,6.0,6.5,-0.5,80.9,81.0,46.7,76.2,55.2,5.73,3,0,0,0,57.0,56.2,57.5,0.6,56.9,57.3,0.75,1.83
STU_00126,topper,3,9.23,9.58,9.16,0.42,96.0,96.6,89.4,76.5,16.6,6.38,6,0,6,0,85.4,74.7,99.3,7.7,93.8,81.3,0.25,10.0
STU_00127,struggling,4,0.0,0.18,0.0,0.18,43.0,13.8,46.8,43.5,15.3,5.88,7,6,0,7,17.6,2.0,41.8,13.3,30.9,12.3,0.38,0.0
STU_00128,topper,3,9.34,8.63,9.58,-0.95,86.5,86.5,84.7,69.7,56.9,4.82,6,0,4,0,77.0,65.1,86.0,7.4,83.0,74.0,0.25,9.09
STU_00129,average,3,2.45,3.42,1.68,1.74,70.0,53.7,52.6,57.8,44.4,5.84,6,2,0,4,45.3,21.3,65.6,15.5,53.5,41.1,0.25,1.64
STU_00130,below_avg,7,0.0,0.67,0.0,0.67,55.6,39.0,41.4,45.6,24.5,7.45,3,2,0,3,30.2,23.5,42.9,9.0,33.2,24.2,0.75,1.0
STU_00131,strong,3,6.27,6.16,7.0,-0.84,81.7,91.9,60.6,25.5,24.7,6.49,6,0,1,1,59.3,45.9,79.8,10.8,67.2,55.4,0.25,6.36
STU_00132,above_avg,4,3.48,3.23,3.79,-0.56,80.6,57.2,47.8,31.8,62.7,6.54,7,2,0,5,44.0,27.2,55.9,9.4,49.9,41.7,0.38,5.0
STU_00133,failing,4,0.0,0.0,0.0,0.0,33.9,8.5,0.0,12.1,1.5,6.23,7,7,0,7,2.1,2.0,2.6,0.2,2.0,2.1,0.38,0.0
STU_00134,below_avg,4,1.21,1.64,1.68,-0.04,63.3,25.0,54.9,23.1,47.8,6.17,7,5,0,7,30.0,4.6,45.2,13.5,25.8,31.7,0.38,1.56
STU_00135,strong,4,8.69,7.36,9.58,-2.22,86.8,69.1,53.0,42.2,37.8,5.67,7,0,3,0,66.8,54.3,81.0,9.0,66.3,67.0,0.38,6.56
STU_00136,topper,4,9.52,9.95,9.58,0.37,91.8,100.0,92.0,92.5,62.2,5.99,7,0,7,0,88.2,79.8,94.7,5.6,87.2,88.6,0.38,10.0
STU_00137,below_avg,5,2.01,3.33,0.32,3.01,61.7,50.2,39.3,52.2,23.5,7.91,4,1,0,1,43.7,7.5,57.4,20.9,55.8,31.6,0.5,2.5
STU_00138,strong,3,7.52,7.26,7.42,-0.16,91.0,71.2,59.5,41.9,3.3,7.35,6,0,2,0,71.5,66.0,86.2,6.9,79.7,67.5,0.25,7.55
STU_00139,below_avg,5,1.05,1.78,0.18,1.6,69.2,25.8,31.3,39.9,6.8,4.87,4,3,0,4,18.7,2.7,41.2,14.0,15.4,22.0,0.5,1.0
STU_00140,below_avg,6,0.09,0.0,0.56,-0.56,63.2,27.6,39.1,33.8,17.4,4.86,4,4,0,4,20.2,10.4,26.5,6.0,23.5,10.4,0.62,0.0
STU_00141,above_avg,6,3.99,3.62,3.78,-0.16,81.2,68.6,69.3,40.8,75.1,6.37,4,1,2,1,60.2,33.1,77.3,16.9,69.3,33.1,0.62,8.0
STU_00142,topper,3,8.3,8.42,7.89,0.53,93.3,98.8,57.8,96.1,19.8,5.76,6,0,4,0,75.5,66.2,84.5,6.7,79.8,73.3,0.25,7.32
STU_00143,above_avg,6,3.66,5.0,1.33,3.67,89.3,81.5,53.0,86.9,41.8,5.19,4,0,0,2,54.2,44.1,66.9,9.4,57.5,44.1,0.62,8.0
STU_00144,struggling,7,0.04,0.0,0.62,-0.62,41.8,13.0,43.7,26.9,0.0,6.63,3,3,0,3,17.5,14.4,22.6,3.6,19.1,14.4,0.75,0.0
STU_00145,above_avg,5,4.51,5.67,3.5,2.17,70.0,54.5,75.8,52.0,52.6,7.34,4,0,0,1,55.3,49.3,61.3,4.8,60.0,50.6,0.5,6.12
STU_00146,average,7,3.68,1.83,5.0,-3.17,69.1,46.3,51.4,58.8,53.1,5.65,3,1,0,2,45.5,34.3,55.7,8.8,51.2,34.3,0.75,1.83
STU_00147,above_avg,6,7.07,6.38,5.89,0.49,80.7,65.0,36.3,47.0,34.3,7.09,4,0,1,1,59.3,45.8,78.5,12.5,63.9,45.8,0.62,4.83
STU_00148,above_avg,5,7.03,6.67,7.09,-0.42,82.4,63.9,62.1,70.6,3.8,5.76,4,0,1,0,62.1,53.0,77.2,9.9,65.3,59.0,0.5,6.5
STU_00149,above_avg,4,3.55,3.55,4.11,-0.56,82.1,55.6,48.0,40.1,26.1,5.44,7,1,0,6,42.9,29.9,57.0,7.5,49.4,40.3,0.38,2.89
STU_00150,topper,5,10.0,10.0,10.0,0.0,91.4,100.0,84.8,91.0,33.1,4.97,4,0,4,0,91.2,82.9,99.0,5.9,96.2,86.2,0.5,10.0
STU_00151,average,3,4.14,4.84,2.11,2.73,75.0,60.6,37.7,41.3,42.3,6.39,6,0,0,4,47.4,41.3,58.2,6.3,49.2,46.5,0.25,5.27
STU_00152,average,4,5.67,4.36,6.32,-1.96,78.0,46.0,28.5,65.9,0.0,5.83,7,1,0,4,48.8,30.6,57.3,8.9,56.7,45.7,0.38,3.0
STU_00153,failing,3,0.0,0.0,0.0,0.0,29.7,7.0,0.0,17.4,0.0,7.64,6,6,0,6,3.9,2.0,8.9,2.7,4.1,3.7,0.25,0.0
STU_00154,average,6,1.88,2.38,1.33,1.05,77.8,55.5,39.6,35.4,50.3,6.36,4,2,0,2,45.2,27.4,68.0,15.7,51.1,27.4,0.62,2.0
STU_00155,struggling,4,0.59,0.0,1.26,-1.26,51.9,20.1,29.1,51.8,11.6,4.89,7,7,0,7,14.3,2.0,28.5,11.1,23.9,10.5,0.38,0.44
STU_00156,average,3,0.86,1.21,0.42,0.79,65.5,99.9,46.2,49.4,37.7,5.54,6,4,1,4,39.6,14.7,70.6,20.6,66.5,26.1,0.25,4.55
STU_00157,average,5,0.72,0.67,0.5,0.17,66.3,56.3,52.1,36.8,35.1,6.72,4,3,0,3,33.4,8.4,51.1,15.6,45.0,21.9,0.5,1.62
STU_00158,strong,6,8.6,8.5,8.89,-0.39,91.8,88.6,85.6,91.2,45.0,6.55,4,0,3,0,79.2,62.5,86.9,9.7,84.7,62.5,0.62,8.5
STU_00159,average,3,0.55,1.89,0.74,1.15,70.7,40.4,33.3,42.0,27.9,6.18,6,4,0,4,34.6,14.9,51.3,13.1,41.8,31.0,0.25,1.41
STU_00160,average,4,1.91,1.73,2.32,-0.59,69.1,68.9,48.0,33.3,14.2,5.94,7,4,0,4,38.0,3.2,67.0,22.9,66.4,26.7,0.38,2.0
STU_00161,above_avg,7,4.66,4.17,6.12,-1.95,77.9,49.5,50.4,59.4,27.9,4.56,3,1,0,3,44.7,39.8,47.4,3.5,43.6,47.0,0.75,5.67
STU_00162,average,4,0.5,0.45,0.42,0.03,79.6,67.3,59.1,42.2,43.0,6.14,7,5,0,6,32.7,19.1,56.2,12.4,49.5,26.0,0.38,3.11
STU_00163,above_avg,5,3.22,3.44,3.0,0.44,77.5,63.3,63.3,59.2,22.9,6.46,4,1,0,1,50.0,32.1,65.5,11.9,58.5,41.4,0.5,6.12
STU_00164,above_avg,4,4.56,4.18,4.21,-0.03,76.3,56.0,54.1,46.9,2.2,5.42,7,1,0,5,48.6,38.9,60.6,8.0,54.3,46.4,0.38,5.11
STU_00165,below_avg,3,1.51,1.05,0.68,0.37,68.8,54.2,36.9,55.2,38.5,6.82,6,4,0,6,27.8,15.7,40.2,10.8,37.7,22.9,0.25,0.41
STU_00166,below_avg,3,0.25,0.63,0.0,0.63,51.5,33.7,40.3,46.2,24.0,4.94,6,4,0,6,33.8,19.9,41.1,7.8,40.9,30.2,0.25,1.09
STU_00167,strong,5,6.13,6.89,5.55,1.34,97.4,66.7,66.7,83.2,65.0,6.29,4,0,0,0,63.3,57.4,67.7,3.9,62.5,64.0,0.5,8.5
STU_00168,average,4,3.65,5.36,1.68,3.68,72.5,75.4,51.9,75.7,40.9,4.92,7,1,1,1,53.2,20.2,70.4,15.0,60.2,50.4,0.38,3.33
STU_00169,average,4,3.01,4.23,2.32,1.91,74.3,51.6,56.3,65.9,19.1,7.39,7,1,0,5,45.7,32.4,60.7,8.4,46.2,45.5,0.38,5.44
STU_00170,below_avg,3,0.37,1.05,0.0,1.05,69.3,42.8,45.8,57.9,18.3,4.92,6,4,0,6,31.2,2.4,42.7,13.8,39.2,27.2,0.25,0.0
STU_00171,struggling,4,0.18,0.32,0.53,-0.21,47.9,55.3,44.2,43.4,1.0,6.9,7,6,0,6,17.2,2.0,66.0,21.0,41.1,7.6,0.38,0.0
STU_00172,above_avg,4,5.98,6.05,6.0,0.05,87.0,62.6,61.2,44.0,63.2,6.25,7,0,0,0,53.7,51.0,60.8,3.1,56.2,52.7,0.38,6.11
STU_00173,average,7,7.73,5.33,8.38,-3.05,65.3,59.0,57.4,51.7,18.5,7.11,3,0,0,2,54.2,45.1,69.5,10.9,57.3,48.1,0.75,2.17
STU_00174,strong,5,7.81,7.11,9.27,-2.16,88.8,71.6,76.9,56.9,42.3,6.7,4,0,2,0,73.2,57.9,92.3,13.2,85.1,61.2,0.5,8.25
STU_00175,strong,4,7.75,8.41,7.63,0.78,84.7,82.1,69.2,69.6,89.1,6.44,7,0,6,0,75.5,62.2,90.8,8.0,74.7,75.8,0.38,8.67
STU_00176,inconsistent,5,1.7,0.56,2.86,-2.3,81.1,39.8,53.9,64.9,74.0,6.56,4,3,0,4,27.8,5.8,45.2,14.2,37.1,18.6,0.5,2.88
STU_00177,average,6,4.5,5.88,3.22,2.66,67.2,50.5,39.8,6.5,11.9,7.69,4,0,0,2,50.5,42.2,62.7,7.9,50.0,52.1,0.62,6.0
STU_00178,failing,4,0.09,0.0,0.0,0.0,31.1,14.4,32.5,10.9,64.4,6.49,7,7,0,7,7.1,2.0,17.7,5.2,5.6,7.7,0.38,0.0
STU_00179,strong,6,4.88,5.5,5.78,-0.28,84.6,57.5,60.1,81.1,48.5,6.41,4,0,0,1,58.0,41.7,67.5,9.7,63.4,41.7,0.62,8.0
STU_00180,strong,3,8.28,7.68,8.63,-0.95,83.8,83.5,64.2,78.1,56.1,5.59,6,0,3,0,73.0,59.7,93.6,11.5,83.6,67.7,0.25,7.68
STU_00181,average,5,1.52,0.67,3.05,-2.38,78.1,69.4,43.0,69.7,28.5,8.2,4,3,0,3,42.3,36.2,59.0,9.6,48.1,36.5,0.5,3.5
STU_00182,strong,4,8.3,8.18,7.74,0.44,90.1,75.2,77.0,100.0,53.5,4.88,7,0,5,0,76.1,65.9,89.9,8.3,88.1,71.3,0.38,9.44
STU_00183,average,4,3.85,4.55,3.95,0.6,72.0,67.8,25.5,30.3,35.2,6.27,7,1,0,3,51.1,39.3,60.6,7.3,54.7,49.6,0.38,6.11
STU_00184,strong,5,7.12,7.33,6.64,0.69,88.2,79.1,59.1,93.2,44.1,6.63,4,0,1,0,70.7,62.0,92.5,12.7,77.8,63.6,0.5,8.0
STU_00185,below_avg,5,1.38,0.44,2.27,-1.83,66.5,42.9,38.8,33.4,24.7,5.8,4,3,0,4,25.8,4.4,44.0,14.4,37.8,13.9,0.5,6.38
STU_00186,struggling,7,0.14,0.0,1.0,-1.0,34.3,5.7,17.9,29.3,0.0,6.97,3,3,0,3,5.4,2.0,12.3,4.9,2.0,12.3,0.75,0.0
STU_00187,strong,4,8.39,8.27,8.53,-0.26,88.5,91.5,75.2,77.5,26.8,6.5,7,0,5,0,73.2,60.5,87.4,8.9,76.0,72.1,0.38,7.78
STU_00188,struggling,4,0.0,0.0,0.0,0.0,30.6,27.3,34.2,26.7,44.3,6.24,7,7,0,7,14.6,2.0,34.0,9.5,25.1,10.4,0.38,0.0
STU_00189,below_avg,6,0.71,0.62,0.0,0.62,46.5,35.1,29.4,36.9,13.9,6.96,4,3,0,4,29.6,8.2,46.8,13.9,36.8,8.2,0.62,0.83
STU_00190,average,6,4.43,4.62,4.67,-0.05,64.8,48.0,55.4,60.7,52.2,6.27,4,1,0,2,50.2,32.0,63.4,12.8,52.1,44.4,0.62,6.67
STU_00191,inconsistent,4,4.62,4.36,4.53,-0.17,66.8,59.5,46.4,38.3,12.1,6.81,7,2,1,3,53.1,24.1,98.6,22.0,56.6,51.8,0.38,8.56
STU_00192,below_avg,6,0.57,1.0,0.0,1.0,68.6,42.7,48.3,51.6,64.5,6.37,4,3,0,4,22.7,4.4,41.8,18.0,28.8,4.4,0.62,1.0
STU_00193,average,3,3.44,3.11,3.32,-0.21,82.9,45.3,55.9,54.7,27.4,6.12,6,2,0,5,43.3,26.5,64.4,11.6,46.4,41.8,0.25,6.41
STU_00194,above_avg,4,3.12,2.45,3.05,-0.6,73.2,76.7,49.3,48.9,8.1,6.38,7,3,0,4,48.6,32.2,69.5,13.1,65.8,41.7,0.38,6.0
STU_00195,average,5,2.24,3.22,1.41,1.81,71.0,59.0,47.8,60.7,14.1,4.86,4,1,0,4,40.4,27.6,46.1,7.5,43.9,36.9,0.5,2.38
STU_00196,struggling,4,0.5,0.0,0.26,-0.26,54.8,21.1,8.2,35.6,19.0,7.62,7,7,0,7,12.1,2.0,23.5,8.9,10.2,12.8,0.38,0.0
STU_00197,average,3,3.05,3.84,1.68,2.16,63.4,43.8,49.8,58.1,40.2,5.41,6,1,0,5,43.0,19.3,58.2,11.9,45.8,41.6,0.25,5.32
STU_00198,strong,4,5.21,6.36,4.47,1.89,85.9,74.8,69.7,82.8,42.6,7.38,7,0,2,1,65.4,44.1,88.8,15.3,86.5,56.9,0.38,5.78
STU_00199,below_avg,5,1.26,0.56,1.09,-0.53,69.5,22.2,30.6,3.7,24.2,6.66,4,3,0,4,27.3,10.5,45.5,13.4,28.0,26.6,0.5,0.0
STU_00200,below_avg,3,1.49,0.0,2.42,-2.42,72.2,27.9,43.2,18.8,45.3,6.64,6,6,0,6,23.1,3.4,36.9,12.2,29.2,20.0,0.25,0.0
STU_00201,struggling,4,0.23,0.0,0.21,-0.21,37.6,45.8,24.1,32.4,0.0,6.62,7,7,0,7,18.3,2.0,32.2,10.1,28.5,14.2,0.38,0.0
STU_00202,struggling,3,0.39,0.0,0.26,-0.26,57.4,25.5,19.8,57.6,49.1,6.15,6,6,0,6,14.1,2.0,36.7,13.2,29.2,6.5,0.25,0.0
STU_00203,above_avg,4,4.17,3.77,4.16,-0.39,77.4,76.7,60.3,55.9,7.6,7.01,7,2,0,4,50.4,37.8,68.1,11.3,54.3,48.8,0.38,3.33
STU_00204,above_avg,5,5.7,7.11,5.05,2.06,69.2,58.6,55.6,44.2,65.0,5.41,4,0,1,0,65.6,56.2,78.6,8.9,63.9,67.4,0.5,8.0
STU_00205,average,6,2.89,2.62,2.33,0.29,66.8,60.9,63.4,46.9,54.2,6.0,4,2,0,2,47.6,24.3,69.6,19.7,55.4,24.3,0.62,2.0
STU_00206,below_avg,4,1.31,1.27,2.16,-0.89,63.2,37.3,55.2,44.1,58.3,5.98,7,5,0,6,36.6,19.1,59.7,11.8,39.8,35.3,0.38,0.56
STU_00207,above_avg,6,7.18,7.5,5.78,1.72,70.5,67.3,50.9,81.0,35.2,5.62,4,0,2,0,69.0,57.2,80.2,8.9,70.6,64.1,0.62,9.67
STU_00208,average,4,1.9,1.55,1.37,0.18,70.8,53.3,36.8,54.6,24.0,5.24,7,4,0,6,35.5,14.6,57.5,15.2,49.5,29.9,0.38,6.11
STU_00209,above_avg,7,4.77,5.17,5.25,-0.08,70.6,55.2,50.3,44.2,37.4,6.42,3,1,0,1,51.0,36.1,63.4,11.3,49.8,53.4,0.75,4.83
STU_00210,above_avg,3,1.84,2.26,0.95,1.31,82.0,58.3,62.9,48.8,5.1,6.97,6,3,1,4,43.4,21.6,76.3,18.6,63.0,33.7,0.25,6.05
STU_00211,topper,5,8.23,8.33,8.18,0.15,89.0,91.5,92.1,69.5,13.9,5.03,4,0,3,0,77.3,61.1,92.3,11.2,86.5,68.2,0.5,9.5
STU_00212,above_avg,5,7.01,7.11,6.27,0.84,77.6,69.2,60.7,66.5,0.0,6.04,4,0,2,0,65.9,57.0,74.3,8.1,66.4,65.3,0.5,2.88
STU_00213,below_avg,5,0.4,0.44,0.23,0.21,47.1,39.0,51.3,50.4,30.0,6.81,4,3,0,4,27.3,13.8,40.3,12.0,39.2,15.5,0.5,0.75
STU_00214,strong,5,8.54,8.11,8.45,-0.34,96.2,100.0,71.0,73.4,24.1,6.58,4,0,3,0,80.7,65.7,98.3,12.5,92.0,69.3,0.5,8.75
STU_00215,below_avg,7,1.12,2.0,1.0,1.0,45.7,56.7,54.8,60.4,31.5,6.42,3,1,0,1,42.5,20.6,55.4,15.5,53.4,20.6,0.75,4.83
STU_00216,average,5,2.4,3.44,1.23,2.21,67.4,87.1,54.8,53.5,57.8,6.7,4,1,0,1,50.6,35.5,60.6,9.5,58.3,42.9,0.5,3.0
STU_00217,below_avg,4,0.05,0.0,0.21,-0.21,51.7,18.5,22.2,53.1,23.1,6.72,7,7,0,7,11.2,2.0,30.2,8.6,22.1,6.8,0.38,0.0
STU_00218,struggling,6,0.53,0.0,0.0,0.0,36.1,45.4,37.2,22.7,51.1,7.39,4,4,0,4,16.9,2.0,36.9,12.7,21.8,2.0,0.62,0.0
STU_00219,strong,6,6.86,7.12,6.44,0.68,90.0,59.4,54.8,77.8,62.4,7.0,4,0,2,1,76.6,46.2,99.4,22.4,86.7,46.2,0.62,7.17
STU_00220,average,5,3.9,2.78,5.0,-2.22,78.3,52.5,62.0,60.6,39.5,5.41,4,1,1,3,48.4,34.4,77.2,16.9,59.3,37.5,0.5,2.25
STU_00221,strong,5,7.09,7.67,7.09,0.58,86.2,95.2,89.6,93.0,66.1,5.48,4,0,2,0,75.6,65.9,95.8,12.0,81.4,69.8,0.5,8.12
STU_00222,below_avg,7,0.57,1.0,0.75,0.25,64.2,73.1,54.5,39.2,13.6,4.0,3,2,0,2,32.7,2.0,58.6,23.4,48.0,2.0,0.75,1.0
STU_00223,above_avg,4,5.47,4.09,7.37,-3.28,83.0,67.6,40.6,71.4,0.0,6.38,7,2,1,2,52.0,32.7,72.1,12.8,63.4,47.4,0.38,0.44
STU_00224,average,5,2.97,4.0,2.0,2.0,67.1,56.6,39.2,41.0,50.7,6.8,4,1,0,1,49.2,38.0,55.4,6.7,53.0,45.5,0.5,4.5
STU_00225,average,4,1.78,0.27,2.21,-1.94,63.7,48.1,39.1,49.5,0.3,7.06,7,6,0,6,31.2,13.3,57.8,12.8,41.7,27.0,0.38,0.56
STU_00226,struggling,7,0.25,0.0,0.0,0.0,42.5,23.9,38.9,20.1,19.2,5.17,3,3,0,3,17.3,2.0,27.7,11.0,24.9,2.0,0.75,0.0
STU_00227,average,3,1.47,2.63,0.74,1.89,66.0,32.8,54.0,75.8,24.8,6.18,6,3,0,4,38.2,19.5,52.0,12.4,35.8,39.4,0.25,2.14
STU_00228,average,3,3.41,4.0,2.63,1.37,77.1,70.5,54.0,39.9,42.1,6.43,6,1,1,3,51.6,35.9,71.1,11.5,65.0,44.9,0.25,5.68
STU_00229,average,7,4.04,6.33,2.12,4.21,73.9,80.9,54.2,50.3,38.2,7.24,3,0,0,0,62.0,50.9,68.2,7.9,67.6,50.9,0.75,6.33
STU_00230,below_avg,5,2.24,2.0,2.45,-0.45,67.7,25.3,72.8,31.2,28.9,4.74,4,3,0,3,31.0,11.5,53.7,16.3,29.4,32.6,0.5,3.0
STU_00231,below_avg,3,0.59,0.53,0.21,0.32,56.9,37.0,19.1,33.0,30.8,8.14,6,5,0,6,27.3,16.4,48.0,10.6,32.7,24.6,0.25,0.23
STU_00232,struggling,4,0.0,0.0,0.0,0.0,58.8,0.0,27.9,61.9,20.0,5.72,7,7,0,7,6.3,2.0,32.1,10.5,2.0,8.0,0.38,1.67
STU_00233,improving,4,3.58,3.64,3.95,-0.31,88.9,79.1,74.5,77.9,37.7,5.68,7,2,2,3,54.3,36.6,73.9,14.0,73.4,46.7,0.38,7.89
STU_00234,strong,4,7.95,7.64,7.79,-0.15,89.5,88.0,73.3,70.8,9.6,5.76,7,0,3,0,71.2,52.5,87.2,13.8,86.5,65.1,0.38,8.78
STU_00235,average,3,0.46,1.63,0.0,1.63,62.0,52.1,43.6,47.1,0.0,6.16,6,3,0,6,37.1,22.2,49.0,9.9,48.7,31.3,0.25,1.41
STU_00236,average,4,1.96,2.55,0.84,1.71,76.0,69.1,61.6,42.6,66.0,5.93,7,3,0,5,36.2,2.0,61.3,23.1,54.5,28.9,0.38,0.89
STU_00237,struggling,6,0.39,0.0,0.0,0.0,41.2,50.9,28.7,32.5,17.9,6.91,4,4,0,4,19.5,2.6,34.1,12.3,21.5,13.6,0.62,0.0
STU_00238,average,5,0.42,0.56,0.18,0.38,81.9,42.0,44.9,53.1,7.6,6.03,4,3,0,4,36.3,27.8,47.7,7.7,39.3,33.2,0.5,1.62
STU_00239,average,3,4.14,3.26,4.26,-1.0,86.3,68.4,45.5,44.5,53.1,6.15,6,2,0,4,47.4,35.7,66.2,10.3,54.5,43.9,0.25,6.18
STU_00240,above_avg,7,5.47,4.83,5.38,-0.55,81.4,40.7,69.8,37.7,62.3,5.24,3,0,0,1,51.5,40.9,60.8,8.2,56.8,40.9,0.75,2.33
STU_00241,average,4,0.0,0.27,0.0,0.27,75.5,48.2,47.8,43.7,21.7,6.54,7,6,0,6,31.7,17.0,54.3,11.6,44.3,26.6,0.38,4.22
STU_00242,failing,4,0.12,0.0,0.0,0.0,30.8,6.9,10.2,18.4,37.6,6.04,7,7,0,7,2.0,2.0,2.0,0.0,2.0,2.0,0.38,0.0
STU_00243,struggling,3,1.12,0.0,2.53,-2.53,47.5,27.7,50.2,60.4,55.5,6.05,6,6,0,6,16.9,2.0,25.5,7.7,20.9,14.9,0.25,0.0
STU_00244,average,6,3.65,6.5,1.11,5.39,66.5,82.6,57.1,53.9,51.6,5.32,4,0,1,0,57.0,51.2,70.8,8.1,57.8,54.7,0.62,6.17
STU_00245,below_avg,7,0.57,0.0,1.12,-1.12,73.6,50.9,55.8,33.1,7.9,6.86,3,3,0,3,24.3,2.0,37.5,15.9,35.5,2.0,0.75,0.0
STU_00246,above_avg,3,6.88,6.63,5.84,0.79,78.4,70.5,72.7,65.2,51.8,5.47,6,0,1,0,58.1,50.2,71.2,6.8,56.6,58.8,0.25,7.0
STU_00247,above_avg,3,4.85,5.58,3.79,1.79,71.4,41.6,44.1,29.1,17.6,5.82,6,0,1,3,54.9,42.9,71.3,10.8,60.1,52.2,0.25,6.77
STU_00248,average,6,2.95,3.38,2.67,0.71,71.1,76.6,28.0,28.2,22.0,6.06,4,1,0,1,53.7,34.9,65.4,11.8,60.0,34.9,0.62,2.0
STU_00249,average,4,2.06,0.27,4.05,-3.78,74.9,39.7,61.2,27.7,39.5,5.54,7,6,0,6,32.8,27.2,51.6,7.8,40.7,29.6,0.38,1.11
STU_00250,strong,5,6.68,7.0,6.0,1.0,85.3,91.0,76.9,41.0,55.4,5.75,4,0,2,0,68.4,52.9,83.8,11.6,78.9,58.0,0.5,7.88
STU_00251,average,3,1.46,2.63,1.63,1.0,76.5,54.1,37.3,52.2,29.2,6.37,6,2,0,6,37.8,20.4,49.5,11.3,45.8,33.8,0.25,1.27
STU_00252,above_avg,5,7.01,7.11,7.45,-0.34,74.9,53.7,73.8,78.3,12.1,5.97,4,0,1,0,66.0,61.0,74.6,5.1,67.8,64.2,0.5,6.88
STU_00253,struggling,4,0.0,0.0,0.0,0.0,42.8,32.3,18.6,25.7,5.8,6.36,7,7,0,7,7.5,2.0,25.5,8.2,18.9,3.0,0.38,0.0
STU_00254,average,5,0.87,0.67,1.27,-0.6,76.2,52.9,39.2,50.8,26.0,8.14,4,3,0,3,34.0,18.0,57.1,14.5,45.5,22.4,0.5,1.75
STU_00255,strong,7,8.89,9.33,7.75,1.58,86.5,97.0,70.5,56.2,77.4,5.89,3,0,3,0,85.6,78.9,90.8,5.0,89.0,78.9,0.75,8.0
STU_00256,above_avg,5,4.35,4.78,4.05,0.73,70.9,62.8,50.7,51.2,0.0,7.02,4,1,0,3,47.7,39.5,53.7,5.1,44.3,51.2,0.5,3.25
STU_00257,strong,4,8.05,7.41,8.26,-0.85,87.2,87.2,75.1,100.0,40.0,6.7,7,0,3,0,69.1,56.1,79.9,7.1,69.9,68.7,0.38,7.22
STU_00258,average,3,2.54,1.74,2.89,-1.15,54.6,55.7,45.7,44.5,0.0,6.03,6,3,0,5,42.8,30.2,68.2,12.4,56.6,35.8,0.25,1.27
STU_00259,strong,7,8.23,7.83,8.88,-1.05,83.8,82.4,78.5,66.4,36.4,6.15,3,0,2,0,77.2,69.0,86.3,7.1,81.2,69.0,0.75,8.33
STU_00260,improving,4,3.55,5.05,1.26,3.79,80.2,71.8,44.9,50.0,36.6,5.76,7,1,1,1,50.9,11.8,75.6,17.8,64.0,45.6,0.38,3.67
STU_00261,below_avg,3,0.74,0.53,1.58,-1.05,59.3,46.3,45.3,67.5,39.4,7.27,6,5,0,6,24.5,12.5,49.4,13.1,41.3,16.1,0.25,1.64
STU_00262,average,5,3.04,1.44,5.09,-3.65,81.1,56.6,60.4,68.8,1.9,7.83,4,2,0,2,41.0,20.5,62.3,16.9,57.2,24.9,0.5,1.62
STU_00263,failing,6,0.0,0.0,0.0,0.0,18.2,5.3,40.1,12.2,27.2,6.75,4,4,0,4,2.0,2.0,2.0,0.0,2.0,2.0,0.62,0.0
STU_00264,strong,3,6.29,5.84,7.26,-1.42,93.3,61.2,67.5,50.1,4.7,5.2,6,0,0,2,57.0,40.6,69.9,9.7,59.5,55.8,0.25,6.32
STU_00265,average,6,0.77,1.0,0.56,0.44,70.1,36.5,49.7,33.8,30.2,6.45,4,3,0,4,29.9,18.0,40.5,8.2,33.8,18.0,0.62,0.83
STU_00266,average,6,2.93,3.62,1.11,2.51,63.3,57.5,45.6,55.6,32.3,6.49,4,1,0,4,41.3,32.4,46.8,5.4,41.1,41.9,0.62,2.17
STU_00267,above_avg,7,5.53,4.83,5.38,-0.55,65.6,72.4,64.2,48.6,54.3,4.97,3,0,0,1,56.2,42.2,67.1,10.4,63.2,42.2,0.75,2.17
STU_00268,strong,7,7.38,8.0,7.12,0.88,89.2,96.1,74.3,56.0,68.9,5.72,3,0,2,0,76.1,63.7,82.9,8.8,82.3,63.7,0.75,8.0
STU_00269,below_avg,3,0.45,0.84,0.53,0.31,55.9,35.3,46.8,34.3,54.1,5.88,6,5,0,6,31.3,20.0,44.0,7.9,34.5,29.7,0.25,0.91
STU_00270,average,3,3.54,5.21,1.63,3.58,66.8,57.7,66.7,58.8,74.6,6.33,6,0,0,3,51.4,41.5,67.0,8.7,54.2,50.0,0.25,3.77
STU_00271,average,5,0.44,0.44,0.91,-0.47,76.9,57.8,42.6,44.3,0.0,7.09,4,3,0,4,24.7,10.3,40.2,13.8,38.5,11.0,0.5,1.75
STU_00272,strong,5,9.67,9.89,9.45,0.44,92.0,90.7,56.7,62.5,32.7,5.87,4,0,4,0,83.7,79.7,91.1,4.5,85.4,82.0,0.5,9.5
STU_00273,average,3,1.39,2.0,0.95,1.05,77.8,62.2,41.9,44.7,26.2,6.21,6,4,0,4,42.0,30.0,60.5,11.5,45.2,40.4,0.25,2.09
STU_00274,average,5,1.88,1.0,2.64,-1.64,75.4,43.4,46.9,47.3,31.5,7.2,4,2,0,4,34.8,11.5,49.2,14.6,47.0,22.5,0.5,0.88
STU_00275,below_avg,4,0.0,0.0,0.0,0.0,60.2,0.0,50.2,30.6,26.9,7.05,7,7,0,7,16.3,2.0,31.7,8.7,15.7,16.6,0.38,0.0
STU_00276,below_avg,4,0.62,1.0,0.0,1.0,64.7,33.7,60.6,59.7,3.5,6.38,7,5,0,6,30.5,16.1,54.8,12.4,38.7,27.3,0.38,0.67
STU_00277,average,3,5.0,3.53,6.58,-3.05,61.7,70.8,60.7,54.9,31.6,6.73,6,2,1,3,48.6,19.3,77.8,19.4,69.4,38.2,0.25,2.18
STU_00278,strong,3,5.72,6.63,5.74,0.89,87.4,79.5,54.1,61.2,58.7,6.98,6,0,2,1,62.4,49.5,73.4,8.9,70.3,58.4,0.25,8.41
STU_00279,improving,6,4.24,6.38,1.44,4.94,87.3,65.2,71.1,50.0,28.3,5.99,4,0,2,1,64.2,49.9,72.8,9.1,68.9,49.9,0.62,9.0
STU_00280,above_avg,4,5.55,5.82,4.84,0.98,69.1,53.3,41.7,68.2,30.3,7.39,7,0,0,2,52.7,47.0,61.7,4.9,53.6,52.4,0.38,1.33
STU_00281,improving,7,2.43,2.83,1.38,1.45,80.2,81.0,46.1,43.6,30.6,5.82,3,1,1,1,60.3,35.3,84.1,19.9,72.8,35.3,0.75,5.83
STU_00282,strong,4,9.18,8.55,8.95,-0.4,83.6,100.0,96.1,51.9,39.7,6.29,7,0,7,0,78.6,70.5,93.5,7.9,90.3,73.9,0.38,7.78
STU_00283,above_avg,3,2.77,4.42,2.11,2.31,78.4,58.6,42.1,70.3,10.2,6.76,6,1,1,3,51.3,36.4,73.8,12.0,59.1,47.4,0.25,3.82
STU_00284,improving,4,2.11,2.59,0.63,1.96,77.0,55.9,34.5,78.6,11.9,5.03,7,3,0,7,39.6,21.5,49.6,8.7,43.5,38.1,0.38,3.78
STU_00285,below_avg,5,0.0,0.0,0.0,0.0,64.0,37.6,39.1,35.2,22.7,6.51,4,4,0,4,16.6,2.0,29.8,12.4,28.9,4.2,0.5,0.62
STU_00286,struggling,3,0.31,0.0,0.53,-0.53,37.6,15.6,38.2,34.6,1.4,5.82,6,6,0,6,11.9,2.0,26.2,9.1,15.8,9.9,0.25,0.0
STU_00287,average,4,4.37,4.55,4.21,0.34,80.8,59.3,48.1,42.5,20.1,7.4,7,1,1,3,52.1,28.0,79.0,14.6,69.9,45.0,0.38,6.56
STU_00288,strong,7,6.81,7.33,6.0,1.33,94.2,73.8,72.6,90.2,27.5,4.43,3,0,2,0,70.8,66.9,74.9,3.3,72.7,66.9,0.75,6.5
STU_00289,average,3,1.7,1.58,1.95,-0.37,82.1,49.4,52.6,46.6,11.4,5.98,6,4,0,5,41.0,29.2,69.6,13.8,49.4,36.8,0.25,4.36
STU_00290,below_avg,7,2.42,2.33,2.38,-0.05,66.3,81.5,73.9,27.5,41.9,6.13,3,1,0,1,46.6,9.7,67.2,26.1,65.0,9.7,0.75,0.83
STU_00291,below_avg,7,1.7,2.17,0.62,1.55,48.0,62.8,55.4,41.2,37.2,6.68,3,1,0,1,52.6,37.5,63.8,11.1,60.2,37.5,0.75,5.83
STU_00292,average,6,3.45,5.5,1.33,4.17,70.8,63.9,44.1,57.0,56.7,6.59,4,0,0,2,53.0,46.1,60.0,6.2,54.8,47.8,0.62,7.5
STU_00293,topper,6,8.67,8.5,8.44,0.06,95.8,100.0,69.5,41.6,0.5,5.51,4,0,3,0,80.6,63.4,92.5,10.6,86.3,63.4,0.62,9.83
STU_00294,above_avg,5,3.61,3.44,2.77,0.67,82.4,79.6,27.5,56.0,43.9,6.44,4,1,0,1,54.8,33.0,69.5,13.4,63.9,45.6,0.5,3.12
STU_00295,average,5,2.05,4.0,1.45,2.55,70.2,31.7,88.9,57.4,19.5,7.12,4,1,0,4,36.4,8.0,49.4,16.5,26.1,46.6,0.5,5.25
STU_00296,struggling,3,0.32,0.0,0.0,0.0,58.9,31.8,25.2,28.7,27.6,6.18,6,6,0,6,14.5,2.0,24.1,8.8,20.6,11.4,0.25,1.64
STU_00297,average,6,1.78,3.0,1.67,1.33,76.4,60.7,67.8,41.2,26.9,6.42,4,1,0,1,49.5,37.5,59.4,7.8,53.5,37.5,0.62,6.17
STU_00298,above_avg,7,5.3,4.5,5.88,-1.38,72.1,47.4,78.8,87.3,22.3,5.95,3,0,0,2,48.3,43.3,54.2,4.5,50.8,43.3,0.75,0.0
STU_00299,average,6,2.54,2.88,1.11,1.77,70.1,63.1,21.2,62.9,1.9,5.43,4,1,0,2,48.2,33.3,55.4,9.0,53.1,33.3,0.62,1.33
STU_00300,above_avg,4,4.84,6.77,4.0,2.77,79.3,92.8,57.9,65.9,32.1,6.36,7,0,3,1,64.7,42.4,90.7,15.0,75.9,60.2,0.38,8.0
STU_00301,improving,7,4.76,6.17,3.0,3.17,84.0,67.5,75.0,34.2,73.9,5.93,3,0,0,0,59.3,56.1,62.6,2.7,60.9,56.1,0.75,9.67
STU_00302,below_avg,3,0.46,0.84,0.84,0.0,63.8,40.2,52.5,64.7,41.6,4.19,6,5,0,6,33.1,17.0,44.0,8.4,35.4,31.9,0.25,0.23
STU_00303,below_avg,4,0.0,0.0,0.84,-0.84,50.2,35.1,53.2,15.3,24.6,7.01,7,7,0,7,22.7,2.2,34.6,10.6,30.5,19.5,0.38,0.0
STU_00304,strong,6,7.14,7.5,6.11,1.39,84.7,89.0,64.7,64.0,59.2,5.97,4,0,3,0,73.5,57.2,87.2,11.1,79.0,57.2,0.62,8.0
STU_00305,strong,5,7.55,7.56,6.95,0.61,78.3,88.6,82.0,69.9,12.5,5.44,4,0,2,0,72.1,61.7,84.8,10.3,82.2,62.0,0.5,8.0
STU_00306,above_avg,4,6.97,6.5,6.37,0.13,82.6,84.1,43.1,52.6,1.4,7.28,7,1,5,2,68.9,37.7,90.2,17.4,83.8,63.0,0.38,6.0
STU_00307,struggling,4,0.1,0.0,0.0,0.0,30.6,52.4,46.4,20.5,0.0,5.93,7,7,0,7,15.3,2.0,39.5,11.5,17.9,14.2,0.38,0.0
STU_00308,average,5,1.01,1.0,1.27,-0.27,80.5,38.3,32.7,43.2,72.4,7.17,4,2,0,4,35.0,15.7,46.4,12.2,45.3,24.6,0.5,2.25
STU_00309,struggling,5,0.42,0.0,0.0,0.0,58.1,23.8,39.3,38.8,22.0,4.76,4,4,0,4,13.7,2.0,24.9,8.3,13.9,13.4,0.5,0.0
STU_00310,struggling,3,0.0,0.0,0.0,0.0,36.3,31.6,25.1,63.0,1.7,6.74,6,6,0,6,10.0,2.0,29.8,11.1,25.3,2.4,0.25,0.0
STU_00311,struggling,4,0.4,0.0,0.0,0.0,28.2,11.6,12.3,46.4,28.4,6.34,7,7,0,7,11.6,2.0,36.2,10.7,23.2,7.0,0.38,0.67
STU_00312,above_avg,3,5.64,6.79,4.95,1.84,78.3,70.4,77.2,63.0,40.9,5.51,6,0,2,0,66.3,53.9,78.3,9.2,76.6,61.1,0.25,6.64
STU_00313,topper,3,9.74,9.58,9.16,0.42,96.5,94.1,78.2,81.6,70.8,5.59,6,0,6,0,85.9,75.1,100.0,9.2,87.8,84.9,0.25,10.0
STU_00314,below_avg,5,0.55,0.67,0.91,-0.24,51.6,47.3,23.9,30.4,31.1,5.28,4,3,0,3,26.5,5.3,52.7,17.0,37.8,15.2,0.5,0.62
STU_00315,struggling,7,0.0,0.0,0.0,0.0,49.3,18.9,37.8,46.8,25.5,6.32,3,3,0,3,13.8,2.0,20.9,8.4,19.7,2.0,0.75,0.0
STU_00316,average,6,1.67,3.25,0.44,2.81,67.4,62.8,51.6,60.0,31.5,4.14,4,1,0,1,47.1,18.1,61.1,17.0,56.7,18.1,0.62,0.0
STU_00317,struggling,5,0.04,0.0,0.0,0.0,31.6,19.5,67.7,50.8,0.0,6.61,4,4,0,4,12.2,2.0,22.5,7.9,19.6,4.8,0.5,0.0
STU_00318,improving,3,4.72,7.47,0.89,6.58,81.8,83.4,71.0,72.7,16.2,5.83,6,0,4,1,68.7,43.3,83.3,13.6,75.2,65.4,0.25,8.45
STU_00319,strong,6,6.97,7.38,7.11,0.27,91.2,73.1,69.8,85.9,29.7,7.18,4,0,2,0,68.8,63.1,72.5,3.9,69.3,67.5,0.62,9.33
STU_00320,improving,6,4.44,6.5,1.56,4.94,96.6,67.7,62.7,89.0,37.7,6.06,4,0,0,0,61.4,50.0,68.3,6.9,65.2,50.0,0.62,6.5
STU_00321,below_avg,6,0.71,0.62,0.0,0.62,59.9,32.3,49.8,32.1,20.5,5.74,4,3,0,4,22.1,7.4,45.5,14.3,24.6,14.7,0.62,3.33
STU_00322,below_avg,4,0.22,0.0,0.0,0.0,56.1,20.1,30.0,54.8,33.3,6.38,7,7,0,7,18.8,2.0,34.9,10.4,30.0,14.3,0.38,0.0
STU_00323,strong,5,6.18,7.56,5.18,2.38,89.9,80.5,87.2,89.9,7.9,5.97,4,0,2,0,74.8,61.4,89.1,10.4,84.2,65.5,0.5,10.0
STU_00324,strong,7,7.6,7.17,7.5,-0.33,98.9,73.0,73.8,53.8,20.4,6.2,3,0,1,0,68.4,65.2,71.3,2.5,69.9,65.2,0.75,7.5
STU_00325,strong,4,8.15,8.68,8.53,0.15,91.9,87.0,82.7,61.8,63.3,6.89,7,0,7,0,78.0,71.9,87.5,4.7,83.7,75.7,0.38,10.0
STU_00326,average,4,3.6,4.18,4.47,-0.29,66.4,55.0,57.8,90.4,0.0,5.83,7,1,0,3,48.6,39.3,57.0,6.9,52.5,47.0,0.38,3.56
STU_00327,topper,5,10.0,10.0,10.0,0.0,91.4,97.8,95.9,62.3,53.5,5.32,4,0,4,0,94.6,87.1,100.0,5.6,100.0,89.2,0.5,10.0
STU_00328,above_avg,3,7.67,8.21,7.58,0.63,71.8,77.2,55.9,81.2,30.7,7.27,6,0,4,0,72.7,57.4,87.3,9.8,71.7,73.2,0.25,7.14
STU_00329,below_avg,6,0.37,1.12,0.56,0.56,58.2,58.9,46.1,56.5,0.0,6.59,4,2,0,4,36.6,18.1,48.3,11.4,42.8,18.1,0.62,0.0
STU_00330,average,6,0.96,0.0,0.67,-0.67,60.7,38.1,27.9,45.9,26.1,6.06,4,4,0,4,31.7,26.6,35.8,3.9,33.4,26.6,0.62,0.83
STU_00331,above_avg,7,4.59,2.0,7.5,-5.5,73.7,84.1,54.9,66.9,6.4,6.49,3,1,0,1,50.4,34.9,59.3,11.0,58.2,34.9,0.75,1.33
STU_00332,struggling,7,0.92,0.0,1.25,-1.25,43.6,25.6,24.9,37.5,0.0,6.12,3,3,0,3,11.2,3.0,20.0,7.0,15.3,3.0,0.75,0.0
STU_00333,strong,3,8.47,8.84,7.95,0.89,79.6,94.8,45.2,65.9,9.7,6.47,6,0,5,0,76.2,58.3,83.1,8.5,78.8,74.9,0.25,8.5
STU_00334,struggling,4,0.0,0.0,0.0,0.0,47.4,18.8,35.2,41.0,0.0,6.91,7,7,0,7,15.5,2.0,30.9,10.5,16.5,15.1,0.38,0.0
STU_00335,struggling,6,0.23,0.0,0.44,-0.44,43.2,29.9,31.1,23.6,0.0,7.81,4,4,0,4,5.9,2.0,17.6,6.8,2.0,17.6,0.62,0.83
STU_00336,below_avg,4,0.0,0.0,0.26,-0.26,54.8,46.8,30.8,43.3,0.0,5.99,7,7,0,7,27.1,16.9,36.3,6.1,35.5,23.7,0.38,0.0
STU_00337,below_avg,3,0.66,1.05,1.05,0.0,48.8,6.4,43.5,50.9,8.6,6.95,6,5,0,6,13.0,2.0,47.0,16.8,11.8,13.6,0.25,0.73
STU_00338,below_avg,4,0.02,0.91,0.0,0.91,62.2,49.4,49.1,8.6,27.1,5.52,7,5,0,7,31.5,17.9,43.9,9.4,39.8,28.2,0.38,0.0
STU_00339,average,5,2.83,4.33,1.45,2.88,67.9,36.3,51.1,37.2,37.2,5.63,4,1,0,3,43.0,35.2,50.1,5.8,41.0,45.0,0.5,6.25
STU_00340,below_avg,4,1.73,3.45,0.53,2.92,45.8,13.0,42.3,29.0,27.9,6.34,7,3,0,5,36.5,2.0,61.8,19.8,28.1,39.8,0.38,7.67
STU_00341,average,3,1.42,0.68,1.84,-1.16,64.0,71.7,53.5,22.8,40.4,5.78,6,4,0,6,32.7,15.3,49.9,12.0,46.0,26.0,0.25,1.05
STU_00342,above_avg,5,3.02,3.22,4.0,-0.78,89.4,61.1,77.1,86.4,17.4,5.54,4,1,1,2,50.6,32.9,70.5,13.4,60.9,40.2,0.5,7.38
STU_00343,struggling,7,0.23,0.0,0.0,0.0,51.1,2.4,25.4,56.6,4.7,6.46,3,3,0,3,14.0,2.0,30.2,11.9,5.8,30.2,0.75,0.0
STU_00344,topper,4,10.0,9.82,9.79,0.03,94.1,94.8,94.4,95.3,23.3,6.32,7,0,7,0,88.6,75.1,99.0,7.9,98.3,84.8,0.38,10.0
STU_00345,inconsistent,5,6.2,5.0,6.45,-1.45,73.0,51.9,65.7,60.0,27.4,5.51,4,0,1,2,55.1,43.9,72.8,11.6,65.4,44.8,0.5,2.62
STU_00346,below_avg,4,1.68,1.27,1.47,-0.2,60.6,46.2,66.0,34.1,0.0,6.26,7,6,0,6,28.4,8.6,61.0,16.7,32.1,27.0,0.38,0.44
STU_00347,struggling,5,0.43,0.0,0.91,-0.91,50.7,23.8,21.9,0.2,34.5,6.83,4,4,0,4,11.5,2.0,21.6,7.0,17.2,5.8,0.5,0.0
STU_00348,above_avg,7,4.75,6.5,2.75,3.75,80.1,77.2,64.3,45.0,52.5,7.08,3,0,1,0,64.5,56.6,77.4,9.2,67.0,59.6,0.75,2.67
STU_00349,below_avg,3,0.32,0.84,0.21,0.63,50.9,57.3,29.8,19.6,20.8,6.72,6,4,0,5,31.5,18.0,54.3,12.6,47.5,23.5,0.25,0.23
STU_00350,average,3,1.64,3.11,0.84,2.27,87.3,62.7,41.0,29.7,6.4,7.05,6,2,0,4,45.5,27.8,61.8,12.9,60.1,38.2,0.25,4.36
STU_00351,struggling,3,0.02,0.0,0.0,0.0,35.0,38.2,42.1,15.3,53.9,6.63,6,6,0,6,16.4,2.0,35.3,11.7,20.8,14.2,0.25,0.5
STU_00352,average,7,5.06,5.83,3.75,2.08,72.8,50.4,20.7,77.3,37.0,6.22,3,0,0,1,51.4,48.0,53.6,2.5,50.8,52.7,0.75,2.0
STU_00353,struggling,3,0.52,0.0,0.42,-0.42,27.0,27.0,50.3,8.4,18.9,6.27,6,6,0,6,12.8,2.0,25.8,8.7,22.4,8.1,0.25,0.73
STU_00354,struggling,4,0.2,0.23,0.0,0.23,49.7,7.1,14.5,22.5,10.2,6.72,7,6,0,7,8.9,2.0,48.6,16.2,26.3,2.0,0.38,0.0
STU_00355,struggling,5,1.33,0.56,1.91,-1.35,60.5,38.1,35.7,56.7,0.0,6.87,4,3,0,4,23.0,2.0,48.0,17.5,38.9,7.0,0.5,0.62
STU_00356,average,5,0.54,1.44,0.0,1.44,84.7,56.7,55.4,46.9,53.4,6.99,4,2,1,3,47.2,35.0,71.3,14.5,58.6,35.9,0.5,2.25
STU_00357,struggling,3,0.0,0.0,0.0,0.0,51.3,31.4,32.9,46.1,0.0,7.42,6,6,0,6,17.2,2.0,39.1,12.4,33.1,9.3,0.25,0.0
STU_00358,improving,4,2.16,3.73,0.0,3.73,81.1,28.1,72.8,49.3,56.4,6.37,7,2,0,5,43.2,28.4,57.0,10.0,43.5,43.1,0.38,5.56
STU_00359,above_avg,4,3.97,4.55,4.42,0.13,76.7,59.7,82.5,62.6,38.9,5.89,7,2,1,4,50.9,32.7,74.6,12.9,53.6,49.8,0.38,7.11
STU_00360,above_avg,4,3.53,3.36,3.42,-0.06,73.4,44.2,64.5,46.5,32.2,6.7,7,3,0,4,44.7,28.5,58.9,12.5,44.8,44.7,0.38,0.67
STU_00361,average,5,1.39,1.11,1.0,0.11,66.6,51.5,38.4,62.8,0.0,5.68,4,2,0,3,39.2,21.2,53.5,11.7,48.6,29.8,0.5,2.5
STU_00362,above_avg,3,7.41,6.37,7.84,-1.47,79.0,67.9,71.2,53.8,59.7,6.6,6,0,1,1,62.1,49.4,76.7,8.8,67.2,59.5,0.25,3.36
STU_00363,strong,5,6.87,7.67,5.82,1.85,91.3,86.4,71.6,100.0,53.8,5.58,4,0,2,0,76.8,67.0,90.2,10.0,86.5,67.2,0.5,8.5
STU_00364,below_avg,5,1.8,1.67,1.05,0.62,60.7,3.6,33.0,29.1,7.1,5.4,4,3,0,4,25.1,10.5,45.0,12.9,18.9,31.3,0.5,0.0
STU_00365,strong,3,5.91,6.16,4.89,1.27,96.7,80.2,78.6,68.7,45.5,6.28,6,0,0,1,59.9,47.3,68.6,8.8,68.4,55.7,0.25,7.32
STU_00366,above_avg,3,5.6,5.32,6.37,-1.05,73.3,79.0,60.7,23.1,16.2,5.97,6,1,1,2,57.7,36.9,71.9,12.3,65.8,53.7,0.25,6.5
STU_00367,average,4,1.26,2.05,0.26,1.79,69.7,42.9,44.6,27.2,0.0,7.06,7,4,0,6,35.0,18.7,52.7,12.3,41.4,32.4,0.38,2.11
STU_00368,average,5,1.8,1.22,2.09,-0.87,65.0,53.0,31.3,58.1,0.0,5.27,4,2,0,3,38.3,14.0,55.1,15.3,50.7,26.0,0.5,1.12
STU_00369,topper,5,8.3,8.0,8.55,-0.55,98.0,99.0,65.5,53.4,49.5,4.98,4,0,3,0,78.2,67.1,90.9,8.8,85.8,70.5,0.5,9.5
STU_00370,below_avg,4,2.08,1.45,3.84,-2.39,52.2,38.8,56.1,57.0,11.4,7.02,7,5,0,7,33.9,24.9,42.5,6.5,33.8,33.9,0.38,3.33
STU_00371,topper,5,8.51,8.89,8.0,0.89,86.8,76.7,100.0,60.5,59.4,7.86,4,0,4,0,82.3,74.3,92.1,7.2,89.2,75.5,0.5,10.0
STU_00372,average,4,3.63,2.64,3.16,-0.52,64.2,51.4,31.6,64.3,7.3,6.05,7,3,0,6,38.8,16.6,55.2,11.4,42.9,37.1,0.38,1.11
STU_00373,topper,4,8.59,9.23,8.68,0.55,95.1,84.0,79.8,91.4,20.3,5.59,7,0,6,0,80.5,63.9,94.2,9.0,85.7,78.4,0.38,9.67
STU_00374,above_avg,4,2.24,3.09,0.89,2.2,79.3,73.1,66.0,60.0,32.0,6.44,7,2,0,4,44.0,23.0,58.6,11.9,58.0,38.5,0.38,6.0
STU_00375,improving,5,2.07,3.33,1.0,2.33,71.5,86.8,49.6,79.3,45.7,5.29,4,1,1,3,51.3,32.5,81.3,18.2,63.8,38.8,0.5,3.62
STU_00376,average,6,1.55,2.75,0.78,1.97,63.4,65.0,40.4,46.7,55.3,5.14,4,1,0,3,43.2,18.1,60.4,15.5,51.5,18.1,0.62,1.33
STU_00377,struggling,6,0.76,0.75,0.0,0.75,53.2,30.2,30.7,51.6,35.9,7.19,4,3,0,3,26.9,2.3,57.5,19.9,35.2,2.3,0.62,0.0
STU_00378,above_avg,3,6.63,5.74,7.37,-1.63,81.7,66.0,48.7,51.1,43.0,7.06,6,1,1,1,61.9,38.0,75.7,11.5,69.5,58.1,0.25,7.18
STU_00379,struggling,3,0.14,0.0,0.0,0.0,50.8,45.1,11.5,41.2,3.6,6.04,6,6,0,6,15.0,2.0,37.4,15.1,36.1,4.5,0.25,0.0
STU_00380,average,5,2.73,2.56,3.27,-0.71,71.8,51.4,48.9,46.2,0.0,6.04,4,1,0,3,45.4,31.5,57.9,9.5,53.1,37.5,0.5,6.75
STU_00381,topper,3,10.0,10.0,9.79,0.21,91.8,100.0,84.8,84.7,42.4,4.57,6,0,6,0,91.4,86.4,100.0,5.3,94.8,89.8,0.25,10.0
STU_00382,average,5,2.51,3.78,1.82,1.96,68.5,52.2,40.6,55.7,13.9,6.13,4,1,0,3,42.2,23.3,50.9,11.1,47.3,37.1,0.5,3.0
STU_00383,above_avg,6,4.74,7.5,3.33,4.17,89.1,80.0,92.8,50.9,76.5,6.77,4,0,2,0,71.6,63.6,83.3,7.3,74.2,63.6,0.62,8.67
STU_00384,topper,7,9.88,10.0,10.0,0.0,92.4,100.0,89.4,49.6,40.1,7.22,3,0,3,0,95.8,87.5,100.0,5.9,100.0,87.5,0.75,10.0
STU_00385,improving,4,1.86,2.73,1.05,1.68,72.5,90.0,70.7,91.8,50.7,5.8,7,3,1,4,49.5,29.5,76.2,17.6,72.7,40.2,0.38,3.78
STU_00386,struggling,7,0.07,0.0,0.0,0.0,56.1,26.9,35.2,44.7,24.7,7.5,3,3,0,3,17.2,12.2,26.1,6.3,19.8,12.2,0.75,0.67
STU_00387,below_avg,5,0.14,0.78,0.0,0.78,52.4,47.3,63.2,66.6,14.1,7.65,4,3,0,3,34.8,2.0,68.7,23.6,52.5,17.1,0.5,0.62
STU_00388,above_avg,3,6.79,6.42,6.58,-0.16,84.9,81.9,68.5,45.4,45.0,6.17,6,0,3,2,61.2,42.4,80.5,14.1,67.8,57.9,0.25,7.41
STU_00389,topper,4,7.56,7.64,7.47,0.17,94.2,100.0,44.6,84.0,71.2,4.56,7,0,4,0,75.9,63.0,100.0,12.1,93.8,68.8,0.38,9.22
STU_00390,below_avg,7,0.94,0.0,1.25,-1.25,59.2,27.7,49.5,22.8,34.8,4.55,3,3,0,3,31.5,29.1,35.3,2.7,32.2,30.0,0.75,0.83
STU_00391,above_avg,7,6.73,6.0,7.25,-1.25,82.7,56.3,36.7,68.7,37.9,5.63,3,0,1,1,62.4,46.9,80.6,13.9,70.2,46.9,0.75,4.83
STU_00392,struggling,5,0.0,0.0,0.23,-0.23,33.5,19.2,43.4,10.5,21.7,5.62,4,4,0,4,17.1,2.0,32.3,11.3,27.3,6.8,0.5,1.0
STU_00393,average,3,2.47,2.79,2.53,0.26,79.3,31.2,82.0,54.6,0.0,5.55,6,3,0,5,45.6,34.3,67.6,11.5,43.0,46.9,0.25,4.59
STU_00394,above_avg,7,4.76,6.17,2.75,3.42,73.8,66.0,56.6,48.0,40.0,6.44,3,0,0,0,55.9,50.2,64.2,6.0,58.8,50.2,0.75,5.83
STU_00395,above_avg,4,3.17,5.59,2.0,3.59,85.6,64.6,51.7,28.9,51.4,5.99,7,0,0,4,52.4,46.4,62.9,6.2,53.6,51.9,0.38,7.11
STU_00396,struggling,3,0.64,0.63,0.53,0.1,40.2,37.8,34.3,37.0,72.9,6.38,6,5,0,5,21.9,2.0,55.0,19.8,41.2,12.2,0.25,0.0
STU_00397,failing,3,0.6,0.0,0.0,0.0,28.4,17.2,35.2,39.2,0.0,6.5,6,6,0,6,13.9,2.0,30.9,11.3,9.0,16.3,0.25,0.0
STU_00398,above_avg,6,3.22,5.25,1.78,3.47,76.8,57.3,47.9,21.7,0.3,5.98,4,0,0,2,52.0,45.7,56.6,4.5,54.1,45.7,0.62,7.83
STU_00399,strong,3,6.76,7.42,7.05,0.37,83.2,85.6,49.5,89.7,29.0,6.53,6,0,2,0,72.7,62.3,92.1,9.7,84.4,66.8,0.25,10.0
STU_00400,above_avg,5,5.36,6.56,4.91,1.65,78.9,73.1,68.4,80.1,48.3,5.27,4,0,1,0,64.7,55.4,82.7,10.9,73.2,56.1,0.5,5.5
STU_00401,strong,4,6.64,7.64,6.32,1.32,82.5,85.1,52.1,67.9,29.9,5.18,7,0,3,0,69.8,60.8,84.9,7.1,71.2,69.3,0.38,7.33
STU_00402,strong,4,6.49,6.86,7.16,-0.3,94.8,73.3,55.0,68.8,26.8,5.95,7,0,3,1,65.1,49.6,72.3,8.0,70.3,63.0,0.38,6.67
STU_00403,topper,7,10.0,10.0,10.0,0.0,94.3,83.5,94.5,91.8,62.5,6.33,3,0,3,0,89.9,86.6,92.3,2.4,88.7,92.3,0.75,10.0
STU_00404,struggling,5,0.26,0.44,0.23,0.21,35.2,30.4,23.7,42.3,13.4,6.47,4,3,0,4,19.6,3.8,41.9,14.6,22.8,16.4,0.5,0.0
STU_00405,strong,4,9.04,8.32,9.47,-1.15,81.3,100.0,77.3,59.4,72.1,5.93,7,0,4,0,77.6,64.5,91.2,9.5,84.2,74.9,0.38,8.44
STU_00406,topper,7,8.86,10.0,7.88,2.12,87.9,60.1,54.0,84.4,38.9,7.41,3,0,3,0,82.8,80.2,85.0,2.0,81.7,85.0,0.75,10.0
STU_00407,below_avg,3,0.42,0.0,0.0,0.0,69.6,35.7,26.5,52.8,24.2,5.65,6,6,0,6,20.6,7.9,30.9,7.5,29.2,16.2,0.25,0.91
STU_00408,strong,3,6.62,6.74,6.63,0.11,84.0,93.7,84.0,76.6,78.5,5.93,6,0,1,0,67.9,59.0,94.7,12.5,79.8,62.0,0.25,8.91
STU_00409,below_avg,3,0.0,0.0,0.0,0.0,54.4,34.9,33.7,45.5,25.3,5.86,6,6,0,6,26.9,11.7,34.8,7.5,29.5,25.6,0.25,0.0
STU_00410,above_avg,4,4.85,4.41,6.11,-1.7,67.4,68.4,74.8,46.0,7.2,8.05,7,1,0,3,50.7,32.4,66.6,10.4,63.2,45.7,0.38,5.0
STU_00411,above_avg,5,3.27,1.44,4.55,-3.11,70.0,71.9,46.9,62.0,41.7,5.55,4,2,1,3,48.2,36.0,70.3,13.9,60.0,36.4,0.5,7.25
STU_00412,strong,3,7.88,8.47,6.68,1.79,76.3,86.8,71.4,40.5,58.3,5.75,6,0,5,0,74.7,59.7,85.3,8.2,78.5,72.8,0.25,7.0
STU_00413,average,4,2.59,1.05,2.95,-1.9,61.7,69.2,58.1,50.3,64.8,5.55,7,5,0,6,32.2,13.8,66.3,16.7,47.4,26.2,0.38,1.33
STU_00414,strong,7,6.95,7.17,7.75,-0.58,81.5,98.7,80.2,68.5,21.8,5.79,3,0,2,0,71.7,52.7,87.3,14.3,81.2,52.7,0.75,6.33
STU_00415,average,5,0.74,1.22,0.0,1.22,57.6,52.6,39.7,42.6,45.1,6.93,4,2,0,3,43.2,37.3,50.0,5.5,48.6,37.9,0.5,1.75
STU_00416,average,3,1.6,1.79,1.68,0.11,70.7,56.5,42.8,83.0,58.1,6.28,6,3,0,5,37.8,2.0,63.3,18.4,54.0,29.7,0.25,3.73
STU_00417,average,4,3.05,2.55,3.37,-0.82,69.1,50.6,40.9,37.7,40.0,6.93,7,3,0,5,43.6,19.9,60.2,13.0,54.6,39.2,0.38,0.44
STU_00418,average,5,0.0,0.0,0.45,-0.45,73.3,10.0,62.2,67.0,0.0,5.36,4,4,0,4,34.6,32.0,37.8,2.2,33.6,35.5,0.5,2.25
STU_00419,average,4,0.99,2.14,0.0,2.14,73.5,53.6,40.8,36.4,68.1,6.33,7,3,0,6,38.6,21.0,52.9,11.7,50.5,33.8,0.38,4.0
STU_00420,strong,4,9.29,8.91,9.16,-0.25,92.7,86.9,71.2,71.8,58.1,6.91,7,0,6,0,78.2,59.4,85.1,8.6,84.5,75.6,0.38,8.56
STU_00421,average,4,4.16,3.5,4.53,-1.03,75.9,55.3,43.5,59.2,21.7,7.38,7,2,0,3,47.8,29.7,68.2,12.8,63.9,41.4,0.38,3.11
STU_00422,average,3,0.66,0.95,0.63,0.32,78.8,51.9,31.9,60.0,36.5,7.14,6,4,0,4,31.9,2.0,53.2,17.7,52.8,21.5,0.25,2.32
STU_00423,struggling,6,0.0,0.0,0.0,0.0,45.1,13.7,50.9,44.9,26.9,5.49,4,4,0,4,22.2,10.4,32.9,8.3,23.1,19.7,0.62,0.67
STU_00424,strong,4,7.29,6.55,8.32,-1.77,85.5,65.2,84.3,44.0,0.0,6.3,7,0,2,0,63.6,54.2,82.2,9.5,70.5,60.8,0.38,5.11
STU_00425,average,7,2.64,1.83,3.12,-1.29,74.4,64.7,52.7,37.1,23.2,7.26,3,1,0,2,41.7,26.9,52.5,10.8,49.1,26.9,0.75,2.0
STU_00426,improving,7,5.19,7.0,2.62,4.38,75.1,66.9,63.0,48.0,20.9,6.9,3,0,0,0,62.3,60.5,63.5,1.3,63.1,60.5,0.75,7.17
STU_00427,failing,5,0.18,0.0,0.0,0.0,45.6,8.7,12.8,26.1,11.9,6.96,4,4,0,4,9.9,2.0,21.0,8.2,17.9,2.0,0.5,0.0
STU_00428,topper,4,8.88,8.14,9.79,-1.65,86.0,85.4,76.5,74.4,55.4,5.36,7,0,5,0,75.6,62.5,88.5,8.7,81.8,73.1,0.38,8.22
STU_00429,below_avg,4,2.28,3.45,0.63,2.82,58.2,38.7,37.9,69.6,24.0,7.03,7,4,0,5,38.3,13.9,60.9,17.3,24.7,43.8,0.38,0.0
STU_00430,strong,4,8.05,7.55,7.47,0.08,86.7,83.4,65.2,60.1,16.1,6.77,7,0,3,0,69.9,55.9,87.4,11.1,78.7,66.4,0.38,8.56
STU_00431,topper,5,9.49,10.0,8.73,1.27,95.1,100.0,78.5,76.2,19.9,4.8,4,0,4,0,91.2,84.4,100.0,5.9,92.2,90.1,0.5,10.0
STU_00432,above_avg,5,2.65,3.33,2.23,1.1,84.5,71.8,89.8,34.4,69.1,5.91,4,1,0,2,50.0,38.9,60.7,7.9,54.2,45.8,0.5,6.5
STU_00433,above_avg,5,3.1,3.33,4.09,-0.76,87.9,76.6,67.8,54.2,7.8,5.65,4,1,0,1,46.5,28.1,56.5,10.9,53.9,39.2,0.5,7.5
STU_00434,below_avg,3,0.66,0.32,0.0,0.32,52.5,55.9,36.9,19.9,0.0,6.21,6,5,0,5,19.6,2.0,56.3,18.3,41.2,8.7,0.25,0.36
STU_00435,above_avg,5,4.34,3.67,6.05,-2.38,87.7,88.7,52.1,64.7,22.7,5.89,4,1,1,1,55.3,32.3,70.2,14.2,66.5,44.1,0.5,3.25
STU_00436,struggling,4,0.0,0.0,0.63,-0.63,52.1,32.6,3.2,58.4,8.2,6.02,7,7,0,7,10.2,2.0,30.3,12.0,29.0,2.7,0.38,0.0
STU_00437,topper,5,9.18,8.67,9.77,-1.1,95.7,84.3,68.7,75.9,22.6,5.82,4,0,4,0,76.9,72.4,80.2,3.0,79.7,74.2,0.5,9.25
STU_00438,below_avg,4,1.17,1.0,1.0,0.0,74.4,49.0,29.0,5.9,34.8,4.44,7,5,0,6,31.6,14.7,51.5,12.6,38.6,28.8,0.38,0.0
STU_00439,average,3,0.51,0.63,0.53,0.1,76.3,37.8,38.6,51.2,8.4,7.27,6,5,0,5,25.2,7.6,53.6,15.2,43.5,16.0,0.25,2.14
STU_00440,average,3,0.49,0.0,0.74,-0.74,84.1,24.0,46.3,42.2,58.5,5.71,6,6,0,6,27.1,22.2,38.0,5.2,30.4,25.4,0.25,1.41
STU_00441,strong,4,7.6,6.82,7.26,-0.44,90.6,89.8,63.6,41.0,36.4,5.77,7,0,2,0,66.2,56.6,78.8,8.1,78.2,61.4,0.38,8.0
STU_00442,above_avg,7,5.68,5.83,5.25,0.58,85.4,81.2,32.1,62.9,24.1,4.45,3,0,1,1,61.1,48.8,70.7,9.1,67.2,48.8,0.75,6.5
STU_00443,below_avg,5,0.98,0.67,0.73,-0.06,53.1,50.2,44.9,52.7,0.0,5.66,4,3,0,3,23.8,2.0,54.1,20.1,41.5,6.0,0.5,0.62
STU_00444,strong,4,7.56,7.73,6.16,1.57,88.2,89.3,67.9,61.2,25.4,7.3,7,0,4,0,72.4,54.6,88.6,11.0,79.4,69.6,0.38,10.0
STU_00445,topper,7,8.11,8.67,8.0,0.67,96.4,96.0,80.5,42.8,38.9,6.26,3,0,3,0,83.8,74.3,89.6,6.8,88.5,74.3,0.75,9.33
STU_00446,average,5,0.59,0.44,0.91,-0.47,76.7,31.9,41.8,56.7,8.0,7.51,4,3,0,4,33.0,26.8,41.0,6.0,34.3,31.6,0.5,2.25
STU_00447,average,6,3.25,5.12,1.11,4.01,74.8,55.8,50.6,70.1,10.4,7.56,4,0,0,3,45.4,42.4,50.1,3.0,43.9,50.1,0.62,6.33
STU_00448,struggling,5,0.49,0.44,0.0,0.44,37.0,39.3,37.9,50.4,10.0,5.75,4,3,0,4,19.5,2.0,41.9,16.9,35.9,3.1,0.5,0.0
STU_00449,strong,4,7.24,6.95,7.26,-0.31,89.0,76.7,75.6,40.1,39.9,5.29,7,0,3,0,65.7,53.3,76.7,8.0,74.6,62.1,0.38,7.56
STU_00450,struggling,7,0.0,0.0,0.0,0.0,36.5,17.1,33.1,34.7,28.8,7.18,3,3,0,3,15.6,2.0,23.0,9.7,22.4,2.0,0.75,0.0
STU_00451,struggling,4,0.0,0.0,0.0,0.0,37.5,18.8,30.6,43.8,6.8,6.39,7,7,0,7,10.6,2.0,24.1,10.0,22.1,6.0,0.38,0.0
STU_00452,above_avg,3,5.42,3.68,5.95,-2.27,75.0,79.0,80.9,69.1,18.0,4.85,6,2,1,3,49.4,29.1,70.6,14.7,62.3,42.9,0.25,3.0
STU_00453,below_avg,4,0.92,0.32,1.53,-1.21,47.9,62.0,32.2,37.7,0.3,5.74,7,6,0,6,22.8,2.0,60.6,18.6,48.8,12.4,0.38,0.56
STU_00454,average,7,1.96,0.67,2.38,-1.71,64.3,51.1,58.8,55.2,18.1,5.47,3,2,0,3,31.0,23.5,40.5,7.1,34.8,23.5,0.75,0.67
STU_00455,average,5,1.32,3.56,0.0,3.56,77.5,34.4,31.0,12.9,11.9,6.64,4,1,0,3,36.5,4.9,56.8,19.2,42.0,30.8,0.5,5.12
STU_00456,average,7,2.17,0.83,2.5,-1.67,80.6,27.7,39.0,45.1,31.1,5.75,3,2,0,3,33.4,21.5,49.1,11.6,39.4,21.5,0.75,2.67
STU_00457,above_avg,4,2.67,2.64,2.47,0.17,89.7,67.2,63.8,70.6,23.4,5.76,7,3,1,4,47.5,26.3,73.0,14.8,62.1,41.6,0.38,4.67
STU_00458,improving,4,2.48,3.95,0.0,3.95,77.8,89.2,80.0,50.1,43.7,4.76,7,2,2,3,54.5,23.2,82.2,20.2,79.8,44.4,0.38,7.89
STU_00459,topper,5,9.89,10.0,10.0,0.0,100.0,100.0,70.6,56.2,16.8,6.66,4,0,4,0,97.4,94.3,100.0,2.6,97.7,97.2,0.5,10.0
STU_00460,average,4,3.86,2.95,4.47,-1.52,61.4,68.6,43.8,71.2,56.4,6.42,7,3,0,3,49.6,31.4,63.1,11.8,59.8,45.5,0.38,0.67
STU_00461,average,6,2.07,3.38,1.0,2.38,75.6,81.2,42.0,72.1,0.0,5.54,4,1,1,1,57.1,37.9,71.6,12.2,63.6,37.9,0.62,2.0
STU_00462,topper,3,9.98,9.37,10.0,-0.63,92.1,100.0,71.0,78.2,7.3,5.17,6,0,6,0,83.7,73.7,93.2,7.0,92.8,79.1,0.25,9.64
STU_00463,above_avg,4,6.09,6.77,6.58,0.19,77.5,82.6,42.9,57.5,5.2,7.03,7,0,1,0,63.3,50.0,83.0,9.9,75.7,58.3,0.38,6.78
STU_00464,above_avg,4,4.0,5.23,2.74,2.49,85.1,65.8,78.3,69.4,30.3,6.84,7,1,1,2,57.6,38.7,70.4,11.2,68.8,53.2,0.38,7.56
STU_00465,strong,5,7.18,6.44,7.23,-0.79,86.3,96.8,64.4,74.3,60.0,6.96,4,0,1,0,65.3,55.7,76.1,8.1,72.9,57.8,0.5,6.25
STU_00466,below_avg,6,1.51,1.75,0.0,1.75,65.4,47.0,31.6,32.3,37.4,6.66,4,2,0,4,35.8,16.2,46.3,11.6,34.6,39.4,0.62,0.0
STU_00467,above_avg,3,5.54,4.95,6.37,-1.42,80.5,75.4,71.7,48.2,34.9,5.4,6,0,1,4,52.6,42.8,82.1,13.7,68.1,44.9,0.25,4.64
STU_00468,average,4,4.46,3.77,4.11,-0.34,71.5,78.5,61.5,35.4,23.1,6.39,7,2,1,3,50.7,28.4,76.1,15.8,66.4,44.4,0.38,4.78
STU_00469,failing,5,0.0,0.0,0.0,0.0,25.2,10.1,0.0,13.3,28.8,5.94,4,4,0,4,6.9,2.0,21.6,8.5,11.8,2.0,0.5,0.0
STU_00470,topper,6,10.0,10.0,9.67,0.33,91.1,91.8,78.2,79.5,40.2,4.87,4,0,4,0,94.7,87.5,100.0,5.5,95.8,91.2,0.62,10.0
STU_00471,below_avg,3,0.47,0.0,0.0,0.0,69.0,4.2,37.5,57.7,28.1,5.3,6,6,0,6,20.5,4.7,37.2,12.9,24.7,18.5,0.25,0.18
STU_00472,below_avg,3,1.2,0.0,3.0,-3.0,69.8,26.6,35.9,55.9,0.0,5.68,6,6,0,6,18.9,2.0,37.7,15.5,32.1,12.3,0.25,0.27
STU_00473,below_avg,4,0.54,0.41,0.0,0.41,48.4,38.8,39.7,24.1,50.4,5.0,7,5,0,7,18.5,2.0,45.5,17.2,44.2,8.3,0.38,0.56
STU_00474,below_avg,5,0.65,1.33,0.18,1.15,47.1,71.3,54.1,33.0,16.9,6.18,4,2,0,2,32.6,8.1,58.7,22.5,54.9,10.2,0.5,1.0
STU_00475,struggling,5,0.0,0.0,0.0,0.0,45.4,26.0,28.1,56.6,56.6,4.86,4,4,0,4,9.7,2.0,19.4,7.3,16.6,2.6,0.5,0.0
STU_00476,average,5,1.03,0.0,2.18,-2.18,73.0,49.5,50.8,53.8,47.6,4.89,4,4,0,4,32.8,28.0,38.7,3.9,35.7,29.8,0.5,1.25
STU_00477,strong,4,8.22,7.5,9.16,-1.66,87.9,100.0,65.7,53.8,58.8,7.06,7,0,4,0,71.2,61.7,79.6,5.3,77.0,68.9,0.38,9.33
STU_00478,struggling,3,0.23,0.0,0.0,0.0,47.1,12.3,34.6,48.8,6.2,6.94,6,6,0,6,12.5,2.0,31.9,13.1,17.9,9.8,0.25,0.0
STU_00479,struggling,3,0.0,0.42,0.0,0.42,37.1,32.9,28.6,43.2,17.1,6.06,6,5,0,6,15.1,2.0,40.0,13.4,21.0,12.1,0.25,0.0
STU_00480,topper,4,9.73,9.82,9.37,0.45,95.9,100.0,97.4,99.0,42.4,6.33,7,0,7,0,87.0,79.8,91.3,3.5,86.8,87.1,0.38,10.0
STU_00481,topper,5,9.24,9.67,9.82,-0.15,91.0,82.8,90.6,73.3,45.1,5.95,4,0,4,0,86.3,78.0,91.2,5.4,91.1,81.5,0.5,10.0
STU_00482,struggling,4,0.32,0.0,0.0,0.0,35.8,18.4,14.6,34.6,12.9,6.34,7,7,0,7,6.3,2.0,13.5,5.0,11.2,4.3,0.38,0.0
STU_00483,average,5,1.07,2.33,0.23,2.1,81.3,39.3,47.7,38.2,30.0,4.58,4,2,0,3,44.1,34.7,57.7,9.7,46.2,42.0,0.5,1.5
STU_00484,struggling,4,0.17,0.91,0.0,0.91,50.3,16.9,35.7,0.0,26.2,6.11,7,6,0,7,16.7,2.4,45.7,13.0,9.3,19.6,0.38,0.78
STU_00485,average,4,4.77,4.45,4.84,-0.39,75.9,73.3,67.1,70.6,47.6,6.69,7,1,1,4,52.4,37.6,84.6,16.1,63.8,47.8,0.38,4.67
STU_00486,topper,4,8.92,9.23,8.32,0.91,98.0,95.9,55.9,48.9,42.8,5.06,7,0,7,0,80.3,72.9,93.6,6.0,86.7,77.7,0.38,10.0
STU_00487,strong,7,6.1,5.67,5.38,0.29,90.0,81.5,76.5,78.8,27.6,6.74,3,0,0,1,59.1,49.3,64.9,7.0,64.0,49.3,0.75,7.33
STU_00488,average,4,4.28,4.45,4.89,-0.44,67.6,48.8,40.0,56.7,24.9,5.63,7,1,1,3,50.8,32.0,70.7,11.8,61.0,46.7,0.38,3.78
STU_00489,struggling,7,0.0,0.0,0.0,0.0,66.8,25.4,31.1,30.5,6.9,7.0,3,3,0,3,9.9,2.0,23.5,9.7,13.8,2.0,0.75,0.0
STU_00490,above_avg,4,5.36,5.36,5.21,0.15,72.0,76.3,61.2,80.2,40.2,7.68,7,1,3,3,59.8,37.4,83.8,17.8,76.8,53.1,0.38,7.33
STU_00491,improving,6,3.0,4.75,0.0,4.75,90.7,57.0,64.7,64.5,22.8,7.22,4,0,0,2,49.9,41.9,55.4,5.4,52.6,41.9,0.62,5.0
STU_00492,average,4,2.5,4.32,2.16,2.16,64.8,56.3,1.6,60.2,56.5,6.07,7,1,0,4,47.8,37.5,55.1,5.7,51.1,46.4,0.38,3.56
STU_00493,topper,3,10.0,10.0,10.0,0.0,87.7,100.0,75.8,82.4,93.2,6.11,6,0,6,0,92.3,81.1,100.0,6.2,99.2,88.8,0.25,10.0
STU_00494,struggling,4,0.43,0.27,0.0,0.27,50.9,37.1,35.1,21.6,38.0,6.09,7,6,0,6,22.3,7.2,51.1,13.9,34.0,17.6,0.38,0.0
STU_00495,struggling,5,0.0,0.0,0.27,-0.27,43.2,8.0,21.1,17.9,15.4,6.25,4,4,0,4,8.2,2.0,20.0,7.0,12.8,3.5,0.5,0.0
STU_00496,average,6,1.74,2.88,0.0,2.88,63.4,81.7,53.9,54.5,14.1,7.11,4,1,1,3,48.9,31.8,70.6,13.9,54.6,31.8,0.62,2.33
STU_00497,above_avg,7,4.28,2.5,6.5,-4.0,78.7,73.3,64.9,60.9,39.8,7.32,3,1,1,1,56.9,36.3,77.3,16.7,67.2,36.3,0.75,2.17
STU_00498,strong,6,5.07,7.25,3.44,3.81,84.9,100.0,62.4,56.8,13.1,6.44,4,0,3,1,76.5,45.3,96.8,19.8,86.9,45.3,0.62,7.17
STU_00499,strong,7,7.22,7.33,7.25,0.08,85.5,87.8,90.9,67.2,33.9,5.73,3,0,1,0,72.0,67.3,78.9,5.0,74.3,67.3,0.75,7.33
STU_00500,above_avg,5,2.0,1.56,3.36,-1.8,79.8,60.1,43.5,41.1,28.1,6.93,4,2,1,3,46.9,24.4,79.2,20.1,62.4,31.5,0.5,5.25
STU_00501,above_avg,4,3.72,2.86,3.58,-0.72,76.3,83.6,46.1,60.6,44.1,6.19,7,3,1,3,49.8,20.2,71.9,16.8,69.5,41.9,0.38,5.44
STU_00502,strong,3,7.58,7.16,7.74,-0.58,90.4,82.6,69.4,56.0,32.9,6.9,6,0,1,0,67.9,61.0,88.7,9.6,76.2,63.8,0.25,5.95
STU_00503,struggling,4,0.0,0.0,1.05,-1.05,48.0,8.6,34.8,4.9,56.2,8.36,7,7,0,7,7.1,2.0,26.3,8.7,14.2,4.2,0.38,0.0
STU_00504,average,4,1.53,0.55,2.53,-1.98,60.9,75.0,31.1,85.0,18.5,7.08,7,5,0,5,36.0,14.8,57.4,13.4,54.2,28.7,0.38,3.33
STU_00505,struggling,5,0.86,0.0,0.18,-0.18,36.2,6.1,30.8,36.9,0.0,6.98,4,4,0,4,18.3,9.0,25.4,6.6,19.4,17.2,0.5,2.75
STU_00506,strong,6,7.42,8.25,7.22,1.03,80.8,86.8,82.7,75.2,14.0,6.7,4,0,3,0,77.0,69.8,83.7,6.0,79.3,69.8,0.62,8.0
STU_00507,above_avg,5,2.76,1.33,4.68,-3.35,72.6,78.5,70.4,86.1,46.1,5.66,4,2,0,3,44.2,28.1,63.7,13.5,56.3,32.0,0.5,2.25
STU_00508,inconsistent,4,5.29,6.23,4.32,1.91,77.5,78.9,56.0,68.9,39.3,5.9,7,0,2,1,61.3,41.8,76.7,11.4,74.6,56.0,0.38,6.11
STU_00509,above_avg,4,5.25,5.59,4.79,0.8,87.6,69.6,68.9,75.6,77.0,7.0,7,0,1,3,56.5,45.6,73.0,9.6,70.3,50.9,0.38,6.44
STU_00510,above_avg,3,5.86,5.79,6.37,-0.58,76.6,59.5,21.4,45.4,11.5,7.3,6,0,0,1,52.8,48.4,57.4,3.1,56.0,51.1,0.25,6.68
STU_00511,average,4,0.24,1.5,0.53,0.97,63.6,90.1,50.8,35.5,38.0,5.99,7,4,1,5,43.3,21.9,85.1,21.0,74.1,30.9,0.38,4.78
STU_00512,failing,5,0.7,0.0,0.0,0.0,34.9,41.1,21.5,45.1,26.4,5.98,4,4,0,4,5.2,2.0,14.8,5.5,8.4,2.0,0.5,0.0
STU_00513,topper,4,8.1,8.68,7.74,0.94,97.7,100.0,85.8,77.9,27.6,6.82,7,0,7,0,78.5,71.1,88.3,6.3,84.1,76.3,0.38,8.89
STU_00514,average,3,4.12,2.79,5.84,-3.05,72.9,77.4,26.6,78.1,14.0,7.5,6,2,0,4,46.8,29.5,69.6,14.7,66.4,37.0,0.25,0.0
STU_00515,strong,7,7.61,6.67,8.5,-1.83,86.7,88.1,91.8,81.0,25.7,5.04,3,0,2,0,67.2,57.7,72.3,6.7,71.9,57.7,0.75,8.0
STU_00516,below_avg,3,0.0,0.0,0.21,-0.21,67.5,25.9,54.1,41.5,12.2,5.35,6,6,0,6,14.3,5.2,31.3,9.6,18.3,12.3,0.25,1.23
STU_00517,above_avg,3,4.8,6.16,3.0,3.16,79.3,77.7,75.5,35.7,63.1,5.3,6,0,0,0,59.1,53.9,68.1,4.9,65.2,56.1,0.25,8.91
STU_00518,strong,6,7.14,8.62,6.0,2.62,95.1,78.2,81.6,54.5,0.0,6.25,4,0,3,0,75.5,62.5,87.0,9.1,76.5,72.5,0.62,10.0
STU_00519,struggling,5,0.0,0.0,0.0,0.0,52.8,33.2,22.0,31.8,24.7,4.5,4,4,0,4,12.8,2.0,32.3,12.4,23.5,2.0,0.5,0.0
STU_00520,struggling,5,0.08,0.0,0.0,0.0,49.0,12.4,41.4,30.3,5.6,4.35,4,4,0,4,12.5,2.0,29.4,11.4,22.9,2.0,0.5,0.5
STU_00521,below_avg,4,0.89,0.73,1.16,-0.43,51.3,22.2,33.4,43.2,0.0,6.85,7,6,0,7,32.6,18.7,43.4,7.8,37.0,30.8,0.38,0.89
STU_00522,struggling,6,0.62,0.0,0.44,-0.44,36.2,29.6,42.0,8.7,0.1,6.06,4,4,0,4,10.3,2.0,17.1,5.4,13.1,2.0,0.62,0.0
STU_00523,above_avg,3,4.96,5.32,4.58,0.74,81.8,67.0,53.7,51.5,17.8,6.88,6,0,1,4,50.3,42.5,70.0,9.4,49.9,50.5,0.25,3.41
STU_00524,average,6,1.7,3.62,0.44,3.18,80.2,43.9,29.6,35.0,32.1,6.16,4,1,0,4,42.4,37.5,47.5,3.7,42.9,40.8,0.62,1.5
STU_00525,below_avg,7,0.14,0.0,0.62,-0.62,68.6,38.1,57.0,41.8,59.6,5.51,3,3,0,3,24.9,2.0,37.2,16.2,36.3,2.0,0.75,1.0
STU_00526,strong,6,7.26,7.75,7.33,0.42,89.2,82.5,75.6,73.7,31.4,5.87,4,0,3,0,75.3,58.8,89.1,10.8,80.8,58.8,0.62,10.0
STU_00527,average,7,2.86,5.17,0.62,4.55,74.7,70.7,47.2,40.7,53.1,5.37,3,0,0,2,49.8,45.0,56.3,4.8,50.6,48.0,0.75,6.5
STU_00528,below_avg,5,0.0,0.0,0.18,-0.18,50.1,34.5,17.7,33.3,0.0,6.04,4,4,0,4,25.3,12.0,35.2,9.1,33.7,16.9,0.5,0.0
STU_00529,below_avg,4,0.04,0.18,0.0,0.18,64.3,29.2,68.5,39.9,23.5,7.18,7,6,0,7,17.5,2.0,44.9,14.5,38.7,9.0,0.38,0.0
STU_00530,below_avg,3,2.0,1.89,2.95,-1.06,55.1,33.1,54.3,19.0,11.7,5.22,6,4,0,5,34.6,21.9,65.6,15.4,36.6,33.6,0.25,0.18
STU_00531,average,3,4.52,4.42,3.37,1.05,73.9,68.4,45.7,61.5,22.1,6.68,6,1,0,4,50.3,37.7,63.8,8.9,52.8,49.1,0.25,1.23
STU_00532,struggling,6,0.0,0.0,0.0,0.0,45.1,27.1,27.4,41.8,7.7,4.69,4,4,0,4,22.3,14.0,34.5,8.5,25.1,14.0,0.62,0.0
STU_00533,average,5,0.86,1.22,0.27,0.95,77.2,61.1,39.3,30.2,61.8,7.79,4,2,0,3,36.1,18.1,54.4,14.5,50.0,22.3,0.5,4.88
STU_00534,average,6,0.98,1.88,0.67,1.21,74.1,32.8,27.2,6.8,16.8,6.23,4,2,0,3,45.1,36.7,62.2,10.1,47.9,36.7,0.62,1.0
STU_00535,above_avg,6,4.03,5.5,3.0,2.5,77.4,68.5,39.2,67.9,55.0,4.69,4,0,1,1,60.2,44.2,76.5,12.3,65.5,44.2,0.62,7.17
STU_00536,below_avg,3,0.0,0.0,0.0,0.0,70.5,37.3,39.8,44.4,53.6,5.76,6,6,0,6,9.6,2.0,20.2,6.3,10.6,9.1,0.25,0.0
STU_00537,average,6,3.07,2.5,3.22,-0.72,66.3,61.8,44.1,44.6,5.3,7.59,4,1,0,2,44.3,24.0,59.3,13.5,51.1,24.0,0.62,0.0
STU_00538,above_avg,3,2.77,4.42,0.95,3.47,74.3,57.1,48.2,52.9,9.7,6.63,6,1,0,3,49.9,37.7,60.3,7.6,56.7,46.5,0.25,6.86
STU_00539,below_avg,4,1.51,1.41,2.11,-0.7,53.7,44.7,46.2,46.4,33.0,6.79,7,4,0,6,34.3,18.8,59.1,15.3,54.1,26.3,0.38,1.33
STU_00540,strong,3,7.17,7.11,6.74,0.37,85.9,96.0,70.2,69.6,24.1,6.04,6,0,3,1,65.9,47.5,77.1,10.0,76.2,60.7,0.25,5.64
STU_00541,average,6,5.0,3.25,6.89,-3.64,65.9,63.3,69.2,53.3,4.2,6.94,4,1,1,2,55.1,35.1,88.5,20.1,61.8,35.1,0.62,6.17
STU_00542,average,4,1.5,1.59,0.63,0.96,84.3,62.2,64.2,42.8,20.2,5.9,7,4,0,5,41.8,29.3,55.8,9.5,49.6,38.7,0.38,1.44
STU_00543,average,3,4.07,4.11,3.95,0.16,66.9,50.5,59.7,36.9,50.8,6.38,6,1,0,5,46.5,39.6,53.4,4.7,45.2,47.1,0.25,1.36
STU_00544,strong,4,6.4,7.05,5.74,1.31,82.0,89.7,55.5,54.5,38.9,5.13,7,0,3,0,66.9,51.8,80.3,9.6,79.1,62.1,0.38,7.56
STU_00545,average,6,1.68,2.0,0.89,1.11,81.6,54.5,58.6,64.8,36.2,6.87,4,1,0,4,37.3,22.4,43.3,8.7,42.3,22.4,0.62,0.67
STU_00546,below_avg,6,0.0,0.0,0.0,0.0,61.2,12.3,42.1,44.4,29.7,5.23,4,4,0,4,23.2,6.9,38.4,11.4,28.6,6.9,0.62,1.83
STU_00547,average,6,0.76,0.5,1.33,-0.83,75.7,37.3,36.2,53.9,43.9,6.36,4,3,0,4,36.0,23.9,42.9,7.2,34.9,39.0,0.62,0.0
STU_00548,topper,3,9.64,8.84,10.0,-1.16,94.8,86.1,90.0,74.1,38.5,6.6,6,0,5,0,82.5,67.4,99.9,11.7,80.0,83.7,0.25,9.64
STU_00549,strong,3,7.48,7.68,7.16,0.52,91.6,79.4,60.5,79.1,34.8,7.52,6,0,4,0,72.2,54.5,83.4,9.4,82.5,67.0,0.25,7.77
STU_00550,above_avg,4,4.38,5.14,4.0,1.14,77.8,64.8,54.0,72.6,47.0,5.45,7,0,0,5,46.8,40.6,52.7,4.6,45.1,47.4,0.38,1.33
STU_00551,struggling,5,0.3,0.0,0.0,0.0,38.9,14.4,6.5,26.6,16.8,6.47,4,4,0,4,9.7,2.0,27.6,10.6,17.3,2.0,0.5,0.0
STU_00552,improving,4,4.23,5.23,1.68,3.55,80.2,59.5,62.5,78.0,32.5,6.63,7,2,1,3,52.5,26.3,85.2,17.2,49.0,54.0,0.38,6.11
STU_00553,strong,5,6.59,8.33,5.77,2.56,73.0,97.0,78.1,36.4,40.4,6.08,4,0,4,0,76.2,71.1,82.3,4.1,79.5,72.9,0.5,9.25
STU_00554,below_avg,4,0.0,0.0,0.0,0.0,47.7,37.8,30.1,59.0,37.7,7.37,7,7,0,7,24.9,16.4,31.5,6.1,23.8,25.3,0.38,1.89
STU_00555,below_avg,3,2.7,3.21,1.74,1.47,54.5,63.2,52.3,45.2,42.4,6.09,6,2,0,4,47.0,22.0,64.7,14.2,62.4,39.3,0.25,1.68
STU_00556,above_avg,3,5.13,6.0,3.16,2.84,82.2,83.7,50.5,45.8,0.0,5.47,6,0,2,3,61.6,46.2,89.9,17.4,85.3,49.7,0.25,8.23
STU_00557,average,4,0.58,0.55,0.32,0.23,71.0,49.9,35.1,44.4,57.2,7.48,7,5,0,5,32.9,13.2,59.2,17.2,57.3,23.1,0.38,1.33
STU_00558,below_avg,4,0.32,0.91,0.26,0.65,57.6,35.9,43.2,35.5,14.4,5.48,7,5,0,7,18.1,2.1,43.1,16.0,29.5,13.5,0.38,0.0
STU_00559,topper,5,8.81,7.67,10.0,-2.33,93.5,84.7,63.6,63.6,24.7,5.98,4,0,2,0,76.4,67.8,88.1,8.7,84.8,67.9,0.5,8.88
STU_00560,average,3,4.74,3.21,5.95,-2.74,66.9,76.1,63.6,43.0,0.0,5.75,6,2,0,4,48.5,25.5,68.8,15.1,67.2,39.2,0.25,2.91
STU_00561,average,4,3.83,4.14,3.05,1.09,64.4,44.6,59.9,44.3,50.2,5.56,7,1,0,4,46.4,37.4,61.2,8.5,50.8,44.6,0.38,4.67
STU_00562,average,5,3.23,2.67,3.73,-1.06,79.6,35.4,69.0,62.5,33.0,4.77,4,2,0,2,43.4,33.7,51.8,8.3,42.8,44.0,0.5,1.75
STU_00563,strong,3,6.87,7.11,6.16,0.95,94.2,85.5,71.9,54.9,23.6,5.75,6,0,2,0,64.4,51.2,81.1,10.1,73.2,60.0,0.25,6.91
STU_00564,below_avg,3,0.67,0.42,0.42,0.0,46.9,42.4,33.2,39.1,27.5,5.98,6,5,0,6,25.6,12.7,41.0,9.6,37.0,19.9,0.25,0.45
STU_00565,struggling,4,0.75,0.0,1.05,-1.05,62.6,53.8,20.3,37.5,33.2,6.4,7,7,0,7,15.7,2.0,28.7,9.7,20.2,13.8,0.38,0.56
STU_00566,above_avg,4,5.09,4.23,6.32,-2.09,79.8,75.1,54.7,27.7,37.8,7.61,7,1,0,4,49.1,32.6,69.2,10.6,60.4,44.6,0.38,1.44
STU_00567,strong,3,7.52,7.11,8.11,-1.0,93.0,91.6,70.0,51.9,47.3,5.59,6,0,1,0,67.3,53.5,90.4,11.3,78.0,62.0,0.25,7.68
STU_00568,average,6,1.52,2.25,1.56,0.69,74.5,50.0,55.1,52.1,64.3,7.13,4,2,0,2,44.8,27.6,58.5,12.6,50.5,27.6,0.62,6.83
STU_00569,average,4,1.71,0.41,3.68,-3.27,66.7,49.3,49.3,32.9,23.3,6.09,7,5,0,7,30.7,20.2,47.6,10.0,45.2,24.9,0.38,0.0
STU_00570,below_avg,4,1.44,2.59,0.21,2.38,67.1,47.1,52.9,44.8,7.9,5.3,7,3,0,4,41.5,21.2,62.3,16.2,57.2,35.2,0.38,0.0
STU_00571,above_avg,4,5.31,5.41,5.79,-0.38,77.0,70.1,46.9,39.2,52.1,6.03,7,0,1,3,55.1,40.4,79.6,12.6,66.4,50.5,0.38,4.67
STU_00572,above_avg,4,6.6,6.5,6.05,0.45,73.0,76.5,69.9,60.9,29.6,7.77,7,0,1,0,62.3,52.9,71.2,7.0,70.0,59.2,0.38,6.0
STU_00573,below_avg,3,1.42,0.89,2.05,-1.16,61.4,51.6,58.9,69.7,20.5,4.74,6,4,0,5,35.3,2.0,56.7,17.3,53.0,26.4,0.25,0.41
STU_00574,below_avg,3,0.06,0.0,0.32,-0.32,40.8,21.3,47.9,47.7,22.0,6.42,6,6,0,6,13.1,4.2,27.6,8.2,23.8,7.8,0.25,0.0
STU_00575,strong,4,8.35,7.23,9.58,-2.35,87.1,100.0,66.9,83.6,32.1,6.6,7,0,4,1,69.9,48.7,88.9,11.3,82.6,64.8,0.38,6.89
STU_00576,above_avg,6,6.77,7.25,5.56,1.69,81.2,78.5,61.0,66.6,49.8,5.04,4,0,1,0,66.4,61.2,75.4,5.4,67.4,63.6,0.62,3.0
STU_00577,above_avg,7,7.27,5.5,8.88,-3.38,83.0,62.0,60.2,19.7,6.3,5.87,3,0,0,1,56.5,45.9,68.8,9.4,61.8,45.9,0.75,1.67
STU_00578,improving,6,1.45,1.75,0.67,1.08,81.9,56.3,55.1,37.0,13.6,4.84,4,3,0,3,41.7,31.2,64.6,13.6,45.0,31.7,0.62,5.67
STU_00579,average,7,2.34,1.33,1.88,-0.55,81.6,52.5,63.1,67.4,21.9,4.93,3,1,0,3,36.3,22.3,44.1,9.9,43.4,22.3,0.75,1.0
STU_00580,above_avg,5,3.59,3.0,3.73,-0.73,80.3,49.2,56.2,48.6,46.7,7.28,4,1,0,2,46.5,35.5,53.4,7.0,52.5,40.5,0.5,6.62
STU_00581,above_avg,3,3.79,5.21,1.63,3.58,70.7,71.7,55.7,36.6,18.6,5.81,6,0,0,2,54.4,43.8,68.6,8.6,63.4,49.8,0.25,7.5
STU_00582,topper,7,9.31,10.0,9.25,0.75,97.7,93.4,69.5,84.2,0.0,5.72,3,0,3,0,88.8,80.5,94.5,6.0,93.0,80.5,0.75,9.33
STU_00583,below_avg,6,0.64,0.0,0.67,-0.67,51.7,26.6,34.4,50.6,42.9,7.78,4,4,0,4,26.8,20.0,39.6,7.6,22.6,39.6,0.62,0.0
STU_00584,above_avg,7,6.9,6.83,7.38,-0.55,71.5,74.9,45.0,50.1,16.7,6.86,3,0,0,0,61.0,54.3,65.7,4.9,58.7,65.7,0.75,6.83
STU_00585,struggling,4,0.32,0.0,1.37,-1.37,35.3,41.6,33.8,42.3,20.5,6.96,7,7,0,7,19.2,2.0,37.0,11.4,26.1,16.5,0.38,0.44
STU_00586,above_avg,6,5.37,5.25,5.67,-0.42,84.6,65.6,55.5,46.5,49.8,4.71,4,0,0,3,52.3,45.0,68.1,9.2,53.8,47.7,0.62,5.0
STU_00587,average,4,3.06,4.05,2.79,1.26,65.1,41.3,43.1,49.4,7.4,5.62,7,2,0,6,45.4,32.4,55.3,6.8,43.0,46.4,0.38,5.56
STU_00588,above_avg,4,5.32,5.59,4.58,1.01,85.3,66.3,68.1,68.2,42.4,6.7,7,1,2,1,56.3,25.9,77.7,16.4,65.2,52.7,0.38,7.0
STU_00589,below_avg,7,0.8,0.0,1.25,-1.25,74.7,38.8,18.1,32.5,32.3,6.32,3,3,0,3,22.7,8.6,36.8,11.5,29.8,8.6,0.75,0.0
STU_00590,struggling,3,0.46,0.0,0.0,0.0,29.6,5.5,31.5,20.0,0.0,6.74,6,6,0,6,7.9,2.0,21.5,7.6,8.6,7.6,0.25,0.23
STU_00591,average,4,1.84,1.95,1.47,0.48,80.9,68.0,43.5,41.8,28.1,6.39,7,3,0,6,40.5,29.5,60.0,9.3,51.0,36.3,0.38,3.33
STU_00592,above_avg,3,3.62,3.37,3.95,-0.58,87.2,53.7,56.3,65.2,6.3,6.4,6,2,0,3,51.1,37.6,67.4,10.7,62.4,45.5,0.25,6.59
STU_00593,above_avg,7,7.04,7.17,7.88,-0.71,87.8,72.7,67.9,62.9,59.9,6.03,3,0,1,0,64.2,60.2,70.2,4.3,65.2,62.2,0.75,6.67
STU_00594,topper,6,9.12,8.25,9.56,-1.31,83.6,100.0,85.9,61.0,66.7,6.54,4,0,3,0,76.3,61.5,87.1,10.3,81.2,61.5,0.62,10.0
STU_00595,average,5,1.18,0.44,1.32,-0.88,79.3,57.0,36.2,62.8,53.6,5.56,4,3,0,4,24.7,11.4,40.1,10.6,29.9,19.6,0.5,6.5
STU_00596,failing,4,0.42,0.27,0.0,0.27,35.4,24.8,38.0,14.0,0.0,5.98,7,6,0,6,14.6,2.0,51.0,16.7,37.9,5.2,0.38,0.67
STU_00597,average,3,1.67,1.26,0.95,0.31,79.7,31.4,62.6,50.7,5.7,7.5,6,4,0,6,34.9,17.6,40.6,8.1,39.7,32.4,0.25,1.36
STU_00598,below_avg,3,1.08,1.58,0.0,1.58,52.5,63.4,51.4,32.3,0.0,6.31,6,4,0,4,30.6,3.9,56.3,20.3,44.3,23.8,0.25,0.0
STU_00599,average,5,1.62,1.0,1.14,-0.14,67.5,51.1,38.8,39.2,52.8,8.08,4,2,0,4,26.3,4.1,46.3,19.0,45.1,7.5,0.5,5.62
STU_00600,average,3,2.29,1.89,2.53,-0.64,74.7,38.5,60.3,41.9,4.1,5.23,6,3,0,5,40.4,20.2,51.5,10.9,50.4,35.4,0.25,0.91
STU_00601,above_avg,3,3.81,2.95,4.79,-1.84,75.2,48.7,39.0,67.9,21.3,5.89,6,2,0,4,47.5,31.4,65.1,11.0,60.5,41.1,0.25,1.0
STU_00602,strong,4,7.44,7.09,8.37,-1.28,92.7,82.6,76.4,51.6,33.9,6.15,7,0,3,0,69.8,57.4,89.7,11.0,85.1,63.7,0.38,5.22
STU_00603,average,7,0.86,0.67,1.5,-0.83,73.5,38.0,42.4,48.5,4.6,6.51,3,2,0,3,32.1,25.9,40.9,6.4,33.4,29.5,0.75,1.67
STU_00604,below_avg,5,0.98,0.56,2.0,-1.44,53.1,50.9,50.3,30.4,0.0,6.07,4,3,0,4,30.9,19.7,46.1,9.5,37.6,24.2,0.5,0.0
STU_00605,above_avg,5,7.11,6.22,7.09,-0.87,84.5,45.6,46.9,60.3,48.4,5.81,4,0,0,0,61.1,56.1,69.8,5.3,65.2,57.0,0.5,7.75
STU_00606,above_avg,4,5.93,6.82,5.37,1.45,72.6,69.3,67.2,83.8,14.3,6.58,7,0,1,1,60.9,46.1,83.5,10.9,62.9,60.1,0.38,6.89
STU_00607,inconsistent,5,1.5,0.67,2.5,-1.83,66.0,28.9,59.6,45.3,0.5,5.89,4,3,0,3,24.7,2.0,54.0,20.2,32.4,17.1,0.5,2.5
STU_00608,strong,6,5.57,4.25,6.56,-2.31,88.6,91.4,61.1,47.1,28.7,5.81,4,1,2,1,60.4,39.5,80.6,16.1,67.3,39.5,0.62,2.83
STU_00609,average,5,1.39,0.44,2.64,-2.2,66.9,37.2,54.5,6.5,48.3,6.69,4,3,0,4,32.8,26.4,41.4,5.9,38.0,27.4,0.5,3.38
STU_00610,topper,4,9.54,9.64,10.0,-0.36,90.5,100.0,80.1,79.6,47.9,6.25,7,0,7,0,92.2,74.0,100.0,8.8,96.1,90.6,0.38,10.0
STU_00611,above_avg,4,3.76,4.59,3.21,1.38,86.7,65.4,43.1,64.9,40.2,4.95,7,2,1,3,48.1,21.3,78.4,18.4,52.6,46.3,0.38,6.78
STU_00612,above_avg,3,4.53,3.95,4.0,-0.05,73.8,42.2,27.7,62.9,43.8,7.71,6,1,0,4,48.1,37.8,65.1,9.7,53.7,45.3,0.25,5.68
STU_00613,topper,3,9.75,8.74,9.79,-1.05,92.2,100.0,61.6,65.7,2.7,7.23,6,0,6,0,82.3,71.9,100.0,10.4,96.5,75.2,0.25,9.27
STU_00614,average,6,3.34,4.75,1.22,3.53,64.9,36.9,39.0,47.3,35.6,5.95,4,1,0,2,45.8,31.9,53.6,8.9,43.2,53.6,0.62,6.5
STU_00615,below_avg,3,0.0,0.0,0.42,-0.42,69.3,28.5,42.6,44.9,14.5,5.43,6,6,0,6,27.1,17.5,38.5,6.6,27.9,26.7,0.25,0.0
STU_00616,below_avg,5,2.93,3.56,3.09,0.47,54.0,59.1,42.7,48.2,44.4,5.54,4,1,0,2,39.4,4.7,54.3,20.2,53.1,25.7,0.5,2.62
STU_00617,improving,5,2.9,3.22,1.86,1.36,70.6,64.8,59.3,84.8,49.2,4.86,4,1,0,2,47.5,27.9,63.6,13.4,59.4,35.6,0.5,8.0
STU_00618,above_avg,6,5.72,4.62,6.33,-1.71,83.3,83.0,85.9,40.8,49.1,6.26,4,1,3,1,65.6,27.5,87.9,22.8,78.3,27.5,0.62,7.67
STU_00619,struggling,4,0.0,0.0,0.0,0.0,41.8,51.9,46.5,5.0,32.2,5.63,7,7,0,7,18.9,2.0,36.6,12.1,32.1,13.6,0.38,0.0
STU_00620,average,4,2.91,3.77,2.79,0.98,69.5,71.0,51.3,58.3,58.3,4.64,7,2,0,4,47.5,30.3,64.8,10.1,50.1,46.4,0.38,0.44
STU_00621,below_avg,7,0.66,1.0,0.5,0.5,45.8,28.1,31.8,20.2,0.0,6.3,3,2,0,2,25.6,7.9,55.9,21.5,31.9,13.0,0.75,0.0
STU_00622,average,3,0.87,1.68,0.63,1.05,78.5,58.8,68.9,19.1,43.3,4.45,6,3,0,5,33.8,13.6,54.2,14.4,49.4,26.0,0.25,3.0
STU_00623,average,4,2.11,1.27,1.79,-0.52,72.3,61.5,52.5,69.4,16.7,6.09,7,4,0,5,34.5,17.0,57.6,14.9,53.9,26.8,0.38,1.44
STU_00624,strong,3,7.53,7.42,7.68,-0.26,84.8,70.8,56.8,58.0,64.9,7.87,6,0,2,0,70.2,66.1,75.8,3.3,72.7,69.0,0.25,9.09
STU_00625,struggling,3,0.0,0.0,0.0,0.0,34.4,28.4,21.1,34.1,8.0,6.98,6,6,0,6,5.0,2.0,17.2,5.5,9.8,2.5,0.25,0.0
STU_00626,struggling,4,0.0,0.0,0.26,-0.26,37.4,42.7,24.8,24.1,0.0,6.43,7,7,0,7,11.5,2.0,37.9,12.5,29.4,4.3,0.38,0.0
STU_00627,average,7,3.91,4.33,3.38,0.95,80.7,53.0,66.4,53.4,10.7,5.58,3,1,0,2,47.9,38.0,57.9,8.1,48.0,47.9,0.75,1.83
STU_00628,below_avg,4,1.51,0.73,1.68,-0.95,55.5,25.9,23.7,35.4,19.0,5.92,7,6,0,7,27.3,19.7,41.6,7.1,26.1,27.8,0.38,0.44
STU_00629,average,6,2.79,5.5,0.56,4.94,63.6,58.4,43.3,64.7,42.0,7.39,4,0,1,3,55.8,44.0,83.0,15.8,58.8,46.8,0.62,2.17
STU_00630,improving,7,0.36,1.0,0.0,1.0,84.9,62.4,44.7,44.1,43.9,6.18,3,2,0,2,35.8,21.6,53.3,13.2,42.9,21.6,0.75,6.0
STU_00631,average,5,2.11,1.33,2.82,-1.49,70.2,64.1,23.0,53.5,40.9,6.62,4,2,0,2,39.0,14.9,54.6,15.4,52.3,25.7,0.5,2.38
STU_00632,below_avg,5,1.08,0.0,0.91,-0.91,54.6,36.6,33.4,45.7,5.6,7.15,4,4,0,4,17.5,8.3,34.2,9.9,24.7,10.4,0.5,0.0
STU_00633,topper,7,9.16,10.0,7.88,2.12,95.9,98.8,87.4,62.2,62.4,5.32,3,0,3,0,85.7,80.6,90.3,4.0,85.4,86.2,0.75,10.0
STU_00634,average,7,4.42,5.33,4.25,1.08,71.7,48.8,64.1,69.8,4.9,5.36,3,0,0,1,54.9,49.3,58.1,4.0,57.8,49.3,0.75,5.5
STU_00635,average,7,1.52,3.33,0.5,2.83,71.2,34.3,47.6,25.6,17.6,6.14,3,1,0,3,39.0,32.6,42.6,4.6,37.6,41.9,0.75,6.67
STU_00636,above_avg,5,5.66,6.78,4.86,1.92,84.5,70.6,74.9,62.1,37.8,7.11,4,0,0,0,61.4,54.9,67.6,4.7,57.2,65.7,0.5,8.12
STU_00637,above_avg,3,4.2,4.47,3.89,0.58,76.9,54.8,74.5,38.4,10.2,6.68,6,1,0,3,49.4,34.6,56.9,7.4,50.8,48.7,0.25,5.55
STU_00638,average,7,1.45,1.83,1.0,0.83,50.4,50.2,33.6,69.2,28.5,6.47,3,1,0,2,38.8,19.3,51.7,14.0,48.6,19.3,0.75,6.0
STU_00639,strong,4,7.33,6.5,7.47,-0.97,87.7,70.0,65.5,69.6,49.1,5.7,7,0,2,1,62.7,49.4,72.2,8.1,69.9,59.8,0.38,6.78
STU_00640,average,3,4.38,5.05,3.68,1.37,73.7,55.6,46.2,34.1,1.5,5.98,6,0,0,4,47.8,40.3,58.1,5.6,45.5,49.0,0.25,6.32
STU_00641,below_avg,4,0.35,0.18,0.0,0.18,55.3,33.9,43.2,59.7,0.0,7.0,7,6,0,7,28.0,8.9,43.9,12.5,39.0,23.7,0.38,0.78
STU_00642,above_avg,4,5.37,4.95,5.79,-0.84,79.3,54.4,61.3,70.4,45.0,6.31,7,1,1,3,53.7,33.0,76.7,13.9,60.8,50.8,0.38,6.44
STU_00643,below_avg,3,0.82,0.26,0.74,-0.48,63.8,31.1,50.8,32.3,10.6,7.43,6,5,0,6,28.3,13.6,48.5,12.6,39.9,22.6,0.25,0.27
STU_00644,topper,4,10.0,10.0,10.0,0.0,94.4,100.0,86.6,90.6,63.3,5.53,7,0,7,0,88.6,83.4,100.0,5.1,93.8,86.5,0.38,10.0
STU_00645,strong,4,5.75,5.0,6.58,-1.58,91.1,58.9,48.1,71.3,51.2,6.99,7,1,1,3,56.5,38.8,81.9,14.4,64.7,53.2,0.38,4.67
STU_00646,average,3,1.98,1.89,2.68,-0.79,75.0,52.5,36.8,35.2,62.1,6.23,6,3,0,5,42.1,31.8,58.5,9.0,50.3,38.0,0.25,0.18
STU_00647,above_avg,4,4.92,3.41,6.63,-3.22,74.5,84.0,70.8,56.3,47.6,5.58,7,2,1,4,50.3,28.7,71.1,15.1,70.1,42.4,0.38,5.33
STU_00648,average,3,0.69,0.74,1.26,-0.52,70.1,42.8,39.6,52.6,35.0,7.67,6,4,0,5,36.1,22.2,57.5,12.0,50.9,28.7,0.25,3.18
STU_00649,above_avg,6,3.99,6.25,1.33,4.92,67.5,63.6,69.4,53.0,73.8,6.29,4,0,2,1,66.1,46.9,79.9,13.6,72.5,46.9,0.62,7.83
STU_00650,average,3,2.59,1.79,3.74,-1.95,69.7,55.7,43.7,53.9,8.7,5.61,6,4,0,5,36.2,5.9,68.0,19.4,51.6,28.4,0.25,1.95
STU_00651,improving,4,2.28,2.73,1.58,1.15,89.1,33.3,54.5,60.2,0.0,6.07,7,3,0,7,41.5,34.0,48.7,4.7,37.9,42.9,0.38,5.89
STU_00652,struggling,6,0.18,0.0,0.0,0.0,51.0,18.8,19.2,18.4,19.4,5.6,4,4,0,4,6.2,2.0,11.2,4.2,7.6,2.0,0.62,0.0
STU_00653,average,3,3.34,4.68,1.84,2.84,77.0,61.4,52.0,60.6,54.7,4.92,6,1,0,2,53.4,38.7,67.3,9.6,64.9,47.7,0.25,5.82
STU_00654,above_avg,5,4.81,4.78,4.86,-0.08,81.7,60.1,80.1,69.8,34.8,6.61,4,1,1,1,61.4,39.7,71.5,12.7,69.6,53.2,0.5,5.38
STU_00655,average,4,0.0,1.18,0.21,0.97,76.4,43.2,43.8,44.9,13.3,6.7,7,4,0,6,36.3,19.7,51.3,9.6,47.8,31.6,0.38,1.67
STU_00656,improving,6,4.07,6.38,1.0,5.38,70.6,63.3,73.6,68.5,19.0,6.01,4,0,2,1,63.9,45.4,77.2,12.1,70.0,45.4,0.62,4.83
STU_00657,below_avg,7,0.44,0.67,0.0,0.67,71.0,35.8,55.0,59.0,25.9,6.79,3,2,0,3,35.3,24.9,44.9,8.2,40.5,24.9,0.75,0.0
STU_00658,average,3,0.51,0.32,1.16,-0.84,59.6,54.6,39.9,48.5,0.0,6.08,6,5,0,5,29.7,9.1,53.1,13.6,44.7,22.2,0.25,0.23
STU_00659,below_avg,4,0.21,0.0,0.42,-0.42,68.5,45.9,54.3,41.8,55.1,5.81,7,7,0,7,21.6,2.0,36.2,12.2,36.0,15.9,0.38,0.0
STU_00660,strong,5,6.52,6.56,6.36,0.2,93.5,76.4,66.5,64.0,46.2,4.9,4,0,1,0,62.8,55.6,71.5,7.0,64.0,61.7,0.5,7.75
STU_00661,topper,7,8.74,8.0,10.0,-2.0,94.7,84.6,66.8,91.3,33.1,6.82,3,0,2,0,87.9,69.8,100.0,13.1,97.0,69.8,0.75,10.0
STU_00662,struggling,6,0.59,0.0,0.56,-0.56,40.9,15.7,33.7,49.2,47.6,6.72,4,4,0,4,17.6,13.5,21.8,3.0,17.3,18.2,0.62,0.0
STU_00663,improving,6,3.77,6.25,0.0,6.25,82.3,72.8,40.9,64.0,1.0,6.37,4,0,0,0,59.0,52.4,68.4,5.9,59.7,56.8,0.62,6.83
STU_00664,above_avg,4,5.97,5.27,6.42,-1.15,80.1,85.8,52.9,59.7,12.2,6.17,7,1,1,1,58.2,35.1,93.9,16.5,74.2,51.8,0.38,4.56
STU_00665,above_avg,5,4.36,3.56,4.91,-1.35,85.1,51.8,50.1,33.5,0.0,6.1,4,2,1,2,47.5,27.0,71.4,16.6,55.0,40.0,0.5,7.5
STU_00666,above_avg,5,4.53,5.22,4.41,0.81,67.6,62.9,41.3,71.1,26.0,5.57,4,0,0,1,54.1,44.7,68.0,8.6,60.6,47.5,0.5,2.12
STU_00667,strong,3,7.69,8.0,7.0,1.0,94.5,60.9,78.1,60.3,67.2,6.23,6,0,4,0,72.6,68.2,81.0,4.1,72.8,72.5,0.25,8.55
STU_00668,average,3,2.51,4.53,1.68,2.85,80.9,51.7,45.9,41.6,33.8,4.69,6,1,0,2,48.8,33.0,55.6,7.6,54.8,45.8,0.25,6.55
STU_00669,topper,4,9.83,9.05,9.37,-0.32,91.0,76.8,84.5,92.7,70.8,5.08,7,0,7,0,79.4,70.1,89.4,6.3,82.8,78.1,0.38,10.0
STU_00670,average,4,3.03,4.73,2.0,2.73,63.0,62.3,57.5,63.8,72.1,8.14,7,2,2,2,57.0,32.8,81.2,17.2,68.8,52.3,0.38,0.44
STU_00671,average,4,0.46,0.18,0.68,-0.5,75.7,40.4,46.0,23.5,35.5,7.02,7,6,0,7,25.4,6.2,42.9,14.2,41.1,19.1,0.38,0.0
STU_00672,average,4,2.26,2.05,1.89,0.16,63.7,65.6,56.3,44.0,50.6,6.52,7,3,0,5,41.2,23.3,60.9,12.2,56.8,34.9,0.38,4.44
STU_00673,above_avg,5,6.6,6.33,6.09,0.24,82.8,77.3,46.2,74.2,26.0,5.9,4,0,2,1,62.1,46.4,75.6,13.4,75.4,48.8,0.5,5.62
STU_00674,above_avg,4,6.02,6.09,5.68,0.41,88.4,79.5,46.3,68.8,10.1,7.51,7,0,0,1,57.1,41.8,66.1,8.1,64.7,54.1,0.38,7.89
STU_00675,average,3,1.53,1.05,2.05,-1.0,68.4,23.7,36.0,22.5,5.8,5.73,6,4,0,6,36.9,27.6,42.7,5.3,36.7,37.0,0.25,1.14
STU_00676,average,3,1.43,1.95,0.32,1.63,64.3,50.4,52.7,47.8,66.4,5.52,6,3,0,5,38.7,13.8,58.4,13.8,44.5,35.8,0.25,3.91
STU_00677,average,6,2.13,1.62,3.33,-1.71,81.2,55.6,47.3,49.6,26.8,5.26,4,2,0,2,47.1,20.5,69.3,18.7,56.0,20.5,0.62,1.5
STU_00678,struggling,4,0.0,0.0,0.0,0.0,52.9,27.7,19.9,31.6,0.0,5.4,7,7,0,7,11.5,2.0,31.2,10.6,24.2,6.5,0.38,0.0
STU_00679,below_avg,3,0.86,0.32,1.37,-1.05,67.8,71.4,66.3,39.1,52.4,5.21,6,5,0,5,27.3,9.5,57.2,15.3,45.5,18.1,0.25,0.23
STU_00680,topper,7,9.98,10.0,10.0,0.0,89.1,100.0,100.0,73.5,41.7,5.89,3,0,3,0,91.8,90.2,92.9,1.1,91.6,92.2,0.75,10.0
STU_00681,below_avg,3,0.12,0.0,0.0,0.0,52.6,24.7,43.3,48.7,18.4,7.15,6,6,0,6,15.0,2.0,29.8,8.5,20.1,12.4,0.25,0.0
STU_00682,below_avg,4,0.34,0.41,0.26,0.15,51.0,73.1,33.8,25.7,45.3,6.23,7,6,1,6,24.1,2.7,77.9,24.4,56.5,11.1,0.38,0.44
STU_00683,above_avg,5,5.2,6.67,4.18,2.49,72.1,45.7,56.4,82.4,40.6,5.71,4,0,1,0,60.8,53.2,70.4,7.3,61.8,59.8,0.5,6.88
STU_00684,strong,3,7.91,7.26,9.16,-1.9,84.2,98.0,66.8,92.3,52.0,6.85,6,0,3,1,71.2,48.4,90.3,13.7,87.2,63.2,0.25,7.55
STU_00685,average,4,3.52,4.36,2.68,1.68,74.4,44.7,58.6,59.9,49.2,4.93,7,1,0,3,48.4,31.9,55.8,7.6,54.8,45.9,0.38,5.67
STU_00686,below_avg,4,0.5,0.0,1.37,-1.37,47.7,36.5,18.1,48.9,31.0,6.27,7,7,0,7,20.8,2.8,33.3,9.8,29.7,17.3,0.38,0.0
STU_00687,struggling,5,0.0,0.0,0.0,0.0,35.0,8.0,19.8,10.8,0.0,5.63,4,4,0,4,4.0,2.0,10.0,3.5,6.0,2.0,0.5,0.62
STU_00688,average,4,1.21,0.55,1.89,-1.34,85.5,60.4,51.1,30.4,0.0,6.3,7,5,0,6,29.9,14.3,61.7,16.2,54.2,20.2,0.38,0.67
STU_00689,average,4,2.95,2.32,3.58,-1.26,73.4,65.5,35.7,30.3,24.0,6.2,7,3,0,5,44.6,30.6,65.0,11.6,52.7,41.3,0.38,1.11
STU_00690,average,5,1.61,3.0,0.0,3.0,79.6,51.8,68.4,44.4,26.4,5.36,4,1,0,3,44.0,21.6,66.2,15.8,55.4,32.5,0.5,6.88
STU_00691,above_avg,5,6.11,5.33,6.41,-1.08,89.3,44.3,68.0,58.9,34.4,5.75,4,1,0,1,48.5,34.8,54.6,8.0,43.0,54.0,0.5,5.75
STU_00692,inconsistent,5,0.0,0.0,0.73,-0.73,42.2,19.6,32.4,37.5,40.8,5.29,4,4,0,4,8.5,2.0,19.2,6.5,3.5,13.6,0.5,0.0
STU_00693,topper,4,9.54,9.64,9.16,0.48,94.0,83.7,66.7,75.8,58.2,7.19,7,0,7,0,87.3,75.7,96.3,7.8,95.2,84.2,0.38,10.0
STU_00694,average,5,2.1,2.67,0.36,2.31,70.6,36.0,67.3,42.8,0.0,4.89,4,2,0,2,45.0,30.0,58.0,10.9,48.9,41.0,0.5,3.62
STU_00695,above_avg,5,7.27,7.22,6.36,0.86,80.0,84.8,46.1,38.9,64.7,6.34,4,0,2,0,70.5,55.4,83.4,10.5,79.9,61.0,0.5,7.25
STU_00696,average,3,3.03,0.95,4.74,-3.79,63.0,56.9,53.8,69.6,59.8,8.09,6,4,0,4,36.9,8.1,57.2,16.3,56.0,27.3,0.25,0.95
STU_00697,average,5,1.58,0.0,3.05,-3.05,77.5,33.0,50.8,25.1,25.3,5.11,4,4,0,4,32.4,29.5,35.5,2.1,32.3,32.5,0.5,2.12
STU_00698,below_avg,3,0.0,0.0,0.0,0.0,48.4,39.2,12.3,25.0,16.7,5.98,6,6,0,6,23.3,2.0,38.9,13.3,37.3,16.3,0.25,0.73
STU_00699,average,7,0.22,0.0,0.0,0.0,67.8,25.0,43.3,37.3,23.5,6.41,3,3,0,3,35.3,32.4,38.9,2.7,33.5,38.9,0.75,0.67
STU_00700,average,4,0.95,2.36,0.42,1.94,71.8,58.4,46.9,36.8,40.9,5.13,7,3,0,6,40.2,22.6,67.3,13.3,43.0,39.2,0.38,2.56
STU_00701,strong,5,8.11,6.78,9.82,-3.04,81.4,82.1,63.9,63.2,30.4,4.86,4,0,1,0,70.2,55.2,100.0,17.7,77.6,62.8,0.5,7.62
STU_00702,average,5,3.15,1.33,4.41,-3.08,69.2,61.1,51.1,71.4,45.5,6.09,4,2,0,3,45.3,28.8,68.6,15.0,58.1,32.5,0.5,3.38
STU_00703,above_avg,3,3.82,5.84,2.53,3.31,81.3,62.1,71.1,56.9,39.1,7.47,6,0,1,2,57.7,48.2,71.2,9.2,70.0,51.6,0.25,7.45
STU_00704,failing,7,0.0,0.0,0.0,0.0,25.5,18.3,38.2,50.1,28.5,7.61,3,3,0,3,5.0,2.0,8.5,2.7,3.2,8.5,0.75,0.0
STU_00705,below_avg,4,1.12,0.0,2.74,-2.74,62.9,12.3,45.9,35.4,36.3,6.8,7,7,0,7,19.1,6.5,34.8,9.2,27.0,15.9,0.38,0.0
STU_00706,below_avg,4,0.22,0.23,0.0,0.23,51.3,33.1,25.9,46.0,32.3,6.65,7,6,0,7,18.8,2.0,47.6,15.2,24.8,16.4,0.38,1.67
STU_00707,below_avg,5,0.63,0.67,1.36,-0.69,62.6,43.5,46.4,49.1,19.6,7.03,4,3,0,3,32.4,22.2,53.8,12.8,38.3,26.4,0.5,4.38
STU_00708,average,5,1.57,0.67,2.55,-1.88,75.3,49.0,28.0,49.0,0.0,6.01,4,3,0,3,37.2,22.7,53.8,11.1,38.2,36.1,0.5,0.0
STU_00709,failing,5,0.15,0.0,0.0,0.0,32.4,1.1,17.9,27.6,19.1,7.09,4,4,0,4,9.1,2.0,17.7,7.2,8.3,9.8,0.5,0.0
STU_00710,below_avg,5,2.23,2.11,1.09,1.02,61.5,55.5,39.5,0.0,20.3,5.24,4,2,0,4,33.6,12.9,49.1,14.2,36.1,31.0,0.5,0.62
STU_00711,below_avg,4,0.67,0.27,1.11,-0.84,49.9,50.1,39.9,23.1,24.5,7.29,7,6,0,6,29.5,3.1,50.8,13.5,41.9,24.6,0.38,0.78
STU_00712,average,3,4.43,3.11,5.26,-2.15,77.7,64.5,79.1,64.5,71.1,5.42,6,2,0,4,45.0,27.5,61.5,13.2,59.5,37.8,0.25,5.18
STU_00713,struggling,4,0.02,0.0,0.0,0.0,58.6,21.6,18.4,0.0,20.9,6.93,7,7,0,7,13.0,2.0,39.6,12.2,9.9,14.2,0.38,0.44
STU_00714,topper,4,8.99,9.09,9.16,-0.07,95.3,94.9,59.8,38.9,46.7,5.88,7,0,6,0,84.3,69.2,96.3,9.6,95.4,79.8,0.38,10.0
STU_00715,topper,6,8.94,8.88,9.89,-1.01,96.1,95.0,74.3,84.2,31.2,6.66,4,0,4,0,83.3,71.0,100.0,10.6,87.4,71.0,0.62,10.0
STU_00716,average,6,1.46,2.12,0.67,1.45,64.0,53.8,40.9,42.6,23.7,6.5,4,2,0,3,41.7,22.6,66.8,17.3,48.1,22.6,0.62,1.5
STU_00717,topper,3,8.46,8.95,7.58,1.37,97.1,99.3,64.0,67.6,57.1,4.96,6,0,5,0,84.3,69.9,99.0,10.6,92.2,80.3,0.25,10.0
STU_00718,average,5,0.34,0.56,0.0,0.56,63.6,28.4,40.6,37.6,19.6,5.82,4,3,0,4,24.6,6.4,45.5,14.0,33.5,15.8,0.5,2.25
STU_00719,above_avg,7,6.78,7.5,7.12,0.38,85.3,37.2,54.9,63.5,15.0,5.94,3,0,2,0,70.5,62.2,79.3,7.0,74.7,62.2,0.75,7.67
STU_00720,above_avg,3,6.36,6.63,6.47,0.16,79.1,54.1,55.4,56.3,50.8,6.66,6,0,1,0,58.9,51.8,70.1,6.1,62.8,57.0,0.25,6.91
STU_00721,strong,5,4.73,5.44,4.82,0.62,76.0,59.8,77.9,78.6,81.2,6.94,4,0,0,2,51.3,45.1,56.8,5.1,51.6,51.0,0.5,8.12
STU_00722,topper,4,8.42,8.09,9.05,-0.96,92.9,81.8,68.9,100.0,23.6,6.13,7,0,4,0,76.8,64.4,93.7,10.4,80.9,75.2,0.38,10.0
STU_00723,average,3,4.07,3.37,4.21,-0.84,72.4,46.5,77.3,60.4,44.8,6.87,6,3,0,3,45.4,34.2,60.7,11.0,43.8,46.2,0.25,5.95
STU_00724,average,3,4.61,3.47,5.79,-2.32,77.7,56.6,57.2,34.8,33.4,7.34,6,2,1,3,47.4,14.1,81.3,20.2,67.3,37.4,0.25,2.45
STU_00725,above_avg,3,3.81,4.42,4.32,0.1,86.6,49.9,58.1,62.4,24.9,7.35,6,1,0,2,50.9,31.3,64.7,11.3,60.9,45.9,0.25,6.55
STU_00726,topper,6,7.66,8.5,7.44,1.06,100.0,92.4,86.8,92.4,52.2,8.5,4,0,3,0,87.9,66.4,100.0,12.9,95.0,66.4,0.62,10.0
STU_00727,below_avg,5,0.52,0.67,0.45,0.22,64.6,46.9,55.2,39.1,39.0,6.33,4,3,0,3,26.0,4.9,52.3,19.4,44.6,7.5,0.5,0.0
STU_00728,below_avg,4,0.96,1.45,0.21,1.24,64.0,40.1,45.7,62.0,8.9,5.51,7,6,1,6,32.1,15.1,72.4,18.6,29.5,33.1,0.38,0.78
STU_00729,average,3,1.82,1.53,3.0,-1.47,63.6,59.8,40.9,66.1,0.0,6.62,6,3,0,6,35.7,23.3,48.4,9.0,44.3,31.4,0.25,2.23
STU_00730,average,3,1.41,2.74,0.0,2.74,66.8,43.3,48.9,35.1,11.6,6.19,6,3,0,6,38.3,27.2,49.1,7.2,34.5,40.2,0.25,3.82
STU_00731,struggling,5,0.0,0.0,0.0,0.0,34.7,32.3,41.0,25.1,11.3,7.25,4,4,0,4,17.9,7.4,27.3,7.6,14.9,20.9,0.5,0.5
STU_00732,below_avg,5,0.41,0.0,1.41,-1.41,51.8,32.1,49.7,37.2,20.5,5.22,4,4,0,4,19.6,2.0,35.3,13.8,33.0,6.3,0.5,1.25
STU_00733,topper,4,8.89,9.27,10.0,-0.73,91.0,81.4,83.6,79.9,60.4,6.56,7,0,7,0,82.9,73.3,100.0,8.6,94.5,78.3,0.38,9.11
STU_00734,average,4,2.7,2.18,2.74,-0.56,82.7,51.8,59.3,65.0,68.0,7.17,7,3,0,6,40.0,15.9,66.5,15.9,58.1,32.7,0.38,4.0
STU_00735,struggling,3,0.0,0.21,0.0,0.21,52.1,36.3,19.4,33.7,8.1,6.32,6,5,0,6,18.3,2.0,43.5,14.7,30.4,12.2,0.25,0.32
STU_00736,strong,3,9.0,9.37,8.32,1.05,85.8,100.0,85.5,68.0,67.3,6.74,6,0,5,0,81.7,68.8,88.3,6.3,86.3,79.4,0.25,9.82
STU_00737,average,5,2.06,1.11,3.32,-2.21,63.8,49.3,36.5,72.0,49.2,6.36,4,2,0,3,36.3,16.9,58.5,15.3,49.5,23.1,0.5,8.0
STU_00738,strong,3,8.42,8.16,8.0,0.16,94.0,71.7,84.2,79.7,41.0,4.92,6,0,4,0,71.7,62.6,77.8,5.8,71.8,71.6,0.25,8.23
STU_00739,below_avg,3,0.2,0.53,0.0,0.53,65.3,37.2,50.2,55.0,22.2,7.29,6,5,0,6,21.4,5.3,49.2,15.0,37.2,13.6,0.25,0.18
STU_00740,below_avg,6,0.88,1.5,0.56,0.94,67.3,42.3,38.6,67.8,45.6,5.72,4,3,0,3,31.2,10.2,50.1,15.1,38.2,10.2,0.62,2.0
STU_00741,average,3,1.59,1.26,0.84,0.42,84.7,54.9,39.9,49.9,45.6,7.67,6,4,0,6,32.0,12.4,43.3,10.5,39.5,28.3,0.25,1.05
STU_00742,above_avg,6,4.94,5.0,5.44,-0.44,80.8,58.3,66.6,31.7,27.2,7.23,4,1,0,2,47.5,37.6,55.3,6.5,45.0,55.3,0.62,6.0
STU_00743,struggling,5,0.0,0.0,0.0,0.0,41.8,16.0,56.1,21.2,10.2,7.51,4,4,0,4,8.7,2.0,20.8,7.7,11.4,6.0,0.5,0.0
STU_00744,struggling,3,0.0,0.0,0.0,0.0,57.1,30.0,37.7,45.0,28.4,6.94,6,6,0,6,13.0,2.0,30.8,10.2,21.4,8.8,0.25,0.0
STU_00745,above_avg,4,5.58,4.73,6.95,-2.22,72.7,79.9,57.2,52.0,26.3,6.76,7,1,0,3,52.3,39.9,64.6,7.2,56.9,50.4,0.38,5.56
STU_00746,strong,3,7.22,6.58,8.53,-1.95,83.7,90.7,63.7,68.6,40.3,5.73,6,0,1,1,61.9,45.9,76.7,9.3,72.2,56.8,0.25,8.05
STU_00747,strong,4,6.12,6.55,6.26,0.29,88.6,81.6,65.7,56.1,59.2,5.45,7,0,3,2,62.8,40.7,78.8,13.1,73.2,58.6,0.38,6.67
STU_00748,average,4,5.06,4.09,5.63,-1.54,87.2,45.7,53.2,57.4,30.8,5.57,7,2,0,4,49.5,28.3,67.8,12.7,47.3,50.4,0.38,3.89
STU_00749,struggling,5,0.0,0.0,0.0,0.0,55.7,15.5,14.5,46.5,48.2,6.28,4,4,0,4,9.4,2.0,16.8,6.1,9.4,9.3,0.5,0.0
STU_00750,above_avg,4,4.45,4.86,4.42,0.44,83.4,71.7,68.4,48.4,0.0,5.64,7,1,1,2,56.5,37.5,72.4,11.2,70.2,51.0,0.38,4.78
STU_00751,struggling,3,0.21,0.0,0.0,0.0,37.5,34.4,22.2,25.5,0.0,6.53,6,6,0,6,11.6,2.0,19.9,7.1,17.9,8.5,0.25,0.0
STU_00752,above_avg,6,5.47,5.62,5.22,0.4,76.6,63.4,62.2,49.3,19.3,5.72,4,0,2,1,61.2,42.8,79.3,15.0,67.4,42.8,0.62,7.5
STU_00753,average,4,2.45,3.05,1.58,1.47,66.8,63.5,49.3,67.5,0.0,5.24,7,2,0,5,45.6,36.9,57.2,7.2,51.3,43.4,0.38,6.67
STU_00754,average,4,3.72,3.27,3.58,-0.31,70.5,59.4,65.8,40.0,0.0,6.92,7,2,0,4,44.3,29.9,52.9,8.8,52.3,41.1,0.38,0.56
STU_00755,above_avg,3,5.07,4.63,5.53,-0.9,87.4,58.7,39.1,48.3,48.3,5.63,6,1,0,3,50.7,35.2,67.0,9.7,51.4,50.3,0.25,4.68
STU_00756,topper,4,9.14,9.27,9.16,0.11,91.0,100.0,91.1,82.8,60.2,6.85,7,0,6,0,83.5,69.3,95.1,7.6,90.8,80.5,0.38,10.0
STU_00757,strong,4,8.14,7.45,7.89,-0.44,82.0,89.5,76.4,45.4,19.4,5.76,7,0,3,0,72.9,55.8,92.2,11.8,88.1,66.9,0.38,9.33
STU_00758,average,4,2.49,3.05,1.42,1.63,69.7,53.9,34.6,57.1,16.7,6.52,7,2,0,6,44.1,34.1,50.8,6.1,49.2,42.1,0.38,6.22
STU_00759,struggling,3,1.11,0.0,0.32,-0.32,33.6,20.2,0.0,29.7,1.4,6.43,6,6,0,6,14.4,3.8,30.7,8.9,12.3,15.5,0.25,0.23
STU_00760,inconsistent,5,3.97,2.67,5.14,-2.47,55.6,69.3,20.6,54.2,46.0,5.05,4,2,1,3,47.3,38.0,72.4,14.5,55.2,39.4,0.5,3.12
STU_00761,inconsistent,3,2.07,2.95,0.0,2.95,66.0,70.0,55.0,84.1,18.9,5.94,6,2,0,4,43.4,21.8,58.0,11.3,53.1,38.6,0.25,1.73
STU_00762,above_avg,5,3.03,1.44,4.14,-2.7,78.1,71.6,44.2,64.9,32.6,6.88,4,2,0,2,47.6,33.6,67.6,14.5,61.4,33.8,0.5,7.25
STU_00763,average,4,1.2,0.0,2.58,-2.58,76.2,28.5,46.3,67.1,0.0,6.23,7,7,0,7,33.4,26.8,39.8,4.9,32.1,33.9,0.38,2.56
STU_00764,struggling,6,0.91,0.62,0.56,0.06,44.3,35.5,27.9,50.0,18.9,7.54,4,3,0,4,22.5,6.4,45.0,14.0,27.8,6.4,0.62,0.0
STU_00765,average,4,0.9,0.45,1.79,-1.34,66.5,73.9,51.7,35.0,24.1,5.67,7,5,0,7,31.1,11.8,49.7,12.7,48.1,24.3,0.38,0.44
STU_00766,strong,3,5.66,6.63,4.74,1.89,90.9,96.4,62.7,67.7,60.6,5.8,6,0,2,2,63.5,46.4,76.5,11.9,70.4,60.1,0.25,8.73
STU_00767,struggling,5,0.81,0.0,1.09,-1.09,36.2,17.7,25.5,32.5,16.4,6.41,4,4,0,4,9.3,2.0,30.4,12.2,16.2,2.4,0.5,0.0
STU_00768,above_avg,5,5.62,5.33,6.23,-0.9,69.2,63.8,55.8,76.9,21.7,5.06,4,0,0,1,58.4,44.1,69.2,10.0,67.7,49.1,0.5,7.38
STU_00769,average,5,4.08,4.89,2.27,2.62,82.4,47.4,61.0,50.6,30.4,6.59,4,0,0,2,50.9,41.8,58.2,6.1,56.2,45.7,0.5,3.25
STU_00770,improving,4,4.23,6.36,0.53,5.83,89.0,75.7,60.9,81.3,58.9,6.17,7,0,1,1,63.2,49.3,88.6,12.1,72.5,59.5,0.38,7.44
STU_00771,below_avg,4,0.77,0.0,1.26,-1.26,55.2,38.1,52.6,47.6,0.0,6.36,7,7,0,7,28.6,15.1,38.4,8.6,26.9,29.3,0.38,0.0
STU_00772,strong,4,6.59,7.5,5.63,1.87,87.1,71.9,52.7,68.9,45.7,5.27,7,0,5,0,69.3,57.6,75.4,6.1,74.3,67.3,0.38,8.67
STU_00773,strong,3,8.08,8.53,7.26,1.27,86.7,96.5,79.1,68.6,36.3,7.48,6,0,4,0,77.5,60.3,94.3,10.7,88.2,72.1,0.25,9.27
STU_00774,above_avg,4,4.11,3.05,4.89,-1.84,68.9,82.7,68.7,53.6,62.5,5.02,7,4,1,4,49.0,35.5,73.3,14.5,49.1,49.0,0.38,3.67
STU_00775,average,5,0.75,1.44,0.0,1.44,71.5,58.0,44.4,33.8,8.5,6.81,4,2,0,2,43.3,27.5,60.8,13.1,55.6,31.0,0.5,4.75
STU_00776,strong,4,7.9,6.91,8.32,-1.41,78.9,85.3,73.7,54.1,0.0,6.12,7,0,1,0,64.8,54.7,78.8,7.0,69.7,62.8,0.38,7.0
STU_00777,below_avg,5,0.82,0.67,0.0,0.67,66.6,42.9,33.9,43.3,5.6,5.87,4,3,0,3,29.4,2.0,52.1,17.9,41.0,17.9,0.5,0.75
STU_00778,struggling,7,0.02,0.0,0.0,0.0,49.5,14.4,26.1,47.6,45.1,7.14,3,3,0,3,12.0,2.0,20.7,7.7,7.7,20.7,0.75,0.0
STU_00779,struggling,5,0.39,0.0,0.0,0.0,38.4,11.8,29.8,49.0,1.7,6.71,4,4,0,4,11.2,2.0,36.1,14.4,20.4,2.0,0.5,0.0
STU_00780,above_avg,7,7.95,5.5,8.88,-3.38,85.3,58.5,70.7,45.4,52.7,6.46,3,0,0,1,55.3,45.8,62.9,7.1,60.1,45.8,0.75,5.33
STU_00781,strong,3,7.57,7.42,7.47,-0.05,88.5,85.5,69.5,87.1,54.2,5.71,6,0,1,0,68.0,65.1,75.1,3.4,65.8,69.1,0.25,8.55
STU_00782,above_avg,6,4.92,6.75,3.56,3.19,80.4,70.6,57.2,55.6,16.8,5.63,4,0,2,1,62.6,49.4,76.4,11.5,65.7,53.3,0.62,6.17
STU_00783,above_avg,7,6.91,7.83,7.25,0.58,80.5,100.0,73.3,39.0,58.6,6.62,3,0,2,0,78.7,68.7,89.5,8.5,83.7,68.7,0.75,2.5
STU_00784,average,6,1.76,2.62,0.89,1.73,73.8,64.8,42.8,41.2,18.7,6.74,4,1,0,3,46.8,35.1,61.6,9.6,50.7,35.1,0.62,6.17
STU_00785,failing,5,0.0,0.0,0.0,0.0,24.9,12.0,23.5,39.3,31.5,5.55,4,4,0,4,13.2,2.0,26.3,9.8,22.6,3.8,0.5,0.0
STU_00786,above_avg,5,4.83,5.0,4.91,0.09,78.9,43.2,35.9,49.8,56.3,6.39,4,1,0,2,47.2,39.2,54.5,5.7,46.9,47.7,0.5,3.12
STU_00787,below_avg,7,1.49,2.33,0.62,1.71,60.1,79.7,59.6,44.5,15.6,5.49,3,1,1,1,50.7,31.0,70.2,16.0,60.6,31.0,0.75,2.17
STU_00788,below_avg,7,3.74,4.33,2.75,1.58,63.8,49.1,41.8,31.7,38.3,5.35,3,1,0,2,45.7,36.4,52.2,6.7,44.3,48.4,0.75,1.0
STU_00789,inconsistent,6,0.0,0.0,0.0,0.0,55.2,31.1,53.0,42.9,46.2,6.62,4,4,0,4,28.1,15.2,39.2,9.9,32.3,15.2,0.62,0.0
STU_00790,below_avg,6,0.61,0.88,0.44,0.44,47.8,41.9,42.4,38.2,28.9,5.67,4,3,0,3,27.2,5.5,60.0,22.3,34.5,5.5,0.62,0.0
STU_00791,above_avg,5,4.81,5.56,3.64,1.92,73.1,58.5,83.5,47.6,53.9,4.75,4,0,1,1,57.5,44.6,72.0,9.8,64.9,50.0,0.5,3.88
STU_00792,strong,5,5.77,6.56,4.59,1.97,89.7,69.4,63.9,64.3,69.9,7.04,4,0,1,1,65.7,48.0,77.2,10.8,73.2,58.1,0.5,9.5
STU_00793,strong,4,6.48,6.45,6.74,-0.29,89.8,84.1,50.3,60.0,10.4,4.86,7,0,1,1,62.3,44.8,72.5,8.1,63.9,61.7,0.38,6.44
STU_00794,topper,4,9.3,9.59,8.74,0.85,95.2,100.0,78.5,72.3,19.9,6.3,7,0,7,0,83.3,75.3,98.5,7.9,89.0,81.0,0.38,10.0
STU_00795,average,4,3.53,3.32,4.11,-0.79,67.4,45.2,39.2,47.9,28.1,7.21,7,2,0,4,45.7,22.3,66.6,13.0,58.5,40.5,0.38,2.44
STU_00796,average,4,4.55,2.41,5.47,-3.06,70.6,76.8,47.9,55.5,45.3,5.35,7,3,0,4,44.8,25.4,69.8,14.5,63.2,37.4,0.38,0.44
STU_00797,strong,6,5.14,5.38,3.89,1.49,91.6,66.7,74.9,58.7,70.8,4.67,4,0,1,1,60.4,40.9,74.8,12.9,66.9,40.9,0.62,6.33
STU_00798,above_avg,6,2.08,3.12,1.44,1.68,78.6,52.4,54.4,45.7,43.4,7.11,4,1,1,2,50.7,27.1,76.3,18.7,58.6,27.1,0.62,7.83
STU_00799,struggling,5,0.0,0.0,0.0,0.0,41.2,31.4,28.9,57.1,0.6,5.49,4,4,0,4,16.8,2.0,35.3,14.5,31.0,2.6,0.5,0.0
STU_00800,below_avg,5,1.52,1.0,0.91,0.09,67.2,61.9,22.6,47.9,70.5,5.98,4,2,0,4,37.6,25.5,49.5,9.2,46.1,29.1,0.5,0.75
STU_00801,average,4,2.7,0.36,4.32,-3.96,79.5,50.1,37.8,57.5,45.8,7.24,7,5,0,7,32.2,18.9,43.7,8.7,42.2,28.3,0.38,0.56
STU_00802,average,5,4.97,3.22,6.59,-3.37,68.4,63.5,51.2,54.9,55.9,6.21,4,2,1,3,44.9,26.2,71.0,16.6,41.3,48.6,0.5,6.25
STU_00803,struggling,5,0.06,0.0,0.91,-0.91,52.4,13.3,24.9,23.7,22.7,5.73,4,4,0,4,7.5,2.0,23.9,9.5,12.9,2.0,0.5,1.0
STU_00804,topper,5,8.73,8.44,9.45,-1.01,85.8,95.1,86.7,100.0,25.1,5.46,4,0,4,0,81.6,72.4,98.0,10.4,90.5,72.7,0.5,10.0
STU_00805,average,5,1.19,1.11,1.14,-0.03,71.3,57.7,33.5,0.0,0.0,6.65,4,2,0,3,36.7,12.7,57.8,16.6,51.1,22.2,0.5,0.5
STU_00806,below_avg,3,1.0,0.0,1.05,-1.05,70.7,10.8,24.1,39.2,30.2,6.14,6,6,0,6,13.9,2.3,26.4,7.6,15.6,13.0,0.25,0.73
STU_00807,average,6,2.21,4.25,0.67,3.58,68.6,60.9,46.0,53.8,40.9,6.6,4,0,0,4,42.9,40.7,45.3,2.1,43.6,40.7,0.62,1.83
STU_00808,average,4,2.07,2.82,2.58,0.24,59.2,77.0,68.7,44.7,36.1,6.59,7,2,0,6,41.4,20.9,56.9,10.4,50.5,37.7,0.38,1.78
STU_00809,below_avg,3,1.23,1.05,2.0,-0.95,54.5,59.8,32.2,23.5,37.6,7.41,6,4,0,6,33.8,7.7,44.9,12.5,42.0,29.7,0.25,0.23
STU_00810,below_avg,5,0.0,0.0,0.0,0.0,60.7,20.1,45.2,29.5,39.7,6.0,4,4,0,4,15.6,6.5,30.8,9.5,23.5,7.8,0.5,1.5
STU_00811,strong,3,6.42,6.63,6.0,0.63,85.7,76.4,61.4,69.9,25.2,7.14,6,0,2,1,60.5,46.1,80.3,11.9,65.9,57.8,0.25,6.5
STU_00812,below_avg,5,1.07,0.0,1.91,-1.91,63.9,23.8,53.5,33.8,25.1,6.81,4,4,0,4,26.4,13.4,32.9,7.6,31.0,21.8,0.5,0.0
STU_00813,below_avg,4,0.44,1.27,0.0,1.27,49.2,53.3,33.7,17.4,39.2,6.28,7,4,0,5,25.4,2.0,51.9,20.2,51.2,15.1,0.38,0.56
STU_00814,average,5,3.37,2.89,3.05,-0.16,71.4,56.5,68.8,50.4,29.1,5.4,4,1,0,3,46.6,36.6,50.9,5.8,50.3,42.8,0.5,6.0
STU_00815,below_avg,7,0.47,1.0,0.0,1.0,54.1,41.7,44.8,53.4,16.7,6.97,3,2,0,2,40.9,31.9,54.5,9.8,45.5,31.9,0.75,1.17
STU_00816,above_avg,3,4.97,6.0,2.84,3.16,82.5,78.3,71.2,72.3,62.8,7.06,6,0,1,1,58.7,47.0,92.8,15.7,71.5,52.4,0.25,6.45
STU_00817,failing,4,0.0,0.0,0.42,-0.42,10.8,26.9,21.0,56.1,18.3,4.91,7,7,0,7,9.5,2.0,29.1,8.7,7.0,10.4,0.38,0.0
STU_00818,above_avg,5,5.3,5.56,4.23,1.33,74.6,52.4,33.1,68.5,1.7,6.08,4,0,1,1,55.3,42.4,74.6,11.9,62.5,48.0,0.5,8.0
STU_00819,topper,4,9.27,9.27,8.89,0.38,92.9,100.0,68.0,51.0,43.9,6.65,7,0,7,0,82.8,74.1,92.7,6.9,89.0,80.3,0.38,10.0
STU_00820,struggling,5,1.12,0.44,0.95,-0.51,40.5,32.9,12.4,28.5,9.9,6.52,4,3,0,4,21.1,4.8,40.8,16.2,37.1,5.0,0.5,0.0
STU_00821,average,3,3.15,2.0,3.79,-1.79,75.9,46.9,76.2,48.6,41.1,7.18,6,3,0,4,38.7,8.9,56.0,15.6,53.4,31.4,0.25,3.09
STU_00822,topper,6,10.0,10.0,10.0,0.0,88.0,100.0,69.2,66.8,27.7,7.24,4,0,4,0,95.9,87.3,100.0,5.2,98.7,87.3,0.62,10.0
STU_00823,below_avg,5,0.68,0.0,0.23,-0.23,59.6,47.0,50.7,33.4,36.3,6.64,4,4,0,4,20.1,2.2,38.9,13.7,32.2,7.9,0.5,0.0
STU_00824,strong,5,8.03,7.56,8.23,-0.67,86.3,94.4,53.5,72.5,33.7,6.0,4,0,2,0,73.8,60.8,91.9,12.3,85.1,62.5,0.5,9.38
STU_00825,average,6,1.03,1.12,1.11,0.01,84.5,29.9,53.0,62.0,36.5,6.18,4,2,0,4,36.7,17.5,49.4,12.1,37.0,35.8,0.62,3.5
STU_00826,topper,3,8.83,9.21,8.95,0.26,97.0,66.5,83.5,36.5,8.9,4.58,6,0,6,0,78.7,73.5,83.1,3.6,77.7,79.2,0.25,10.0
STU_00827,average,5,2.72,3.0,2.64,0.36,78.5,45.1,64.4,58.8,29.7,5.94,4,1,0,3,44.2,36.8,51.6,5.6,49.4,39.0,0.5,5.88
STU_00828,average,3,4.27,3.84,3.74,0.1,85.0,68.7,57.1,25.7,31.8,7.72,6,1,1,5,48.5,35.8,72.0,11.4,60.5,42.5,0.25,3.91
STU_00829,below_avg,7,0.67,0.0,1.75,-1.75,45.8,37.7,40.0,36.4,28.5,5.02,3,3,0,3,27.0,10.5,39.1,12.1,35.2,10.5,0.75,0.67
STU_00830,average,3,2.1,2.74,1.05,1.69,78.6,50.6,60.4,42.4,18.4,6.74,6,3,0,5,44.2,34.8,64.8,10.1,39.8,46.4,0.25,3.36
STU_00831,above_avg,5,6.35,6.56,6.0,0.56,88.9,65.6,63.9,60.9,54.5,5.19,4,0,1,1,60.2,45.5,77.3,11.3,61.4,58.9,0.5,9.25
STU_00832,above_avg,6,4.7,6.5,3.56,2.94,88.1,79.8,61.7,86.9,36.8,6.79,4,0,1,0,62.2,54.7,70.3,5.9,64.7,54.7,0.62,7.5
STU_00833,average,5,2.6,2.0,3.82,-1.82,73.5,41.8,48.3,23.4,13.5,8.03,4,2,0,3,36.0,16.4,55.9,14.4,43.5,28.4,0.5,1.25
STU_00834,average,4,1.55,0.27,2.42,-2.15,64.4,51.0,50.9,56.2,23.9,6.76,7,6,0,6,32.9,23.9,51.6,9.0,38.4,30.8,0.38,0.0
STU_00835,strong,4,8.14,9.27,8.37,0.9,96.7,100.0,70.9,72.9,50.0,6.47,7,0,7,0,82.5,73.8,94.6,6.3,88.8,79.9,0.38,7.89
STU_00836,failing,4,0.11,0.0,0.0,0.0,32.7,17.0,32.4,14.2,14.2,6.99,7,7,0,7,6.2,2.0,29.9,9.7,15.9,2.3,0.38,0.0
STU_00837,strong,3,8.47,8.95,7.89,1.06,85.6,85.9,79.2,57.8,62.6,4.12,6,0,5,0,81.9,67.2,96.5,9.1,85.7,80.0,0.25,9.27
STU_00838,topper,5,9.31,10.0,9.45,0.55,92.3,94.5,84.4,72.5,46.7,5.85,4,0,4,0,91.3,84.2,97.9,5.2,91.5,91.1,0.5,10.0
STU_00839,average,5,2.59,3.78,1.32,2.46,83.4,80.7,51.8,56.8,14.7,6.01,4,1,0,2,49.4,24.1,64.6,15.8,62.5,36.2,0.5,4.38
STU_00840,strong,3,7.26,8.05,7.63,0.42,86.1,88.6,72.2,79.9,61.8,6.87,6,0,3,0,72.8,61.7,82.8,8.2,81.2,68.6,0.25,7.5
STU_00841,below_avg,4,0.64,0.73,0.0,0.73,49.1,11.5,44.0,14.3,19.4,6.02,7,6,0,7,23.3,8.9,43.3,11.6,9.3,28.9,0.38,3.11
STU_00842,strong,6,5.73,6.75,5.89,0.86,88.7,81.8,89.8,54.6,0.0,5.91,4,0,3,1,68.0,47.9,80.0,12.1,74.8,47.9,0.62,7.83
STU_00843,above_avg,5,6.16,6.0,6.55,-0.55,90.6,74.2,56.3,55.1,36.4,5.04,4,0,1,1,60.4,45.9,70.4,10.0,69.6,51.2,0.5,7.0
STU_00844,above_avg,4,5.92,4.68,7.21,-2.53,85.9,75.5,57.4,42.3,56.5,7.4,7,1,1,3,54.5,37.5,72.7,12.1,69.7,48.4,0.38,5.78
STU_00845,above_avg,5,2.14,0.78,3.95,-3.17,70.6,45.4,64.9,22.2,53.8,7.22,4,3,0,3,40.2,27.7,64.5,14.3,49.9,30.6,0.5,2.5
STU_00846,strong,3,6.68,6.47,6.95,-0.48,88.2,59.6,59.1,52.4,59.1,4.52,6,0,1,0,64.0,54.8,75.8,6.9,72.5,59.8,0.25,7.36
STU_00847,below_avg,4,1.43,1.27,1.89,-0.62,46.0,45.0,47.4,51.2,41.0,6.41,7,6,0,6,26.7,2.0,60.1,17.3,30.2,25.3,0.38,0.67
STU_00848,average,3,3.47,3.58,2.53,1.05,62.9,40.6,46.7,39.8,26.2,6.23,6,2,0,5,40.0,19.6,55.2,10.8,39.5,40.3,0.25,1.86
STU_00849,average,5,4.64,3.56,5.36,-1.8,81.0,81.1,73.9,14.3,30.3,6.65,4,1,1,2,46.8,6.4,82.0,27.6,70.1,23.6,0.5,2.88
STU_00850,above_avg,3,5.26,6.16,4.37,1.79,84.2,73.6,67.0,62.4,24.8,6.05,6,0,1,1,58.6,41.5,75.8,10.9,69.8,53.0,0.25,7.36
STU_00851,below_avg,5,0.15,0.0,0.0,0.0,63.7,38.8,43.0,52.0,39.0,6.65,4,4,0,4,17.4,6.5,29.0,8.6,20.8,14.0,0.5,0.0
STU_00852,strong,4,7.36,7.32,6.89,0.43,84.0,78.1,61.9,52.3,41.4,5.66,7,0,4,0,67.8,54.7,75.1,7.9,73.8,65.4,0.38,7.78
STU_00853,above_avg,6,2.19,2.38,1.33,1.05,74.9,35.3,66.5,41.9,17.8,6.54,4,2,0,3,42.5,25.5,62.7,13.6,48.1,25.5,0.62,6.67
STU_00854,above_avg,6,4.46,5.5,2.67,2.83,79.3,66.7,80.2,47.4,41.2,6.23,4,0,1,1,57.1,43.4,70.0,9.6,61.7,43.4,0.62,6.5
STU_00855,average,5,1.59,2.56,0.27,2.29,73.5,65.9,49.2,51.4,13.4,7.17,4,1,0,3,45.5,32.2,63.9,11.5,53.8,37.2,0.5,4.5
STU_00856,below_avg,5,1.11,0.44,0.27,0.17,47.1,51.2,39.9,62.2,17.3,6.95,4,3,0,4,26.8,17.7,41.4,9.3,29.5,23.9,0.5,1.62
STU_00857,topper,5,10.0,10.0,10.0,0.0,100.0,100.0,90.1,100.0,89.9,6.07,4,0,4,0,98.5,94.6,100.0,2.3,97.3,99.7,0.5,10.0
STU_00858,above_avg,4,5.6,5.86,4.89,0.97,79.8,58.2,59.7,100.0,13.8,6.48,7,0,1,3,55.0,45.0,72.5,9.8,60.8,52.7,0.38,7.33
STU_00859,inconsistent,4,2.77,1.32,4.53,-3.21,66.5,56.4,56.8,51.7,61.2,6.35,7,5,0,6,38.9,28.4,53.7,8.5,43.2,37.2,0.38,4.89
STU_00860,below_avg,3,0.54,0.84,0.0,0.84,61.9,53.0,34.7,42.2,34.7,6.71,6,4,0,5,23.6,3.6,50.0,17.1,46.4,12.2,0.25,2.14
STU_00861,average,3,0.96,2.0,0.0,2.0,63.7,64.5,43.4,49.2,38.3,5.97,6,3,0,4,40.9,28.3,54.5,9.9,52.2,35.3,0.25,5.45
STU_00862,below_avg,3,0.32,0.21,0.53,-0.32,61.7,21.6,31.9,13.9,9.3,7.03,6,5,0,6,16.3,2.0,43.8,14.2,23.3,12.8,0.25,0.0
STU_00863,average,4,2.65,1.86,2.89,-1.03,74.5,56.6,39.5,33.9,34.9,6.69,7,3,0,7,35.1,10.1,46.1,12.2,44.2,31.4,0.38,0.0
STU_00864,strong,7,7.76,8.5,7.75,0.75,90.1,85.8,93.6,53.2,29.2,6.68,3,0,3,0,78.8,72.6,85.7,5.4,81.8,72.6,0.75,10.0
STU_00865,inconsistent,5,7.18,7.78,6.64,1.14,77.4,59.6,72.9,57.3,46.5,5.01,4,0,2,1,71.7,47.5,100.0,19.2,73.8,69.5,0.5,6.38
STU_00866,struggling,7,0.17,0.0,0.0,0.0,60.9,8.1,6.6,30.7,25.8,6.2,3,3,0,3,7.4,2.0,18.1,7.6,10.1,2.0,0.75,0.0
STU_00867,average,3,3.01,2.16,4.37,-2.21,69.8,66.0,48.7,45.5,31.8,4.37,6,3,0,4,44.9,30.4,62.8,13.7,62.1,36.4,0.25,1.32
STU_00868,average,4,3.07,3.14,2.79,0.35,68.5,73.0,43.7,37.5,23.2,6.28,7,2,0,7,41.6,32.2,49.1,5.7,41.6,41.6,0.38,3.44
STU_00869,failing,4,0.0,0.0,0.0,0.0,40.2,0.0,15.1,0.0,0.0,7.76,7,7,0,7,2.0,2.0,2.0,0.0,2.0,2.0,0.38,0.0
STU_00870,topper,7,9.76,9.33,10.0,-0.67,83.9,100.0,85.8,75.6,35.2,6.71,3,0,3,0,90.3,77.8,100.0,9.3,96.5,77.8,0.75,10.0
STU_00871,average,3,0.13,0.79,0.0,0.79,78.5,58.7,44.9,37.8,31.2,7.42,6,4,0,5,35.4,25.0,61.7,12.9,51.4,27.5,0.25,4.59
STU_00872,struggling,3,0.0,0.0,0.0,0.0,34.6,46.5,35.3,69.9,1.5,5.88,6,6,0,6,13.7,2.0,33.8,12.6,29.3,5.8,0.25,0.0
STU_00873,below_avg,3,0.0,0.53,0.0,0.53,57.3,50.1,33.0,46.3,23.9,5.3,6,5,0,6,25.5,9.9,49.0,11.9,36.3,20.0,0.25,1.09
STU_00874,strong,7,7.95,8.67,7.25,1.42,80.9,59.8,65.6,80.4,43.4,7.03,3,0,2,0,71.8,60.0,78.2,8.4,69.1,77.2,0.75,10.0
STU_00875,topper,5,9.36,9.11,10.0,-0.89,93.1,82.0,92.7,79.7,24.0,7.09,4,0,4,0,83.5,74.2,90.0,6.1,88.9,78.1,0.5,8.75
STU_00876,strong,4,7.26,6.05,8.05,-2.0,75.9,65.6,50.1,94.0,30.4,7.37,7,0,0,2,56.9,46.7,68.3,7.3,58.9,56.2,0.38,7.11
STU_00877,struggling,4,0.0,0.41,0.21,0.2,31.6,67.1,13.3,8.9,1.6,5.49,7,6,1,6,23.6,2.0,79.3,25.3,51.7,12.4,0.38,0.0
STU_00878,average,4,0.83,2.09,0.0,2.09,82.6,49.3,45.0,57.6,40.6,7.06,7,3,0,7,37.1,18.2,49.1,11.7,47.2,33.0,0.38,1.33
STU_00879,topper,3,8.36,9.47,6.95,2.52,94.2,98.1,66.3,79.2,61.0,6.57,6,0,6,0,85.1,78.3,98.0,7.5,88.8,83.3,0.25,9.64
STU_00880,average,5,1.97,1.78,2.05,-0.27,80.7,40.5,60.9,45.5,15.7,6.2,4,2,0,4,37.2,27.8,44.3,6.3,38.3,36.0,0.5,2.62
STU_00881,average,4,1.99,2.09,2.16,-0.07,70.6,62.0,32.9,31.2,38.8,6.74,7,3,1,6,37.8,15.0,79.0,21.0,63.9,27.4,0.38,1.56
STU_00882,below_avg,3,1.8,1.11,2.16,-1.05,48.6,42.4,42.6,57.3,37.0,6.01,6,4,0,6,31.4,15.7,49.5,12.0,43.6,25.3,0.25,0.0
STU_00883,topper,4,9.1,9.82,8.21,1.61,92.1,82.4,82.2,64.8,57.8,6.12,7,0,7,0,82.9,79.1,86.0,2.5,83.2,82.8,0.38,10.0
STU_00884,average,7,1.16,0.67,2.12,-1.45,77.3,19.9,35.2,47.6,29.6,5.72,3,2,0,3,36.7,32.7,40.8,3.3,36.8,36.7,0.75,1.67
STU_00885,below_avg,4,0.0,0.0,0.0,0.0,55.3,49.9,40.8,21.9,52.4,5.44,7,7,0,7,24.3,6.6,39.1,11.6,33.0,20.8,0.38,1.0
STU_00886,strong,6,6.72,7.88,5.78,2.1,89.3,69.2,44.6,56.4,16.5,7.29,4,0,3,0,71.6,67.6,75.5,2.9,71.2,72.6,0.62,2.33
STU_00887,strong,5,8.39,7.11,8.73,-1.62,84.1,85.4,55.4,85.8,47.4,6.12,4,0,2,0,70.2,59.2,84.2,9.8,79.3,61.2,0.5,8.5
STU_00888,average,3,0.92,0.63,1.32,-0.69,75.1,44.7,61.5,54.8,23.4,6.43,6,5,0,5,32.9,17.1,56.5,12.8,41.4,28.6,0.25,2.23
STU_00889,struggling,4,0.55,0.0,0.0,0.0,47.0,30.8,32.0,40.8,7.5,7.15,7,7,0,7,19.8,2.0,38.4,13.3,24.7,17.9,0.38,0.0
STU_00890,average,5,3.69,3.33,4.0,-0.67,89.2,68.0,54.1,41.2,39.3,6.93,4,1,1,2,51.1,33.3,71.2,14.4,64.2,38.0,0.5,6.0
STU_00891,average,4,0.74,0.0,2.16,-2.16,57.0,26.9,27.0,40.8,0.0,5.52,7,7,0,7,27.1,10.2,37.5,9.4,36.6,23.3,0.38,0.0
STU_00892,below_avg,3,0.58,1.58,0.42,1.16,72.8,40.1,40.0,53.9,33.6,7.14,6,4,0,6,26.1,2.0,48.8,17.5,38.3,20.0,0.25,0.27
STU_00893,average,4,1.84,3.55,0.84,2.71,69.2,57.0,67.4,58.1,31.0,4.94,7,1,0,6,45.3,31.2,59.0,7.7,51.6,42.8,0.38,2.89
STU_00894,above_avg,4,3.91,3.0,3.26,-0.26,76.0,44.5,30.9,52.3,9.7,6.66,7,3,0,5,42.7,33.6,52.7,7.6,43.2,42.6,0.38,3.44
STU_00895,strong,4,7.38,6.86,8.11,-1.25,82.9,87.1,80.1,58.4,31.6,6.33,7,0,3,1,67.3,45.0,80.1,11.1,78.6,62.8,0.38,6.22
STU_00896,strong,5,7.72,8.0,6.55,1.45,89.3,92.8,52.7,63.1,45.3,5.86,4,0,3,0,74.5,52.0,95.5,15.4,85.2,63.8,0.5,9.5
STU_00897,average,4,2.79,2.32,3.26,-0.94,70.0,64.3,50.0,42.4,0.0,6.64,7,3,0,6,41.7,31.7,52.0,8.0,50.8,38.1,0.38,1.11
STU_00898,below_avg,7,0.0,0.0,0.5,-0.5,55.7,30.5,37.5,29.0,42.1,5.86,3,3,0,3,23.9,15.4,30.8,6.4,23.1,25.4,0.75,0.0
STU_00899,average,3,4.66,4.84,3.89,0.95,72.1,77.3,70.8,41.0,1.1,6.2,6,1,1,2,55.7,28.4,84.1,16.7,73.3,46.8,0.25,5.73
STU_00900,average,4,1.33,1.45,0.74,0.71,71.3,38.2,46.0,53.1,0.0,6.47,7,5,0,7,37.7,32.7,44.0,4.2,36.3,38.3,0.38,0.67
STU_00901,struggling,3,0.0,0.0,0.0,0.0,34.5,39.7,31.7,22.9,3.2,5.41,6,6,0,6,8.9,2.0,24.4,9.8,22.7,2.0,0.25,0.23
STU_00902,average,5,0.01,0.67,0.0,0.67,76.2,57.3,34.0,56.4,22.8,5.09,4,3,0,3,24.4,2.0,51.7,19.0,41.6,7.2,0.5,2.75
STU_00903,struggling,4,0.0,0.0,0.26,-0.26,55.2,0.0,26.5,28.2,11.2,6.39,7,7,0,7,16.2,3.7,24.3,7.8,12.1,17.8,0.38,0.56
STU_00904,below_avg,6,1.69,1.75,1.78,-0.03,55.9,41.1,24.5,36.0,18.7,6.51,4,2,0,4,29.9,6.0,46.7,15.6,37.8,6.0,0.62,1.67
STU_00905,below_avg,5,0.57,0.0,0.27,-0.27,69.6,28.3,34.9,39.4,0.0,6.11,4,4,0,4,18.1,8.5,22.7,5.6,21.4,14.8,0.5,2.0
STU_00906,struggling,3,1.17,0.0,1.89,-1.89,34.0,3.4,14.0,48.1,11.2,5.47,6,6,0,6,14.4,2.0,30.7,10.5,13.4,14.8,0.25,0.0
STU_00907,strong,3,8.96,8.37,8.42,-0.05,83.2,67.0,59.9,33.9,15.2,6.34,6,0,4,0,72.6,63.2,84.7,7.3,69.3,74.2,0.25,9.27
STU_00908,average,4,0.39,0.18,0.0,0.18,62.3,47.9,45.1,0.0,38.1,5.61,7,6,0,7,29.9,18.7,41.3,7.1,38.0,26.7,0.38,3.56
STU_00909,above_avg,3,7.04,6.84,5.95,0.89,86.3,77.0,47.3,60.8,63.8,5.63,6,0,2,0,63.9,51.0,79.5,10.1,74.9,58.5,0.25,6.27
STU_00910,below_avg,7,0.67,0.83,0.75,0.08,76.3,33.3,48.2,57.6,41.5,5.97,3,2,0,3,28.4,10.8,46.5,14.6,37.2,10.8,0.75,0.0
STU_00911,struggling,5,0.62,0.56,0.0,0.56,51.3,46.0,23.8,30.1,10.0,6.58,4,3,0,4,23.6,11.7,49.5,15.3,35.0,12.2,0.5,0.0
STU_00912,above_avg,6,6.67,6.0,7.22,-1.22,78.2,71.4,43.9,37.9,39.4,7.08,4,0,0,1,61.6,47.6,69.1,8.7,66.3,47.6,0.62,6.33
STU_00913,above_avg,6,6.45,5.62,6.89,-1.27,75.6,77.3,57.0,76.9,34.0,5.99,4,0,0,2,53.9,42.6,65.6,9.7,56.5,46.1,0.62,6.83
STU_00914,above_avg,4,4.77,4.64,3.95,0.69,81.5,77.2,54.5,55.5,22.0,6.49,7,1,0,3,51.6,27.0,68.3,13.0,67.8,45.2,0.38,4.44
STU_00915,average,3,4.55,4.21,4.11,0.1,77.4,66.3,65.0,56.0,65.9,5.97,6,1,0,3,50.2,37.0,59.2,9.0,51.4,49.5,0.25,4.0
STU_00916,below_avg,7,0.52,0.67,0.0,0.67,57.7,34.8,50.7,31.0,19.0,6.83,3,2,0,3,31.7,18.9,43.4,10.0,31.1,32.7,0.75,0.0
STU_00917,below_avg,4,1.94,0.5,2.95,-2.45,50.6,63.9,45.5,0.0,21.3,5.81,7,5,0,6,20.6,2.0,51.9,19.1,49.1,9.2,0.38,0.0
STU_00918,above_avg,5,4.46,4.22,5.36,-1.14,80.5,73.8,72.3,68.0,16.2,6.75,4,1,0,1,51.0,21.8,62.7,16.9,62.2,39.8,0.5,6.88
STU_00919,average,7,2.92,2.0,2.88,-0.88,78.9,50.5,40.0,76.1,37.6,5.63,3,1,0,1,43.6,20.6,59.1,16.6,55.0,20.6,0.75,0.83
STU_00920,above_avg,6,5.93,5.88,6.22,-0.34,89.1,79.6,63.0,22.0,20.7,5.49,4,0,2,1,63.7,42.3,74.1,12.9,70.8,42.3,0.62,2.33
STU_00921,average,6,4.54,5.25,4.22,1.03,75.7,69.6,53.4,55.1,26.5,6.67,4,0,0,1,55.4,41.8,63.6,8.5,59.9,41.8,0.62,0.67
STU_00922,above_avg,6,7.65,6.62,8.67,-2.05,83.3,63.6,90.0,59.7,67.0,6.88,4,0,0,0,60.2,56.6,62.7,2.6,59.4,62.6,0.62,7.33
STU_00923,average,5,3.65,3.44,4.05,-0.61,84.8,71.7,52.9,52.3,0.0,4.8,4,1,1,2,55.1,37.6,73.1,14.9,69.7,40.6,0.5,3.0
STU_00924,strong,3,7.45,7.63,6.42,1.21,84.1,78.7,69.6,81.8,36.1,6.23,6,0,3,0,72.2,61.1,90.3,10.0,84.7,66.0,0.25,9.45
STU_00925,above_avg,3,6.4,6.32,5.84,0.48,84.5,83.6,52.1,75.3,40.4,5.82,6,0,1,0,58.9,51.6,79.0,9.5,69.3,53.7,0.25,7.18
STU_00926,above_avg,4,5.41,4.14,5.84,-1.7,77.9,57.9,56.8,54.3,68.7,6.11,7,1,0,4,47.9,31.4,67.2,10.4,54.9,45.2,0.38,6.89
STU_00927,below_avg,5,0.3,0.0,0.5,-0.5,45.0,22.1,47.1,36.8,36.3,4.94,4,4,0,4,21.6,6.9,31.9,9.2,28.6,14.7,0.5,2.88
STU_00928,topper,3,8.45,8.74,7.26,1.48,91.7,100.0,65.7,60.1,32.3,6.85,6,0,4,0,78.3,66.4,86.0,7.7,83.8,75.6,0.25,8.36
STU_00929,strong,3,8.81,8.26,8.84,-0.58,95.6,100.0,74.2,68.3,53.1,5.3,6,0,4,0,76.8,56.3,100.0,13.5,89.4,70.5,0.25,10.0
STU_00930,below_avg,4,0.51,0.73,0.0,0.73,69.7,21.5,44.4,22.2,60.4,6.64,7,6,0,7,18.6,2.0,43.8,13.0,19.4,18.3,0.38,0.0
STU_00931,above_avg,3,6.85,6.63,7.11,-0.48,90.0,61.3,64.2,77.1,42.8,6.31,6,0,1,0,62.5,53.2,72.1,6.2,69.0,59.2,0.25,6.55
STU_00932,average,3,1.03,0.0,2.16,-2.16,67.1,19.1,67.0,46.1,41.5,5.49,6,6,0,6,24.2,15.9,30.5,5.1,30.1,21.2,0.25,0.0
STU_00933,below_avg,5,0.36,0.56,0.0,0.56,53.4,11.4,50.8,42.4,21.6,7.33,4,3,0,4,19.0,9.1,45.1,15.1,27.9,10.2,0.5,0.62
STU_00934,average,5,2.53,3.22,1.32,1.9,85.3,100.0,55.3,44.4,12.7,6.63,4,1,1,2,48.2,9.3,82.0,26.6,71.0,25.5,0.5,6.5
STU_00935,average,4,0.95,1.68,0.37,1.31,69.0,64.4,64.8,42.3,6.6,5.88,7,4,0,6,39.9,24.9,62.2,12.0,45.2,37.7,0.38,1.44
STU_00936,above_avg,7,4.5,3.0,6.12,-3.12,77.8,85.8,56.7,80.7,25.4,6.79,3,1,2,1,61.7,34.3,80.6,19.8,75.4,34.3,0.75,5.33
STU_00937,struggling,5,0.18,0.0,0.23,-0.23,34.3,41.7,30.3,3.5,16.7,5.88,4,4,0,4,13.8,2.0,28.7,11.2,24.6,2.9,0.5,0.75
STU_00938,average,3,4.95,2.63,6.32,-3.69,61.8,49.3,34.7,81.4,36.8,7.04,6,2,0,6,39.8,26.1,47.0,7.2,44.9,37.3,0.25,1.91
STU_00939,improving,3,4.68,7.0,0.0,7.0,88.7,67.7,45.0,49.9,71.1,6.83,6,0,2,0,62.9,52.3,76.9,9.8,67.6,60.5,0.25,6.41
STU_00940,below_avg,5,0.98,0.56,1.36,-0.8,45.0,48.3,34.1,49.6,22.5,6.77,4,3,0,4,26.1,2.0,48.5,16.6,39.1,13.2,0.5,1.0
STU_00941,average,6,4.32,5.75,2.56,3.19,73.9,58.0,36.5,58.9,49.5,5.89,4,0,0,2,50.6,45.5,57.1,4.3,50.4,51.1,0.62,6.17
STU_00942,struggling,7,0.0,0.0,0.0,0.0,56.0,14.7,15.2,4.1,20.3,7.88,3,3,0,3,2.0,2.0,2.0,0.0,2.0,2.0,0.75,0.0
STU_00943,struggling,3,0.0,0.0,0.0,0.0,50.5,39.7,13.9,0.0,33.2,6.68,6,6,0,6,15.2,2.0,26.7,9.8,21.0,12.3,0.25,0.0
STU_00944,average,4,1.49,1.36,2.0,-0.64,71.0,73.1,54.1,47.6,35.1,5.28,7,4,1,5,40.9,17.1,71.8,16.2,62.6,32.2,0.38,3.78
STU_00945,below_avg,3,1.78,1.89,0.95,0.94,56.7,48.3,10.4,67.2,34.7,6.21,6,4,0,5,26.6,2.0,64.9,22.1,37.2,21.3,0.25,2.86
STU_00946,below_avg,3,0.48,0.95,0.53,0.42,68.7,46.1,30.9,60.2,0.0,6.63,6,4,0,5,29.4,2.0,65.0,19.5,52.9,17.7,0.25,1.91
STU_00947,above_avg,3,5.08,4.79,4.89,-0.1,78.9,69.8,57.2,63.4,59.6,6.27,6,1,0,2,52.9,39.9,65.1,8.2,55.8,51.5,0.25,3.91
STU_00948,below_avg,4,0.38,0.0,1.42,-1.42,66.3,53.3,55.4,60.5,50.0,5.46,7,7,0,7,18.9,3.7,27.1,7.4,24.8,16.6,0.38,0.67
STU_00949,above_avg,6,3.5,6.25,1.11,5.14,76.4,73.9,58.1,41.7,13.3,6.41,4,0,0,0,59.0,56.2,63.7,2.8,59.5,57.7,0.62,7.33
STU_00950,below_avg,3,0.78,0.84,1.05,-0.21,50.3,59.6,48.4,28.1,12.9,5.33,6,4,0,5,35.1,13.8,54.3,13.2,50.1,27.6,0.25,0.0
STU_00951,struggling,5,0.47,0.0,0.23,-0.23,34.5,33.1,47.3,26.2,2.5,5.32,4,4,0,4,10.9,2.0,26.3,10.0,19.9,2.0,0.5,0.0
STU_00952,above_avg,5,6.44,6.33,6.64,-0.31,77.7,71.5,67.9,46.1,21.7,6.97,4,0,1,1,63.8,46.6,89.4,16.2,71.8,55.8,0.5,6.0
STU_00953,below_avg,4,2.36,1.41,3.16,-1.75,56.2,41.1,40.5,78.3,0.0,4.88,7,4,0,6,34.5,14.9,64.3,16.7,53.0,27.1,0.38,0.56
STU_00954,average,3,1.89,1.26,1.11,0.15,65.8,36.0,44.1,19.9,7.9,6.81,6,5,0,5,33.7,24.8,58.8,11.7,29.8,35.7,0.25,0.18
STU_00955,strong,3,8.18,6.79,9.16,-2.37,82.9,63.5,68.0,58.0,57.2,6.41,6,0,2,0,63.2,50.2,77.3,9.0,74.3,57.6,0.25,5.59
STU_00956,below_avg,5,0.17,0.0,1.18,-1.18,46.9,37.0,8.9,66.5,28.4,6.99,4,4,0,4,26.8,14.5,35.6,7.9,33.4,20.3,0.5,3.0
STU_00957,below_avg,6,2.42,3.25,1.11,2.14,53.5,47.2,27.1,38.5,35.0,6.01,4,2,0,4,35.5,17.8,46.9,10.9,33.7,40.9,0.62,0.83
STU_00958,topper,6,9.5,10.0,9.22,0.78,90.6,100.0,93.2,62.4,48.4,5.03,4,0,4,0,100.0,99.8,100.0,0.1,99.9,100.0,0.62,10.0
STU_00959,average,6,1.14,1.5,0.56,0.94,78.0,37.4,40.2,47.9,41.1,4.91,4,2,0,2,38.7,18.7,51.6,13.5,45.4,18.7,0.62,1.5
STU_00960,above_avg,4,6.6,6.14,6.37,-0.23,83.1,65.3,71.9,56.8,51.0,6.67,7,0,1,2,57.8,46.2,84.3,12.2,66.5,54.3,0.38,3.78
STU_00961,above_avg,4,6.13,5.86,6.47,-0.61,85.8,60.6,45.5,57.2,54.3,5.98,7,0,1,2,54.1,40.0,75.1,11.0,56.3,53.3,0.38,6.33
STU_00962,average,4,2.6,3.41,1.58,1.83,77.7,61.7,58.4,48.4,33.9,6.88,7,3,0,4,46.6,18.9,67.6,16.0,52.6,44.2,0.38,4.56
STU_00963,struggling,4,0.64,1.09,0.0,1.09,28.4,38.9,36.7,12.6,28.5,4.68,7,6,0,6,22.6,2.0,51.2,19.1,37.7,16.5,0.38,0.0
STU_00964,topper,5,9.73,10.0,8.91,1.09,90.9,100.0,72.4,84.5,80.5,6.32,4,0,4,0,90.1,80.7,97.1,6.7,96.4,83.7,0.5,10.0
STU_00965,above_avg,6,5.11,6.75,4.0,2.75,79.6,62.3,61.2,63.7,56.7,6.18,4,0,1,0,62.7,54.5,73.0,6.7,65.5,54.5,0.62,6.83
STU_00966,strong,6,6.64,6.0,7.44,-1.44,94.1,70.8,82.5,41.7,87.9,6.46,4,0,0,1,61.5,49.6,67.8,7.4,65.5,49.6,0.62,7.0
STU_00967,below_avg,4,0.46,0.45,0.32,0.13,56.8,42.2,35.6,42.9,15.5,6.65,7,5,0,6,25.1,2.0,52.7,16.9,48.2,15.8,0.38,0.0
STU_00968,average,3,2.87,2.32,2.84,-0.52,80.2,71.1,29.6,60.5,19.9,5.43,6,3,0,5,37.4,17.3,57.6,12.1,47.9,32.1,0.25,0.73
STU_00969,strong,7,7.86,9.67,7.12,2.55,89.9,87.1,64.2,43.5,55.1,5.61,3,0,3,0,83.9,72.1,97.1,10.3,77.3,97.1,0.75,10.0
STU_00970,struggling,3,0.09,0.0,0.0,0.0,52.0,33.5,14.2,39.7,41.5,6.28,6,6,0,6,17.8,2.0,32.8,9.8,24.0,14.7,0.25,0.0
STU_00971,above_avg,5,4.52,3.67,5.5,-1.83,73.8,70.9,80.5,70.3,41.1,6.4,4,1,1,1,57.5,39.9,74.3,12.6,68.5,46.5,0.5,2.75
STU_00972,below_avg,4,0.55,1.27,0.63,0.64,51.1,37.7,41.0,56.6,86.3,6.03,7,5,0,6,24.6,2.0,52.6,18.6,35.9,20.1,0.38,0.78
STU_00973,average,4,4.68,5.14,3.68,1.46,64.8,64.5,59.5,60.9,3.9,7.13,7,0,0,3,51.7,41.8,63.6,7.4,58.7,48.9,0.38,3.0
STU_00974,strong,7,9.4,8.83,10.0,-1.17,91.8,71.8,75.7,54.8,36.2,6.59,3,0,3,0,75.7,73.7,78.0,1.8,74.6,78.0,0.75,8.67
STU_00975,failing,3,0.0,0.0,0.0,0.0,16.1,10.0,35.9,14.8,22.8,6.62,6,6,0,6,12.0,2.0,29.9,11.2,21.4,7.3,0.25,1.0
STU_00976,average,3,2.88,4.53,1.37,3.16,60.1,76.8,61.1,54.4,12.7,6.88,6,0,0,4,47.0,40.0,53.8,5.5,53.5,43.8,0.25,1.59
STU_00977,average,4,2.15,0.32,4.11,-3.79,70.1,59.9,57.0,51.7,18.9,5.75,7,6,0,6,32.5,18.8,62.3,13.2,46.6,26.8,0.38,3.56
STU_00978,average,7,4.02,6.17,1.62,4.55,71.8,72.9,47.0,16.9,18.3,6.44,3,0,0,0,59.0,52.0,66.6,6.0,59.3,58.5,0.75,4.67
STU_00979,below_avg,4,1.45,0.18,2.42,-2.24,65.0,52.8,54.6,43.3,9.8,6.51,7,6,0,7,20.6,2.0,42.6,12.6,36.5,14.2,0.38,0.0
STU_00980,above_avg,5,7.8,6.89,8.36,-1.47,77.4,66.9,67.2,70.4,22.5,7.24,4,0,0,0,64.0,59.9,66.1,2.5,63.0,64.9,0.5,8.0
STU_00981,strong,7,9.02,8.0,9.0,-1.0,85.7,82.6,78.3,65.1,25.7,7.6,3,0,2,0,80.6,67.7,92.5,10.2,87.1,67.7,0.75,9.67
STU_00982,topper,5,10.0,10.0,10.0,0.0,93.6,92.8,79.4,56.1,23.3,6.82,4,0,4,0,95.8,83.3,100.0,7.2,100.0,91.7,0.5,10.0
STU_00983,average,4,0.4,0.41,0.0,0.41,76.5,42.9,38.6,29.8,17.7,5.04,7,5,0,7,29.5,2.8,49.9,15.0,46.2,22.8,0.38,2.33
STU_00984,average,4,3.36,3.77,2.84,0.93,68.0,52.3,44.7,44.6,6.7,8.05,7,3,0,3,45.9,24.2,66.9,16.6,46.8,45.6,0.38,2.67
STU_00985,above_avg,7,4.31,2.5,6.38,-3.88,88.6,77.5,40.8,40.4,10.0,7.23,3,1,1,1,58.2,37.7,70.4,14.6,68.4,37.7,0.75,5.67
STU_00986,strong,4,7.27,7.86,6.95,0.91,96.9,95.6,70.5,78.9,84.6,5.67,7,0,3,0,73.1,60.7,96.0,12.9,79.5,70.5,0.38,7.67
STU_00987,above_avg,4,6.98,4.5,8.95,-4.45,80.1,41.9,43.5,42.0,75.1,7.15,7,1,0,4,49.5,25.8,69.3,12.1,51.3,48.8,0.38,5.67
STU_00988,above_avg,4,6.27,6.09,6.89,-0.8,68.7,68.6,73.4,47.1,35.1,6.02,7,0,1,2,57.2,48.2,70.4,7.7,64.4,54.3,0.38,4.56
STU_00989,topper,4,7.07,7.82,7.05,0.77,93.6,80.3,55.8,65.5,40.7,6.99,7,0,6,0,71.2,60.2,74.2,4.7,71.6,71.1,0.38,8.44
STU_00990,below_avg,4,0.69,0.18,1.47,-1.29,59.7,51.3,37.9,20.2,8.5,5.74,7,6,0,7,21.1,2.0,42.5,12.8,34.3,15.8,0.38,0.0
STU_00991,improving,6,4.24,6.12,1.44,4.68,92.0,69.8,58.4,68.8,43.3,6.3,4,0,0,0,58.4,50.7,65.7,5.3,60.9,50.7,0.62,6.83
STU_00992,above_avg,6,6.33,5.75,6.67,-0.92,68.9,46.4,48.7,62.2,27.0,7.02,4,0,1,2,60.8,49.3,75.4,11.6,64.6,49.3,0.62,8.17
STU_00993,below_avg,5,1.43,0.44,1.32,-0.88,62.2,37.3,45.2,32.6,39.1,6.81,4,3,0,4,29.5,2.0,43.5,16.2,39.5,19.6,0.5,1.88
STU_00994,average,3,1.4,2.42,1.26,1.16,59.1,54.7,60.1,63.4,50.5,6.38,6,2,0,5,44.1,39.1,52.8,4.5,48.7,41.8,0.25,3.73
STU_00995,average,6,3.17,3.88,3.11,0.77,80.1,49.5,55.9,69.2,23.1,6.58,4,1,0,4,41.5,33.5,46.7,5.3,42.0,40.2,0.62,1.83
STU_00996,struggling,3,0.83,0.0,0.0,0.0,58.5,0.0,62.1,32.0,38.4,6.34,6,6,0,6,13.2,2.0,30.2,10.2,6.6,16.5,0.25,0.0
STU_00997,strong,3,7.19,7.0,7.05,-0.05,92.3,57.3,91.5,77.5,49.4,6.29,6,0,2,0,67.5,59.3,77.7,6.0,74.2,64.1,0.25,7.32
STU_00998,strong,3,6.01,7.11,5.74,1.37,83.7,77.6,99.5,28.8,65.6,6.74,6,0,2,1,66.3,47.4,78.6,10.3,72.3,63.2,0.25,8.5
STU_00999,strong,3,7.65,7.68,7.84,-0.16,85.6,84.7,57.9,68.6,85.2,7.38,6,0,3,0,73.5,55.7,93.4,13.9,88.0,66.3,0.25,9.82
STU_01000,topper,4,9.97,10.0,9.79,0.21,93.2,97.2,92.4,76.2,65.8,7.15,7,0,7,0,94.3,82.0,100.0,6.7,100.0,92.0,0.38,10.0
STU_01001,below_avg,3,0.53,0.0,0.84,-0.84,68.0,30.4,26.2,40.2,26.0,6.69,6,6,0,6,25.1,2.0,35.3,11.1,30.1,22.6,0.25,0.32
STU_01002,strong,5,7.73,7.0,7.91,-0.91,90.8,77.5,87.7,70.3,18.3,6.56,4,0,2,0,69.2,54.6,84.1,11.0,79.2,59.3,0.5,9.75
STU_01003,average,4,2.99,3.23,3.42,-0.19,78.2,42.1,58.0,39.4,29.6,6.89,7,2,0,5,43.0,11.8,59.0,14.1,49.8,40.3,0.38,1.78
STU_01004,strong,5,7.28,6.78,7.0,-0.22,83.1,88.8,86.5,86.5,38.5,6.31,4,0,2,1,71.5,49.9,99.4,18.3,87.1,56.0,0.5,8.12
STU_01005,strong,5,6.01,6.22,5.95,0.27,83.0,59.4,29.3,79.4,48.5,7.37,4,0,0,0,59.6,54.2,64.5,4.3,63.8,55.5,0.5,6.88
STU_01006,strong,4,6.61,7.91,5.63,2.28,82.8,82.3,66.4,70.9,33.2,6.34,7,0,5,0,72.3,54.9,79.4,8.2,76.8,70.5,0.38,9.67
STU_01007,failing,6,0.16,0.0,0.0,0.0,15.8,20.8,26.7,27.4,22.2,6.06,4,4,0,4,7.6,2.0,12.2,4.6,6.0,12.2,0.62,0.0
STU_01008,strong,5,5.98,5.89,5.14,0.75,82.9,75.5,60.8,73.3,35.4,5.15,4,0,1,1,56.8,47.9,71.5,9.0,63.7,49.8,0.5,7.62
STU_01009,above_avg,3,6.61,6.79,7.37,-0.58,75.1,72.1,55.2,70.5,28.3,7.72,6,0,2,1,61.2,45.1,79.7,12.8,70.8,56.4,0.25,5.91
STU_01010,above_avg,4,3.49,2.82,4.37,-1.55,88.3,62.2,52.0,49.8,15.7,6.02,7,3,0,6,43.5,32.9,59.9,8.2,48.9,41.3,0.38,5.33
STU_01011,average,4,1.42,1.23,1.05,0.18,62.2,66.5,43.6,66.4,47.4,7.21,7,4,0,6,34.8,15.6,57.1,13.9,51.5,28.1,0.38,3.0
STU_01012,above_avg,3,6.18,4.53,6.84,-2.31,73.4,67.5,47.7,52.7,26.9,5.26,6,1,1,3,52.5,29.9,74.2,14.6,70.7,43.4,0.25,2.5
STU_01013,below_avg,5,0.54,0.0,0.27,-0.27,52.9,32.9,32.3,32.3,26.7,6.22,4,4,0,4,24.5,9.1,36.6,11.7,35.9,13.1,0.5,0.5
STU_01014,above_avg,7,7.72,6.67,8.38,-1.71,78.8,70.3,63.7,65.7,28.7,7.28,3,0,0,0,56.3,52.3,62.4,4.4,53.3,62.4,0.75,4.5
STU_01015,below_avg,5,1.1,0.0,1.91,-1.91,59.1,50.3,2.2,63.9,12.3,6.14,4,4,0,4,27.7,6.2,39.6,13.1,38.2,17.2,0.5,0.0
STU_01016,average,4,2.28,2.27,2.42,-0.15,76.7,62.8,57.3,45.9,6.8,5.19,7,3,1,5,40.8,13.7,71.7,19.8,65.5,30.8,0.38,3.22
STU_01017,average,6,4.56,3.12,5.89,-2.77,70.9,59.4,50.0,82.6,11.6,5.66,4,1,0,1,50.3,28.6,67.5,14.0,57.5,28.6,0.62,1.83
STU_01018,below_avg,5,0.67,1.44,0.0,1.44,61.6,50.8,75.1,47.1,68.6,6.4,4,2,0,2,35.6,4.1,66.1,25.2,59.8,11.4,0.5,2.88
STU_01019,above_avg,3,5.89,4.05,6.84,-2.79,81.1,69.2,46.9,78.2,44.9,7.01,6,1,0,3,50.8,34.5,67.7,12.2,66.3,43.0,0.25,3.55
STU_01020,inconsistent,4,2.23,4.0,0.53,3.47,68.5,61.4,47.3,54.2,46.8,7.1,7,2,1,3,48.7,24.0,74.8,15.5,50.9,47.9,0.38,6.67
STU_01021,below_avg,4,0.42,0.0,0.0,0.0,70.4,32.7,17.7,83.3,0.0,6.52,7,7,0,7,13.0,2.0,36.9,11.5,22.9,9.1,0.38,0.67
STU_01022,strong,5,7.07,8.56,5.68,2.88,84.3,83.1,57.5,74.7,61.3,5.51,4,0,4,0,76.0,71.1,85.1,5.6,78.4,73.7,0.5,8.62
STU_01023,average,5,0.94,1.33,0.23,1.1,58.4,63.7,27.8,24.1,62.3,5.79,4,2,0,2,42.9,24.0,58.1,13.0,54.6,31.2,0.5,1.75
STU_01024,below_avg,3,1.02,1.79,0.0,1.79,60.5,46.6,45.8,50.9,36.3,5.52,6,4,0,5,30.5,2.0,59.5,21.6,41.3,25.1,0.25,0.64
STU_01025,average,7,2.63,2.17,3.38,-1.21,65.4,59.2,50.9,58.7,67.6,6.14,3,1,0,1,51.6,35.1,68.0,13.4,59.9,35.1,0.75,4.17
STU_01026,struggling,7,0.25,0.0,0.0,0.0,40.8,24.1,35.7,52.8,0.0,7.24,3,3,0,3,24.2,18.1,27.5,4.3,22.6,27.5,0.75,0.0
STU_01027,topper,4,8.88,9.45,9.16,0.29,96.4,96.1,100.0,97.0,52.8,6.04,7,0,7,0,84.5,77.3,93.7,6.7,92.4,81.3,0.38,9.56
STU_01028,above_avg,5,5.78,6.56,6.09,0.47,76.5,70.4,77.2,75.6,55.6,5.18,4,0,1,0,60.5,51.6,71.2,7.0,61.4,59.6,0.5,8.0
STU_01029,average,3,2.73,1.47,3.21,-1.74,70.0,58.3,36.1,49.4,33.8,6.66,6,4,0,5,37.5,20.7,51.8,9.2,45.2,33.6,0.25,1.82
STU_01030,average,6,3.24,0.75,4.67,-3.92,68.5,36.5,57.1,53.8,60.1,8.08,4,3,0,3,32.1,19.2,50.4,13.1,29.9,38.8,0.62,0.83
STU_01031,strong,5,6.78,6.22,7.0,-0.78,73.4,72.2,63.8,35.0,46.2,5.84,4,0,1,1,58.1,48.5,75.7,10.4,62.1,54.1,0.5,7.62
STU_01032,below_avg,3,1.1,1.53,0.95,0.58,70.1,53.0,43.0,71.1,46.0,5.03,6,3,0,6,35.1,22.2,47.4,9.2,44.5,30.5,0.25,0.23
STU_01033,above_avg,5,5.33,5.11,5.32,-0.21,90.6,65.1,60.2,77.3,55.7,6.38,4,0,0,1,52.5,40.7,59.7,7.1,56.5,48.4,0.5,3.12
STU_01034,topper,5,9.26,10.0,9.64,0.36,95.1,89.7,68.2,94.8,27.6,4.8,4,0,4,0,93.0,83.8,100.0,7.2,94.0,91.9,0.5,10.0
STU_01035,below_avg,7,3.47,1.83,5.25,-3.42,70.0,60.6,33.1,52.4,8.1,5.88,3,1,0,2,34.5,2.0,56.3,23.4,50.7,2.0,0.75,0.67
STU_01036,struggling,3,0.83,0.42,1.47,-1.05,49.7,47.5,30.5,47.4,0.0,6.11,6,5,0,6,15.3,2.0,40.4,16.4,38.1,4.0,0.25,0.0
STU_01037,average,6,2.33,3.12,1.22,1.9,77.8,70.4,56.4,44.5,42.6,5.93,4,1,0,1,53.7,36.9,68.4,11.2,59.3,36.9,0.62,6.5
STU_01038,topper,5,10.0,10.0,10.0,0.0,98.9,87.8,68.4,55.7,48.0,7.17,4,0,4,0,92.4,81.9,99.5,6.5,94.0,90.7,0.5,10.0
STU_01039,strong,4,6.58,6.55,6.53,0.02,79.6,77.4,62.1,72.8,22.3,6.28,7,0,1,0,63.5,50.5,77.0,8.9,71.9,60.1,0.38,5.44
STU_01040,average,3,5.35,3.21,6.95,-3.74,71.3,59.2,52.9,38.9,32.9,6.35,6,2,0,4,44.9,21.2,58.0,12.2,53.0,40.9,0.25,1.5
STU_01041,above_avg,7,6.95,5.83,7.62,-1.79,84.2,73.6,46.1,59.8,30.1,6.01,3,0,1,1,60.9,47.5,74.2,10.9,67.7,47.5,0.75,5.17
STU_01042,struggling,5,0.0,0.0,0.0,0.0,51.2,22.6,31.8,13.1,14.9,6.87,4,4,0,4,7.5,2.0,21.4,8.1,13.0,2.0,0.5,0.0
STU_01043,topper,4,9.66,9.64,10.0,-0.36,93.0,95.6,68.4,100.0,41.7,6.64,7,0,7,0,90.7,72.3,100.0,8.7,100.0,86.9,0.38,10.0
STU_01044,above_avg,3,5.27,4.11,6.21,-2.1,79.0,61.4,64.8,47.8,12.7,5.1,6,1,0,3,49.5,39.4,58.2,6.8,57.5,45.5,0.25,5.18
STU_01045,strong,3,7.75,6.79,8.58,-1.79,81.3,71.2,71.4,74.2,49.5,5.01,6,0,0,0,62.8,59.3,67.4,2.5,62.2,63.1,0.25,6.5
STU_01046,average,3,1.27,0.32,2.21,-1.89,83.5,53.5,35.6,34.0,15.8,5.88,6,5,0,5,34.8,25.1,57.7,10.6,44.2,30.1,0.25,2.64
STU_01047,below_avg,7,1.11,1.0,1.75,-0.75,56.4,48.0,48.8,17.3,34.5,5.23,3,2,0,2,40.1,33.9,50.9,7.7,43.1,33.9,0.75,1.0
STU_01048,strong,7,6.39,6.33,7.5,-1.17,100.0,68.9,61.6,81.5,30.3,8.3,3,0,0,0,60.8,52.6,66.8,6.0,64.9,52.6,0.75,6.67
STU_01049,failing,4,0.38,0.0,0.0,0.0,16.8,17.8,11.0,14.2,33.4,6.67,7,7,0,7,6.7,2.0,19.4,7.4,10.7,5.1,0.38,0.0
STU_01050,average,4,3.11,2.14,3.42,-1.28,67.6,67.2,34.8,44.8,32.1,6.95,7,3,0,6,37.8,18.9,69.6,17.2,56.2,30.4,0.38,0.56
STU_01051,below_avg,3,0.66,0.0,0.79,-0.79,54.1,22.8,40.2,53.2,35.3,6.46,6,6,0,6,24.0,2.0,37.4,11.0,23.1,24.4,0.25,0.0
STU_01052,above_avg,6,6.79,6.5,6.89,-0.39,81.9,79.7,58.6,85.7,76.5,5.25,4,0,3,1,69.6,41.0,90.4,17.9,79.2,41.0,0.62,6.17
STU_01053,above_avg,4,2.59,3.5,2.21,1.29,88.6,36.0,65.1,62.2,43.0,6.14,7,2,0,4,48.7,29.8,65.9,11.0,61.8,43.5,0.38,6.11
STU_01054,average,5,1.47,0.44,3.5,-3.06,65.6,50.3,53.7,34.8,43.7,6.62,4,3,0,4,33.9,23.4,41.5,6.6,38.8,29.0,0.5,1.0
STU_01055,strong,4,7.46,7.09,8.53,-1.44,91.1,100.0,49.1,88.3,36.6,5.58,7,0,2,0,71.8,59.3,97.4,13.3,91.8,63.8,0.38,8.22
STU_01056,below_avg,6,0.24,0.88,0.0,0.88,51.1,50.4,48.7,50.6,26.1,6.92,4,3,0,3,25.1,7.5,62.2,21.7,28.8,13.8,0.62,0.0
STU_01057,strong,4,7.59,7.45,6.95,0.5,87.1,96.4,67.8,69.5,50.8,7.38,7,0,4,0,72.4,59.0,84.2,7.8,82.5,68.3,0.38,7.89
STU_01058,above_avg,5,5.53,6.11,4.91,1.2,78.6,62.1,67.8,55.5,0.0,6.54,4,0,0,0,55.7,50.3,67.1,6.8,58.9,52.5,0.5,6.88
STU_01059,above_avg,4,7.28,6.55,7.16,-0.61,72.8,89.4,53.2,47.3,17.5,5.34,7,0,1,0,62.6,53.4,78.0,7.4,69.5,59.8,0.38,6.44
STU_01060,above_avg,4,4.73,5.82,3.68,2.14,72.7,73.8,73.7,67.6,43.3,5.93,7,1,2,2,56.4,28.1,77.3,14.8,54.3,57.3,0.38,6.78
STU_01061,topper,6,9.0,9.5,10.0,-0.5,99.2,89.6,64.9,73.1,13.6,6.76,4,0,4,0,89.9,77.9,100.0,7.9,93.9,77.9,0.62,10.0
STU_01062,below_avg,4,0.0,0.0,0.0,0.0,51.8,32.2,48.6,18.7,6.3,6.03,7,7,0,7,17.5,2.0,38.6,14.1,20.3,16.4,0.38,0.0
STU_01063,below_avg,5,1.18,0.78,1.27,-0.49,52.3,49.1,51.0,21.6,16.2,7.4,4,3,0,3,37.6,23.2,66.5,17.5,45.4,29.8,0.5,1.12
STU_01064,failing,4,0.0,0.18,0.0,0.18,20.9,46.0,18.0,27.7,19.9,5.36,7,6,0,7,18.4,2.0,44.0,14.4,37.0,11.0,0.38,0.0
STU_01065,average,4,4.62,3.5,5.05,-1.55,76.1,49.0,58.4,57.0,33.0,7.45,7,2,0,5,46.4,36.8,62.5,9.4,42.6,47.9,0.38,6.0
STU_01066,average,3,2.4,2.47,1.47,1.0,72.1,74.1,68.3,33.8,37.0,6.89,6,3,0,3,42.6,16.0,61.1,18.1,59.5,34.1,0.25,4.09
STU_01067,above_avg,3,5.66,5.11,6.74,-1.63,83.3,63.5,68.8,70.9,36.8,5.99,6,0,0,4,50.6,44.4,61.0,7.1,52.3,49.7,0.25,3.05
STU_01068,struggling,4,0.58,0.91,0.0,0.91,46.4,15.9,33.1,47.1,31.2,5.95,7,6,0,7,20.2,2.0,49.3,14.5,22.5,19.3,0.38,0.0
STU_01069,above_avg,5,5.83,6.44,5.77,0.67,67.5,69.6,40.8,60.9,29.7,5.0,4,0,0,0,58.2,53.9,64.5,3.9,55.3,61.0,0.5,8.0
STU_01070,above_avg,4,5.07,5.18,6.0,-0.82,81.1,79.5,48.7,72.1,49.3,7.49,7,1,1,1,56.6,38.6,74.7,10.6,65.0,53.2,0.38,6.44
STU_01071,below_avg,5,1.33,1.33,0.18,1.15,49.7,57.2,31.5,42.6,0.0,7.16,4,2,0,2,37.7,19.9,51.2,13.5,50.8,24.7,0.5,2.25
STU_01072,average,3,2.08,3.47,0.0,3.47,73.6,71.7,50.6,54.2,36.1,5.57,6,2,0,2,45.1,25.1,56.3,11.7,54.3,40.5,0.25,4.23
STU_01073,above_avg,4,6.39,6.27,6.68,-0.41,84.5,62.1,56.8,84.4,51.5,5.68,7,0,2,1,59.6,40.7,71.5,9.6,65.1,57.5,0.38,6.22
STU_01074,failing,3,0.0,0.0,0.0,0.0,26.2,0.0,0.0,42.7,6.1,5.65,6,6,0,6,4.2,2.0,15.5,5.0,8.8,2.0,0.25,0.0
STU_01075,strong,6,6.59,7.5,5.56,1.94,98.3,97.3,45.1,65.8,18.5,6.92,4,0,2,0,73.4,63.8,89.7,9.8,75.0,68.7,0.62,10.0
STU_01076,struggling,5,0.61,0.0,0.0,0.0,25.9,5.9,23.2,17.8,15.9,5.76,4,4,0,4,12.6,2.0,29.4,10.5,9.6,15.7,0.5,0.0
STU_01077,strong,7,7.29,7.83,7.12,0.71,99.6,75.1,61.2,91.4,58.2,6.68,3,0,2,0,69.4,57.7,79.4,8.9,68.6,71.0,0.75,8.67
STU_01078,below_avg,3,0.62,0.84,0.0,0.84,48.1,34.2,33.7,64.4,38.0,5.81,6,5,0,6,28.0,14.7,42.0,9.9,27.0,28.5,0.25,1.09
STU_01079,average,6,1.32,2.88,0.67,2.21,69.8,62.9,46.7,41.2,26.0,5.27,4,1,0,2,45.9,26.6,54.7,11.4,52.3,26.6,0.62,1.83
STU_01080,inconsistent,4,2.09,1.68,2.0,-0.32,93.3,39.3,29.3,30.6,35.0,6.21,7,5,1,5,30.8,2.0,79.1,27.3,49.3,23.4,0.38,0.0
STU_01081,above_avg,7,6.96,5.5,7.75,-2.25,84.5,68.2,66.4,52.9,40.2,5.23,3,0,0,1,57.8,45.9,69.2,9.5,63.8,45.9,0.75,6.83
STU_01082,topper,6,7.97,9.5,7.0,2.5,90.6,85.9,61.1,73.2,69.3,6.73,4,0,4,0,82.2,74.3,90.2,5.7,82.8,80.7,0.62,10.0
STU_01083,average,3,5.01,2.84,6.11,-3.27,69.1,37.6,61.1,73.9,44.1,7.07,6,3,0,5,41.1,27.7,50.6,8.6,41.5,40.9,0.25,1.5
STU_01084,above_avg,4,5.57,6.82,4.05,2.77,80.8,85.0,38.1,60.0,3.2,6.84,7,0,2,0,64.8,52.1,82.2,10.2,78.1,59.5,0.38,8.22
STU_01085,topper,5,8.31,7.33,8.55,-1.22,94.9,87.5,56.8,66.6,60.1,6.9,4,0,1,0,71.8,62.7,93.4,12.6,80.0,63.6,0.5,9.5
STU_01086,topper,4,9.35,8.77,9.58,-0.81,93.6,80.0,76.5,65.6,78.4,6.22,7,0,7,0,75.6,70.9,83.1,4.5,73.5,76.4,0.38,9.56
STU_01087,topper,3,9.25,8.74,10.0,-1.26,90.0,100.0,65.5,59.0,39.4,6.33,6,0,5,0,81.0,69.4,94.1,9.5,92.0,75.4,0.25,9.09
STU_01088,average,7,0.96,2.0,0.0,2.0,81.7,62.9,46.2,60.0,32.1,6.35,3,1,0,2,46.9,29.5,62.8,13.6,55.5,29.5,0.75,1.83
STU_01089,improving,6,2.05,3.12,0.0,3.12,79.9,39.8,52.4,36.2,61.9,6.2,4,1,0,4,36.5,18.8,45.8,10.4,35.3,40.0,0.62,6.33
STU_01090,average,7,3.71,5.0,3.25,1.75,66.6,42.5,37.3,60.9,64.2,4.96,3,0,0,2,47.2,43.0,51.9,3.7,47.5,46.6,0.75,7.67
STU_01091,failing,3,0.0,0.0,0.0,0.0,18.5,19.7,47.3,57.6,13.3,5.88,6,6,0,6,3.9,2.0,9.0,2.5,6.8,2.5,0.25,0.0
STU_01092,above_avg,3,4.79,3.42,6.32,-2.9,81.3,64.5,69.3,41.5,46.5,7.18,6,2,0,3,48.5,34.2,57.5,8.7,53.2,46.2,0.25,1.14
STU_01093,below_avg,6,0.63,0.75,0.67,0.08,52.2,45.1,29.1,39.6,0.0,6.44,4,3,0,3,31.9,2.0,58.9,20.2,41.9,2.0,0.62,0.0
STU_01094,average,5,1.5,1.22,1.45,-0.23,73.2,62.7,52.8,42.2,19.1,7.0,4,2,0,3,38.8,24.9,53.0,11.9,50.5,27.1,0.5,1.62
STU_01095,struggling,6,0.79,0.75,0.56,0.19,45.7,45.5,30.1,31.9,19.0,5.96,4,3,0,3,33.5,16.5,51.0,12.2,39.2,16.5,0.62,0.0
STU_01096,below_avg,4,0.92,0.18,0.42,-0.24,58.7,23.3,24.2,50.8,15.4,6.02,7,6,0,7,16.1,2.0,42.7,14.1,23.1,13.3,0.38,0.0
STU_01097,failing,4,0.07,0.0,0.0,0.0,16.3,3.7,24.5,20.8,42.1,6.37,7,7,0,7,3.2,2.0,6.2,1.7,5.9,2.2,0.38,0.0
STU_01098,below_avg,7,1.39,1.33,1.5,-0.17,56.9,34.6,23.1,37.5,32.4,6.0,3,1,0,3,29.1,2.0,44.1,19.2,42.7,2.0,0.75,0.0
STU_01099,improving,3,4.0,6.11,1.58,4.53,89.2,88.1,71.7,65.5,82.0,6.14,6,0,1,1,63.6,43.0,90.5,14.3,79.5,55.6,0.25,6.09
STU_01100,average,4,0.59,0.18,0.0,0.18,67.2,32.7,34.2,44.6,0.0,5.29,7,6,0,7,34.9,22.9,43.6,6.9,35.5,34.7,0.38,1.0
STU_01101,below_avg,3,0.0,0.0,0.0,0.0,61.7,20.2,38.5,56.3,23.4,6.69,6,6,0,6,12.9,2.0,27.6,9.1,23.5,7.6,0.25,0.27
STU_01102,above_avg,3,5.43,5.05,7.26,-2.21,74.8,62.8,58.0,51.7,22.7,6.48,6,1,1,3,51.2,24.8,82.4,17.7,56.0,48.8,0.25,3.23
STU_01103,below_avg,7,2.66,1.0,5.25,-4.25,63.2,46.0,51.2,71.2,32.2,7.43,3,2,0,2,37.9,24.3,53.1,11.8,44.8,24.3,0.75,0.0
STU_01104,improving,3,1.23,1.95,0.0,1.95,76.3,77.4,54.6,96.9,24.5,6.26,6,3,0,5,40.1,23.7,63.6,14.8,56.6,31.9,0.25,3.36
STU_01105,average,6,2.48,4.0,0.44,3.56,67.0,64.3,52.8,41.9,20.5,6.1,4,1,0,3,44.7,34.1,58.0,8.6,45.7,41.7,0.62,0.0
STU_01106,average,6,3.94,5.88,1.33,4.55,72.1,65.6,46.8,58.3,46.0,5.96,4,1,0,1,56.9,34.6,68.5,13.3,53.0,68.5,0.62,7.17
STU_01107,average,4,1.18,0.18,0.95,-0.77,61.8,38.4,44.4,56.8,39.4,6.54,7,6,0,7,24.4,12.4,41.8,9.3,34.8,20.2,0.38,2.44
STU_01108,above_avg,6,4.61,5.62,3.56,2.06,77.0,57.2,66.2,23.2,70.9,5.98,4,0,0,2,50.6,42.5,57.4,5.8,48.3,57.4,0.62,7.67
STU_01109,average,5,0.6,0.67,1.32,-0.65,70.3,40.1,63.6,45.0,24.0,5.59,4,3,0,3,34.6,27.4,50.1,9.3,38.8,30.4,0.5,1.0
STU_01110,struggling,4,0.24,0.18,0.0,0.18,38.6,38.0,23.8,46.3,5.0,6.6,7,6,0,7,18.1,2.0,43.7,13.9,36.0,11.0,0.38,0.0
STU_01111,average,3,2.89,2.95,3.32,-0.37,62.9,57.1,24.4,50.2,17.8,6.66,6,2,0,4,42.5,23.5,54.7,10.7,50.2,38.6,0.25,2.18
STU_01112,below_avg,7,0.78,0.0,0.0,0.0,50.1,35.9,43.1,56.3,21.3,5.51,3,3,0,3,22.9,18.3,27.3,3.7,25.2,18.3,0.75,1.17
STU_01113,below_avg,3,0.0,0.0,0.63,-0.63,57.7,45.1,40.7,35.5,17.3,7.18,6,6,0,6,22.6,6.7,39.8,12.9,39.3,14.2,0.25,0.73
STU_01114,failing,4,1.18,0.0,1.37,-1.37,27.8,3.7,42.9,34.9,38.8,5.23,7,7,0,7,4.6,2.0,15.7,4.8,8.8,2.9,0.38,0.0
STU_01115,struggling,3,0.0,0.0,0.21,-0.21,30.9,24.1,20.1,54.0,7.0,7.39,6,6,0,6,11.7,2.0,24.1,6.7,17.5,8.8,0.25,0.0
STU_01116,strong,4,8.16,8.32,8.42,-0.1,85.6,87.7,72.2,78.9,50.4,7.93,7,0,6,0,76.6,69.7,94.1,8.1,85.5,73.0,0.38,9.67
STU_01117,above_avg,3,6.06,5.84,6.63,-0.79,76.9,66.9,49.0,30.4,54.7,7.18,6,0,0,2,58.5,48.4,69.9,8.2,63.8,55.9,0.25,7.23
STU_01118,strong,5,7.79,8.78,7.41,1.37,96.2,100.0,63.0,53.8,49.4,5.48,4,0,4,0,83.9,70.5,99.1,10.8,93.6,74.2,0.5,9.62
STU_01119,above_avg,6,5.79,5.0,6.11,-1.11,86.1,48.9,59.7,40.3,49.3,7.63,4,0,0,3,50.6,44.8,63.6,7.6,52.5,44.8,0.62,2.0
STU_01120,above_avg,6,4.22,6.5,1.56,4.94,73.9,74.3,45.7,72.1,13.0,7.01,4,0,2,1,64.6,48.3,77.1,10.7,70.0,48.3,0.62,7.83
STU_01121,below_avg,4,0.42,0.18,0.68,-0.5,68.4,29.5,29.8,24.8,29.1,6.85,7,6,0,7,19.0,2.0,40.6,16.0,26.9,15.8,0.38,0.44
STU_01122,below_avg,5,0.5,0.0,0.45,-0.45,56.8,45.8,65.8,28.3,0.0,6.78,4,4,0,4,31.1,23.6,36.4,5.0,35.6,26.5,0.5,3.0
STU_01123,below_avg,5,1.89,2.44,1.14,1.3,56.5,25.2,38.2,38.1,41.9,7.52,4,2,0,3,40.4,32.5,50.1,7.3,39.5,41.3,0.5,0.0
STU_01124,below_avg,5,0.99,1.33,0.18,1.15,63.7,31.0,33.1,68.8,30.7,6.1,4,3,0,4,26.5,2.0,42.3,14.9,31.0,22.1,0.5,3.0
STU_01125,strong,4,7.04,5.86,7.58,-1.72,94.7,89.0,56.8,57.5,0.4,6.43,7,0,1,2,61.5,43.7,100.0,17.7,83.0,52.9,0.38,7.56
STU_01126,strong,7,6.53,6.5,7.38,-0.88,86.7,82.2,39.4,44.7,28.9,7.42,3,0,1,0,64.0,53.6,72.8,7.9,69.2,53.6,0.75,6.33
STU_01127,above_avg,5,7.51,6.67,8.09,-1.42,68.8,72.5,79.1,35.5,46.8,6.44,4,0,2,1,65.4,47.8,76.3,11.2,75.0,55.7,0.5,7.62
STU_01128,struggling,3,0.0,0.0,0.0,0.0,44.7,23.6,48.1,4.6,10.5,5.31,6,6,0,6,5.8,2.0,14.0,5.3,2.0,7.6,0.25,0.0
STU_01129,above_avg,7,6.81,5.83,7.25,-1.42,87.1,79.2,56.2,80.0,9.6,5.98,3,0,1,1,60.1,46.2,73.0,11.0,67.1,46.2,0.75,2.33
STU_01130,above_avg,5,4.59,3.89,4.59,-0.7,83.9,50.7,59.2,44.9,72.3,5.61,4,1,1,2,57.5,34.3,77.5,16.7,63.6,51.4,0.5,6.75
STU_01131,above_avg,6,6.52,5.88,6.89,-1.01,77.2,59.2,67.3,44.9,55.8,5.55,4,0,0,1,59.5,48.1,69.8,8.9,63.3,48.1,0.62,8.17
STU_01132,above_avg,4,4.65,5.41,3.53,1.88,88.5,48.0,49.5,48.1,46.8,5.6,7,0,0,3,50.5,44.1,59.0,5.2,52.3,49.8,0.38,6.44
STU_01133,below_avg,5,0.82,1.0,0.41,0.59,68.4,61.3,29.9,45.2,14.0,6.92,4,2,0,4,23.9,3.1,46.3,19.5,43.3,4.5,0.5,3.25
STU_01134,below_avg,4,0.0,0.18,0.21,-0.03,56.7,28.8,0.0,38.0,56.6,5.85,7,6,0,7,25.8,2.0,43.1,12.5,40.3,20.0,0.38,0.56
STU_01135,strong,4,8.59,7.59,9.37,-1.78,88.1,80.3,51.0,75.7,8.1,6.94,7,0,3,0,69.5,58.8,80.9,6.2,69.8,69.4,0.38,8.11
STU_01136,above_avg,3,5.85,5.47,5.84,-0.37,77.2,70.9,55.3,63.6,22.2,4.88,6,1,0,2,49.6,34.5,55.7,7.1,44.5,52.2,0.25,5.09
STU_01137,below_avg,5,1.55,1.11,1.64,-0.53,46.0,44.9,35.9,14.4,2.9,5.48,4,2,0,3,35.2,18.7,55.2,15.0,49.6,20.9,0.5,1.5
STU_01138,average,4,5.55,6.68,5.37,1.31,67.4,39.9,53.2,49.7,10.2,6.26,7,1,1,2,55.3,5.1,86.9,23.9,32.9,64.3,0.38,6.78
STU_01139,above_avg,3,5.34,5.37,5.37,0.0,79.5,47.0,60.1,66.9,45.4,6.54,6,0,0,2,51.1,44.2,56.3,4.0,52.9,50.3,0.25,6.68
STU_01140,below_avg,4,1.08,0.55,1.32,-0.77,66.5,43.6,26.2,25.0,41.6,6.81,7,5,0,5,22.8,2.0,59.4,21.7,55.2,9.8,0.38,0.44
STU_01141,average,5,0.63,1.33,1.23,0.1,73.2,54.8,21.6,51.2,48.0,6.08,4,2,0,2,44.2,32.0,54.4,9.8,53.9,34.5,0.5,0.5
STU_01142,strong,6,7.85,8.88,5.89,2.99,81.2,74.7,74.9,63.9,25.0,6.23,4,0,4,0,80.6,73.2,88.5,6.1,83.1,73.2,0.62,9.33
STU_01143,average,4,1.36,1.27,0.95,0.32,73.1,47.6,50.0,47.0,58.2,5.57,7,5,0,6,36.5,22.3,56.8,10.8,40.5,34.9,0.38,5.56
STU_01144,topper,5,9.61,10.0,9.64,0.36,84.3,100.0,91.1,64.2,84.0,6.14,4,0,4,0,95.6,85.9,100.0,5.8,98.2,93.0,0.5,10.0
STU_01145,above_avg,3,5.31,3.37,6.95,-3.58,82.7,53.4,57.3,66.7,21.1,4.74,6,2,0,4,44.4,33.7,60.5,9.3,42.7,45.2,0.25,1.36
STU_01146,average,4,1.46,1.55,0.79,0.76,79.4,42.7,45.9,53.0,50.5,6.52,7,4,0,5,37.3,18.1,53.7,11.4,47.0,33.5,0.38,1.56
STU_01147,below_avg,3,1.68,1.47,0.84,0.63,52.0,28.0,41.1,46.4,14.2,5.79,6,4,0,5,34.1,17.8,55.2,13.2,39.5,31.4,0.25,1.45
STU_01148,below_avg,4,0.62,0.23,0.21,0.02,50.6,60.1,41.5,42.6,31.0,5.46,7,6,0,7,24.3,2.0,45.0,13.7,42.0,17.2,0.38,0.44
STU_01149,below_avg,6,0.0,0.0,0.44,-0.44,70.6,30.2,51.7,36.7,29.1,5.41,4,4,0,4,16.7,2.0,38.1,14.1,21.6,2.0,0.62,0.0
STU_01150,struggling,3,0.74,0.0,0.84,-0.84,45.6,51.3,29.2,0.0,21.3,5.12,6,6,0,6,20.9,2.0,39.2,14.9,31.9,15.4,0.25,0.0
STU_01151,below_avg,4,1.12,1.0,0.84,0.16,58.7,55.6,67.9,47.8,28.6,5.67,7,5,0,6,35.1,21.2,57.4,11.8,47.5,30.2,0.38,0.56
STU_01152,strong,4,7.01,6.68,7.05,-0.37,96.5,76.8,68.8,61.0,21.8,6.23,7,0,3,1,63.7,44.4,74.1,9.6,68.7,61.6,0.38,5.78
STU_01153,below_avg,3,1.41,0.42,1.79,-1.37,58.2,49.4,47.6,50.4,25.4,5.53,6,5,0,6,27.5,12.4,42.8,9.3,36.1,23.2,0.25,0.0
STU_01154,failing,3,0.0,0.0,0.0,0.0,37.7,21.5,13.3,36.5,17.4,6.08,6,6,0,6,7.3,2.0,19.8,7.5,10.9,5.5,0.25,0.0
STU_01155,above_avg,4,5.67,4.68,5.47,-0.79,84.2,67.9,53.3,58.4,36.9,6.34,7,1,1,3,54.0,33.6,74.7,13.4,68.5,48.2,0.38,6.78
STU_01156,average,6,2.05,3.75,1.44,2.31,69.0,33.9,46.2,25.0,27.9,5.61,4,1,0,4,41.8,37.3,46.9,3.4,42.0,41.4,0.62,5.5
STU_01157,topper,3,10.0,10.0,10.0,0.0,95.4,89.4,86.5,86.0,29.4,5.81,6,0,6,0,92.6,80.5,100.0,7.0,98.0,89.9,0.25,10.0
STU_01158,average,3,0.76,0.0,0.84,-0.84,74.3,27.7,57.3,31.4,48.7,6.35,6,6,0,6,28.2,19.9,38.7,7.4,30.9,26.8,0.25,1.23
STU_01159,strong,4,7.99,8.41,7.26,1.15,94.0,67.6,68.6,52.8,52.2,7.38,7,0,5,0,74.1,64.7,84.1,6.9,73.6,74.3,0.38,10.0
STU_01160,average,6,2.6,1.62,2.89,-1.27,62.9,41.2,61.1,37.0,40.0,6.96,4,2,0,4,38.2,27.4,45.6,7.2,41.9,27.4,0.62,1.0
STU_01161,above_avg,5,6.94,6.22,6.73,-0.51,75.2,66.5,59.2,62.1,27.3,7.18,4,0,1,1,62.9,48.8,73.7,9.0,69.8,56.0,0.5,6.38
STU_01162,below_avg,3,0.0,0.0,0.0,0.0,63.4,46.2,47.9,32.4,30.6,6.58,6,6,0,6,19.7,2.0,34.1,11.5,31.0,14.0,0.25,0.0
STU_01163,average,4,2.64,2.82,1.68,1.14,68.6,50.2,45.0,21.2,0.0,7.79,7,2,0,6,40.1,20.5,54.4,9.6,47.9,37.0,0.38,1.22
STU_01164,below_avg,4,1.34,0.0,2.32,-2.32,61.3,28.2,28.0,52.3,29.1,6.23,7,7,0,7,15.5,2.0,24.7,7.7,21.9,12.9,0.38,0.0
STU_01165,average,3,1.38,0.84,2.79,-1.95,76.9,36.0,20.6,34.2,0.0,5.29,6,5,0,6,31.3,24.8,41.5,6.2,32.2,30.9,0.25,1.64
STU_01166,above_avg,4,5.6,4.23,7.16,-2.93,81.2,75.6,69.9,46.1,70.1,7.13,7,2,2,2,56.4,25.9,79.8,17.2,76.5,48.3,0.38,7.22
STU_01167,below_avg,4,0.0,0.0,0.0,0.0,57.6,28.6,29.6,48.0,27.6,5.16,7,7,0,7,26.8,16.8,33.8,5.4,26.2,27.0,0.38,0.44
STU_01168,below_avg,3,1.34,0.53,1.05,-0.52,54.3,35.4,60.3,36.1,29.5,6.1,6,5,0,6,30.7,14.9,49.0,11.4,40.1,25.9,0.25,0.5
STU_01169,above_avg,3,6.77,6.21,6.84,-0.63,74.4,63.6,68.0,43.0,62.2,5.45,6,0,0,1,58.0,42.7,67.5,8.4,55.4,59.3,0.25,5.64
STU_01170,topper,7,9.91,10.0,10.0,0.0,94.4,100.0,100.0,100.0,64.4,6.24,3,0,3,0,92.0,90.2,95.1,2.2,90.4,95.1,0.75,10.0
STU_01171,above_avg,4,6.17,6.73,5.32,1.41,83.9,76.6,74.8,36.4,23.7,5.38,7,0,3,1,66.3,47.3,86.0,14.3,85.0,58.9,0.38,8.0
STU_01172,improving,5,1.79,2.44,0.27,2.17,79.8,55.0,51.0,38.3,7.0,5.13,4,1,0,3,44.3,38.5,53.1,5.4,48.0,40.7,0.5,6.12
STU_01173,strong,6,6.59,7.12,6.22,0.9,87.9,82.3,68.8,39.8,49.0,5.91,4,0,3,0,69.4,56.7,78.2,7.9,73.6,56.7,0.62,7.83
STU_01174,below_avg,5,0.3,0.0,0.45,-0.45,50.8,21.4,49.4,28.6,19.5,7.13,4,4,0,4,13.8,9.0,17.6,3.4,14.3,13.3,0.5,0.0
STU_01175,struggling,5,0.07,0.0,0.0,0.0,41.8,27.3,30.8,47.1,31.9,6.64,4,4,0,4,22.5,17.6,26.8,3.9,23.2,21.7,0.5,2.5
STU_01176,average,4,1.14,0.41,1.58,-1.17,79.9,40.0,35.0,61.5,28.2,6.76,7,5,0,7,30.7,17.2,46.0,10.9,45.0,25.0,0.38,3.22
STU_01177,topper,4,8.49,7.82,9.16,-1.34,95.3,93.6,91.1,47.1,30.6,6.1,7,0,5,0,74.0,66.7,85.0,6.2,82.8,70.4,0.38,10.0
STU_01178,above_avg,5,6.13,6.22,5.14,1.08,76.4,72.4,54.4,55.4,85.6,6.18,4,0,0,0,59.0,51.0,64.8,5.2,63.3,54.6,0.5,6.0
STU_01179,struggling,6,0.26,0.0,0.0,0.0,53.1,40.0,11.4,80.4,11.0,5.83,4,4,0,4,17.0,2.0,33.4,15.0,22.0,2.0,0.62,0.0
STU_01180,strong,6,5.1,6.25,5.0,1.25,89.8,69.0,51.0,43.3,34.7,6.65,4,0,0,1,59.9,42.9,68.4,10.2,57.1,68.4,0.62,8.0
STU_01181,strong,3,7.16,8.11,6.58,1.53,81.5,89.3,91.1,72.5,20.7,5.04,6,0,4,1,77.1,49.6,95.7,15.2,90.5,70.4,0.25,8.82
STU_01182,struggling,3,0.62,0.32,0.53,-0.21,30.0,36.3,14.4,33.6,73.0,5.77,6,5,0,5,27.3,2.0,54.5,15.7,40.0,21.0,0.25,0.0
STU_01183,above_avg,3,2.34,3.53,1.11,2.42,73.3,53.2,43.4,39.9,14.7,5.6,6,2,0,4,49.2,33.4,69.6,13.7,54.6,46.5,0.25,5.55
STU_01184,strong,7,7.29,8.17,6.88,1.29,90.8,66.2,69.0,64.7,48.1,6.17,3,0,2,0,74.7,64.6,88.1,9.9,76.3,71.4,0.75,8.5
STU_01185,topper,3,9.23,8.95,9.37,-0.42,95.2,100.0,77.7,59.8,24.8,6.02,6,0,5,0,80.6,64.1,92.4,9.7,92.0,74.9,0.25,8.64
STU_01186,above_avg,3,5.17,4.42,5.11,-0.69,76.5,61.7,47.8,44.2,14.5,5.48,6,1,1,3,51.0,33.4,73.0,11.8,62.3,45.4,0.25,2.45
STU_01187,strong,6,6.77,7.5,7.0,0.5,88.3,77.1,40.0,68.7,42.9,5.16,4,0,2,0,72.0,65.6,81.5,5.9,74.1,65.6,0.62,7.83
STU_01188,above_avg,6,5.26,5.88,4.56,1.32,76.9,71.2,53.0,48.2,48.1,7.24,4,0,1,1,59.2,49.5,70.4,7.5,62.5,49.5,0.62,6.0
STU_01189,struggling,7,0.26,0.83,0.0,0.83,29.1,31.7,18.4,29.3,0.0,6.48,3,2,0,3,20.0,2.1,45.7,18.6,23.9,12.3,0.75,0.0
STU_01190,average,3,3.9,3.05,5.37,-2.32,64.5,83.2,53.8,42.3,5.7,6.08,6,2,1,4,46.0,28.4,71.8,14.2,61.6,38.2,0.25,3.18
STU_01191,average,3,4.78,4.11,5.37,-1.26,82.1,72.6,40.4,58.4,23.9,5.92,6,1,0,3,46.8,34.2,55.6,6.8,53.5,43.5,0.25,1.45
STU_01192,strong,4,7.46,8.14,6.74,1.4,91.7,70.7,71.8,54.9,8.3,8.07,7,0,5,0,73.9,63.5,85.9,6.9,81.0,71.1,0.38,9.33
STU_01193,strong,5,7.19,6.78,7.23,-0.45,87.9,69.5,42.3,48.3,19.8,5.62,4,0,1,0,62.2,51.9,71.1,6.8,66.9,57.5,0.5,8.88
STU_01194,strong,7,7.92,8.33,7.5,0.83,92.6,69.3,64.9,48.8,28.3,5.18,3,0,2,0,67.8,52.4,76.7,11.0,63.4,76.7,0.75,7.83
STU_01195,average,5,1.28,1.67,1.18,0.49,76.0,94.7,38.6,46.1,20.3,5.08,4,2,1,2,46.5,17.8,78.3,23.7,68.7,24.2,0.5,7.25
STU_01196,failing,4,0.0,0.0,0.0,0.0,11.1,35.4,26.4,0.0,0.0,5.91,7,7,0,7,13.5,2.0,27.3,9.2,25.3,8.8,0.38,0.0
STU_01197,improving,4,1.92,3.18,0.0,3.18,89.2,55.8,53.2,55.3,47.9,7.74,7,3,0,4,42.1,21.3,56.7,13.3,48.2,39.7,0.38,1.22
STU_01198,strong,5,6.49,5.67,7.23,-1.56,95.1,47.1,65.7,57.4,13.9,6.1,4,0,0,1,53.1,48.8,58.3,3.5,54.9,51.3,0.5,8.62
STU_01199,strong,5,5.91,7.22,6.18,1.04,90.2,95.6,79.3,62.8,16.3,5.64,4,0,2,0,72.0,50.0,91.6,15.8,86.4,57.6,0.5,7.75
STU_01200,strong,5,7.41,7.67,6.64,1.03,87.6,100.0,73.0,41.7,11.3,7.25,4,0,3,0,73.3,59.4,84.2,9.1,78.2,68.5,0.5,8.75
STU_01201,topper,6,10.0,10.0,10.0,0.0,97.2,97.3,100.0,100.0,46.4,5.4,4,0,4,0,93.1,90.2,99.2,3.5,93.7,91.6,0.62,10.0
STU_01202,below_avg,7,0.0,0.0,0.0,0.0,55.9,34.1,54.3,44.3,23.9,4.86,3,3,0,3,30.1,21.4,39.7,7.5,34.5,21.4,0.75,1.0
STU_01203,average,6,1.01,1.12,1.33,-0.21,72.2,46.9,54.4,67.9,21.9,5.23,4,2,0,4,36.3,21.6,48.4,10.5,41.2,21.6,0.62,0.0
STU_01204,below_avg,4,1.43,0.91,1.53,-0.62,61.1,40.1,60.9,23.1,23.8,5.95,7,5,0,7,29.9,8.4,43.0,12.5,39.6,26.0,0.38,0.0
STU_01205,above_avg,3,6.55,6.32,6.05,0.27,92.4,75.4,62.7,76.6,35.4,5.54,6,0,0,0,58.0,52.9,69.7,6.2,59.5,57.3,0.25,7.45
STU_01206,strong,3,9.46,8.68,9.05,-0.37,79.9,100.0,75.5,53.4,43.3,6.07,6,0,5,0,78.3,69.5,91.2,8.2,83.6,75.7,0.25,10.0
STU_01207,topper,6,8.75,9.0,10.0,-1.0,87.2,99.7,90.2,73.8,33.6,6.41,4,0,4,0,90.6,71.5,100.0,11.3,97.0,71.5,0.62,10.0
STU_01208,strong,3,6.65,7.37,6.79,0.58,90.3,81.2,53.7,74.8,28.8,6.98,6,0,3,0,69.2,56.6,87.3,10.7,80.2,63.7,0.25,7.27
STU_01209,above_avg,5,5.49,4.67,6.36,-1.69,74.9,57.4,55.8,51.9,52.3,6.04,4,1,0,1,58.0,36.0,66.8,12.8,66.2,49.8,0.5,7.38
STU_01210,below_avg,3,0.38,0.0,0.79,-0.79,67.1,38.1,41.3,38.8,34.2,5.36,6,6,0,6,17.8,2.0,34.6,10.4,25.5,14.0,0.25,0.0
STU_01211,topper,6,9.94,10.0,10.0,0.0,99.1,95.6,91.5,79.2,47.8,5.39,4,0,4,0,97.6,93.4,100.0,2.7,99.0,93.4,0.62,10.0
STU_01212,average,3,3.67,4.21,3.53,0.68,65.1,70.2,34.4,39.6,12.5,5.14,6,1,0,3,50.6,33.7,69.6,11.8,56.4,47.8,0.25,5.09
STU_01213,average,5,2.36,2.56,2.45,0.11,69.1,58.7,46.4,48.1,20.0,6.05,4,1,0,3,43.5,32.2,60.8,10.6,50.8,36.2,0.5,8.25
STU_01214,below_avg,3,0.0,0.0,0.0,0.0,75.0,24.9,6.0,37.7,4.2,5.83,6,6,0,6,25.6,17.6,31.7,5.9,24.6,26.1,0.25,0.0
STU_01215,failing,3,0.27,0.0,0.74,-0.74,19.9,19.3,6.9,23.0,35.2,6.94,6,6,0,6,14.0,2.0,30.1,11.7,15.8,13.1,0.25,0.0
STU_01216,below_avg,3,0.0,0.0,0.0,0.0,62.3,43.6,20.8,39.9,0.0,6.9,6,6,0,6,14.9,2.0,33.2,12.0,31.0,6.9,0.25,0.0
STU_01217,below_avg,4,1.51,0.23,1.89,-1.66,69.3,58.3,27.5,57.7,35.2,5.44,7,6,0,7,22.5,2.0,47.0,15.8,31.2,19.0,0.38,2.44
STU_01218,average,4,0.3,0.23,0.42,-0.19,65.0,28.2,50.6,36.6,16.8,5.54,7,6,0,7,30.1,12.3,45.9,9.4,38.9,26.6,0.38,0.56
STU_01219,struggling,5,0.56,0.78,0.0,0.78,50.6,28.8,35.3,27.3,41.8,5.8,4,3,0,3,19.9,2.0,60.2,23.9,37.7,2.0,0.5,0.0
STU_01220,topper,6,9.83,10.0,9.89,0.11,96.1,80.4,71.0,76.2,15.6,6.54,4,0,4,0,85.3,80.2,88.0,3.0,85.1,86.1,0.62,8.67
STU_01221,strong,5,7.77,8.44,7.73,0.71,91.8,86.7,62.1,83.6,36.4,6.0,4,0,3,0,77.0,65.9,89.2,8.9,80.6,73.5,0.5,10.0
STU_01222,average,3,2.81,1.68,3.42,-1.74,78.4,64.9,55.9,31.6,27.9,5.97,6,3,0,6,40.7,35.3,46.5,3.9,43.1,39.5,0.25,2.09
STU_01223,topper,5,10.0,10.0,10.0,0.0,96.6,100.0,88.9,99.7,47.3,5.93,4,0,4,0,94.2,84.1,100.0,6.3,99.6,88.9,0.5,8.5
STU_01224,topper,6,9.54,10.0,9.22,0.78,90.9,100.0,81.9,86.0,29.3,6.55,4,0,4,0,91.2,83.5,96.0,5.0,91.6,90.1,0.62,10.0
STU_01225,strong,7,6.53,6.0,7.12,-1.12,77.4,68.8,60.2,33.9,60.9,6.3,3,0,1,1,63.0,45.2,78.7,13.8,72.0,45.2,0.75,2.67
STU_01226,strong,5,6.74,7.67,6.18,1.49,80.1,70.8,79.3,68.9,62.6,5.78,4,0,2,0,71.6,63.2,84.8,8.2,75.6,67.6,0.5,10.0
STU_01227,strong,3,7.45,7.47,6.74,0.73,91.3,79.2,36.6,67.9,53.4,5.53,6,0,3,0,66.6,51.8,85.5,11.4,71.3,64.2,0.25,5.68
STU_01228,topper,7,9.85,10.0,9.0,1.0,94.4,89.4,82.1,86.0,43.7,5.32,3,0,3,0,88.5,84.2,92.0,3.2,90.6,84.2,0.75,10.0
STU_01229,topper,4,8.83,8.91,8.05,0.86,91.3,78.8,63.9,80.4,44.0,4.85,7,0,6,0,80.2,67.5,88.8,6.8,86.3,77.7,0.38,10.0
STU_01230,average,3,2.92,3.58,1.68,1.9,73.9,61.4,65.8,79.7,25.2,5.62,6,2,1,2,51.2,35.3,72.3,12.0,62.7,45.4,0.25,3.23
STU_01231,above_avg,7,5.1,4.17,6.25,-2.08,78.8,29.5,64.8,69.6,49.1,6.84,3,1,0,3,43.2,34.3,48.1,6.3,40.8,48.1,0.75,5.0
STU_01232,above_avg,6,3.5,3.12,4.44,-1.32,82.4,60.1,71.3,53.6,3.2,5.2,4,1,0,1,54.1,38.6,62.3,9.1,59.3,38.6,0.62,7.33
STU_01233,topper,3,9.01,8.74,8.0,0.74,96.1,95.0,46.7,90.2,51.8,6.33,6,0,6,0,79.7,70.5,89.6,7.5,88.7,75.3,0.25,9.45
STU_01234,topper,7,9.68,10.0,10.0,0.0,94.0,100.0,86.1,77.6,32.3,6.02,3,0,3,0,90.0,89.3,91.2,0.9,90.2,89.4,0.75,10.0
STU_01235,struggling,5,0.54,0.0,0.0,0.0,55.3,39.9,41.3,38.0,35.5,6.0,4,4,0,4,11.9,2.0,24.5,10.1,21.9,2.0,0.5,0.75
STU_01236,strong,4,7.78,8.23,6.63,1.6,80.0,85.7,75.2,86.1,48.7,6.01,7,0,5,0,74.0,66.6,80.3,4.9,75.4,73.4,0.38,9.56
STU_01237,average,6,0.89,2.0,0.56,1.44,70.8,28.3,50.0,43.7,39.2,6.12,4,3,0,4,32.0,16.9,40.7,9.1,29.2,40.7,0.62,4.83
STU_01238,average,3,2.46,2.68,2.79,-0.11,80.6,45.9,41.5,71.6,29.5,5.22,6,3,0,4,45.1,28.8,64.4,11.5,51.9,41.7,0.25,5.18
STU_01239,strong,4,7.49,7.36,7.89,-0.53,82.6,72.0,77.3,74.8,23.2,6.51,7,0,2,0,67.4,54.8,77.8,6.8,65.7,68.1,0.38,6.67
STU_01240,average,4,4.51,2.73,5.89,-3.16,82.6,54.2,55.5,71.9,41.8,6.35,7,3,0,3,42.9,14.9,58.6,16.5,56.2,37.6,0.38,2.33
STU_01241,average,7,1.37,1.83,1.38,0.45,79.1,49.5,53.4,79.0,52.1,6.34,3,1,0,2,45.3,35.4,52.7,7.3,50.2,35.4,0.75,5.5
STU_01242,average,5,1.3,0.67,2.5,-1.83,72.4,63.6,50.3,34.5,3.4,7.44,4,3,0,3,35.5,19.1,59.4,14.7,46.0,25.1,0.5,1.0
STU_01243,strong,4,6.32,6.86,6.21,0.65,84.1,75.2,54.9,69.2,40.4,6.13,7,0,1,0,65.2,53.8,71.0,5.9,70.2,63.2,0.38,7.89
STU_01244,below_avg,5,0.0,0.0,0.0,0.0,64.5,45.5,22.9,12.4,46.4,6.06,4,4,0,4,17.1,2.0,36.9,15.4,32.1,2.0,0.5,1.75
STU_01245,strong,5,8.25,8.78,7.82,0.96,78.1,100.0,96.5,85.9,67.3,6.98,4,0,4,0,82.1,70.6,98.4,10.6,91.3,72.8,0.5,9.5
STU_01246,below_avg,3,0.75,0.0,1.21,-1.21,71.0,1.9,37.5,24.1,0.0,6.86,6,6,0,6,10.9,2.0,32.1,10.4,19.4,6.6,0.25,0.0
STU_01247,strong,5,7.75,8.67,7.23,1.44,80.4,93.4,71.5,81.2,20.3,6.78,4,0,2,0,75.5,64.2,87.6,11.1,75.9,75.0,0.5,10.0
STU_01248,struggling,4,0.0,0.0,0.0,0.0,51.1,27.5,40.5,30.3,0.0,5.46,7,7,0,7,11.1,2.0,33.9,10.7,23.0,6.4,0.38,0.0
STU_01249,above_avg,4,5.58,4.5,5.84,-1.34,87.5,85.8,42.4,67.8,44.1,5.52,7,1,1,3,54.0,38.1,71.0,11.8,67.5,48.6,0.38,6.22
STU_01250,topper,3,8.96,9.37,8.05,1.32,89.5,89.4,78.8,72.6,73.8,6.88,6,0,6,0,84.3,72.8,93.5,7.1,89.1,82.0,0.25,9.64
STU_01251,improving,3,2.17,3.26,0.42,2.84,79.4,76.4,37.6,61.3,11.5,5.01,6,2,1,3,48.1,34.8,72.1,12.6,61.9,41.2,0.25,5.18
STU_01252,average,4,0.62,0.59,0.95,-0.36,64.4,63.5,55.6,47.9,0.0,5.68,7,5,0,5,35.1,13.3,64.7,18.3,61.0,24.7,0.38,3.0
STU_01253,above_avg,5,3.71,1.56,5.0,-3.44,81.3,60.2,63.1,41.5,11.6,4.53,4,2,0,2,48.5,31.7,65.0,15.6,64.2,33.0,0.5,2.12
STU_01254,below_avg,7,0.33,0.0,0.0,0.0,70.1,24.9,40.0,23.9,4.6,6.26,3,3,0,3,20.8,11.3,30.2,7.7,16.1,30.2,0.75,0.0
STU_01255,above_avg,4,2.71,3.45,1.89,1.56,71.2,54.4,82.4,66.3,59.2,6.91,7,2,0,3,45.3,24.6,57.8,11.8,53.1,42.1,0.38,6.33
STU_01256,below_avg,3,0.06,0.0,0.0,0.0,52.6,43.1,44.4,15.7,17.3,6.33,6,6,0,6,18.4,2.0,33.8,12.8,31.2,11.9,0.25,0.91
STU_01257,topper,4,9.7,10.0,10.0,0.0,92.7,100.0,61.3,100.0,49.5,6.52,7,0,7,0,90.2,81.2,99.3,6.4,93.2,89.0,0.38,10.0
STU_01258,above_avg,3,5.54,7.0,3.89,3.11,71.6,83.3,66.9,68.3,30.6,6.99,6,0,2,0,64.6,55.9,80.9,10.0,66.7,63.5,0.25,7.55
STU_01259,strong,5,6.27,6.78,5.27,1.51,87.7,76.4,58.2,63.9,43.0,6.64,4,0,2,1,66.5,45.8,86.6,14.9,79.4,53.6,0.5,8.0
STU_01260,average,6,3.18,3.0,2.22,0.78,76.3,31.6,50.8,33.6,0.0,5.16,4,1,0,1,48.7,39.6,52.6,5.3,51.7,39.6,0.62,6.83
STU_01261,strong,3,6.3,6.68,6.68,0.0,87.8,76.0,51.1,88.1,0.7,7.57,6,0,2,1,64.7,43.3,83.0,12.4,75.5,59.3,0.25,7.0
STU_01262,average,4,1.14,0.32,1.47,-1.15,71.2,33.4,56.7,43.7,28.7,6.77,7,6,0,6,24.1,2.0,61.8,19.5,47.5,14.7,0.38,2.22
STU_01263,average,7,2.5,2.17,2.88,-0.71,81.2,63.9,64.3,42.2,26.6,5.03,3,1,0,1,50.2,35.5,60.8,10.7,57.5,35.5,0.75,0.83
STU_01264,below_avg,5,0.27,0.0,1.09,-1.09,50.4,45.2,37.4,57.3,10.9,5.12,4,4,0,4,15.2,2.0,37.8,13.5,24.8,5.5,0.5,0.0
STU_01265,average,3,1.7,2.53,0.21,2.32,78.1,38.9,50.2,60.7,9.3,6.8,6,3,0,5,39.7,19.0,53.7,10.9,41.4,38.9,0.25,0.23
STU_01266,struggling,3,0.29,0.26,0.0,0.26,51.0,38.6,41.2,49.8,15.5,6.91,6,5,0,6,19.9,2.0,46.8,14.8,29.9,14.9,0.25,1.45
STU_01267,topper,3,10.0,9.58,10.0,-0.42,84.8,84.8,100.0,76.8,35.2,5.3,6,0,6,0,88.2,74.4,96.0,7.1,95.3,84.6,0.25,10.0
STU_01268,average,5,3.37,2.44,4.5,-2.06,73.3,38.2,48.6,39.0,29.4,5.81,4,2,0,3,39.9,32.0,53.5,8.7,43.1,36.6,0.5,5.38
STU_01269,struggling,4,0.26,0.0,0.0,0.0,52.8,35.5,47.1,16.5,23.3,5.05,7,7,0,7,19.1,3.9,34.5,9.7,31.8,14.0,0.38,0.0
STU_01270,average,3,3.88,3.84,4.21,-0.37,78.4,60.3,52.4,57.1,26.2,5.41,6,1,0,5,42.6,25.9,54.3,8.7,43.3,42.3,0.25,0.95
STU_01271,below_avg,5,2.18,4.56,0.0,4.56,73.2,40.2,52.0,44.8,23.3,6.39,4,1,0,3,45.9,33.9,59.7,9.2,39.8,52.0,0.5,2.88
STU_01272,above_avg,6,3.12,4.62,1.22,3.4,69.7,96.3,72.4,83.0,30.7,4.97,4,1,3,1,71.1,39.9,93.2,19.5,81.6,39.9,0.62,7.83
STU_01273,average,5,2.1,0.67,3.64,-2.97,78.5,75.1,53.6,43.1,9.1,7.8,4,3,0,3,31.9,13.3,51.2,13.9,43.9,20.0,0.5,0.88
STU_01274,above_avg,6,5.88,5.0,7.67,-2.67,77.1,74.9,40.5,70.4,36.5,5.68,4,0,0,2,56.6,41.3,69.0,11.7,61.7,41.3,0.62,4.67
STU_01275,average,6,3.28,4.88,1.44,3.44,81.4,58.9,40.2,48.9,11.3,7.04,4,0,0,2,50.9,42.4,60.5,7.6,53.7,42.4,0.62,8.83
STU_01276,below_avg,4,0.92,0.32,1.58,-1.26,49.6,49.2,32.5,31.4,5.0,7.29,7,6,0,6,25.4,2.9,66.3,19.3,42.6,18.5,0.38,0.44
STU_01277,struggling,6,0.0,0.0,0.0,0.0,49.3,25.8,26.6,41.7,26.9,4.0,4,4,0,4,28.6,19.7,36.2,7.0,31.5,19.7,0.62,0.0
STU_01278,average,5,0.58,0.56,0.23,0.33,66.6,18.2,53.7,33.0,41.0,6.69,4,3,0,4,27.0,13.8,49.5,13.5,31.6,22.4,0.5,2.12
STU_01279,struggling,4,1.22,0.91,1.21,-0.3,51.3,31.6,26.6,17.2,0.0,6.84,7,6,0,7,21.9,2.0,47.2,16.0,27.3,19.7,0.38,0.0
STU_01280,above_avg,6,2.83,4.88,1.56,3.32,76.8,73.8,60.2,73.9,61.8,5.67,4,0,0,2,52.2,44.3,62.3,7.0,54.9,44.3,0.62,6.67
STU_01281,average,3,4.48,1.79,7.21,-5.42,75.6,59.9,61.6,35.5,34.9,6.73,6,3,0,4,39.7,17.1,59.8,14.4,56.9,31.1,0.25,0.45
STU_01282,above_avg,4,5.06,6.77,4.37,2.4,83.7,100.0,62.1,37.2,51.0,6.5,7,0,2,0,65.6,53.9,75.1,7.5,73.5,62.4,0.38,9.0
STU_01283,topper,6,9.57,10.0,9.56,0.44,97.4,100.0,80.8,78.7,66.0,5.61,4,0,4,0,90.3,85.9,99.3,5.5,90.4,90.2,0.62,10.0
STU_01284,below_avg,4,0.62,0.23,0.95,-0.72,69.6,24.2,53.7,38.1,47.6,6.46,7,6,0,7,20.2,3.8,47.1,13.4,27.2,17.4,0.38,0.0
STU_01285,strong,3,7.82,7.89,7.42,0.47,92.0,67.5,89.2,73.9,33.1,5.93,6,0,3,0,70.8,54.1,93.9,14.3,72.3,70.0,0.25,9.45
STU_01286,average,4,4.06,4.27,3.47,0.8,62.0,73.4,59.9,69.9,33.9,7.13,7,1,1,4,47.0,15.5,77.8,17.5,62.9,40.6,0.38,3.22
STU_01287,above_avg,6,4.29,4.88,3.11,1.77,73.9,61.0,56.3,80.3,4.7,5.21,4,0,0,2,52.7,40.5,69.3,10.5,56.7,40.5,0.62,7.33
STU_01288,average,3,1.36,2.53,0.0,2.53,65.2,52.3,47.6,68.7,0.0,4.92,6,3,0,5,38.1,22.4,56.8,12.1,46.1,34.1,0.25,4.5
STU_01289,average,5,1.72,0.56,2.27,-1.71,76.9,52.7,38.7,51.5,58.3,5.67,4,3,0,4,35.2,27.0,49.4,9.0,43.1,27.4,0.5,5.0
STU_01290,average,5,3.53,4.89,1.18,3.71,83.9,59.6,37.6,75.0,1.1,7.86,4,0,0,2,49.5,44.5,56.0,4.9,50.2,48.7,0.5,6.88
STU_01291,average,6,1.78,2.88,0.56,2.32,68.0,67.2,40.3,62.8,38.1,5.92,4,1,1,3,43.5,5.3,71.4,23.9,56.3,5.3,0.62,1.83
STU_01292,below_avg,4,0.16,0.0,0.74,-0.74,54.2,22.7,26.0,38.7,39.0,7.03,7,7,0,7,13.3,2.0,27.1,9.9,19.4,10.8,0.38,0.67
STU_01293,above_avg,6,5.25,5.25,6.33,-1.08,81.4,50.6,35.0,68.2,69.9,6.72,4,0,0,1,56.8,41.9,69.0,10.5,61.8,41.9,0.62,5.83
STU_01294,above_avg,4,7.14,7.05,7.0,0.05,79.7,90.1,74.8,85.4,41.1,6.04,7,0,2,0,64.7,53.1,83.1,10.8,66.1,64.1,0.38,7.89
STU_01295,below_avg,7,1.18,0.83,1.75,-0.92,51.3,21.9,40.1,42.2,0.0,6.02,3,2,0,3,31.1,22.1,45.1,10.0,35.6,22.1,0.75,0.0
STU_01296,average,5,5.15,3.33,6.59,-3.26,73.2,75.6,51.4,50.1,34.5,6.46,4,1,1,2,49.8,22.0,76.2,19.4,65.5,34.0,0.5,0.75
STU_01297,failing,4,0.46,0.0,0.0,0.0,24.1,18.0,25.0,25.5,13.0,5.97,7,7,0,7,7.8,2.0,19.7,7.3,18.7,3.4,0.38,0.0
STU_01298,average,3,0.63,0.0,1.16,-1.16,65.6,48.7,44.4,62.5,19.8,5.57,6,6,0,6,26.4,4.6,39.9,11.9,37.5,20.9,0.25,1.45
STU_01299,above_avg,5,3.2,1.33,4.55,-3.22,81.3,72.3,67.9,33.3,26.2,6.37,4,2,0,2,45.9,33.9,59.1,9.9,55.2,36.6,0.5,5.62
STU_01300,above_avg,5,3.82,4.89,2.91,1.98,84.8,66.7,61.7,66.6,92.3,5.11,4,0,0,2,50.9,41.2,57.2,6.5,56.9,44.9,0.5,3.38
STU_01301,average,3,4.01,3.74,4.68,-0.94,78.8,56.7,40.0,64.0,33.1,6.73,6,1,0,4,45.8,30.4,63.1,10.0,56.7,40.4,0.25,6.86
STU_01302,average,3,0.94,0.74,1.05,-0.31,70.7,29.5,55.7,45.6,0.0,6.81,6,4,0,5,39.1,30.8,53.4,7.1,47.1,35.0,0.25,1.18
STU_01303,above_avg,6,6.14,6.38,6.0,0.38,72.2,63.2,61.9,55.2,82.2,6.14,4,0,0,0,57.7,50.6,66.4,6.4,60.0,50.6,0.62,8.0
STU_01304,struggling,7,0.92,0.0,2.0,-2.0,44.9,31.7,15.7,28.9,0.0,6.09,3,3,0,3,16.1,2.0,31.4,12.0,23.1,2.0,0.75,0.0
STU_01305,below_avg,5,0.99,1.67,0.0,1.67,60.4,15.1,33.8,67.7,38.0,5.58,4,3,0,4,25.6,9.3,47.0,14.2,23.0,28.1,0.5,1.25
STU_01306,above_avg,5,2.61,3.33,2.27,1.06,87.7,69.7,70.0,31.6,16.9,4.55,4,1,1,2,50.0,18.5,76.9,21.0,66.9,33.0,0.5,7.5
STU_01307,above_avg,3,4.42,5.68,2.68,3.0,79.8,67.6,68.4,43.8,19.0,5.45,6,0,0,2,56.1,42.2,67.8,9.0,63.5,52.5,0.25,5.32
STU_01308,above_avg,6,3.43,6.38,1.89,4.49,72.9,38.1,42.4,42.7,53.4,6.6,4,0,0,1,54.9,42.7,61.9,7.5,53.1,60.1,0.62,6.67
STU_01309,failing,3,0.0,0.0,0.0,0.0,13.3,0.0,12.2,27.1,6.0,6.41,6,6,0,6,2.4,2.0,4.2,0.8,2.0,2.5,0.25,0.0
STU_01310,average,4,1.91,0.55,2.37,-1.82,63.8,57.5,72.4,35.0,32.9,5.97,7,5,0,5,35.5,20.4,58.5,14.3,57.4,26.8,0.38,0.0
STU_01311,average,5,0.41,0.44,0.18,0.26,89.9,35.3,52.9,15.6,38.0,4.19,4,3,0,4,34.1,28.8,41.5,4.6,37.5,30.7,0.5,4.62
STU_01312,average,6,1.85,1.5,2.56,-1.06,55.3,58.7,60.7,37.0,18.4,7.02,4,2,0,4,40.6,37.8,43.3,2.6,41.4,38.2,0.62,6.0
STU_01313,strong,4,6.66,7.5,5.89,1.61,81.4,84.8,54.8,64.2,51.2,5.37,7,0,3,0,69.0,60.4,79.6,7.3,75.7,66.3,0.38,6.22
STU_01314,average,4,1.21,0.0,2.0,-2.0,70.9,33.6,46.7,53.2,5.4,6.65,7,7,0,7,16.2,2.0,34.3,10.4,29.3,10.9,0.38,0.0
STU_01315,average,7,4.06,5.67,2.75,2.92,70.6,45.0,48.4,52.4,49.3,4.98,3,0,0,1,51.3,41.0,57.0,7.3,48.4,57.0,0.75,7.67
STU_01316,above_avg,3,6.45,5.84,7.05,-1.21,81.1,64.4,63.9,68.8,45.5,6.47,6,1,2,1,63.1,37.5,76.9,12.9,70.8,59.2,0.25,6.95
STU_01317,strong,7,6.86,5.83,7.25,-1.42,97.3,64.4,50.2,82.6,42.0,6.4,3,0,1,1,61.8,47.7,74.3,10.9,68.8,47.7,0.75,6.33
STU_01318,average,4,2.47,2.18,2.74,-0.56,67.9,20.3,47.4,40.5,18.3,6.43,7,5,0,5,31.2,4.3,51.6,17.5,35.5,29.4,0.38,1.0
STU_01319,average,4,1.87,0.5,2.74,-2.24,65.4,46.6,40.2,60.3,23.5,7.18,7,5,0,6,37.1,25.4,54.5,9.6,51.5,31.4,0.38,2.22
STU_01320,strong,3,6.48,6.58,7.16,-0.58,85.5,78.2,65.7,64.5,43.1,7.34,6,0,0,0,62.9,54.9,68.8,5.2,67.3,60.7,0.25,7.5
STU_01321,topper,6,9.46,9.12,8.44,0.68,86.4,98.9,93.4,89.1,50.8,5.88,4,0,4,0,79.6,77.3,83.4,2.3,80.3,77.3,0.62,10.0
STU_01322,failing,3,0.0,0.0,0.0,0.0,33.2,20.7,36.1,24.3,21.3,6.91,6,6,0,6,4.5,2.0,13.9,4.3,9.4,2.0,0.25,0.0
STU_01323,average,3,1.27,1.79,0.42,1.37,77.5,59.3,43.0,56.2,40.5,6.79,6,3,0,4,36.3,20.3,52.8,13.2,52.2,28.4,0.25,4.59
STU_01324,above_avg,7,6.07,5.33,7.62,-2.29,83.6,66.9,56.3,62.8,83.2,6.42,3,0,0,1,49.8,45.9,53.2,3.0,51.7,45.9,0.75,5.83
STU_01325,average,5,4.3,3.78,5.0,-1.22,73.3,51.2,55.1,48.4,69.2,6.86,4,1,0,1,53.5,35.6,67.6,12.0,55.3,51.6,0.5,4.25
STU_01326,above_avg,4,6.12,5.23,7.05,-1.82,85.0,34.7,62.6,58.1,68.4,4.93,7,1,0,2,54.3,38.9,65.4,8.3,52.6,55.0,0.38,5.78
STU_01327,below_avg,3,0.62,1.21,0.0,1.21,60.7,53.7,41.0,67.0,38.8,4.64,6,4,0,5,35.0,14.6,66.9,16.3,50.6,27.2,0.25,1.14
STU_01328,average,3,4.42,3.84,4.32,-0.48,66.3,75.4,52.7,45.8,5.9,7.1,6,1,0,4,49.4,30.2,68.6,12.9,65.9,41.1,0.25,5.36
STU_01329,below_avg,3,0.0,0.0,0.0,0.0,68.2,28.9,18.1,42.0,43.4,6.68,6,6,0,6,14.5,2.0,28.3,9.9,11.2,16.1,0.25,0.27
STU_01330,below_avg,6,0.83,1.62,0.0,1.62,58.8,38.7,53.7,11.2,0.0,6.46,4,2,0,4,28.0,2.0,47.2,17.6,36.6,2.0,0.62,1.0
STU_01331,strong,4,6.8,6.68,8.63,-1.95,98.4,76.9,72.9,71.9,28.3,6.16,7,0,1,0,62.7,53.7,72.3,5.5,68.9,60.2,0.38,6.33
STU_01332,average,4,4.29,3.41,5.05,-1.64,78.2,59.6,64.4,71.7,49.3,5.77,7,3,0,4,46.9,31.4,62.4,10.9,48.8,46.1,0.38,5.0
STU_01333,above_avg,7,5.32,5.67,5.25,0.42,89.0,63.2,67.2,38.2,12.6,5.86,3,0,0,1,60.5,49.5,66.7,7.8,66.1,49.5,0.75,8.33
STU_01334,below_avg,3,1.7,1.11,1.05,0.06,58.9,45.3,65.3,62.3,24.7,5.08,6,4,0,4,36.1,2.0,63.5,21.6,62.5,22.9,0.25,4.32
STU_01335,average,3,2.49,2.63,1.58,1.05,76.2,59.5,42.5,27.3,24.5,6.97,6,3,0,5,40.8,23.8,66.4,14.6,53.2,34.6,0.25,2.5
STU_01336,above_avg,5,5.87,4.11,6.95,-2.84,81.8,75.0,40.0,51.0,47.3,7.51,4,1,0,1,47.8,20.5,64.9,16.5,58.2,37.2,0.5,4.62
STU_01337,above_avg,4,7.08,6.36,7.53,-1.17,87.8,86.8,55.1,71.3,0.0,6.48,7,0,2,2,62.2,43.5,78.8,12.2,73.7,57.7,0.38,1.78
STU_01338,struggling,4,0.0,0.0,0.0,0.0,46.3,26.8,38.0,30.8,31.8,6.72,7,7,0,7,14.8,2.5,24.7,7.8,20.4,12.5,0.38,0.0
STU_01339,below_avg,3,0.23,0.63,0.0,0.63,67.2,51.3,62.1,25.6,27.7,5.37,6,5,0,5,22.4,2.0,51.1,17.8,43.2,12.0,0.25,0.27
STU_01340,strong,4,8.04,7.68,9.58,-1.9,93.0,80.7,49.3,75.9,42.5,6.41,7,0,3,0,69.7,61.0,84.8,8.4,74.3,67.8,0.38,9.56
STU_01341,average,3,0.84,1.68,0.84,0.84,70.8,36.9,35.7,53.9,39.7,5.91,6,4,0,5,36.1,25.2,52.4,9.0,38.2,35.1,0.25,1.09
STU_01342,average,7,1.15,1.17,1.0,0.17,58.7,53.2,42.8,39.6,26.1,7.33,3,2,0,2,41.2,21.2,62.5,16.9,41.9,39.8,0.75,5.0
STU_01343,above_avg,4,6.22,5.45,6.95,-1.5,87.3,80.3,63.7,47.9,21.5,7.15,7,0,1,3,55.6,42.2,75.3,10.1,69.5,50.0,0.38,5.78
STU_01344,topper,4,9.87,9.36,10.0,-0.64,97.4,82.5,80.8,96.2,50.4,5.59,7,0,7,0,79.2,70.7,85.8,6.1,78.2,79.6,0.38,10.0
STU_01345,topper,3,10.0,9.79,10.0,-0.21,94.1,100.0,97.8,95.1,70.0,4.67,6,0,6,0,91.5,78.7,100.0,8.1,97.1,88.6,0.25,9.82
STU_01346,average,4,3.07,0.23,4.21,-3.98,63.8,36.3,43.6,47.2,14.7,6.62,7,6,0,7,27.9,16.5,46.2,9.6,40.3,23.0,0.38,0.0
STU_01347,strong,5,7.57,7.22,8.27,-1.05,91.1,100.0,80.6,70.7,30.3,4.46,4,0,2,0,73.4,56.7,88.8,11.8,83.8,63.0,0.5,8.75
STU_01348,above_avg,4,4.08,3.41,5.68,-2.27,82.5,47.1,57.3,50.0,32.7,6.33,7,3,0,4,46.9,29.0,66.6,14.0,53.0,44.5,0.38,6.22
STU_01349,average,4,1.24,0.27,2.11,-1.84,68.1,63.8,48.3,59.9,18.9,7.34,7,6,0,6,36.5,27.2,53.6,7.9,46.3,32.5,0.38,0.78
STU_01350,strong,7,6.42,6.33,6.25,0.08,78.6,79.7,60.4,84.4,37.1,5.67,3,0,1,0,61.5,55.2,71.3,7.0,64.6,55.2,0.75,6.67
STU_01351,topper,5,9.74,10.0,9.27,0.73,92.1,72.8,69.3,66.7,59.3,7.48,4,0,4,0,85.8,83.4,88.0,2.1,85.7,85.9,0.5,10.0
STU_01352,struggling,3,0.0,0.53,0.0,0.53,34.5,29.2,38.1,56.8,35.6,5.66,6,5,0,6,18.9,2.0,45.6,17.4,40.2,8.3,0.25,0.32
STU_01353,above_avg,5,4.06,4.11,3.45,0.66,73.9,72.2,83.1,49.3,8.8,6.52,4,1,0,1,51.9,32.8,66.7,12.2,60.4,43.3,0.5,6.62
STU_01354,struggling,7,0.62,0.0,1.25,-1.25,29.1,18.9,27.7,16.9,0.0,5.44,3,3,0,3,8.7,2.0,22.2,9.5,12.1,2.0,0.75,0.0
STU_01355,above_avg,3,5.59,4.32,5.95,-1.63,82.1,56.5,70.9,64.7,0.0,7.58,6,2,2,2,59.7,37.4,72.7,15.4,70.5,54.3,0.25,4.77
STU_01356,inconsistent,4,2.41,0.73,4.58,-3.85,83.6,36.0,43.9,38.5,36.3,6.2,7,6,0,7,24.9,2.0,43.7,13.7,32.9,21.7,0.38,0.0
STU_01357,struggling,5,0.08,0.0,0.0,0.0,25.3,26.4,43.3,17.0,46.7,4.78,4,4,0,4,11.4,2.0,21.5,9.4,11.8,11.0,0.5,0.5
STU_01358,above_avg,3,4.77,4.53,4.84,-0.31,71.8,53.4,45.7,45.5,65.9,5.22,6,1,0,2,49.4,23.4,58.4,12.1,58.0,45.1,0.25,3.0
STU_01359,above_avg,4,5.02,5.27,5.05,0.22,74.5,77.7,47.4,59.7,34.3,7.26,7,1,1,2,57.8,35.3,79.7,13.1,70.9,52.6,0.38,5.56
STU_01360,average,7,1.32,0.83,2.0,-1.17,77.8,60.6,42.2,10.8,48.3,7.49,3,2,0,3,39.0,28.5,49.7,8.7,44.2,28.5,0.75,1.83
STU_01361,average,3,1.96,0.21,2.74,-2.53,82.4,40.7,42.9,51.9,6.7,5.92,6,5,0,6,28.2,14.3,41.2,8.2,36.6,24.0,0.25,0.18
STU_01362,below_avg,5,0.29,0.56,0.0,0.56,70.6,41.3,20.6,54.5,19.3,5.89,4,3,0,4,30.2,13.0,48.7,12.6,39.4,21.1,0.5,2.5
STU_01363,average,5,1.76,3.0,1.18,1.82,65.2,80.3,54.0,50.1,0.0,5.25,4,1,1,2,48.5,16.9,78.6,22.5,67.8,29.3,0.5,3.62
STU_01364,above_avg,4,5.15,6.0,4.11,1.89,74.1,53.8,55.5,62.6,23.1,5.03,7,0,0,1,54.4,47.0,63.6,5.0,54.7,54.3,0.38,4.11
STU_01365,topper,4,10.0,10.0,10.0,0.0,92.8,100.0,100.0,73.3,55.9,5.93,7,0,7,0,91.0,81.7,100.0,5.1,97.0,88.6,0.38,10.0
STU_01366,average,5,0.99,0.44,0.73,-0.29,72.1,32.6,39.2,32.9,37.9,6.51,4,3,0,4,25.3,18.6,40.4,8.9,31.6,19.0,0.5,1.25
STU_01367,strong,6,7.01,6.25,7.44,-1.19,82.8,77.2,68.7,73.6,5.5,8.08,4,0,1,1,63.3,47.0,71.1,9.6,68.8,47.0,0.62,8.5
STU_01368,below_avg,6,0.44,0.0,0.0,0.0,50.4,25.8,31.2,24.4,0.0,4.64,4,4,0,4,30.4,27.9,34.8,2.7,31.0,28.6,0.62,0.67
STU_01369,topper,5,9.14,10.0,9.41,0.59,93.8,74.7,66.7,63.8,52.4,5.17,4,0,4,0,84.6,83.3,86.1,1.0,84.7,84.6,0.5,10.0
STU_01370,average,5,2.16,0.78,3.59,-2.81,66.3,47.1,53.1,66.7,0.0,5.31,4,3,0,3,34.0,22.4,63.9,17.3,43.1,24.9,0.5,5.0
STU_01371,below_avg,3,2.2,2.0,2.95,-0.95,52.8,53.7,35.3,33.7,87.6,4.68,6,3,0,5,37.9,9.2,66.7,17.4,54.2,29.8,0.25,0.18
STU_01372,average,5,2.91,4.11,3.18,0.93,66.8,44.8,28.5,70.0,36.6,4.95,4,1,0,4,42.5,33.5,48.3,5.9,40.9,44.0,0.5,2.75
STU_01373,strong,4,6.29,6.64,6.95,-0.31,88.8,52.2,37.2,51.3,30.9,6.49,7,0,2,1,61.9,48.9,75.3,8.9,62.1,61.8,0.38,6.11
STU_01374,average,5,2.05,0.67,3.5,-2.83,85.4,58.4,38.5,20.0,34.4,5.05,4,3,0,3,34.1,14.6,58.1,15.7,46.5,21.6,0.5,0.5
STU_01375,above_avg,5,6.9,7.0,6.27,0.73,77.5,61.3,48.6,47.4,14.8,6.05,4,0,2,0,64.6,50.7,72.8,9.1,67.5,61.8,0.5,8.0
STU_01376,below_avg,3,0.0,0.0,0.0,0.0,51.5,66.1,47.6,47.6,53.4,6.21,6,6,0,6,25.2,2.0,38.0,12.3,29.3,23.2,0.25,0.0
STU_01377,above_avg,3,5.15,4.79,6.0,-1.21,79.6,71.2,76.6,79.1,17.0,5.54,6,1,1,4,51.7,34.2,72.0,12.1,54.5,50.3,0.25,5.23
STU_01378,topper,3,9.67,9.37,10.0,-0.63,89.9,93.1,88.3,82.4,9.4,6.07,6,0,5,0,86.1,65.3,96.4,10.2,90.5,83.9,0.25,9.82
STU_01379,average,7,0.34,0.0,0.75,-0.75,61.5,55.8,34.0,44.1,12.7,5.29,3,3,0,3,28.5,9.9,38.5,13.2,37.9,9.9,0.75,1.0
STU_01380,struggling,4,0.77,0.0,0.74,-0.74,56.2,24.2,27.8,20.6,32.4,6.04,7,7,0,7,13.7,2.0,28.2,9.6,18.1,11.9,0.38,0.0
STU_01381,below_avg,3,0.12,0.42,0.42,0.0,66.6,27.7,41.3,64.3,24.9,6.32,6,5,0,6,25.9,13.7,43.8,10.7,35.8,20.9,0.25,1.14
STU_01382,strong,6,7.82,7.12,7.89,-0.77,89.0,94.9,66.3,64.4,34.5,5.05,4,0,2,0,75.0,58.8,100.0,15.2,80.5,58.8,0.62,8.67
STU_01383,strong,6,7.16,6.88,7.0,-0.12,90.1,89.8,65.2,48.9,7.8,6.75,4,0,3,1,71.0,48.4,86.5,14.0,78.6,48.4,0.62,8.67
STU_01384,average,5,0.43,0.44,0.27,0.17,74.9,38.2,53.8,55.9,20.3,6.28,4,3,0,4,29.3,9.9,41.0,11.7,36.9,21.8,0.5,1.25
STU_01385,above_avg,4,4.31,3.32,3.84,-0.52,77.4,88.5,43.8,43.6,22.1,6.09,7,2,0,4,46.8,33.8,64.5,10.0,59.2,41.9,0.38,3.78
STU_01386,strong,3,7.9,7.32,8.95,-1.63,84.5,88.0,51.4,69.9,27.2,5.92,6,0,3,0,67.9,54.1,84.8,10.2,77.3,63.2,0.25,8.68
STU_01387,average,4,1.87,2.45,1.74,0.71,68.4,45.2,55.6,41.4,20.5,5.3,7,4,0,4,39.0,15.3,59.1,16.8,42.1,37.8,0.38,3.78
STU_01388,strong,4,7.79,8.36,7.11,1.25,82.4,100.0,64.6,65.4,23.3,6.08,7,0,4,0,78.4,62.5,94.4,12.1,93.7,72.3,0.38,8.78
STU_01389,strong,3,7.15,7.58,6.47,1.11,97.9,82.8,78.1,68.2,51.4,5.73,6,0,4,0,69.9,53.6,83.1,9.9,80.0,64.8,0.25,8.68
STU_01390,strong,3,7.82,7.32,7.58,-0.26,93.8,73.3,70.2,64.7,16.8,6.91,6,0,2,0,68.5,56.1,80.8,9.3,74.7,65.4,0.25,8.27
STU_01391,average,4,5.11,4.0,6.47,-2.47,79.6,74.1,35.4,55.9,66.3,6.7,7,1,0,4,48.4,29.3,59.5,10.6,59.1,44.1,0.38,4.22
STU_01392,below_avg,5,0.13,0.0,0.0,0.0,56.8,38.5,31.4,26.2,26.9,6.35,4,4,0,4,26.2,11.2,34.1,9.1,30.6,21.9,0.5,1.5
STU_01393,above_avg,5,5.73,3.44,7.45,-4.01,73.4,57.3,44.4,82.6,20.3,6.56,4,1,0,1,49.5,33.1,62.3,10.5,57.1,41.9,0.5,2.88
STU_01394,topper,7,8.81,8.0,9.38,-1.38,99.2,92.3,86.0,67.9,43.7,5.46,3,0,2,0,79.1,66.5,85.7,8.9,85.4,66.5,0.75,9.67
STU_01395,average,3,3.0,2.37,2.84,-0.47,73.6,43.8,54.6,41.0,23.7,6.73,6,3,0,5,38.1,13.2,57.0,13.2,41.6,36.4,0.25,2.32
STU_01396,topper,5,10.0,10.0,10.0,0.0,94.2,98.9,77.3,72.1,61.9,8.1,4,0,4,0,95.5,84.2,100.0,6.6,92.1,98.8,0.5,10.0
STU_01397,average,5,0.8,0.0,2.45,-2.45,66.2,49.1,29.6,47.0,43.7,5.96,4,4,0,4,22.9,6.2,36.2,12.7,35.2,10.6,0.5,1.12
STU_01398,below_avg,3,0.0,0.0,0.42,-0.42,66.2,27.5,47.4,37.4,21.9,6.39,6,6,0,6,22.1,13.2,30.0,5.1,21.9,22.2,0.25,0.0
STU_01399,below_avg,7,0.09,0.0,0.0,0.0,55.7,34.4,15.0,0.8,10.3,6.01,3,3,0,3,21.5,2.0,37.4,14.7,31.3,2.0,0.75,0.0
STU_01400,above_avg,3,4.04,2.74,5.53,-2.79,82.8,53.5,20.4,68.8,38.0,6.17,6,2,0,5,41.8,29.4,52.1,8.5,48.3,38.5,0.25,1.36
STU_01401,average,3,2.8,3.32,1.68,1.64,64.4,58.1,41.5,32.1,35.7,5.32,6,1,0,6,41.9,31.3,47.6,5.2,46.7,39.6,0.25,3.36
STU_01402,topper,5,9.72,9.0,10.0,-1.0,91.8,86.3,80.5,100.0,11.9,5.48,4,0,3,0,82.4,64.2,94.3,11.7,92.5,72.2,0.5,10.0
STU_01403,above_avg,3,6.4,5.89,7.21,-1.32,75.0,61.0,69.3,43.4,58.2,5.01,6,0,1,1,54.2,40.4,72.7,10.0,56.5,53.1,0.25,4.64
STU_01404,strong,4,7.44,7.09,7.11,-0.02,90.0,84.0,79.7,55.5,48.6,6.03,7,0,4,0,66.8,51.9,74.8,8.2,73.8,64.0,0.38,7.78
STU_01405,below_avg,3,0.0,0.0,0.0,0.0,63.3,37.9,28.0,30.8,21.0,6.36,6,6,0,6,17.5,2.0,25.6,8.2,25.2,13.6,0.25,0.0
STU_01406,average,3,0.73,0.84,1.26,-0.42,76.6,25.8,37.1,57.7,58.5,6.78,6,5,0,6,28.9,16.3,40.4,8.8,24.2,31.3,0.25,2.0
STU_01407,inconsistent,4,1.97,0.0,3.95,-3.95,51.4,39.7,31.8,47.6,12.7,6.64,7,7,0,7,16.9,2.0,37.6,10.2,18.9,16.2,0.38,1.22
STU_01408,average,7,3.9,4.33,3.25,1.08,71.9,56.1,68.9,51.2,32.7,6.03,3,1,0,2,44.4,34.7,53.2,7.6,44.0,45.2,0.75,6.33
STU_01409,average,4,5.17,4.09,5.58,-1.49,78.8,42.8,46.1,54.9,52.0,5.07,7,1,0,6,46.1,33.8,61.5,7.9,48.4,45.1,0.38,0.67
STU_01410,average,4,1.16,1.45,1.95,-0.5,74.9,47.0,61.6,43.9,30.1,7.06,7,5,0,6,34.5,11.9,65.2,15.2,36.8,33.6,0.38,2.0
STU_01411,below_avg,3,1.88,0.79,2.21,-1.42,47.3,52.1,52.6,39.0,31.2,6.54,6,4,0,6,25.6,2.0,45.7,16.5,45.7,15.6,0.25,0.18
STU_01412,above_avg,6,3.3,4.88,1.0,3.88,77.8,61.5,61.9,68.3,26.2,6.75,4,0,0,2,50.4,40.6,58.4,7.7,53.7,40.6,0.62,10.0
STU_01413,below_avg,5,0.31,0.67,0.0,0.67,70.4,29.9,45.2,6.7,0.0,5.36,4,3,0,3,25.5,2.0,54.5,18.8,39.8,11.3,0.5,1.25
STU_01414,average,3,5.12,4.0,6.58,-2.58,81.8,54.2,79.0,38.5,47.9,6.51,6,2,1,3,51.4,30.7,74.3,14.1,56.5,48.9,0.25,0.59
STU_01415,struggling,7,0.24,0.0,0.0,0.0,27.6,18.9,24.9,58.1,24.2,6.52,3,3,0,3,17.0,10.2,20.6,4.8,15.4,20.3,0.75,0.67
STU_01416,below_avg,3,1.94,0.84,2.11,-1.27,68.7,49.0,23.0,29.3,42.5,7.33,6,4,0,5,37.0,23.5,50.9,10.5,50.2,30.4,0.25,0.5
STU_01417,below_avg,3,0.89,0.84,0.53,0.31,70.6,25.1,38.7,53.4,26.2,5.97,6,5,0,6,21.7,2.0,41.6,12.0,18.0,23.5,0.25,0.27
STU_01418,strong,5,7.11,6.78,7.0,-0.22,90.2,65.4,73.7,68.3,53.0,6.82,4,0,1,0,63.9,55.5,79.1,9.4,67.8,59.9,0.5,8.38
STU_01419,average,4,0.16,0.27,0.26,0.01,76.5,48.3,36.0,53.3,29.7,6.89,7,6,0,6,29.5,4.3,54.7,15.1,43.7,23.9,0.38,1.22
STU_01420,struggling,5,0.0,0.0,0.0,0.0,36.0,42.5,25.3,37.8,33.6,6.27,4,4,0,4,16.1,2.0,39.3,14.3,27.6,4.5,0.5,2.0
STU_01421,above_avg,3,4.07,2.79,4.95,-2.16,83.1,53.3,62.3,73.1,36.7,4.99,6,3,2,3,51.4,29.9,75.5,17.3,66.3,43.9,0.25,5.05
STU_01422,strong,4,8.84,8.82,8.21,0.61,86.5,80.0,57.5,59.8,14.8,4.71,7,0,6,0,78.0,66.9,88.9,7.0,76.5,78.6,0.38,10.0
STU_01423,below_avg,4,1.04,0.27,0.84,-0.57,43.8,45.8,64.5,36.7,29.4,7.58,7,6,0,6,18.2,2.0,57.4,17.5,39.2,9.8,0.38,0.0
STU_01424,strong,4,7.47,8.41,6.16,2.25,79.6,72.0,59.6,91.4,100.0,6.0,7,0,7,0,73.8,70.5,82.6,4.0,74.3,73.6,0.38,10.0
STU_01425,average,3,1.42,2.95,0.32,2.63,66.3,69.9,67.9,57.7,45.4,5.73,6,2,1,5,46.6,31.8,71.4,12.3,57.9,41.0,0.25,5.73
STU_01426,average,3,3.67,3.42,4.21,-0.79,75.2,63.4,58.0,46.4,35.1,7.29,6,2,0,3,49.1,23.1,63.8,15.5,63.7,41.9,0.25,4.05
STU_01427,average,6,4.08,4.12,4.56,-0.44,80.1,37.9,31.6,64.3,40.0,6.22,4,1,0,3,41.5,21.7,53.1,11.9,37.7,53.1,0.62,4.33
STU_01428,above_avg,4,6.6,6.36,5.37,0.99,74.2,80.3,60.4,47.8,51.9,6.6,7,1,3,1,65.5,37.9,82.7,14.6,71.2,63.3,0.38,7.0
STU_01429,failing,3,0.02,0.0,0.0,0.0,7.0,6.0,14.9,15.3,0.0,6.6,6,6,0,6,2.0,2.0,2.0,0.0,2.0,2.0,0.25,0.0
STU_01430,below_avg,4,0.17,0.0,0.0,0.0,61.5,40.8,34.9,41.3,7.6,7.11,7,7,0,7,18.3,2.0,35.6,12.1,33.9,12.1,0.38,0.0
STU_01431,average,7,4.32,5.5,2.5,3.0,67.8,61.3,43.2,57.5,53.7,6.05,3,0,0,2,49.1,44.4,56.4,5.2,45.4,56.4,0.75,5.33
STU_01432,average,4,2.87,2.86,3.37,-0.51,67.1,43.4,32.3,63.8,39.8,4.37,7,3,0,5,40.4,15.4,62.2,14.8,46.7,37.8,0.38,0.56
STU_01433,below_avg,4,0.0,0.0,0.0,0.0,60.7,37.4,26.4,20.8,5.2,4.06,7,7,0,7,26.2,11.8,37.8,8.8,33.1,23.4,0.38,0.0
STU_01434,average,3,3.27,2.89,3.0,-0.11,81.5,68.8,47.0,51.7,52.7,6.93,6,2,1,4,47.3,25.7,79.9,17.9,70.3,35.8,0.25,3.82
STU_01435,above_avg,5,4.18,4.78,3.55,1.23,72.9,72.5,50.3,66.7,55.4,6.04,4,1,1,1,59.1,39.3,70.5,11.9,67.9,50.3,0.5,8.0
STU_01436,average,5,2.71,1.11,4.36,-3.25,77.0,65.0,58.4,64.3,15.9,6.27,4,2,0,4,38.8,29.2,49.6,9.0,47.7,29.9,0.5,1.38
STU_01437,struggling,3,0.1,0.0,0.0,0.0,43.2,23.0,17.7,6.9,19.0,7.31,6,6,0,6,20.8,3.1,38.1,12.6,36.3,13.1,0.25,0.0
STU_01438,topper,3,9.93,10.0,10.0,0.0,94.8,100.0,80.5,100.0,46.8,5.78,6,0,6,0,91.8,83.1,99.8,6.1,91.4,91.9,0.25,10.0
STU_01439,average,5,1.89,1.0,2.86,-1.86,75.3,44.8,56.1,52.9,48.9,5.55,4,2,0,4,34.2,21.7,47.7,10.6,44.5,24.0,0.5,2.25
STU_01440,strong,6,6.84,6.5,6.78,-0.28,86.5,73.1,74.9,53.8,31.9,6.53,4,0,3,1,67.4,41.1,85.0,16.1,76.2,41.1,0.62,8.0
STU_01441,improving,3,4.74,6.0,3.21,2.79,75.6,71.8,76.4,52.1,52.5,8.5,6,0,2,2,59.4,40.9,74.1,12.4,68.2,54.9,0.25,6.09
STU_01442,below_avg,3,0.6,0.53,0.0,0.53,59.8,37.3,44.4,36.7,33.3,6.48,6,5,0,6,28.0,2.4,49.8,14.6,43.1,20.4,0.25,0.91
STU_01443,strong,5,7.84,7.78,7.91,-0.13,85.1,85.4,58.2,92.7,76.7,6.8,4,0,3,0,80.4,57.6,99.2,16.8,96.3,64.5,0.5,9.38
STU_01444,below_avg,5,1.51,0.56,3.0,-2.44,57.1,43.5,49.8,32.7,26.3,7.04,4,3,0,4,33.5,20.5,45.6,9.0,40.7,26.4,0.5,1.75
STU_01445,strong,5,7.33,9.22,5.82,3.4,88.7,77.6,62.3,69.0,50.8,7.87,4,0,4,0,75.4,70.9,80.5,3.4,73.0,77.8,0.5,8.5
STU_01446,below_avg,7,0.0,0.0,0.5,-0.5,40.5,48.2,56.7,51.6,60.4,5.94,3,3,0,3,23.6,2.0,36.1,15.3,34.4,2.0,0.75,0.0
STU_01447,average,3,0.03,0.63,0.21,0.42,82.6,38.3,50.4,44.7,31.5,6.44,6,5,0,5,35.7,22.2,53.9,9.9,46.3,30.3,0.25,1.27
STU_01448,average,4,3.6,4.36,2.95,1.41,62.2,52.4,61.4,79.8,27.1,6.09,7,2,1,3,52.9,23.4,71.4,16.5,57.0,51.3,0.38,4.89
STU_01449,above_avg,3,4.74,3.58,6.32,-2.74,77.4,74.8,55.4,71.9,19.9,6.85,6,2,1,3,52.2,34.5,74.0,13.8,66.5,45.0,0.25,6.32
STU_01450,above_avg,4,5.82,6.45,5.26,1.19,74.0,63.8,51.3,69.2,29.1,5.37,7,0,0,1,60.6,47.8,69.6,7.5,64.8,58.9,0.38,7.11
STU_01451,average,5,2.16,1.11,2.95,-1.84,64.3,64.5,48.0,50.4,40.9,6.22,4,2,0,3,40.9,22.1,57.8,12.8,51.2,30.5,0.5,2.75
STU_01452,below_avg,4,1.22,0.0,2.0,-2.0,57.2,18.3,54.4,46.3,35.6,4.93,7,7,0,7,20.2,2.0,30.8,10.5,24.6,18.4,0.38,0.0
STU_01453,below_avg,7,0.46,0.0,0.0,0.0,52.7,27.0,34.6,41.6,16.9,5.57,3,3,0,3,25.2,13.4,37.8,10.0,25.6,24.5,0.75,0.0
STU_01454,topper,6,8.34,8.88,8.67,0.21,95.3,84.6,73.2,85.7,28.6,5.46,4,0,4,0,79.2,72.2,84.5,4.8,81.6,72.2,0.62,10.0
STU_01455,average,4,4.13,3.59,3.53,0.06,75.7,43.7,28.5,61.4,12.0,5.93,7,2,0,5,46.2,23.3,65.7,13.7,52.6,43.6,0.38,4.11
STU_01456,failing,4,0.0,0.0,0.0,0.0,32.9,5.6,23.8,37.8,0.0,5.71,7,7,0,7,2.6,2.0,5.1,1.1,3.5,2.3,0.38,0.0
STU_01457,above_avg,4,4.81,6.09,4.58,1.51,83.0,78.6,66.3,38.8,60.8,5.53,7,0,2,2,56.9,41.1,82.8,14.3,62.1,54.8,0.38,7.0
STU_01458,topper,3,9.9,9.79,10.0,-0.21,99.8,90.8,100.0,42.0,1.8,6.01,6,0,6,0,88.0,78.2,98.4,6.3,88.6,87.7,0.25,10.0
STU_01459,improving,4,3.1,4.09,2.21,1.88,95.3,48.7,68.6,54.8,22.9,6.75,7,2,0,4,46.6,36.6,54.5,7.3,46.0,46.8,0.38,1.78
STU_01460,average,4,4.86,4.36,5.42,-1.06,81.3,45.6,38.7,41.5,74.9,5.72,7,1,0,4,47.6,26.7,60.9,10.5,54.6,44.8,0.38,3.67
STU_01461,average,4,0.95,1.18,0.42,0.76,70.3,49.3,47.8,36.0,0.0,7.34,7,5,0,6,31.1,13.4,57.4,15.7,42.7,26.4,0.38,0.0
STU_01462,failing,5,0.0,0.0,0.0,0.0,37.0,21.3,3.7,60.4,0.0,6.04,4,4,0,4,10.7,2.0,28.7,10.9,19.3,2.0,0.5,0.0
STU_01463,struggling,4,0.2,0.45,0.95,-0.5,31.8,56.0,29.6,21.3,14.5,6.42,7,5,0,6,21.3,3.7,52.1,18.3,48.5,10.4,0.38,0.0
STU_01464,below_avg,5,0.48,0.0,0.0,0.0,70.9,31.3,10.7,14.0,43.5,6.13,4,4,0,4,25.3,9.9,39.9,10.8,31.5,19.1,0.5,1.5
STU_01465,topper,5,8.58,8.22,9.09,-0.87,93.8,81.8,64.6,78.0,32.7,5.41,4,0,3,0,77.5,67.3,87.5,7.1,82.5,72.4,0.5,10.0
STU_01466,above_avg,5,5.75,7.0,4.27,2.73,83.0,76.7,56.4,59.6,66.6,7.22,4,0,2,0,69.2,58.6,81.5,9.1,77.9,60.5,0.5,7.62
STU_01467,struggling,3,0.02,0.0,0.0,0.0,44.9,17.7,33.1,31.0,28.7,5.35,6,6,0,6,10.2,2.0,29.3,9.9,8.0,11.4,0.25,1.14
STU_01468,below_avg,7,1.98,2.0,1.12,0.88,64.0,69.2,54.7,25.7,10.0,5.99,3,1,0,1,43.1,25.1,53.0,12.8,52.1,25.1,0.75,1.83
STU_01469,average,6,1.25,2.12,1.56,0.56,74.2,60.2,50.5,67.4,39.0,6.62,4,2,0,3,39.2,18.6,53.7,13.2,46.0,18.6,0.62,4.83
STU_01470,below_avg,3,0.23,0.0,0.0,0.0,65.7,16.8,44.8,33.8,53.0,5.56,6,6,0,6,14.6,2.1,35.7,10.7,16.0,13.9,0.25,0.32
STU_01471,average,3,2.87,2.63,2.95,-0.32,74.3,56.4,33.7,65.4,9.5,7.96,6,2,0,6,39.5,21.2,47.2,8.9,45.4,36.6,0.25,1.68
STU_01472,below_avg,7,1.51,1.17,1.5,-0.33,53.4,53.5,29.7,49.3,14.1,5.83,3,2,0,2,38.5,12.9,63.9,20.8,51.3,12.9,0.75,0.0
STU_01473,below_avg,3,0.46,0.84,0.0,0.84,67.8,47.6,27.1,37.7,47.8,4.0,6,5,0,6,34.2,16.6,41.8,8.3,38.5,32.1,0.25,1.0
STU_01474,average,4,4.6,5.0,4.0,1.0,64.8,47.7,57.0,59.5,29.0,6.34,7,0,0,4,47.7,42.3,52.8,4.1,47.6,47.7,0.38,5.22
STU_01475,average,4,1.6,2.23,1.26,0.97,76.7,68.5,50.9,76.0,21.7,6.41,7,3,0,5,43.0,22.7,63.9,12.4,58.0,37.0,0.38,4.11
STU_01476,strong,3,6.73,7.05,5.63,1.42,88.5,87.8,56.2,70.5,46.3,5.87,6,0,2,0,62.8,51.2,81.2,12.0,69.5,59.4,0.25,7.5
STU_01477,average,5,1.36,2.0,1.64,0.36,62.5,43.6,44.1,55.3,38.0,6.31,4,2,0,3,39.9,28.6,55.3,9.9,45.0,34.9,0.5,0.0
STU_01478,strong,5,7.15,8.0,6.82,1.18,96.2,78.1,66.9,59.4,16.0,6.78,4,0,3,0,78.3,61.7,91.7,12.1,89.8,66.8,0.5,9.5
STU_01479,struggling,3,1.1,0.21,2.0,-1.79,34.1,36.1,21.5,56.6,40.6,6.67,6,5,0,6,27.8,11.2,43.3,10.1,31.6,26.0,0.25,1.64
STU_01480,above_avg,3,4.38,4.53,3.05,1.48,87.4,59.8,60.5,59.0,48.4,6.65,6,0,0,4,46.8,40.7,54.5,5.4,54.0,43.2,0.25,4.86
STU_01481,average,3,2.59,2.42,1.68,0.74,82.5,45.9,57.3,59.4,22.7,7.7,6,3,0,6,38.7,26.9,47.7,7.8,42.5,36.9,0.25,4.36
STU_01482,below_avg,3,0.55,0.84,0.53,0.31,65.6,15.1,29.5,49.4,13.8,5.7,6,5,0,6,19.3,2.0,44.0,14.7,17.3,20.4,0.25,0.23
STU_01483,above_avg,3,6.19,6.16,5.37,0.79,72.5,73.0,90.5,74.3,18.5,5.23,6,0,0,1,56.6,49.7,64.8,6.8,64.4,52.7,0.25,6.14
STU_01484,struggling,4,0.39,0.0,0.32,-0.32,40.3,17.7,31.5,0.0,0.6,6.68,7,7,0,7,11.3,2.0,30.2,9.8,16.1,9.4,0.38,0.0
STU_01485,average,7,0.33,1.0,0.0,1.0,68.8,60.6,72.4,36.9,7.0,5.65,3,2,0,2,39.3,23.3,58.3,14.4,47.3,23.3,0.75,2.83
STU_01486,average,3,0.84,0.84,0.95,-0.11,76.6,41.2,58.4,27.6,9.2,4.8,6,4,0,5,31.7,12.8,54.9,15.0,49.1,23.1,0.25,2.27
STU_01487,average,3,2.02,3.79,0.0,3.79,81.3,44.6,41.5,59.0,0.0,5.94,6,2,0,4,44.2,28.5,66.6,12.1,39.6,46.5,0.25,4.55
STU_01488,failing,6,0.0,0.0,0.0,0.0,26.0,5.7,19.0,24.5,44.6,6.53,4,4,0,4,2.9,2.0,5.4,1.5,3.1,2.0,0.62,0.0
STU_01489,strong,4,7.68,7.86,7.63,0.23,82.0,52.9,76.2,28.6,22.7,4.71,7,0,4,0,71.9,56.3,86.5,9.1,76.6,70.0,0.38,6.89
STU_01490,average,3,0.92,0.95,2.21,-1.26,67.5,67.8,49.8,39.7,41.1,5.87,6,4,0,4,39.5,17.5,56.0,12.5,54.0,32.2,0.25,0.73
STU_01491,strong,6,5.38,7.0,3.56,3.44,81.1,75.8,53.8,92.2,22.5,5.4,4,0,0,0,64.6,60.9,67.1,2.4,64.0,66.5,0.62,8.17
STU_01492,struggling,5,0.34,0.44,0.27,0.17,48.2,53.9,22.7,49.9,29.2,6.23,4,3,0,4,22.0,2.0,40.1,14.3,34.9,9.2,0.5,0.0
STU_01493,strong,3,7.9,7.95,8.16,-0.21,81.8,71.6,73.6,70.9,46.9,5.98,6,0,3,0,72.2,60.4,85.6,8.9,77.8,69.4,0.25,8.0
STU_01494,strong,4,5.18,4.64,5.63,-0.99,88.8,78.8,64.6,76.3,0.0,6.85,7,1,0,2,54.0,38.8,69.0,11.1,68.5,48.2,0.38,6.22
STU_01495,average,5,3.47,2.33,4.27,-1.94,74.8,42.9,36.5,57.3,50.4,5.91,4,2,0,3,41.5,30.5,53.0,8.4,45.1,37.9,0.5,5.88
STU_01496,below_avg,5,1.19,3.22,0.27,2.95,68.9,41.2,36.1,43.8,38.4,6.54,4,2,0,3,35.3,7.7,54.9,18.4,28.1,42.5,0.5,0.62
STU_01497,strong,5,7.57,6.78,7.68,-0.9,84.0,82.6,73.2,82.5,12.7,6.01,4,0,1,0,66.3,58.2,78.0,7.3,70.6,62.1,0.5,8.0
STU_01498,below_avg,5,0.0,0.44,0.0,0.44,59.1,39.3,31.9,81.4,42.5,6.47,4,3,0,4,17.8,5.0,41.5,14.0,26.2,9.3,0.5,2.0
STU_01499,average,3,1.55,1.95,1.11,0.84,83.1,37.8,41.4,55.2,28.5,5.99,6,3,0,5,37.6,24.4,50.1,9.8,43.8,34.6,0.25,3.41
STU_01500,struggling,3,0.0,0.0,0.42,-0.42,40.7,12.6,21.7,34.5,8.9,6.18,6,6,0,6,11.9,2.0,25.9,10.7,7.9,13.9,0.25,0.0
STU_01501,average,5,5.3,5.22,5.59,-0.37,62.1,67.8,49.4,44.9,29.0,6.26,4,0,1,2,55.2,42.6,80.0,14.8,66.3,44.0,0.5,5.62
STU_01502,strong,4,7.31,7.64,7.11,0.53,90.1,84.9,44.2,56.1,29.3,5.66,7,0,4,0,71.1,66.0,78.7,4.1,72.0,70.7,0.38,9.67
STU_01503,above_avg,3,6.44,5.95,6.58,-0.63,75.7,55.5,66.4,44.1,53.8,5.45,6,0,0,2,57.1,44.3,66.7,8.8,58.2,56.5,0.25,4.77
STU_01504,above_avg,3,6.21,5.47,7.26,-1.79,82.8,62.6,64.9,83.9,14.4,6.66,6,0,0,2,50.6,43.3,61.2,5.5,56.4,47.8,0.25,5.45
STU_01505,below_avg,4,1.84,1.32,1.79,-0.47,69.4,78.0,38.6,58.6,32.7,6.68,7,4,1,6,37.3,18.5,73.3,17.5,59.3,28.5,0.38,4.0
STU_01506,average,4,4.24,5.32,4.16,1.16,78.6,67.0,37.0,65.3,32.9,6.0,7,0,0,4,50.0,43.1,61.5,6.9,45.0,52.1,0.38,4.67
STU_01507,average,5,1.71,1.56,1.64,-0.08,73.6,68.2,14.0,27.3,9.4,6.91,4,2,1,2,38.5,4.8,74.1,26.8,63.4,13.6,0.5,3.25
STU_01508,struggling,4,0.0,0.0,0.0,0.0,41.3,14.2,30.4,49.9,22.6,5.61,7,7,0,7,7.2,2.0,16.9,6.1,3.0,8.8,0.38,0.0
STU_01509,struggling,3,0.79,1.05,0.0,1.05,37.9,39.7,30.8,53.5,28.8,6.33,6,5,0,6,17.7,2.0,46.0,15.5,15.2,19.0,0.25,0.73
STU_01510,average,5,2.27,2.78,3.18,-0.4,70.6,65.5,66.7,95.4,22.6,4.93,4,1,0,2,51.8,38.7,68.3,11.9,63.0,40.6,0.5,4.75
STU_01511,average,5,4.88,4.78,4.77,0.01,66.8,61.2,49.9,51.8,47.2,6.73,4,1,1,1,53.5,21.4,70.5,18.9,66.2,40.8,0.5,2.88
STU_01512,average,4,1.76,1.36,2.63,-1.27,71.5,73.0,57.7,16.5,0.0,5.99,7,4,0,6,34.6,10.8,51.2,13.2,48.0,29.2,0.38,2.67
STU_01513,average,4,2.0,0.73,3.26,-2.53,72.9,35.9,44.3,11.1,12.4,6.48,7,6,0,7,33.6,25.8,43.8,5.8,32.9,33.9,0.38,0.0
STU_01514,strong,6,7.79,8.62,6.11,2.51,92.7,87.3,43.4,56.4,0.0,6.28,4,0,3,0,77.1,66.7,89.1,8.3,76.3,79.6,0.62,10.0
STU_01515,average,5,2.92,3.22,1.64,1.58,66.7,46.0,58.0,37.4,59.9,5.94,4,1,0,4,40.8,29.2,47.1,7.1,44.0,37.6,0.5,5.5
STU_01516,strong,7,7.85,7.67,8.5,-0.83,80.9,99.1,61.1,60.4,34.7,6.24,3,0,2,0,72.1,60.8,80.8,8.4,77.7,60.8,0.75,6.67
STU_01517,topper,4,9.41,8.73,9.58,-0.85,93.4,100.0,57.8,94.5,42.8,4.84,7,0,5,0,80.8,67.2,95.1,9.7,89.8,77.2,0.38,9.11
STU_01518,below_avg,3,2.77,0.74,3.63,-2.89,55.1,48.7,19.4,36.0,30.7,6.23,6,4,0,6,24.7,2.0,48.0,16.3,44.5,14.8,0.25,0.0
STU_01519,strong,4,7.68,7.59,8.32,-0.73,86.5,100.0,80.7,72.0,13.0,7.59,7,0,3,0,71.9,54.1,92.5,12.4,81.2,68.2,0.38,9.11
STU_01520,strong,3,5.67,6.42,4.63,1.79,89.4,71.3,69.4,56.2,42.7,6.51,6,0,1,0,61.1,50.3,71.0,6.7,69.0,57.1,0.25,9.09
STU_01521,above_avg,5,3.42,3.33,3.27,0.06,72.9,70.2,47.3,67.1,22.7,7.82,4,1,0,2,51.1,33.9,65.4,13.1,63.8,38.4,0.5,6.75
STU_01522,strong,4,5.87,5.95,5.16,0.79,82.1,78.6,69.1,64.0,38.7,5.38,7,0,1,2,58.8,45.3,72.2,10.0,70.0,54.4,0.38,8.22
STU_01523,below_avg,4,0.97,1.64,0.26,1.38,61.3,45.3,52.7,38.3,8.7,6.41,7,5,0,7,25.7,8.1,47.3,13.5,18.9,28.4,0.38,1.67
STU_01524,struggling,5,0.31,0.0,0.0,0.0,42.6,25.5,38.2,27.6,13.7,6.57,4,4,0,4,18.7,2.0,32.1,11.8,29.6,7.8,0.5,1.0
STU_01525,topper,5,9.51,10.0,10.0,0.0,95.9,100.0,91.8,53.5,71.5,7.23,4,0,4,0,98.4,96.8,100.0,1.6,100.0,96.8,0.5,10.0
STU_01526,strong,3,7.35,7.79,6.63,1.16,80.5,79.4,73.5,67.3,34.1,5.23,6,0,4,1,70.0,47.6,86.3,14.0,79.4,65.2,0.25,6.77
STU_01527,above_avg,7,5.98,6.33,6.38,-0.05,75.7,69.8,67.1,41.2,61.6,5.52,3,0,1,0,61.1,53.8,70.2,6.8,62.0,59.3,0.75,8.5
STU_01528,average,6,3.7,2.25,5.44,-3.19,69.6,45.5,44.6,54.3,33.5,4.72,4,2,0,3,36.5,4.7,62.9,20.9,47.1,4.7,0.62,6.17
STU_01529,average,3,4.56,3.0,5.79,-2.79,60.4,55.4,56.1,58.8,50.8,5.58,6,2,0,4,40.8,16.1,54.0,13.3,50.2,36.1,0.25,2.23
STU_01530,average,3,2.82,3.26,1.47,1.79,67.4,45.9,19.1,60.2,27.8,4.84,6,3,1,4,48.0,30.0,76.5,14.9,46.0,49.0,0.25,2.45
STU_01531,above_avg,4,3.11,4.68,1.74,2.94,76.4,61.5,64.4,72.4,40.6,5.65,7,1,0,3,51.3,33.6,65.5,10.0,52.2,50.9,0.38,6.89
STU_01532,average,3,1.95,0.63,2.58,-1.95,74.4,56.4,48.5,58.5,10.4,7.82,6,5,0,5,32.0,17.2,51.9,11.1,40.0,28.0,0.25,0.36
STU_01533,below_avg,3,0.39,0.26,0.0,0.26,64.6,45.2,33.2,63.7,18.1,6.31,6,5,0,6,26.4,6.7,47.8,12.9,37.4,21.0,0.25,0.73
STU_01534,average,4,2.7,2.55,2.89,-0.34,66.3,72.4,59.4,24.4,22.5,7.03,7,3,0,4,43.7,20.2,59.1,12.8,54.7,39.3,0.38,4.56
STU_01535,topper,4,8.89,8.64,9.05,-0.41,93.4,66.1,71.2,65.0,19.5,6.11,7,0,6,0,77.9,68.6,98.0,9.3,77.0,78.3,0.38,7.89
STU_01536,above_avg,4,6.06,5.5,6.26,-0.76,87.2,75.3,59.8,33.3,41.1,5.8,7,0,0,2,53.5,40.8,65.8,8.9,60.0,50.8,0.38,6.89
STU_01537,average,5,1.18,0.44,1.32,-0.88,85.7,38.4,52.3,45.2,56.4,6.4,4,3,0,4,35.3,28.6,43.6,5.5,40.0,30.6,0.5,3.0
STU_01538,average,4,2.18,3.91,0.95,2.96,77.7,38.9,55.6,59.7,19.6,8.03,7,3,1,4,49.9,33.6,77.1,14.3,47.2,50.9,0.38,3.67
STU_01539,topper,3,9.39,9.37,10.0,-0.63,93.3,91.1,83.5,69.1,43.4,8.2,6,0,6,0,86.5,70.1,100.0,11.1,100.0,79.7,0.25,9.45
STU_01540,above_avg,5,6.81,6.67,6.64,0.03,76.2,68.1,41.3,74.4,41.4,5.87,4,0,1,0,62.8,55.6,70.7,6.0,63.2,62.5,0.5,6.62
STU_01541,topper,6,9.94,10.0,10.0,0.0,98.6,100.0,94.8,83.0,0.0,6.31,4,0,4,0,94.3,85.5,100.0,5.7,97.2,85.5,0.62,10.0
STU_01542,inconsistent,5,4.46,0.78,8.55,-7.77,72.0,47.1,52.9,52.8,68.6,6.45,4,3,0,3,32.5,16.0,69.7,21.8,44.0,20.9,0.5,2.88
STU_01543,average,5,0.36,0.67,0.55,0.12,65.5,31.4,54.5,47.5,44.8,4.22,4,3,0,3,34.9,23.9,56.7,12.8,44.0,25.8,0.5,6.38
STU_01544,average,3,3.62,3.89,2.89,1.0,79.6,49.0,29.2,37.5,11.2,6.24,6,1,0,4,46.6,36.8,53.1,6.0,53.0,43.3,0.25,2.64
STU_01545,topper,3,9.45,9.26,9.79,-0.53,93.6,92.4,86.0,95.4,1.4,5.86,6,0,6,0,80.8,75.8,93.9,6.1,86.0,78.2,0.25,9.64
STU_01546,struggling,4,1.02,0.18,0.42,-0.24,36.1,46.1,48.1,28.2,0.0,6.13,7,6,0,7,15.7,2.0,43.8,15.3,38.0,6.8,0.38,0.0
STU_01547,average,3,4.28,3.26,4.47,-1.21,76.5,66.2,46.5,65.8,41.9,5.58,6,2,0,3,47.9,35.9,56.1,8.4,56.0,43.9,0.25,1.36
STU_01548,strong,6,6.88,8.0,5.56,2.44,88.6,74.5,63.7,66.3,40.4,7.92,4,0,3,0,74.3,67.0,84.1,6.2,74.5,73.5,0.62,10.0
STU_01549,strong,4,6.8,6.5,7.05,-0.55,93.4,70.4,57.9,60.8,29.0,5.06,7,0,1,0,61.9,51.2,70.0,6.6,66.0,60.3,0.38,4.11
STU_01550,strong,3,5.85,6.84,5.63,1.21,79.3,69.7,65.1,78.8,67.5,4.81,6,0,2,1,63.8,47.6,74.0,8.6,67.0,62.2,0.25,8.0
STU_01551,above_avg,6,6.55,6.88,6.56,0.32,80.4,82.1,66.2,78.4,18.7,6.43,4,0,2,0,67.4,57.3,78.8,8.4,70.8,57.3,0.62,6.83
STU_01552,above_avg,4,4.36,5.18,2.95,2.23,89.0,90.9,71.7,13.8,25.3,6.58,7,1,2,2,60.1,39.9,78.8,13.7,77.4,53.1,0.38,9.56
STU_01553,average,4,1.59,1.09,2.16,-1.07,78.6,39.9,50.2,48.1,39.5,5.63,7,6,0,6,36.7,30.4,50.3,6.5,35.9,37.0,0.38,4.78
STU_01554,strong,3,6.3,7.95,4.68,3.27,97.6,82.6,86.5,54.7,33.3,7.18,6,0,3,0,71.4,57.5,80.2,7.9,73.8,70.2,0.25,9.45
STU_01555,average,5,3.12,2.78,3.09,-0.31,73.5,64.3,57.5,56.2,10.4,6.5,4,1,0,2,46.1,30.7,62.5,11.9,56.7,35.5,0.5,0.75
STU_01556,strong,5,6.87,7.33,6.23,1.1,95.8,87.4,97.0,56.3,41.6,6.22,4,0,1,0,71.5,65.9,81.8,6.1,73.8,69.2,0.5,10.0
STU_01557,average,5,0.7,1.22,0.91,0.31,83.8,44.4,27.8,63.2,11.3,6.29,4,2,0,3,35.8,2.0,62.9,22.0,53.0,18.5,0.5,2.62
STU_01558,struggling,3,0.0,0.0,0.0,0.0,23.9,17.8,26.2,37.5,2.2,5.34,6,6,0,6,7.3,2.0,24.7,7.9,3.8,9.1,0.25,0.0
STU_01559,struggling,7,0.09,0.0,0.0,0.0,40.7,13.1,19.4,28.9,29.2,5.93,3,3,0,3,16.7,4.3,35.0,13.2,7.5,35.0,0.75,0.0
STU_01560,below_avg,4,0.67,0.73,0.0,0.73,55.9,39.4,39.1,29.5,32.5,6.09,7,6,0,7,21.5,2.0,42.3,15.4,30.1,18.1,0.38,0.44
STU_01561,struggling,5,0.42,0.67,0.0,0.67,40.5,59.8,37.3,43.7,0.0,5.74,4,3,0,3,32.6,14.8,55.1,15.5,38.6,26.6,0.5,0.0
STU_01562,below_avg,3,0.0,0.0,0.37,-0.37,63.7,43.3,48.7,57.4,34.1,7.63,6,6,0,6,24.6,2.0,39.3,13.0,36.3,18.7,0.25,0.0
STU_01563,below_avg,3,1.04,0.63,2.21,-1.58,46.2,48.7,62.6,45.5,0.0,6.51,6,5,0,5,27.2,12.2,54.0,13.2,41.0,20.4,0.25,0.0
STU_01564,below_avg,7,0.03,0.0,0.62,-0.62,58.6,27.1,21.9,41.3,5.7,5.13,3,3,0,3,22.0,10.0,34.1,9.8,28.0,10.0,0.75,1.17
STU_01565,average,3,0.85,0.42,1.58,-1.16,85.4,38.2,25.2,49.7,34.1,7.3,6,5,0,6,29.9,15.8,42.2,8.5,39.1,25.3,0.25,1.27
STU_01566,strong,4,6.66,5.73,7.42,-1.69,87.3,61.7,78.3,65.8,38.3,6.0,7,1,3,2,62.6,36.9,86.9,16.7,76.8,57.0,0.38,8.11
STU_01567,inconsistent,4,6.57,5.55,7.58,-2.03,62.8,97.6,53.8,48.0,22.7,7.51,7,1,3,2,61.7,32.2,94.2,20.4,82.1,53.5,0.38,6.0
STU_01568,average,6,1.38,1.5,0.67,0.83,72.6,36.1,62.6,64.7,33.8,6.16,4,3,0,3,33.0,21.5,54.7,12.9,36.9,21.5,0.62,1.17
STU_01569,above_avg,4,4.39,4.64,4.74,-0.1,82.7,65.7,48.0,81.3,0.0,5.33,7,1,1,3,54.2,39.5,72.3,9.6,65.5,49.7,0.38,2.89
STU_01570,strong,3,7.43,6.74,8.84,-2.1,86.5,85.3,70.3,64.6,56.2,6.68,6,0,2,1,63.5,45.1,83.7,12.1,78.1,56.2,0.25,7.14
STU_01571,average,5,0.95,0.67,1.18,-0.51,67.9,65.4,48.9,50.2,14.8,5.92,4,3,0,3,33.2,15.6,58.8,16.0,42.1,24.3,0.5,1.38
STU_01572,average,4,0.99,1.27,1.47,-0.2,75.2,70.0,63.0,55.8,25.3,7.45,7,4,0,6,37.8,15.7,63.4,14.6,56.4,30.4,0.38,4.78
STU_01573,average,4,1.85,3.36,0.63,2.73,66.4,61.2,41.7,55.6,18.8,6.5,7,3,0,4,41.5,21.8,56.2,12.2,39.0,42.5,0.38,7.11
STU_01574,below_avg,7,1.21,0.67,1.88,-1.21,61.6,36.0,27.2,23.5,0.0,6.34,3,2,0,3,23.5,7.4,40.0,13.3,31.6,7.4,0.75,0.67
STU_01575,above_avg,7,7.1,7.83,6.5,1.33,74.1,79.4,77.0,49.8,30.8,5.8,3,0,2,0,71.0,67.7,73.2,2.4,70.0,73.2,0.75,7.33
STU_01576,average,6,4.17,5.0,3.44,1.56,76.1,50.3,38.9,44.5,33.5,5.73,4,0,0,3,45.5,42.2,53.1,4.4,43.0,53.1,0.62,2.0
STU_01577,above_avg,3,2.64,3.0,2.42,0.58,89.2,50.9,57.4,64.4,81.1,5.98,6,2,0,4,45.7,29.1,66.1,11.8,56.2,40.4,0.25,1.0
STU_01578,average,4,2.73,2.27,4.32,-2.05,70.3,71.0,62.5,67.0,28.6,4.6,7,3,1,5,44.1,19.6,71.5,15.1,62.4,36.7,0.38,3.11
STU_01579,below_avg,3,1.74,1.26,1.42,-0.16,66.9,23.0,46.7,27.9,60.2,7.12,6,4,0,6,30.2,2.0,44.9,14.6,31.9,29.3,0.25,0.0
STU_01580,improving,3,0.95,1.79,0.53,1.26,77.2,41.9,43.8,27.6,33.8,6.06,6,3,0,4,39.3,23.1,50.9,9.8,50.8,33.5,0.25,3.73
STU_01581,struggling,6,0.12,0.0,0.0,0.0,46.9,12.1,16.1,47.8,27.5,6.48,4,4,0,4,15.1,2.0,33.6,11.6,19.5,2.0,0.62,0.0
STU_01582,strong,3,8.29,8.47,8.53,-0.06,89.8,80.2,79.1,84.4,36.8,6.63,6,0,4,0,72.4,62.3,81.6,7.4,71.4,72.8,0.25,9.77
STU_01583,strong,4,8.84,8.55,8.26,0.29,87.7,100.0,83.5,90.4,17.1,6.38,7,0,5,0,82.3,60.7,100.0,14.7,97.2,76.3,0.38,8.67
STU_01584,below_avg,4,0.71,0.23,1.26,-1.03,65.5,34.7,60.3,57.4,39.5,5.85,7,6,0,7,24.8,10.5,48.3,13.2,42.0,17.9,0.38,1.22
STU_01585,below_avg,5,0.37,1.11,0.18,0.93,72.6,22.5,42.8,18.8,0.0,6.67,4,2,0,3,23.8,2.0,50.7,22.1,45.5,2.0,0.5,0.0
STU_01586,above_avg,4,6.02,5.5,6.21,-0.71,78.6,72.5,65.0,69.3,18.2,6.33,7,0,0,3,54.1,43.8,63.4,7.1,60.0,51.7,0.38,7.33
STU_01587,average,4,0.33,0.27,0.32,-0.05,67.5,55.9,47.2,46.6,8.8,6.19,7,6,0,6,31.7,15.2,56.5,12.9,44.0,26.8,0.38,2.22
STU_01588,average,4,2.39,1.23,3.32,-2.09,60.4,55.3,60.8,42.8,35.1,5.19,7,4,0,6,35.0,18.8,56.7,13.0,51.5,28.4,0.38,1.22
STU_01589,above_avg,4,5.03,4.64,4.84,-0.2,84.9,46.3,42.7,71.4,32.0,5.88,7,1,0,4,45.6,20.2,56.5,10.9,46.8,45.2,0.38,7.11
STU_01590,below_avg,6,0.2,0.0,0.0,0.0,50.6,37.9,56.3,41.9,35.3,6.55,4,4,0,4,16.7,9.2,20.8,4.7,16.9,16.1,0.62,0.67
STU_01591,above_avg,3,3.96,2.74,5.47,-2.73,85.3,48.5,76.0,75.9,44.0,6.61,6,3,0,4,42.5,26.5,59.7,13.0,47.2,40.1,0.25,1.5
STU_01592,failing,3,0.15,0.0,0.0,0.0,15.2,21.5,12.8,17.2,0.0,7.09,6,6,0,6,2.9,2.0,7.5,2.0,4.8,2.0,0.25,0.0
STU_01593,below_avg,5,2.95,0.56,3.91,-3.35,63.1,36.7,53.3,31.8,5.2,7.63,4,3,0,4,31.6,19.7,49.7,11.3,40.6,22.5,0.5,1.38
STU_01594,above_avg,4,5.12,5.59,5.53,0.06,85.0,69.6,80.3,63.3,44.2,6.69,7,1,2,2,59.3,36.5,80.7,13.8,64.0,57.4,0.38,6.78
STU_01595,average,5,3.87,4.67,2.5,2.17,70.5,77.6,51.9,11.5,47.6,7.77,4,0,0,2,53.5,40.2,67.6,13.3,66.8,40.2,0.5,6.88
STU_01596,average,5,1.7,2.0,1.55,0.45,63.0,45.2,47.7,43.8,0.0,5.53,4,2,0,3,36.8,20.0,58.3,14.5,43.0,30.5,0.5,4.25
STU_01597,above_avg,4,6.2,4.77,7.0,-2.23,83.0,61.1,41.0,73.0,28.7,6.75,7,1,0,2,51.1,32.8,67.1,9.7,59.4,47.8,0.38,3.56
STU_01598,above_avg,3,6.69,6.74,6.63,0.11,78.7,69.4,54.7,71.8,50.7,5.55,6,0,1,0,60.3,52.1,71.1,6.3,59.8,60.5,0.25,7.77
STU_01599,below_avg,5,0.0,0.44,0.0,0.44,49.9,41.8,52.8,37.9,15.3,6.79,4,3,0,4,31.7,15.5,43.7,10.6,40.9,22.6,0.5,0.0
STU_01600,average,3,2.75,3.05,2.37,0.68,71.1,63.9,41.6,55.7,31.3,6.27,6,2,0,5,43.8,26.2,64.4,12.1,54.0,38.7,0.25,3.55
STU_01601,struggling,3,0.07,0.37,0.0,0.37,35.6,50.6,28.9,45.0,32.7,4.99,6,5,0,5,21.5,2.0,67.4,22.1,45.2,9.6,0.25,0.0
STU_01602,topper,4,9.98,9.82,9.79,0.03,87.9,99.2,68.4,87.8,46.9,5.34,7,0,7,0,87.5,76.9,95.9,5.7,89.0,87.0,0.38,10.0
STU_01603,topper,7,8.26,7.67,8.88,-1.21,92.3,100.0,85.2,82.3,40.7,5.99,3,0,2,0,79.3,68.6,96.4,12.2,84.7,68.6,0.75,9.67
STU_01604,strong,4,8.37,8.18,8.74,-0.56,80.7,92.9,79.9,60.0,39.7,5.6,7,0,5,0,73.9,59.6,95.3,10.7,77.5,72.5,0.38,8.0
STU_01605,topper,3,10.0,10.0,10.0,0.0,93.4,100.0,81.3,63.9,75.4,5.51,6,0,6,0,93.5,83.3,100.0,6.4,100.0,90.2,0.25,10.0
STU_01606,strong,4,8.49,7.64,7.68,-0.04,94.5,83.3,45.9,84.2,34.7,6.96,7,0,4,0,70.3,51.1,84.0,11.0,82.8,65.3,0.38,10.0
STU_01607,below_avg,5,2.36,0.89,3.41,-2.52,49.0,48.8,55.2,33.1,62.3,6.53,4,2,0,4,31.2,14.7,42.8,12.0,42.6,19.9,0.5,1.75
STU_01608,below_avg,4,0.06,0.91,0.53,0.38,53.9,20.6,41.7,16.5,37.3,7.21,7,6,0,7,22.6,5.6,49.8,13.0,12.4,26.6,0.38,0.44
STU_01609,above_avg,7,6.69,6.5,6.38,0.12,84.0,47.5,49.6,69.4,32.0,5.25,3,1,1,1,56.4,38.1,71.0,13.7,49.2,71.0,0.75,6.67
STU_01610,strong,6,8.16,9.25,7.56,1.69,87.8,81.3,60.2,56.5,53.4,5.34,4,0,4,0,78.6,74.4,81.7,2.9,79.0,77.4,0.62,9.33
STU_01611,above_avg,5,5.57,5.67,4.5,1.17,78.6,72.7,69.6,67.5,29.7,4.7,4,0,0,1,53.4,47.9,59.4,4.1,56.3,50.5,0.5,6.88
STU_01612,average,3,0.96,1.11,0.63,0.48,75.1,40.5,56.6,57.2,10.7,7.07,6,4,0,6,29.9,6.9,49.4,13.6,28.1,30.8,0.25,0.0
STU_01613,strong,5,6.23,6.44,5.27,1.17,92.2,75.9,64.6,75.8,44.9,6.07,4,0,1,0,65.0,55.8,78.1,9.2,73.8,56.3,0.5,7.62
STU_01614,below_avg,6,0.28,0.62,0.0,0.62,53.9,50.6,50.3,36.3,3.9,4.77,4,3,0,4,38.8,35.7,46.3,4.3,39.7,36.4,0.62,0.83
STU_01615,topper,3,9.2,10.0,8.74,1.26,89.5,100.0,88.1,58.8,38.9,7.03,6,0,6,0,93.3,87.3,100.0,4.3,91.3,94.2,0.25,10.0
STU_01616,strong,5,8.19,8.56,7.64,0.92,98.1,98.6,47.7,66.9,51.6,6.03,4,0,3,0,79.2,67.4,88.6,7.7,85.2,73.2,0.5,9.88
STU_01617,struggling,5,2.02,0.0,4.05,-4.05,33.9,18.6,35.6,49.4,21.7,6.76,4,4,0,4,12.4,2.8,20.6,6.5,11.7,13.1,0.5,0.0
STU_01618,average,3,4.57,3.26,5.16,-1.9,73.9,42.1,61.1,27.1,17.0,7.11,6,2,0,6,38.0,22.9,47.5,9.8,34.8,39.6,0.25,3.77
STU_01619,below_avg,4,1.5,0.73,1.16,-0.43,63.3,53.3,32.3,42.3,32.1,6.44,7,6,0,7,27.5,11.0,43.3,10.2,30.4,26.3,0.38,0.0
STU_01620,average,7,1.71,2.0,2.5,-0.5,75.5,49.6,60.2,34.9,0.0,4.0,3,1,0,1,48.5,37.0,56.2,8.3,54.3,37.0,0.75,6.33
STU_01621,strong,7,6.47,7.0,6.75,0.25,94.8,83.8,55.1,50.0,6.6,5.58,3,0,2,0,69.1,51.5,82.8,13.1,77.9,51.5,0.75,9.17
STU_01622,average,4,0.59,0.55,0.0,0.55,78.9,73.8,30.0,29.4,60.1,6.52,7,5,0,6,27.9,10.5,60.2,16.7,53.1,17.8,0.38,0.67
STU_01623,below_avg,3,0.0,0.32,0.0,0.32,69.1,51.4,20.8,31.5,21.7,7.3,6,5,0,5,24.5,3.3,50.6,16.6,44.5,14.4,0.25,2.41
STU_01624,topper,3,9.64,10.0,8.74,1.26,96.4,95.3,85.3,26.3,22.6,5.54,6,0,6,0,88.3,82.7,100.0,6.0,95.7,84.6,0.25,10.0
STU_01625,strong,3,7.5,7.79,7.95,-0.16,92.1,67.4,57.2,73.6,41.7,6.12,6,0,3,0,69.3,61.0,84.5,7.9,71.2,68.3,0.25,8.95
STU_01626,average,5,2.13,2.56,1.32,1.24,77.3,42.8,57.9,47.9,52.4,6.15,4,1,0,3,43.8,30.0,56.6,9.9,52.7,35.0,0.5,6.75
STU_01627,average,3,3.17,4.26,1.58,2.68,74.2,70.6,25.6,49.5,52.9,5.95,6,1,0,4,47.5,18.6,68.2,14.9,57.7,42.5,0.25,4.82
STU_01628,strong,7,9.38,10.0,9.0,1.0,84.4,85.0,91.2,58.8,19.0,6.14,3,0,3,0,88.9,87.9,90.7,1.3,89.3,87.9,0.75,9.67
STU_01629,strong,4,8.11,7.27,8.32,-1.05,83.8,80.0,70.2,47.4,27.5,6.26,7,0,2,0,68.5,61.8,77.1,4.9,70.9,67.5,0.38,9.44
STU_01630,strong,3,8.66,8.53,9.16,-0.63,92.0,96.5,69.6,98.0,42.8,6.41,6,0,4,0,77.7,60.9,90.9,10.7,87.8,72.6,0.25,8.91
STU_01631,topper,3,10.0,10.0,10.0,0.0,94.0,100.0,63.2,74.9,31.8,5.87,6,0,6,0,98.4,94.5,100.0,1.9,99.2,98.0,0.25,10.0
STU_01632,strong,3,7.76,7.68,7.26,0.42,86.8,100.0,65.4,63.5,87.2,6.73,6,0,3,0,76.9,64.3,100.0,12.7,93.9,68.4,0.25,7.64
STU_01633,below_avg,5,0.34,1.11,0.23,0.88,66.4,53.2,35.8,48.1,30.1,6.99,4,2,0,3,30.8,2.0,53.1,19.0,47.0,14.6,0.5,1.25
STU_01634,improving,3,0.41,0.84,0.63,0.21,93.4,63.7,44.8,45.0,13.2,6.15,6,4,0,5,40.2,32.4,56.6,8.9,51.8,34.4,0.25,3.0
STU_01635,topper,3,9.3,10.0,8.53,1.47,92.8,100.0,70.2,76.1,31.0,6.11,6,0,6,0,89.1,81.4,100.0,5.6,94.5,86.4,0.25,10.0
STU_01636,below_avg,3,0.63,0.0,1.05,-1.05,69.6,16.5,45.0,17.6,24.7,6.75,6,6,0,6,17.1,3.0,39.4,11.6,9.3,20.9,0.25,0.73
STU_01637,above_avg,4,3.29,3.5,3.63,-0.13,82.6,48.7,62.4,65.4,3.1,7.7,7,2,0,6,45.0,38.2,59.8,6.6,43.5,45.6,0.38,6.44
STU_01638,below_avg,4,0.99,0.27,2.26,-1.99,57.7,41.3,37.2,31.1,38.9,5.45,7,6,0,6,26.4,2.0,59.9,19.0,40.1,21.0,0.38,0.56
STU_01639,below_avg,5,0.0,0.0,0.0,0.0,49.5,33.7,36.9,51.1,12.5,6.06,4,4,0,4,12.6,2.0,28.7,11.3,23.1,2.0,0.5,0.0
STU_01640,inconsistent,4,1.0,1.45,0.0,1.45,52.5,30.1,43.2,64.2,21.3,7.01,7,6,1,6,37.3,22.3,70.0,14.4,35.6,37.9,0.38,0.67
STU_01641,below_avg,3,2.56,0.0,6.0,-6.0,53.8,43.1,48.0,58.4,52.1,7.0,6,6,0,6,26.8,3.6,35.0,10.7,34.5,22.9,0.25,0.18
STU_01642,strong,5,7.44,6.78,8.0,-1.22,97.0,79.8,83.3,50.6,64.3,6.39,4,0,1,0,64.5,53.7,82.5,10.9,68.1,60.9,0.5,7.25
STU_01643,average,4,4.96,3.86,6.16,-2.3,80.8,46.6,59.3,70.2,23.9,6.85,7,2,0,5,40.4,17.3,54.8,12.7,31.9,43.7,0.38,1.0
STU_01644,above_avg,3,3.75,4.47,4.11,0.36,77.9,74.6,52.1,62.2,45.5,6.67,6,1,1,2,52.8,32.9,75.0,13.0,67.0,45.7,0.25,6.27
STU_01645,above_avg,3,6.75,4.42,8.16,-3.74,83.6,58.3,41.9,33.6,15.9,7.65,6,1,0,3,50.6,36.1,63.8,9.2,61.8,45.1,0.25,2.77
STU_01646,average,3,3.2,3.05,3.47,-0.42,80.2,69.2,55.7,58.0,21.4,6.76,6,2,0,3,41.6,19.8,56.9,13.5,54.6,35.0,0.25,4.73
STU_01647,below_avg,5,0.8,0.67,1.09,-0.42,65.9,41.1,29.8,62.4,0.0,7.31,4,3,0,3,26.3,2.0,59.7,22.7,47.0,5.5,0.5,2.38
STU_01648,below_avg,7,1.08,1.83,0.62,1.21,75.1,55.7,66.2,45.7,28.1,6.75,3,1,0,2,43.7,22.0,66.1,18.0,54.6,22.0,0.75,1.67
STU_01649,above_avg,5,4.02,3.33,4.18,-0.85,81.7,28.1,50.6,54.0,17.3,6.05,4,2,0,2,46.5,36.3,57.1,9.1,46.7,46.3,0.5,2.75
STU_01650,strong,3,8.06,8.63,7.21,1.42,91.8,84.9,69.4,64.9,42.0,6.14,6,0,5,0,74.5,56.0,85.1,9.3,73.6,74.9,0.25,9.82
STU_01651,average,5,0.54,0.44,1.14,-0.7,81.8,23.4,41.4,50.3,22.7,5.59,4,3,0,4,28.2,11.9,42.0,10.8,36.5,19.9,0.5,1.25
STU_01652,above_avg,3,5.53,6.37,4.89,1.48,78.6,74.0,40.3,54.5,17.8,5.56,6,0,2,1,61.1,47.5,75.1,11.0,73.5,54.8,0.25,8.64
STU_01653,average,5,3.26,3.0,3.09,-0.09,76.4,49.9,76.1,53.4,32.5,6.36,4,1,0,3,43.5,30.2,55.0,8.8,50.0,37.0,0.5,5.5
STU_01654,topper,7,10.0,10.0,10.0,0.0,98.3,100.0,80.9,76.5,53.0,7.22,3,0,3,0,96.7,93.3,100.0,2.7,96.7,96.9,0.75,10.0
STU_01655,failing,4,0.18,0.0,0.0,0.0,28.8,22.4,19.7,48.4,15.7,6.04,7,7,0,7,9.0,2.0,22.1,8.0,11.1,8.2,0.38,0.0
STU_01656,topper,3,10.0,9.58,10.0,-0.42,94.0,91.2,76.1,65.0,42.1,6.57,6,0,6,0,86.6,73.1,95.1,7.0,93.3,83.2,0.25,9.91
STU_01657,average,3,0.8,1.05,0.0,1.05,81.8,47.6,20.9,58.8,36.1,6.84,6,5,0,6,35.8,28.3,48.7,7.0,36.2,35.5,0.25,2.27
STU_01658,below_avg,5,1.25,0.44,1.68,-1.24,45.6,24.8,58.0,33.4,34.5,5.78,4,3,0,4,23.9,16.8,40.8,9.9,30.8,17.1,0.5,2.75
STU_01659,average,6,4.82,4.62,5.89,-1.27,74.2,40.9,49.2,31.7,52.1,6.39,4,0,0,3,49.8,41.5,64.2,8.7,52.6,41.5,0.62,6.83
STU_01660,average,4,0.71,0.5,0.68,-0.18,68.2,65.5,32.7,76.8,25.1,6.99,7,5,0,6,28.4,2.0,50.3,17.8,49.7,19.9,0.38,0.78
STU_01661,average,3,4.81,4.21,6.37,-2.16,73.1,48.0,61.1,50.0,9.6,4.92,6,1,0,4,45.9,36.8,51.4,5.2,43.5,47.1,0.25,6.23
STU_01662,topper,3,8.05,7.68,8.11,-0.43,87.1,100.0,82.5,82.8,20.0,4.96,6,0,3,0,72.6,56.1,87.7,10.9,84.7,66.5,0.25,9.77
STU_01663,above_avg,3,6.24,5.42,7.37,-1.95,79.1,64.7,48.1,75.1,39.3,6.77,6,0,1,3,53.3,40.0,73.6,11.1,56.4,51.8,0.25,4.68
STU_01664,average,3,1.94,2.68,2.37,0.31,74.2,51.3,40.8,42.0,0.0,5.57,6,2,0,5,43.0,23.9,68.4,14.1,56.4,36.4,0.25,1.41
STU_01665,strong,5,7.95,8.0,7.27,0.73,81.4,79.0,88.7,71.1,1.3,5.6,4,0,2,0,72.0,60.3,88.8,11.4,75.8,68.1,0.5,10.0
STU_01666,average,3,3.14,3.11,3.42,-0.31,65.2,57.1,68.0,55.4,76.1,5.52,6,2,0,4,43.9,27.5,60.3,10.2,52.6,39.5,0.25,1.82
STU_01667,strong,3,6.22,6.0,6.79,-0.79,92.9,64.9,81.3,53.6,50.3,6.32,6,0,0,1,58.5,47.0,68.7,6.4,59.6,58.0,0.25,5.68
STU_01668,below_avg,5,0.67,0.56,0.0,0.56,59.6,55.2,44.2,25.6,36.6,5.92,4,3,0,4,21.1,6.4,47.8,16.1,33.6,8.7,0.5,0.0
STU_01669,average,4,1.64,0.27,2.47,-2.2,62.0,53.5,17.4,87.8,31.5,7.51,7,6,0,6,34.4,26.5,50.9,7.4,43.4,30.8,0.38,2.67
STU_01670,improving,3,3.21,5.79,0.0,5.79,89.9,73.1,61.2,47.0,74.9,6.34,6,1,2,2,60.5,29.0,97.4,23.4,74.0,53.7,0.25,6.73
STU_01671,failing,4,0.28,0.0,0.26,-0.26,19.1,27.8,30.0,4.8,42.1,4.18,7,7,0,7,7.5,2.0,17.2,5.7,15.6,4.2,0.38,0.0
STU_01672,below_avg,7,3.35,1.0,4.62,-3.62,53.0,44.7,39.8,56.4,61.6,7.01,3,2,0,2,28.6,9.1,57.8,21.0,38.3,9.1,0.75,0.67
STU_01673,above_avg,4,7.23,6.27,8.37,-2.1,79.2,52.8,54.1,84.8,56.9,5.3,7,0,1,1,58.5,41.4,73.8,9.2,61.9,57.1,0.38,6.67
STU_01674,strong,6,7.47,8.0,7.33,0.67,82.4,80.5,88.2,60.7,34.7,6.68,4,0,3,0,75.2,65.4,79.4,5.7,78.4,65.4,0.62,8.5
STU_01675,topper,3,10.0,10.0,10.0,0.0,91.3,87.6,83.8,80.1,68.2,5.97,6,0,6,0,94.2,88.1,100.0,4.2,97.7,92.5,0.25,10.0
STU_01676,strong,3,8.41,8.32,8.42,-0.1,82.7,89.0,71.5,46.8,80.0,6.24,6,0,5,0,77.0,56.9,90.5,11.7,86.6,72.2,0.25,8.23
STU_01677,topper,4,9.95,10.0,10.0,0.0,96.5,91.7,90.8,82.7,33.1,6.22,7,0,7,0,94.1,89.1,100.0,4.0,100.0,91.8,0.38,10.0
STU_01678,below_avg,4,0.59,0.27,0.0,0.27,51.0,40.5,39.7,52.4,30.0,5.91,7,6,0,6,22.2,2.0,59.1,16.8,38.1,15.8,0.38,0.0
STU_01679,below_avg,5,0.26,0.67,0.23,0.44,58.6,30.5,35.1,20.7,38.5,6.24,4,3,0,3,28.0,2.0,51.6,18.2,43.7,12.3,0.5,1.75
STU_01680,topper,7,9.85,9.33,9.25,0.08,97.7,100.0,67.9,94.7,27.4,4.93,3,0,3,0,92.7,78.2,100.0,10.3,100.0,78.2,0.75,10.0
STU_01681,struggling,3,0.0,0.0,0.0,0.0,44.9,33.7,38.0,44.7,0.0,6.13,6,6,0,6,16.3,2.0,33.9,14.6,33.5,7.8,0.25,0.0
STU_01682,topper,6,8.69,9.0,8.11,0.89,96.8,87.4,70.6,83.9,24.0,7.13,4,0,4,0,82.3,72.5,90.5,6.6,85.5,72.5,0.62,10.0
STU_01683,below_avg,4,0.39,0.36,0.53,-0.17,56.3,50.0,52.0,78.0,46.6,6.92,7,6,1,6,33.6,16.1,70.9,16.5,49.4,27.2,0.38,0.56
STU_01684,struggling,3,2.04,0.21,3.0,-2.79,42.3,29.7,37.1,37.0,0.2,6.86,6,5,0,6,16.1,2.0,42.0,13.9,24.3,12.0,0.25,0.23
STU_01685,improving,4,2.74,4.36,0.0,4.36,81.3,34.2,56.6,57.6,48.8,7.0,7,2,0,5,44.5,21.6,61.2,12.9,32.4,49.3,0.38,1.78
STU_01686,average,5,2.78,3.78,1.45,2.33,68.7,47.6,47.4,51.7,18.7,6.06,4,2,0,3,41.4,33.3,52.3,7.3,35.0,47.8,0.5,3.0
STU_01687,average,4,4.75,4.73,4.79,-0.06,62.7,84.4,69.7,49.1,16.0,6.07,7,1,0,3,52.9,36.1,66.4,10.0,56.0,51.7,0.38,2.22
STU_01688,average,4,3.67,4.05,2.95,1.1,63.8,59.1,38.8,22.1,5.9,7.44,7,2,1,5,45.2,18.1,75.3,17.7,53.4,41.9,0.38,6.11
STU_01689,average,4,1.03,0.23,1.68,-1.45,67.3,40.8,55.4,61.7,20.4,6.11,7,6,0,7,31.8,17.0,45.3,8.6,39.2,28.9,0.38,1.44
STU_01690,above_avg,5,6.45,7.11,5.14,1.97,85.4,75.3,43.8,42.1,0.0,4.36,4,0,2,0,68.1,56.4,75.2,7.3,71.5,64.8,0.5,7.0
STU_01691,average,5,5.08,5.44,4.09,1.35,59.9,66.6,71.8,50.8,45.1,6.49,4,0,0,2,55.5,47.6,64.8,7.4,62.7,48.2,0.5,6.12
STU_01692,failing,3,0.47,0.0,0.0,0.0,28.7,53.7,22.6,35.5,47.6,6.4,6,6,0,6,10.2,2.0,36.2,12.5,25.6,2.5,0.25,0.0
STU_01693,average,6,2.31,1.75,3.22,-1.47,76.4,54.2,66.5,33.9,24.9,6.71,4,3,0,3,39.0,21.3,62.3,14.8,44.9,21.3,0.62,1.0
STU_01694,above_avg,3,5.87,4.58,6.58,-2.0,74.7,54.8,62.2,59.6,21.3,6.27,6,1,1,2,55.5,36.8,73.9,13.6,71.8,47.4,0.25,5.05
STU_01695,above_avg,7,6.66,6.0,7.38,-1.38,74.8,50.3,59.5,48.4,0.0,5.93,3,0,0,0,54.4,51.1,58.9,3.3,52.1,58.9,0.75,2.17
STU_01696,below_avg,4,1.38,0.23,1.95,-1.72,66.4,48.2,44.6,43.5,54.1,6.63,7,6,0,7,17.1,2.0,47.6,14.7,34.2,10.3,0.38,0.0
STU_01697,above_avg,5,4.63,4.56,4.59,-0.03,75.3,65.7,59.4,75.6,18.6,6.96,4,0,0,2,51.6,42.1,63.2,9.1,60.5,42.7,0.5,6.0
STU_01698,below_avg,6,0.72,1.5,0.0,1.5,60.2,21.1,35.3,43.5,39.1,5.19,4,2,0,4,29.9,2.0,44.2,17.0,39.2,2.0,0.62,0.0
STU_01699,average,6,2.85,2.25,3.56,-1.31,92.3,53.1,67.4,56.7,29.0,6.23,4,1,0,3,43.5,37.4,52.2,5.4,45.5,37.4,0.62,6.33
STU_01700,struggling,3,0.0,0.0,0.0,0.0,44.5,45.5,39.1,22.0,8.9,6.62,6,6,0,6,10.2,2.0,31.0,10.4,22.6,4.0,0.25,0.0
STU_01701,average,3,0.71,1.11,0.32,0.79,71.5,46.2,33.3,47.2,60.5,6.49,6,4,0,6,32.0,12.3,46.8,11.6,38.5,28.8,0.25,1.91
STU_01702,average,5,4.11,5.78,1.59,4.19,74.5,76.7,59.6,49.4,40.1,6.38,4,0,2,2,62.1,42.8,80.2,18.0,80.1,44.0,0.5,6.75
STU_01703,topper,3,9.18,8.53,9.37,-0.84,96.7,81.4,78.4,56.4,22.4,6.6,6,0,5,0,77.0,68.2,89.3,6.5,81.7,74.6,0.25,9.27
STU_01704,above_avg,4,3.72,2.86,4.26,-1.4,72.7,58.2,62.4,32.1,52.5,6.99,7,3,0,4,43.0,15.6,65.1,16.3,51.5,39.5,0.38,1.11
STU_01705,strong,4,6.61,7.91,5.74,2.17,80.3,72.0,68.0,66.0,30.6,5.75,7,0,4,0,70.8,57.9,83.1,9.5,77.5,68.1,0.38,9.11
STU_01706,topper,3,9.85,9.37,10.0,-0.63,94.6,100.0,73.8,62.8,41.2,8.22,6,0,6,0,82.4,73.0,94.9,7.1,89.6,78.9,0.25,9.64
STU_01707,strong,6,6.35,6.12,6.22,-0.1,93.7,79.1,54.2,40.8,54.2,5.95,4,0,1,1,60.2,47.9,71.2,8.3,64.3,47.9,0.62,6.67
STU_01708,strong,5,7.29,8.11,6.36,1.75,92.4,92.9,53.8,80.6,38.9,6.75,4,0,3,0,75.4,61.5,86.2,9.4,83.8,67.0,0.5,9.88
STU_01709,strong,4,7.55,8.41,6.84,1.57,90.2,71.3,90.6,58.8,29.0,5.81,7,0,6,0,73.6,61.4,78.5,5.6,74.2,73.3,0.38,8.0
STU_01710,above_avg,7,5.65,6.17,5.25,0.92,79.4,69.6,80.2,57.7,28.9,5.15,3,0,0,0,58.4,53.7,66.6,5.8,60.8,53.7,0.75,6.83
STU_01711,above_avg,7,6.77,6.67,7.0,-0.33,80.3,77.2,65.5,50.1,30.3,5.02,3,0,1,0,65.3,55.3,79.1,10.1,70.3,55.3,0.75,4.67
STU_01712,struggling,7,0.43,0.0,0.0,0.0,62.4,3.4,49.5,44.8,33.0,6.41,3,3,0,3,16.4,8.5,22.9,6.0,13.2,22.9,0.75,0.0
STU_01713,strong,5,7.83,7.0,8.36,-1.36,88.4,62.1,68.8,73.4,45.2,7.05,4,0,0,0,63.3,60.8,66.9,2.6,63.9,62.6,0.5,6.38
STU_01714,failing,5,0.42,0.0,0.0,0.0,36.3,0.0,14.8,31.1,0.0,6.4,4,4,0,4,5.6,2.0,16.4,6.2,9.2,2.0,0.5,0.0
STU_01715,average,7,2.94,2.17,3.38,-1.21,78.8,56.0,49.0,57.6,53.5,6.16,3,1,0,1,51.3,36.1,66.6,12.5,58.9,36.1,0.75,7.17
STU_01716,struggling,3,0.0,0.0,0.0,0.0,48.9,18.8,17.8,58.5,2.6,6.38,6,6,0,6,11.3,2.0,39.8,13.3,25.2,4.4,0.25,0.0
STU_01717,struggling,5,0.2,0.0,0.0,0.0,38.6,14.6,35.8,35.7,18.4,5.88,4,4,0,4,12.8,2.0,26.9,11.1,14.4,11.2,0.5,0.0
STU_01718,above_avg,7,3.82,5.33,1.88,3.45,82.5,47.0,46.2,60.3,39.4,6.97,3,0,0,1,51.7,47.3,55.6,3.4,53.9,47.3,0.75,5.33
STU_01719,average,5,2.41,1.33,3.36,-2.03,61.5,60.7,48.8,28.8,36.4,6.63,4,2,0,2,42.9,29.9,59.7,12.5,54.9,30.9,0.5,0.75
STU_01720,above_avg,6,2.12,2.12,3.0,-0.88,74.3,67.6,40.8,57.4,16.6,6.65,4,2,0,3,42.8,34.0,53.8,7.5,45.7,34.0,0.62,2.0
STU_01721,above_avg,4,5.52,5.05,6.32,-1.27,83.5,63.9,89.6,72.3,66.2,6.44,7,1,0,2,52.2,36.5,68.7,10.3,54.6,51.3,0.38,6.22
STU_01722,strong,6,7.15,6.5,7.78,-1.28,83.4,51.4,74.3,71.3,67.8,7.42,4,0,1,1,58.2,41.7,72.8,11.2,57.1,61.7,0.62,6.83
STU_01723,struggling,3,0.05,0.0,0.0,0.0,60.8,30.9,24.9,23.4,21.6,6.56,6,6,0,6,9.0,2.0,34.7,11.7,20.0,3.5,0.25,0.0
STU_01724,above_avg,3,5.49,6.05,5.37,0.68,88.0,63.9,59.2,86.5,47.5,5.27,6,0,0,1,55.5,47.5,65.1,6.1,57.6,54.4,0.25,8.45
STU_01725,below_avg,7,0.35,0.0,0.75,-0.75,65.4,53.5,51.5,32.1,29.7,6.8,3,3,0,3,28.9,21.5,39.7,7.8,30.6,25.5,0.75,0.0
STU_01726,average,4,3.63,2.55,5.11,-2.56,71.2,45.2,52.4,60.8,23.2,6.36,7,3,0,7,38.5,28.2,48.2,6.9,35.1,39.8,0.38,2.33
STU_01727,below_avg,5,0.58,0.0,1.86,-1.86,57.8,44.8,36.2,26.9,48.7,6.44,4,4,0,4,27.5,20.8,38.1,6.4,31.7,23.3,0.5,0.0
STU_01728,above_avg,4,6.56,5.45,7.37,-1.92,79.4,58.8,74.1,55.8,49.4,6.24,7,0,1,3,56.8,43.0,78.7,11.7,69.7,51.6,0.38,6.56
STU_01729,strong,6,6.03,6.75,5.56,1.19,78.1,82.0,67.1,36.4,75.4,6.14,4,0,2,0,67.0,58.1,71.2,5.3,70.0,58.1,0.62,2.67
STU_01730,strong,3,8.43,7.95,8.95,-1.0,83.2,83.8,89.8,65.6,7.0,6.24,6,0,3,0,75.1,63.4,100.0,11.9,83.5,71.0,0.25,7.95
STU_01731,below_avg,3,0.0,0.0,0.0,0.0,66.3,33.0,45.1,31.3,11.8,4.99,6,6,0,6,16.3,2.0,33.8,12.5,32.2,8.3,0.25,0.0
STU_01732,average,4,1.05,0.27,2.53,-2.26,72.2,33.1,23.6,73.6,31.9,5.76,7,6,0,6,33.1,17.5,54.3,11.3,40.8,30.0,0.38,2.89
STU_01733,average,6,0.99,1.25,1.11,0.14,79.7,43.5,53.1,26.7,43.6,7.92,4,2,0,4,30.6,2.0,48.0,18.7,40.1,2.0,0.62,5.17
STU_01734,average,5,4.32,3.22,5.59,-2.37,69.0,75.2,50.6,24.7,27.9,6.12,4,1,0,2,43.6,11.9,66.6,20.0,55.6,31.6,0.5,5.38
STU_01735,below_avg,5,0.55,0.67,0.32,0.35,74.6,31.4,29.3,30.3,42.2,7.41,4,3,0,3,30.6,21.4,50.1,11.4,37.1,24.0,0.5,0.62
STU_01736,topper,6,9.7,10.0,10.0,0.0,97.2,100.0,78.1,100.0,79.5,6.04,4,0,4,0,93.5,85.5,100.0,5.4,91.4,100.0,0.62,10.0
STU_01737,below_avg,5,0.17,0.0,0.73,-0.73,49.5,33.7,32.7,45.1,0.0,6.79,4,4,0,4,22.0,3.3,34.8,11.7,31.1,12.9,0.5,0.0
STU_01738,struggling,7,0.53,1.0,0.0,1.0,45.8,45.4,26.6,36.9,6.2,5.63,3,2,0,2,29.6,12.1,59.5,21.2,35.8,17.2,0.75,0.0
STU_01739,above_avg,4,4.75,4.5,5.37,-0.87,85.1,73.8,62.4,78.4,4.1,6.8,7,1,1,4,53.8,39.7,73.4,11.3,70.8,46.9,0.38,7.56
STU_01740,strong,6,6.07,6.38,5.89,0.49,89.1,89.9,60.7,61.7,38.0,7.72,4,0,1,0,63.5,55.5,71.3,7.1,66.2,55.5,0.62,8.0
STU_01741,below_avg,6,0.0,0.0,0.0,0.0,58.1,17.3,11.4,31.5,0.0,7.88,4,4,0,4,20.4,10.5,30.1,7.1,23.7,10.5,0.62,0.0
STU_01742,average,3,1.23,2.74,1.05,1.69,71.8,60.6,46.1,31.8,14.4,5.85,6,2,0,5,41.1,28.9,52.7,7.4,48.0,37.7,0.25,3.91
STU_01743,topper,3,8.82,9.16,9.58,-0.42,88.0,100.0,62.6,78.0,13.4,6.16,6,0,6,0,82.4,74.2,90.9,6.3,90.8,78.1,0.25,9.64
STU_01744,topper,5,10.0,9.56,9.82,-0.26,84.0,100.0,88.1,78.1,48.4,8.23,4,0,4,0,89.7,79.9,100.0,7.1,94.8,84.7,0.5,10.0
STU_01745,average,7,1.78,0.83,3.25,-2.42,69.4,44.9,53.2,49.1,70.0,6.06,3,2,0,3,35.3,23.5,49.4,10.7,41.1,23.5,0.75,0.0
STU_01746,above_avg,3,5.98,6.37,5.79,0.58,85.0,61.4,58.3,59.3,70.1,6.52,6,0,0,0,58.6,51.3,64.8,5.1,62.5,56.6,0.25,5.05
STU_01747,improving,4,2.41,3.64,0.21,3.43,74.4,74.7,77.5,71.7,28.5,6.19,7,1,0,5,47.0,39.8,58.8,6.9,57.2,43.0,0.38,1.44
STU_01748,strong,3,7.74,8.42,7.37,1.05,88.3,80.1,60.3,72.3,40.9,6.41,6,0,4,0,74.6,60.3,85.4,8.7,72.8,75.5,0.25,8.5
STU_01749,strong,4,7.93,7.86,7.68,0.18,93.5,83.0,62.7,64.2,57.1,7.12,7,0,4,0,70.8,51.5,85.1,10.6,74.1,69.4,0.38,8.22
STU_01750,strong,3,8.73,8.32,9.37,-1.05,89.3,95.6,61.1,58.0,28.7,5.26,6,0,6,0,77.2,70.8,88.8,7.3,87.3,72.2,0.25,8.77
STU_01751,topper,3,9.74,10.0,8.95,1.05,87.2,100.0,90.1,68.8,45.1,5.97,6,0,6,0,89.1,81.5,96.4,4.8,91.5,87.9,0.25,9.64
STU_01752,failing,3,0.09,0.0,0.0,0.0,15.5,0.0,29.6,17.6,17.4,6.26,6,6,0,6,13.6,2.0,26.5,10.1,14.4,13.2,0.25,0.0
STU_01753,above_avg,3,6.63,6.32,7.26,-0.94,83.2,62.4,59.9,48.9,82.5,6.3,6,0,1,1,61.9,43.0,80.6,12.1,71.7,57.0,0.25,6.0
STU_01754,below_avg,4,0.56,0.73,0.0,0.73,66.7,46.5,46.5,46.5,29.6,5.04,7,6,0,7,22.6,2.0,40.6,12.3,28.4,20.2,0.38,0.56
STU_01755,strong,5,6.16,6.11,6.64,-0.53,95.6,98.6,65.5,44.8,27.5,5.95,4,0,2,1,66.7,43.5,85.8,16.7,82.4,51.0,0.5,9.5
STU_01756,struggling,7,1.15,0.83,1.25,-0.42,36.5,30.2,31.0,30.9,0.0,8.07,3,2,0,3,21.8,4.5,45.9,17.6,30.5,4.5,0.75,0.0
STU_01757,below_avg,3,0.98,1.16,0.63,0.53,48.6,51.0,46.7,57.7,31.5,6.33,6,4,0,5,33.2,24.7,50.1,10.1,37.6,31.0,0.25,0.18
STU_01758,below_avg,4,0.2,0.18,0.21,-0.03,68.3,41.3,38.9,58.9,23.5,6.26,7,6,0,7,14.3,2.0,42.3,14.1,34.4,6.3,0.38,0.0
STU_01759,above_avg,4,7.37,5.91,7.11,-1.2,87.9,47.8,65.0,54.4,0.0,5.57,7,0,0,2,52.7,43.2,63.2,6.2,47.0,55.0,0.38,5.22
STU_01760,topper,5,9.44,9.0,10.0,-1.0,96.4,97.8,83.1,51.0,10.9,6.76,4,0,4,0,83.8,73.3,95.8,8.4,83.1,84.5,0.5,8.25
STU_01761,below_avg,4,0.43,0.91,0.0,0.91,67.4,37.1,39.4,37.4,0.0,5.75,7,5,0,7,35.6,28.7,44.6,6.1,39.4,34.1,0.38,1.11
STU_01762,failing,7,0.04,0.0,0.0,0.0,17.0,16.5,9.5,27.4,17.9,5.78,3,3,0,3,9.9,2.0,25.8,11.2,13.9,2.0,0.75,0.0
STU_01763,below_avg,6,0.95,1.5,0.44,1.06,51.0,59.8,35.2,41.4,1.6,6.4,4,3,0,3,29.0,7.0,54.5,16.9,36.4,7.0,0.62,0.67
STU_01764,strong,5,5.6,5.33,4.55,0.78,93.2,79.4,54.9,88.7,5.7,6.85,4,0,0,1,57.5,43.1,65.3,8.7,64.2,50.9,0.5,9.75
STU_01765,topper,3,9.99,10.0,10.0,0.0,96.7,93.6,69.5,100.0,19.0,5.29,6,0,6,0,93.9,85.9,100.0,4.3,96.8,92.5,0.25,10.0
STU_01766,struggling,5,0.7,1.0,0.0,1.0,50.5,42.0,24.3,33.5,0.8,6.13,4,2,0,4,24.4,4.2,46.0,19.2,43.4,5.3,0.5,0.5
STU_01767,average,4,1.53,1.27,1.74,-0.47,89.0,38.8,52.5,50.7,9.6,6.12,7,5,0,6,35.8,25.3,52.9,8.7,37.6,35.0,0.38,3.78
STU_01768,topper,3,9.12,9.16,9.21,-0.05,88.4,92.0,75.4,88.1,10.2,6.49,6,0,6,0,81.7,71.0,90.9,7.1,87.1,79.1,0.25,9.64
STU_01769,average,4,2.52,2.18,1.58,0.6,69.0,51.0,48.6,55.8,56.6,5.89,7,3,0,5,40.0,18.2,51.8,11.4,51.6,35.4,0.38,0.44
STU_01770,average,7,0.97,0.67,1.88,-1.21,76.9,36.6,50.2,42.7,52.4,5.62,3,2,0,3,28.9,22.8,40.9,8.5,31.9,22.9,0.75,1.0
STU_01771,improving,4,0.69,1.27,0.89,0.38,71.7,59.5,55.7,40.1,0.0,6.11,7,4,0,5,38.4,15.5,59.6,15.7,58.2,30.5,0.38,1.56
STU_01772,average,6,3.35,4.88,1.44,3.44,62.1,57.4,68.5,54.9,28.9,6.35,4,0,0,3,50.2,42.9,68.8,10.8,52.3,43.9,0.62,2.5
STU_01773,strong,4,7.14,6.77,7.58,-0.81,84.1,89.3,68.0,64.1,15.6,6.72,7,0,2,1,61.4,46.1,71.2,9.2,63.6,60.6,0.38,7.78
STU_01774,below_avg,5,0.0,0.0,0.0,0.0,52.8,36.8,43.6,28.2,39.1,7.99,4,4,0,4,23.2,13.8,30.2,7.1,24.4,22.0,0.5,1.5
STU_01775,above_avg,3,6.57,6.21,7.42,-1.21,87.3,88.2,54.2,49.1,3.7,4.89,6,0,1,1,62.2,48.6,72.0,8.7,70.8,57.9,0.25,6.41
STU_01776,average,3,1.0,1.16,1.37,-0.21,82.5,58.6,58.7,29.5,36.1,5.23,6,4,1,4,42.7,29.4,71.0,15.4,63.5,32.3,0.25,2.45
STU_01777,struggling,4,1.2,1.27,0.63,0.64,37.6,18.1,51.0,44.0,35.8,6.48,7,5,0,6,22.9,2.0,50.0,17.1,34.6,18.3,0.38,0.0
STU_01778,average,5,1.87,2.44,1.82,0.62,65.2,52.1,46.7,53.0,19.7,7.19,4,1,0,4,42.0,33.3,49.0,5.8,47.0,36.9,0.5,1.62
STU_01779,strong,5,7.85,8.0,7.5,0.5,89.8,74.5,74.7,61.9,79.0,6.52,4,0,3,0,76.8,59.2,94.7,12.7,84.4,69.2,0.5,9.25
STU_01780,struggling,5,0.0,0.0,0.0,0.0,41.1,8.0,11.6,22.1,22.3,4.56,4,4,0,4,4.3,2.0,11.2,4.0,6.6,2.0,0.5,1.5
STU_01781,below_avg,4,0.37,0.0,0.0,0.0,58.3,27.0,63.2,69.1,29.5,5.44,7,7,0,7,23.1,9.9,31.7,8.1,27.4,21.4,0.38,0.0
STU_01782,struggling,3,0.0,0.0,0.0,0.0,47.9,14.2,21.8,37.6,0.0,5.43,6,6,0,6,9.8,2.0,16.0,5.8,13.8,7.7,0.25,0.0
STU_01783,average,4,1.28,2.23,0.95,1.28,84.4,33.8,69.0,41.2,51.7,6.71,7,3,0,6,40.5,30.8,53.2,7.4,44.3,39.0,0.38,1.22
STU_01784,average,5,2.32,1.11,3.82,-2.71,81.1,55.3,54.3,58.5,13.7,5.64,4,3,1,3,45.2,26.5,90.8,26.4,61.0,29.3,0.5,1.5
STU_01785,struggling,7,0.03,0.0,0.0,0.0,49.3,18.2,30.2,22.6,34.4,6.64,3,3,0,3,12.1,5.5,22.2,7.2,7.1,22.2,0.75,0.0
STU_01786,strong,5,6.73,7.67,7.14,0.53,87.0,55.8,65.6,65.2,51.1,6.28,4,0,2,0,71.0,65.9,76.2,4.0,71.1,70.9,0.5,9.5
STU_01787,below_avg,3,0.14,0.53,0.42,0.11,58.5,33.5,37.7,55.1,19.1,6.77,6,5,0,6,25.8,2.9,48.7,14.2,36.4,20.5,0.25,1.64
STU_01788,struggling,3,0.54,0.63,0.0,0.63,48.0,29.3,11.9,34.2,22.5,6.33,6,5,0,5,15.0,2.0,51.4,17.6,32.4,6.4,0.25,0.0
STU_01789,average,6,4.23,5.25,3.11,2.14,77.6,57.0,58.0,22.7,19.9,6.05,4,0,0,2,52.1,45.4,58.0,5.0,54.3,45.4,0.62,1.5
STU_01790,below_avg,7,0.62,0.0,0.0,0.0,74.6,40.7,33.4,22.5,45.9,6.94,3,3,0,3,21.6,9.3,30.2,8.9,27.8,9.3,0.75,0.83
STU_01791,average,5,0.99,0.0,1.18,-1.18,76.6,34.7,27.4,55.5,30.8,6.36,4,4,0,4,31.3,22.7,37.5,5.8,33.5,29.1,0.5,1.0
STU_01792,above_avg,3,3.29,3.68,2.32,1.36,83.3,59.7,54.6,62.6,68.0,5.78,6,1,0,4,46.6,38.0,58.1,6.7,47.7,46.1,0.25,5.82
STU_01793,below_avg,5,0.0,0.0,0.23,-0.23,49.2,12.0,30.1,19.1,26.3,5.07,4,4,0,4,20.3,2.0,33.5,11.5,22.9,17.8,0.5,1.38
STU_01794,average,4,1.95,0.41,2.0,-1.59,67.6,55.9,46.2,61.3,20.5,7.24,7,5,0,7,32.3,18.3,47.9,9.1,44.6,27.4,0.38,1.0
STU_01795,below_avg,5,2.56,2.56,2.55,0.01,59.0,55.1,28.9,40.6,71.9,6.15,4,1,0,3,39.9,13.6,61.5,17.1,51.8,27.9,0.5,0.0
STU_01796,above_avg,5,3.54,3.0,3.59,-0.59,85.1,50.1,58.8,52.6,11.3,5.05,4,1,0,3,45.7,36.1,61.7,9.6,51.6,39.9,0.5,7.62
STU_01797,below_avg,7,0.0,0.0,0.0,0.0,55.0,45.1,46.3,56.5,21.7,6.28,3,3,0,3,34.4,31.3,39.8,3.8,36.0,31.3,0.75,0.0
STU_01798,below_avg,7,0.82,1.0,1.5,-0.5,69.7,44.1,42.0,29.4,39.1,7.93,3,2,0,2,35.7,16.1,51.6,14.7,45.5,16.1,0.75,3.83
STU_01799,topper,4,9.44,9.82,10.0,-0.18,96.2,100.0,91.1,82.9,73.3,5.54,7,0,7,0,90.0,76.7,100.0,7.6,92.2,89.2,0.38,10.0
STU_01800,average,3,1.56,2.79,0.32,2.47,63.7,55.4,67.6,45.6,60.8,4.99,6,2,0,4,46.8,29.7,66.5,13.2,64.3,38.1,0.25,4.64
STU_01801,below_avg,3,0.75,0.42,1.05,-0.63,58.4,46.8,34.7,30.7,48.6,6.43,6,5,0,6,23.5,2.0,44.9,15.5,42.1,14.2,0.25,1.82
STU_01802,average,3,1.58,3.26,0.26,3.0,65.3,59.3,69.6,65.3,23.2,7.12,6,2,0,3,43.0,17.5,58.2,13.7,51.3,38.9,0.25,2.55
STU_01803,strong,4,8.5,7.82,10.0,-2.18,95.5,95.2,58.5,89.8,35.5,5.19,7,0,5,0,73.7,63.8,90.2,8.6,85.7,68.9,0.38,8.78
STU_01804,average,4,4.84,4.23,5.63,-1.4,64.0,52.4,65.1,52.7,12.7,5.49,7,2,1,3,51.0,16.0,71.0,18.4,57.8,48.3,0.38,3.33
STU_01805,below_avg,4,0.14,0.18,0.32,-0.14,60.1,35.8,29.4,35.7,20.2,7.37,7,6,0,7,26.8,2.3,44.1,12.3,39.5,21.7,0.38,0.56
STU_01806,average,4,2.21,2.27,3.11,-0.84,72.3,46.1,49.0,49.2,53.5,5.34,7,4,0,5,37.7,17.4,50.2,11.4,41.5,36.2,0.38,3.22
STU_01807,above_avg,5,2.74,2.89,2.95,-0.06,79.0,55.1,49.3,37.2,38.4,5.23,4,2,0,3,41.5,29.2,51.5,8.3,45.5,37.5,0.5,7.12
STU_01808,average,4,2.25,1.27,3.58,-2.31,82.7,34.0,28.9,35.2,15.7,6.29,7,5,0,6,31.5,15.0,54.3,13.5,41.2,27.6,0.38,3.44
STU_01809,average,5,5.0,3.44,5.55,-2.11,66.2,51.4,57.0,47.4,14.4,5.12,4,1,0,3,48.0,39.5,59.8,7.4,53.2,42.7,0.5,2.75
STU_01810,strong,5,8.28,8.56,9.09,-0.53,91.6,79.2,75.3,45.9,54.1,5.85,4,0,2,0,73.2,64.2,84.7,8.1,71.9,74.5,0.5,7.75
STU_01811,struggling,3,0.0,0.0,0.0,0.0,49.5,11.8,34.0,51.9,0.0,5.79,6,6,0,6,5.9,2.0,19.5,6.2,5.0,6.4,0.25,0.0
STU_01812,strong,7,7.22,8.17,6.25,1.92,91.2,93.3,78.7,67.8,19.6,7.21,3,0,2,0,76.9,68.4,90.9,10.0,79.7,71.3,0.75,9.5
STU_01813,average,6,1.87,3.25,0.67,2.58,76.0,66.1,44.5,65.5,44.5,5.5,4,1,0,1,50.5,25.5,63.5,14.7,58.9,25.5,0.62,5.33
STU_01814,average,4,4.01,3.59,4.26,-0.67,67.5,42.6,54.8,24.9,49.7,5.13,7,2,0,4,45.9,30.0,55.6,8.3,50.7,44.0,0.38,2.33
STU_01815,improving,5,2.54,4.44,0.0,4.44,83.7,77.8,39.7,55.8,6.9,5.06,4,1,0,1,51.5,23.9,65.5,16.2,58.4,44.7,0.5,2.88
STU_01816,strong,7,7.01,6.17,7.38,-1.21,99.5,66.2,58.4,68.6,45.6,6.34,3,0,0,0,61.1,58.3,66.2,3.6,62.5,58.3,0.75,7.33
STU_01817,below_avg,4,0.82,0.45,0.0,0.45,51.8,53.5,52.1,70.3,37.3,7.72,7,5,0,7,35.6,26.9,47.6,7.6,46.7,31.1,0.38,0.44
STU_01818,topper,4,10.0,10.0,10.0,0.0,93.4,100.0,100.0,58.5,60.7,7.37,7,0,7,0,94.7,84.4,100.0,4.9,94.5,94.8,0.38,10.0
STU_01819,average,6,4.4,2.5,6.22,-3.72,78.6,48.8,69.0,34.7,44.0,6.78,4,1,0,3,46.4,37.1,57.0,7.4,49.5,37.1,0.62,1.0
STU_01820,strong,3,8.05,7.42,7.47,-0.05,89.8,82.6,86.7,67.4,17.4,5.84,6,0,2,1,66.8,49.0,77.0,9.3,68.0,66.2,0.25,8.45
STU_01821,topper,4,8.78,8.73,8.68,0.05,98.4,100.0,65.5,43.3,48.7,6.23,7,0,6,0,84.4,68.2,100.0,12.5,100.0,78.1,0.38,9.78
STU_01822,average,5,2.12,2.89,1.23,1.66,59.7,55.8,34.1,42.2,43.2,5.27,4,1,0,3,37.7,11.0,57.1,16.7,49.2,26.2,0.5,5.25
STU_01823,failing,3,0.0,0.0,0.0,0.0,24.7,24.3,20.3,36.2,38.7,5.42,6,6,0,6,9.2,2.0,18.2,6.7,18.2,4.7,0.25,0.0
STU_01824,average,3,0.63,0.37,1.84,-1.47,67.8,60.2,62.3,80.3,0.0,4.81,6,5,0,5,35.6,23.8,65.2,13.9,44.5,31.1,0.25,1.32
STU_01825,below_avg,4,0.26,0.27,0.21,0.06,65.8,54.2,39.7,32.8,33.4,5.27,7,6,0,6,26.7,9.3,52.5,13.9,43.2,20.1,0.38,2.44
STU_01826,strong,3,7.98,7.26,7.58,-0.32,89.0,96.3,79.6,66.5,39.8,7.3,6,0,2,0,72.9,59.8,96.1,13.5,91.4,63.7,0.25,8.91
STU_01827,above_avg,3,3.9,4.47,3.42,1.05,76.8,65.1,54.7,66.9,43.2,5.09,6,1,1,2,54.2,39.8,76.1,11.9,67.0,47.8,0.25,6.36
STU_01828,struggling,6,0.25,0.0,0.0,0.0,52.0,12.8,21.0,14.0,44.8,5.7,4,4,0,4,15.3,2.0,29.9,11.4,19.7,2.0,0.62,0.0
STU_01829,below_avg,4,0.61,1.55,0.0,1.55,64.6,45.6,31.8,63.8,0.0,5.74,7,4,0,5,33.2,5.0,57.0,17.0,49.5,26.7,0.38,2.44
STU_01830,strong,6,8.13,8.12,7.44,0.68,80.8,80.6,79.7,59.9,75.6,5.31,4,0,2,0,74.1,61.7,87.5,10.7,78.2,61.7,0.62,8.0
STU_01831,above_avg,6,4.34,3.5,5.67,-2.17,85.4,52.6,46.5,58.0,51.3,5.89,4,1,1,1,53.7,32.4,71.7,14.1,60.8,32.4,0.62,2.0
STU_01832,topper,3,9.8,9.79,10.0,-0.21,97.0,93.8,88.1,83.4,66.6,5.48,6,0,6,0,86.5,78.4,100.0,7.1,94.0,82.8,0.25,10.0
STU_01833,below_avg,6,1.51,2.62,0.78,1.84,69.4,42.7,65.0,18.8,16.2,5.63,4,1,0,3,36.6,2.0,50.2,20.0,48.1,2.0,0.62,2.0
STU_01834,below_avg,3,0.47,0.42,0.0,0.42,57.0,60.7,42.5,42.3,62.0,6.36,6,5,0,6,30.2,15.5,40.3,7.6,36.6,27.0,0.25,1.18
STU_01835,above_avg,5,6.04,6.0,6.36,-0.36,78.8,74.5,70.8,77.2,44.2,6.45,4,0,0,1,60.2,48.9,67.8,7.2,63.5,57.0,0.5,6.62
STU_01836,below_avg,5,0.01,0.44,0.27,0.17,47.3,37.2,41.3,52.5,0.0,4.61,4,3,0,4,32.0,26.5,41.5,6.1,34.2,29.9,0.5,0.88
STU_01837,struggling,7,0.55,0.0,0.0,0.0,37.1,14.3,25.4,23.8,16.5,6.93,3,3,0,3,7.7,2.0,13.1,4.5,10.6,2.0,0.75,0.0
STU_01838,topper,4,9.8,10.0,10.0,0.0,95.4,94.2,81.4,73.0,78.0,5.46,7,0,7,0,94.0,87.0,96.8,3.2,94.6,93.8,0.38,10.0
STU_01839,improving,7,6.02,7.0,4.88,2.12,68.8,78.0,45.0,45.2,52.9,5.63,3,0,1,0,63.8,53.0,71.2,7.8,62.1,67.1,0.75,7.5
STU_01840,average,4,1.23,3.05,0.53,2.52,72.4,62.3,49.2,36.6,9.8,5.43,7,2,1,6,45.1,24.5,88.5,19.5,66.8,36.4,0.38,1.22
STU_01841,below_avg,3,0.48,0.0,0.42,-0.42,44.8,17.4,20.0,33.5,26.4,5.62,6,6,0,6,21.3,6.8,35.1,11.0,22.6,20.6,0.25,0.0
STU_01842,failing,4,0.28,0.0,0.0,0.0,27.9,9.9,22.0,31.8,0.0,4.73,7,7,0,7,4.4,2.0,9.9,3.0,3.5,4.7,0.38,0.0
STU_01843,above_avg,4,3.52,3.64,3.26,0.38,84.9,64.1,48.9,36.1,16.3,6.87,7,2,0,3,48.7,36.7,59.4,7.8,56.1,45.8,0.38,6.78
STU_01844,topper,4,9.63,10.0,9.79,0.21,94.3,100.0,82.3,93.4,67.4,6.55,7,0,7,0,94.5,82.5,100.0,6.0,100.0,92.3,0.38,10.0
STU_01845,average,3,1.44,0.32,3.42,-3.1,62.1,35.8,36.0,50.6,44.0,7.98,6,5,0,5,33.8,17.9,57.9,12.8,47.7,26.8,0.25,0.45
STU_01846,strong,3,3.89,5.74,2.63,3.11,85.8,71.4,64.1,59.4,45.9,5.54,6,0,0,2,57.0,46.9,66.9,7.4,66.0,52.5,0.25,9.45
STU_01847,struggling,5,0.4,0.0,0.0,0.0,44.8,37.6,20.9,34.7,8.9,6.27,4,4,0,4,13.8,2.0,24.0,7.9,20.1,7.4,0.5,0.0
STU_01848,average,3,2.55,3.37,2.53,0.84,71.8,34.1,60.6,38.2,28.3,7.08,6,2,0,5,44.0,36.0,58.1,6.9,39.5,46.3,0.25,5.45
STU_01849,below_avg,6,0.78,1.5,0.0,1.5,46.6,41.1,45.2,44.1,20.0,5.29,4,3,0,3,37.5,26.2,54.9,11.1,37.0,39.1,0.62,1.5
STU_01850,inconsistent,3,4.66,2.21,6.95,-4.74,71.7,49.2,35.3,14.7,4.5,6.26,6,3,0,3,38.9,12.3,57.9,18.2,55.3,30.6,0.25,2.95
STU_01851,strong,6,7.23,7.0,7.67,-0.67,91.7,85.0,67.7,49.0,42.2,5.68,4,0,2,0,68.1,56.6,80.1,8.9,71.9,56.6,0.62,6.83
STU_01852,below_avg,3,1.97,1.47,2.11,-0.64,68.9,53.8,24.7,22.6,0.0,6.64,6,3,0,6,33.9,2.6,42.3,14.1,40.7,30.5,0.25,2.18
STU_01853,average,3,0.17,0.0,1.32,-1.32,78.7,47.0,55.9,31.0,6.2,5.95,6,6,0,6,17.3,2.0,26.4,7.8,24.2,13.8,0.25,0.18
STU_01854,above_avg,3,3.95,3.68,4.53,-0.85,88.8,68.1,76.0,56.3,29.8,7.09,6,2,2,3,56.3,33.9,83.5,19.3,82.0,43.5,0.25,5.41
STU_01855,struggling,3,0.72,0.84,0.0,0.84,55.0,25.0,30.5,13.6,0.0,6.84,6,5,0,6,21.6,2.0,43.5,14.9,30.9,17.0,0.25,0.0
STU_01856,above_avg,3,5.88,7.42,4.42,3.0,72.0,80.7,69.2,78.4,21.9,5.47,6,0,4,1,67.9,40.0,76.3,13.0,74.5,64.6,0.25,5.14
STU_01857,below_avg,6,1.58,0.0,2.89,-2.89,64.1,24.4,41.1,69.3,11.3,6.27,4,4,0,4,28.7,22.4,38.8,6.8,27.9,31.0,0.62,0.67
STU_01858,failing,7,0.0,0.0,0.0,0.0,27.2,15.8,0.0,0.0,34.0,6.63,3,3,0,3,7.6,2.0,17.1,6.8,10.4,2.0,0.75,0.0
STU_01859,average,7,1.39,1.0,2.38,-1.38,74.0,54.7,56.0,35.1,42.0,5.87,3,2,0,2,31.9,19.1,50.9,13.7,38.3,19.1,0.75,0.0
STU_01860,strong,5,6.27,6.33,6.82,-0.49,81.7,77.8,47.3,37.2,31.6,6.84,4,0,1,1,63.6,45.3,75.8,11.2,70.8,56.4,0.5,10.0
STU_01861,below_avg,3,3.21,3.05,3.79,-0.74,65.9,68.0,59.2,41.8,73.2,5.27,6,2,0,4,41.6,24.3,62.5,13.0,52.9,36.0,0.25,1.45
STU_01862,average,7,0.37,0.67,0.0,0.67,65.1,38.2,43.9,44.5,0.0,6.29,3,2,0,3,30.6,21.5,42.4,8.7,35.2,21.5,0.75,1.17
STU_01863,average,4,0.17,1.5,0.0,1.5,64.7,47.6,52.3,46.0,0.0,6.51,7,4,0,6,30.6,9.4,55.5,16.1,44.7,25.0,0.38,1.0
STU_01864,struggling,4,0.14,0.18,0.32,-0.14,55.3,24.3,61.6,18.7,28.6,5.62,7,6,0,7,20.8,2.0,44.7,13.1,35.2,15.0,0.38,0.0
STU_01865,average,3,2.38,2.0,1.89,0.11,78.0,54.6,52.8,34.3,44.9,5.84,6,3,0,5,37.6,16.2,58.8,13.0,45.6,33.7,0.25,2.5
STU_01866,above_avg,7,6.28,7.0,6.0,1.0,90.9,49.2,40.8,70.5,8.9,4.78,3,0,1,0,62.5,51.3,73.1,8.9,62.2,63.0,0.75,7.5
STU_01867,average,5,0.58,1.22,1.09,0.13,68.1,47.3,50.6,56.1,20.8,6.17,4,2,0,3,36.8,17.7,57.4,16.3,52.5,21.0,0.5,0.0
STU_01868,below_avg,4,1.55,1.23,2.0,-0.77,71.4,32.0,47.2,24.9,40.1,5.58,7,4,0,6,28.8,7.2,51.7,17.0,48.7,20.9,0.38,0.44
STU_01869,average,3,0.09,0.0,0.84,-0.84,75.9,37.1,71.5,68.5,39.6,5.92,6,6,0,6,26.5,14.2,39.0,7.8,26.6,26.4,0.25,2.23
STU_01870,below_avg,6,1.45,0.0,2.33,-2.33,70.3,19.4,28.1,20.0,34.8,5.3,4,4,0,4,11.8,2.0,25.7,9.0,13.6,6.1,0.62,1.0
STU_01871,average,3,2.42,2.63,2.53,0.1,74.9,82.3,62.9,30.8,55.3,6.11,6,2,0,4,41.1,24.8,57.0,10.9,53.8,34.8,0.25,3.09
STU_01872,above_avg,4,7.17,6.73,7.16,-0.43,84.8,82.8,52.5,65.5,66.5,7.2,7,0,1,0,63.0,52.6,82.3,8.8,70.1,60.2,0.38,5.44
STU_01873,average,3,2.75,3.16,2.63,0.53,67.7,61.2,55.9,73.2,38.0,4.25,6,3,0,4,45.7,28.4,66.9,14.1,46.8,45.2,0.25,4.91
STU_01874,average,3,1.35,0.37,1.47,-1.1,79.5,54.0,35.7,29.9,6.6,5.19,6,5,0,5,32.2,13.9,60.1,14.0,47.0,24.8,0.25,0.23
STU_01875,topper,5,8.59,9.22,8.0,1.22,89.5,93.1,91.5,63.6,53.0,6.57,4,0,4,0,86.8,75.4,100.0,10.7,97.2,76.2,0.5,10.0
STU_01876,average,7,2.64,1.67,3.12,-1.45,64.7,53.0,38.8,63.7,34.7,4.72,3,1,0,3,40.1,22.6,48.9,12.4,48.8,22.6,0.75,1.83
STU_01877,average,3,1.08,2.0,0.0,2.0,69.1,49.2,57.7,39.4,35.4,6.11,6,3,0,5,40.6,29.4,53.0,7.7,41.2,40.2,0.25,0.23
STU_01878,average,4,4.38,5.82,3.58,2.24,73.3,89.4,81.6,53.2,29.3,6.55,7,0,1,2,56.9,43.1,86.8,13.4,68.5,52.3,0.38,1.33
STU_01879,failing,3,0.0,0.42,0.0,0.42,24.6,44.4,11.3,39.0,7.6,5.03,6,5,0,6,13.3,2.0,42.4,14.9,25.4,7.3,0.25,0.0
STU_01880,average,7,2.38,1.17,3.25,-2.08,79.3,52.7,36.4,53.0,32.0,6.83,3,2,0,2,38.5,25.2,62.0,16.6,45.2,25.2,0.75,0.0
STU_01881,failing,4,0.0,0.0,0.0,0.0,37.4,16.8,30.6,32.4,9.6,5.14,7,7,0,7,8.6,2.0,34.8,11.2,18.4,4.7,0.38,0.0
STU_01882,struggling,7,0.11,0.67,0.0,0.67,40.3,48.3,28.3,6.3,0.0,5.86,3,2,0,3,26.3,12.7,44.1,13.2,33.1,12.7,0.75,0.0
STU_01883,improving,4,3.23,5.09,0.0,5.09,83.3,54.8,60.8,49.5,8.7,7.3,7,1,0,1,50.6,31.7,60.6,8.6,51.3,50.3,0.38,7.11
STU_01884,strong,5,8.32,8.33,7.82,0.51,85.3,77.8,92.3,61.3,42.5,5.31,4,0,2,0,77.5,62.1,95.8,13.0,82.4,72.5,0.5,10.0
STU_01885,topper,7,9.86,10.0,9.88,0.12,85.0,100.0,61.3,89.8,20.4,5.62,3,0,3,0,87.6,82.4,90.8,3.7,90.2,82.4,0.75,10.0
STU_01886,topper,3,7.7,8.53,6.74,1.79,92.4,74.8,94.6,82.7,55.2,7.72,6,0,4,0,74.6,60.7,83.8,8.5,77.2,73.3,0.25,9.82
STU_01887,above_avg,4,4.82,4.18,6.05,-1.87,85.4,70.5,61.4,54.3,25.3,4.56,7,1,0,4,48.0,33.1,56.5,7.8,55.8,44.9,0.38,4.56
STU_01888,below_avg,4,0.11,0.45,0.21,0.24,46.1,65.6,32.5,67.1,25.6,6.26,7,5,0,6,30.1,17.9,54.0,13.1,48.8,22.6,0.38,0.56
STU_01889,above_avg,4,6.37,6.82,6.74,0.08,73.1,75.3,67.1,54.4,55.3,7.68,7,0,3,1,64.1,44.8,73.4,9.3,65.8,63.4,0.38,7.33
STU_01890,inconsistent,5,5.28,4.56,5.95,-1.39,82.6,55.8,47.4,38.2,19.2,6.29,4,1,0,1,54.2,35.9,67.6,11.8,56.6,51.8,0.5,5.5
STU_01891,above_avg,3,3.39,3.95,3.89,0.06,74.8,64.6,68.4,65.3,6.5,6.73,6,1,0,5,45.2,31.4,54.2,7.4,48.3,43.6,0.25,3.41
STU_01892,struggling,7,0.15,0.0,0.0,0.0,28.7,2.9,30.7,40.6,0.4,6.76,3,3,0,3,10.7,2.0,17.5,6.5,15.1,2.0,0.75,0.0
STU_01893,above_avg,5,1.44,0.67,3.27,-2.6,83.0,38.4,68.1,58.2,31.5,5.51,4,3,0,3,42.6,36.7,57.5,8.6,47.3,38.0,0.5,3.12
STU_01894,improving,6,3.05,4.88,0.0,4.88,80.2,57.8,57.2,68.2,1.0,6.57,4,1,0,2,46.5,30.5,60.4,10.8,47.0,45.1,0.62,2.17
STU_01895,topper,3,10.0,10.0,10.0,0.0,94.6,94.9,92.2,77.3,18.2,6.32,6,0,6,0,96.0,89.3,100.0,3.6,99.9,94.1,0.25,10.0
STU_01896,strong,3,7.47,8.05,7.89,0.16,82.9,71.3,64.4,50.5,76.4,6.09,6,0,3,0,73.6,62.5,88.6,9.4,83.4,68.7,0.25,7.45
STU_01897,above_avg,7,4.2,2.17,6.62,-4.45,83.1,70.8,55.1,58.2,40.2,6.59,3,1,0,1,54.8,38.8,69.9,12.7,62.8,38.8,0.75,6.33
STU_01898,average,7,1.39,0.0,2.75,-2.75,76.7,26.0,38.1,50.5,35.9,7.26,3,3,0,3,36.5,33.1,39.9,2.8,38.2,33.1,0.75,0.67
STU_01899,below_avg,5,0.62,0.0,0.0,0.0,50.9,30.3,43.6,43.7,4.4,5.77,4,4,0,4,12.2,2.0,22.2,7.2,16.9,7.5,0.5,0.0
STU_01900,above_avg,4,2.22,3.64,0.84,2.8,76.0,60.9,38.8,63.7,56.0,6.08,7,2,0,4,49.1,35.4,63.7,10.4,54.8,46.8,0.38,7.0
STU_01901,above_avg,6,5.3,5.88,5.67,0.21,64.7,74.9,69.5,49.1,20.1,5.58,4,0,0,1,53.9,47.8,60.8,4.7,53.7,54.6,0.62,6.17
STU_01902,above_avg,3,4.89,3.32,6.21,-2.89,82.4,73.0,52.1,63.9,29.1,6.49,6,2,0,3,48.2,28.3,65.0,13.9,59.8,42.5,0.25,4.27
STU_01903,average,4,3.07,2.91,3.11,-0.2,74.3,45.2,56.3,74.1,22.0,5.42,7,3,0,6,41.8,31.1,57.1,7.7,36.1,44.1,0.38,1.44
STU_01904,average,3,3.27,2.95,3.16,-0.21,68.3,47.0,53.4,39.8,26.5,5.52,6,2,0,6,41.9,39.4,47.4,2.8,40.8,42.4,0.25,5.41
STU_01905,improving,5,5.41,8.33,1.0,7.33,77.7,46.9,43.0,38.2,13.7,6.44,4,0,3,0,71.8,63.5,75.6,4.9,69.1,74.6,0.5,7.88
STU_01906,below_avg,6,0.87,1.5,0.0,1.5,57.6,42.9,45.0,19.4,14.4,6.69,4,3,0,3,30.7,2.0,52.6,18.3,40.3,2.0,0.62,0.0
STU_01907,below_avg,4,0.25,0.0,0.74,-0.74,60.3,26.5,49.7,7.9,21.9,5.98,7,7,0,7,15.0,2.0,32.5,12.0,28.5,9.6,0.38,0.0
STU_01908,struggling,4,0.14,0.0,0.0,0.0,58.9,22.9,5.8,16.9,15.4,6.76,7,7,0,7,14.6,2.0,39.5,13.9,15.3,14.3,0.38,0.0
STU_01909,below_avg,5,0.48,0.0,0.18,-0.18,62.7,14.8,46.7,33.3,0.0,4.44,4,4,0,4,9.4,2.0,31.7,12.9,16.9,2.0,0.5,0.0
STU_01910,average,7,3.23,5.33,1.25,4.08,67.0,90.4,54.5,51.6,55.4,6.66,3,0,1,1,60.0,41.8,77.4,14.5,69.1,41.8,0.75,5.33
STU_01911,above_avg,3,5.29,4.68,6.68,-2.0,73.6,70.3,59.8,64.8,28.0,6.0,6,1,0,3,53.0,31.4,67.8,12.5,56.5,51.3,0.25,4.09
STU_01912,above_avg,3,3.23,3.16,4.05,-0.89,75.2,41.6,51.5,49.4,56.1,7.04,6,2,0,4,49.1,38.3,63.5,9.4,61.2,43.0,0.25,6.14
STU_01913,average,3,3.19,2.68,4.32,-1.64,57.4,54.4,54.0,31.8,34.1,7.03,6,3,1,3,50.0,32.0,72.0,15.5,61.4,44.3,0.25,5.82
STU_01914,above_avg,4,7.09,8.05,6.21,1.84,83.7,83.6,56.7,58.6,47.7,6.15,7,0,5,0,72.1,56.0,88.0,9.3,74.8,71.0,0.38,7.78
STU_01915,failing,6,0.46,0.0,0.0,0.0,26.3,25.4,17.6,0.0,9.1,4.78,4,4,0,4,11.9,2.0,26.9,9.9,15.2,2.0,0.62,0.0
STU_01916,topper,4,9.7,10.0,10.0,0.0,92.0,91.9,73.2,71.8,26.8,5.98,7,0,7,0,91.2,84.1,96.1,4.2,92.8,90.6,0.38,10.0
STU_01917,above_avg,3,3.77,3.68,3.47,0.21,78.4,53.3,42.4,61.6,30.0,5.27,6,1,0,4,45.6,38.8,51.7,4.7,51.7,42.6,0.25,3.05
STU_01918,average,3,4.14,3.89,4.37,-0.48,76.2,47.2,46.0,57.4,0.0,5.12,6,1,0,4,47.6,34.5,58.4,7.8,56.2,43.3,0.25,3.82
STU_01919,average,7,3.18,4.0,1.25,2.75,69.7,61.6,49.7,49.6,26.0,5.2,3,0,0,3,41.5,40.6,42.8,1.0,41.9,40.6,0.75,5.67
STU_01920,struggling,4,0.0,0.0,0.0,0.0,33.7,23.7,37.4,20.3,3.2,5.52,7,7,0,7,16.5,2.0,36.3,11.5,21.9,14.4,0.38,0.0
STU_01921,inconsistent,5,1.61,0.56,2.5,-1.94,80.9,43.7,48.7,52.7,17.1,5.52,4,3,0,4,35.0,25.7,49.5,9.5,43.5,26.6,0.5,3.0
STU_01922,above_avg,3,6.34,4.84,7.21,-2.37,76.7,60.8,62.1,54.0,0.1,6.24,6,1,0,2,50.5,35.6,61.0,9.2,48.1,51.7,0.25,2.95
STU_01923,strong,7,7.18,6.83,8.0,-1.17,79.7,91.3,72.3,41.6,0.0,5.89,3,0,1,0,75.6,58.5,98.9,17.1,84.1,58.5,0.75,8.0
STU_01924,above_avg,5,5.18,5.78,4.41,1.37,77.1,73.4,74.8,72.3,20.4,6.58,4,0,0,2,55.7,44.9,66.5,9.9,54.7,56.6,0.5,8.12
STU_01925,strong,3,8.61,8.53,8.84,-0.31,85.5,100.0,49.4,84.0,87.0,6.32,6,0,5,0,76.6,63.8,91.6,8.7,86.1,71.9,0.25,9.95
STU_01926,struggling,3,0.05,0.0,0.0,0.0,47.2,10.1,20.6,42.1,0.0,8.09,6,6,0,6,11.9,2.0,22.1,8.0,17.8,8.9,0.25,0.0
STU_01927,average,4,3.08,2.18,3.68,-1.5,77.5,29.5,49.1,55.9,26.8,5.99,7,5,0,5,37.4,27.9,53.3,10.0,32.1,39.5,0.38,1.33
STU_01928,above_avg,3,4.08,3.37,4.63,-1.26,76.5,59.2,65.7,35.5,49.4,6.45,6,2,0,3,49.5,29.3,67.4,13.1,62.5,43.0,0.25,2.45
STU_01929,average,5,1.53,2.67,0.23,2.44,80.0,62.8,44.3,60.2,38.4,5.79,4,1,0,2,43.7,14.2,59.7,18.5,59.5,27.9,0.5,3.38
STU_01930,below_avg,3,0.0,0.42,0.0,0.42,46.3,34.7,25.6,56.8,37.0,5.79,6,5,0,6,23.6,6.4,42.5,12.9,32.4,19.2,0.25,0.5
STU_01931,above_avg,6,6.22,5.88,5.56,0.32,71.4,59.5,55.7,88.6,1.7,5.91,4,0,1,1,57.3,44.9,70.0,9.6,59.0,51.9,0.62,6.67
STU_01932,strong,3,7.22,6.53,7.79,-1.26,95.0,62.6,68.1,74.5,20.9,5.57,6,0,1,0,61.5,51.7,77.5,8.5,68.5,58.0,0.25,8.36
STU_01933,average,5,1.06,1.11,1.64,-0.53,68.2,42.9,46.8,57.5,7.5,6.47,4,2,0,4,36.0,17.7,48.4,12.0,46.7,25.4,0.5,4.62
STU_01934,above_avg,6,3.31,3.5,3.89,-0.39,79.7,59.1,71.3,15.6,56.4,5.28,4,1,1,2,54.5,31.2,76.7,16.5,62.3,31.2,0.62,6.0
STU_01935,average,6,1.9,2.12,1.44,0.68,55.9,55.4,44.1,48.6,43.6,5.14,4,2,0,3,35.0,19.3,51.1,13.6,40.3,19.3,0.62,1.83
STU_01936,average,4,1.07,1.27,1.0,0.27,68.5,23.3,49.8,62.6,46.9,6.3,7,6,0,6,33.7,15.1,64.6,15.0,27.6,36.1,0.38,2.56
STU_01937,below_avg,5,0.1,0.0,0.0,0.0,69.4,17.2,32.9,58.0,34.8,6.56,4,4,0,4,22.1,6.3,39.2,13.0,26.2,17.9,0.5,0.5
STU_01938,average,3,1.2,2.32,0.0,2.32,69.8,38.4,46.4,52.9,10.4,4.52,6,3,0,5,39.5,29.0,52.0,7.7,36.8,40.8,0.25,6.86
STU_01939,above_avg,7,5.52,5.0,6.62,-1.62,79.7,64.8,59.9,65.0,43.7,4.97,3,0,1,2,57.8,40.8,87.6,21.2,66.2,40.8,0.75,5.33
STU_01940,failing,6,0.66,0.0,0.0,0.0,34.4,17.4,42.4,0.8,36.3,6.13,4,4,0,4,4.6,2.0,8.7,2.8,5.5,2.0,0.62,0.0
STU_01941,above_avg,5,6.31,7.56,4.23,3.33,86.3,70.1,58.4,60.5,51.5,4.92,4,0,1,0,66.2,59.3,76.0,6.4,64.8,67.7,0.5,6.75
STU_01942,strong,3,8.03,8.53,8.16,0.37,88.9,100.0,57.8,85.1,40.8,7.43,6,0,5,0,78.6,65.6,100.0,10.9,86.8,74.6,0.25,10.0
STU_01943,topper,3,10.0,9.79,9.95,-0.16,91.1,98.1,72.6,69.9,32.3,6.99,6,0,6,0,91.5,79.1,100.0,7.2,99.6,87.4,0.25,10.0
STU_01944,topper,4,8.85,9.45,8.21,1.24,95.6,100.0,94.8,79.5,29.0,6.03,7,0,7,0,83.0,76.5,98.3,7.3,91.7,79.6,0.38,10.0
STU_01945,average,5,4.62,3.33,6.05,-2.72,72.1,56.7,56.2,35.1,0.0,4.98,4,1,0,1,49.4,28.9,58.6,11.9,55.0,43.8,0.5,1.75
STU_01946,above_avg,5,7.63,8.44,6.32,2.12,78.0,83.7,38.2,70.2,43.3,6.57,4,0,2,0,69.5,61.0,82.2,8.1,67.5,71.6,0.5,8.12
STU_01947,average,3,4.56,2.95,4.95,-2.0,81.4,83.6,66.7,26.2,18.2,6.78,6,2,1,4,45.4,21.7,74.5,16.2,64.0,36.0,0.25,3.14
STU_01948,average,3,1.47,0.42,1.84,-1.42,75.3,43.8,43.2,20.3,48.4,6.47,6,5,0,6,33.2,27.9,42.3,5.0,38.5,30.6,0.25,0.18
STU_01949,below_avg,3,0.42,0.63,0.0,0.63,65.8,46.7,17.9,7.7,22.6,7.19,6,5,0,5,24.8,7.9,54.4,15.6,45.0,14.6,0.25,0.18
STU_01950,average,5,2.26,1.22,2.64,-1.42,72.5,63.2,36.6,76.8,41.4,5.11,4,2,0,3,43.4,26.8,69.1,15.9,56.2,30.6,0.5,3.25
STU_01951,struggling,4,0.0,0.0,0.0,0.0,45.9,26.6,25.3,45.1,8.7,7.11,7,7,0,7,8.3,2.0,25.6,8.5,17.2,4.7,0.38,0.0
STU_01952,strong,3,7.4,7.16,7.32,-0.16,93.9,87.6,66.5,56.1,32.9,4.61,6,0,3,0,67.2,52.4,81.6,10.1,78.1,61.7,0.25,7.36
STU_01953,average,5,1.81,0.56,2.73,-2.17,70.3,58.6,19.2,27.0,22.0,5.83,4,3,0,4,31.1,18.2,45.4,10.2,40.3,21.9,0.5,2.25
STU_01954,above_avg,5,5.45,6.33,5.0,1.33,76.6,67.8,58.9,35.4,34.3,5.87,4,0,1,1,63.6,48.2,76.6,10.6,68.3,58.8,0.5,8.25
STU_01955,below_avg,5,0.0,0.0,0.0,0.0,68.9,49.6,29.3,43.9,47.5,6.42,4,4,0,4,20.5,2.0,37.2,13.4,32.9,8.2,0.5,0.62
STU_01956,strong,3,6.31,6.84,5.74,1.1,89.2,100.0,52.3,77.2,3.7,6.59,6,0,3,0,63.7,50.4,79.6,11.9,75.8,57.6,0.25,7.32
STU_01957,below_avg,6,0.46,0.0,0.56,-0.56,46.5,50.0,45.7,43.4,32.6,4.95,4,4,0,4,30.0,17.8,37.9,7.7,30.2,29.5,0.62,0.0
STU_01958,struggling,3,1.34,0.0,1.0,-1.0,32.8,36.2,53.8,36.9,12.2,6.35,6,6,0,6,19.2,2.0,38.3,12.5,26.2,15.7,0.25,0.0
STU_01959,average,5,2.7,2.0,2.23,-0.23,84.6,56.6,39.3,66.9,37.8,5.41,4,2,0,3,41.1,33.6,52.7,7.5,43.2,39.2,0.5,1.38
STU_01960,above_avg,5,6.51,5.89,6.09,-0.2,85.3,59.6,57.4,57.6,32.8,5.94,4,0,2,1,63.2,43.6,78.0,13.3,75.2,51.2,0.5,7.62
STU_01961,average,5,1.37,1.0,1.64,-0.64,64.0,53.8,49.1,27.7,44.0,7.77,4,2,0,4,36.9,22.2,49.6,10.0,45.5,28.3,0.5,0.75
STU_01962,below_avg,3,0.28,1.58,0.0,1.58,61.0,53.6,40.7,56.8,34.4,7.26,6,4,0,6,31.4,15.2,47.4,13.4,43.1,25.5,0.25,2.5
STU_01963,struggling,6,0.44,0.0,0.67,-0.67,52.5,23.1,29.0,14.0,23.9,5.22,4,4,0,4,15.9,7.2,32.0,9.5,17.3,11.8,0.62,0.67
STU_01964,topper,5,8.39,8.0,9.64,-1.64,97.5,87.7,81.6,73.8,19.5,5.14,4,0,3,0,80.2,67.5,100.0,12.7,91.1,69.3,0.5,10.0
STU_01965,below_avg,3,0.14,0.0,0.0,0.0,65.1,29.2,33.1,53.9,11.8,6.57,6,6,0,6,17.7,2.0,34.9,12.5,32.5,10.2,0.25,0.95
STU_01966,strong,4,6.24,6.41,5.79,0.62,89.1,82.1,61.0,41.7,12.7,7.09,7,0,2,1,60.6,45.4,78.2,10.7,75.0,54.8,0.38,6.56
STU_01967,struggling,4,0.0,0.0,0.0,0.0,51.6,28.9,33.6,38.7,18.3,5.17,7,7,0,7,9.2,2.0,16.4,5.3,13.2,7.6,0.38,0.0
STU_01968,average,4,2.89,3.32,2.42,0.9,81.6,72.6,50.1,80.9,15.6,6.05,7,3,0,5,43.8,26.1,53.3,9.5,44.4,43.6,0.38,7.56
STU_01969,average,4,2.54,4.41,0.95,3.46,70.4,62.0,34.6,32.4,52.3,5.57,7,1,0,3,47.6,28.4,60.9,9.6,55.6,44.3,0.38,3.56
STU_01970,strong,6,6.63,8.25,4.78,3.47,92.0,58.4,53.5,65.1,41.1,6.52,4,0,4,0,75.1,70.4,84.8,5.7,75.9,72.6,0.62,9.5
STU_01971,average,5,3.23,2.22,3.91,-1.69,59.9,47.5,51.0,50.3,46.6,5.67,4,2,0,4,37.0,20.4,48.2,11.5,34.3,39.7,0.5,3.25
STU_01972,above_avg,4,4.22,4.86,3.11,1.75,81.1,66.8,42.3,71.4,71.1,5.2,7,0,0,4,48.6,41.9,58.4,6.2,50.9,47.6,0.38,4.11
STU_01973,below_avg,4,0.33,0.0,0.84,-0.84,59.8,39.5,63.2,25.1,0.0,6.35,7,7,0,7,15.5,2.0,32.3,9.9,24.7,11.8,0.38,0.0
STU_01974,above_avg,6,3.44,3.25,3.89,-0.64,76.9,66.9,75.1,74.0,18.0,6.89,4,1,0,2,53.1,39.6,65.1,10.6,57.7,39.6,0.62,6.17
STU_01975,average,5,1.46,0.89,2.32,-1.43,65.4,48.0,37.4,57.5,33.0,6.67,4,2,0,4,35.2,25.8,44.4,8.1,43.2,27.1,0.5,0.0
STU_01976,struggling,4,0.0,0.18,0.0,0.18,55.1,33.8,11.1,23.3,0.0,6.99,7,6,0,7,12.8,2.0,44.4,14.8,23.2,8.6,0.38,0.0
STU_01977,above_avg,3,3.94,4.42,4.53,-0.11,78.3,50.8,73.5,55.9,34.6,7.1,6,1,0,3,44.9,11.9,57.8,15.2,50.7,42.0,0.25,3.91
STU_01978,below_avg,3,0.35,0.32,0.21,0.11,64.5,62.7,39.4,52.1,9.1,6.51,6,5,0,5,23.9,7.5,54.9,15.8,43.5,14.1,0.25,0.0
STU_01979,average,4,1.79,1.32,2.11,-0.79,77.0,34.5,63.4,44.2,25.3,5.75,7,5,0,6,38.7,18.3,53.8,10.5,33.5,40.8,0.38,0.56
STU_01980,above_avg,6,5.13,6.25,3.33,2.92,79.4,57.5,39.7,36.2,43.9,5.14,4,0,0,0,55.5,50.6,64.3,5.4,57.2,50.6,0.62,7.0
STU_01981,above_avg,4,4.73,6.0,3.32,2.68,85.5,57.9,61.2,44.1,36.2,6.73,7,0,0,1,56.3,41.7,65.6,6.8,56.2,56.3,0.38,6.11
STU_01982,struggling,3,0.59,0.0,0.0,0.0,52.3,9.5,22.8,40.8,9.0,4.72,6,6,0,6,4.5,2.0,10.8,3.6,5.0,4.2,0.25,0.23
STU_01983,struggling,6,1.54,1.88,0.78,1.1,44.5,45.9,24.6,13.5,47.9,5.03,4,2,0,4,32.5,2.0,47.1,18.3,42.7,2.0,0.62,1.0
STU_01984,above_avg,4,4.61,5.5,3.47,2.03,89.8,71.9,47.6,65.6,31.5,5.09,7,0,0,3,55.1,41.6,69.8,10.0,61.6,52.5,0.38,7.44
STU_01985,above_avg,6,7.32,6.88,8.67,-1.79,85.7,71.9,60.6,34.9,68.1,7.51,4,0,2,1,65.7,45.5,83.7,14.1,72.4,45.5,0.62,8.33
STU_01986,below_avg,5,0.53,0.56,0.0,0.56,62.1,53.7,30.5,62.9,51.1,7.81,4,3,0,4,23.4,2.0,48.0,16.4,36.2,10.7,0.5,0.0
STU_01987,strong,4,6.96,6.41,6.79,-0.38,93.7,86.6,74.1,65.9,27.1,6.58,7,0,3,2,61.5,48.2,76.9,12.0,73.9,56.5,0.38,5.89
STU_01988,average,5,3.54,5.78,1.59,4.19,68.0,43.8,40.3,90.9,7.8,6.4,4,0,0,1,49.4,41.5,53.4,4.6,46.4,52.5,0.5,3.75
STU_01989,average,3,3.12,2.0,4.37,-2.37,78.4,43.1,54.9,0.7,35.2,6.1,6,3,0,4,34.7,13.2,59.0,18.9,49.2,27.4,0.25,2.36
STU_01990,average,5,0.0,0.0,0.0,0.0,73.7,38.1,60.8,24.0,30.1,5.65,4,4,0,4,30.0,22.3,38.4,5.7,33.5,26.5,0.5,4.75
STU_01991,topper,7,9.7,8.0,10.0,-2.0,95.1,100.0,76.2,72.2,26.7,5.14,3,0,2,0,85.5,69.9,97.8,11.6,93.3,69.9,0.75,10.0
STU_01992,below_avg,7,1.13,1.67,1.0,0.67,77.5,73.2,60.6,48.6,33.4,4.53,3,1,0,2,41.2,26.1,53.4,11.3,48.8,26.1,0.75,4.83
STU_01993,improving,4,2.65,4.23,0.21,4.02,84.4,63.1,35.7,57.9,9.5,6.15,7,1,0,4,48.8,29.0,66.0,12.6,59.0,44.8,0.38,6.0
STU_01994,improving,3,4.78,7.26,0.37,6.89,74.0,83.0,71.8,66.2,21.5,5.0,6,0,4,1,69.2,43.0,90.4,17.1,78.8,64.4,0.25,7.09
STU_01995,below_avg,5,1.95,0.44,3.09,-2.65,57.6,50.4,39.3,36.2,7.3,6.07,4,3,0,4,33.1,19.0,43.6,9.0,31.3,34.9,0.5,1.38
STU_01996,above_avg,3,6.77,6.21,6.74,-0.53,81.4,62.9,46.4,49.4,65.0,6.33,6,0,1,2,58.4,43.0,76.3,10.7,58.2,58.6,0.25,2.68
STU_01997,average,4,0.44,1.0,0.0,1.0,62.3,51.5,56.7,58.0,0.0,7.15,7,5,0,6,34.3,13.4,52.6,12.4,44.9,30.1,0.38,1.22
STU_01998,above_avg,7,6.01,5.67,5.38,0.29,80.9,51.1,62.1,50.8,56.0,6.81,3,0,0,1,52.3,44.3,57.9,5.8,49.5,57.9,0.75,3.0
STU_01999,average,6,0.91,1.75,1.22,0.53,67.8,40.5,50.0,34.1,47.1,6.93,4,2,0,3,40.3,28.9,53.3,8.8,44.1,28.9,0.62,0.0
STU_02000,above_avg,4,4.42,4.55,4.84,-0.29,78.0,58.7,63.2,69.5,53.4,5.37,7,1,0,2,50.9,38.8,59.6,7.5,55.0,49.2,0.38,5.89
STU_02001,struggling,5,0.0,0.0,0.0,0.0,43.9,31.2,23.8,33.7,0.0,5.91,4,4,0,4,6.6,2.0,20.5,8.0,11.2,2.0,0.5,0.0
STU_02002,topper,5,9.98,10.0,10.0,0.0,97.8,85.4,90.5,77.6,9.5,5.85,4,0,4,0,86.7,80.7,96.8,6.2,91.7,81.6,0.5,9.5
STU_02003,above_avg,6,4.4,2.75,6.22,-3.47,87.1,41.1,63.5,53.4,38.7,6.37,4,1,0,2,45.7,33.4,54.0,8.5,49.8,33.4,0.62,6.17
STU_02004,topper,7,9.25,10.0,9.0,1.0,91.3,75.0,58.5,53.8,43.6,4.13,3,0,3,0,83.4,81.7,85.0,1.3,84.2,81.7,0.75,10.0
STU_02005,below_avg,3,0.8,0.42,1.05,-0.63,60.0,41.0,50.2,39.8,40.6,6.36,6,5,0,6,18.2,2.0,42.7,15.9,40.3,7.2,0.25,0.0
STU_02006,above_avg,4,5.37,6.27,4.32,1.95,80.9,71.1,58.5,43.9,20.6,7.5,7,0,0,0,59.6,51.6,69.8,6.5,64.8,57.5,0.38,3.56
STU_02007,average,3,4.01,3.05,4.58,-1.53,70.3,77.5,45.3,49.4,4.1,5.88,6,2,0,4,46.5,36.2,58.5,7.9,56.4,41.5,0.25,4.95
STU_02008,above_avg,4,5.68,5.59,5.32,0.27,74.0,50.2,63.3,94.4,55.7,6.82,7,2,1,2,56.4,27.2,78.0,16.8,53.5,57.5,0.38,5.44
STU_02009,below_avg,5,1.09,1.78,0.0,1.78,64.8,39.3,47.6,54.7,10.6,5.47,4,3,0,4,29.4,23.0,40.4,6.6,27.1,31.7,0.5,6.25
STU_02010,average,4,0.75,0.0,1.58,-1.58,74.2,48.2,57.7,56.7,31.2,7.13,7,7,0,7,23.9,12.6,37.9,7.9,29.7,21.5,0.38,0.78
STU_02011,above_avg,7,5.92,6.0,6.62,-0.62,78.3,78.2,74.2,79.9,51.4,5.74,3,0,1,1,64.3,47.4,86.1,16.2,72.8,47.4,0.75,7.5
STU_02012,strong,5,6.44,6.44,6.68,-0.24,85.9,75.4,62.6,53.8,28.7,6.81,4,0,1,0,65.1,55.6,79.4,9.9,74.3,55.9,0.5,8.0
STU_02013,average,5,3.39,3.11,3.77,-0.66,75.1,80.4,50.7,43.9,66.7,6.19,4,1,0,2,47.9,37.3,58.7,8.9,56.5,39.2,0.5,7.12
STU_02014,above_avg,3,6.0,6.42,5.95,0.47,74.6,65.6,88.6,67.7,29.7,6.23,6,0,1,1,56.7,46.7,74.5,9.2,53.5,58.3,0.25,5.95
STU_02015,strong,3,7.36,7.79,7.63,0.16,84.3,80.3,72.4,33.4,22.0,6.01,6,0,3,1,72.3,44.4,93.6,16.5,76.2,70.4,0.25,8.0
STU_02016,failing,3,0.51,0.0,0.32,-0.32,28.6,6.6,10.5,7.8,62.7,5.93,6,6,0,6,7.2,2.0,26.8,9.1,14.4,3.5,0.25,0.0
STU_02017,below_avg,5,0.38,0.0,0.18,-0.18,62.2,37.3,20.8,39.5,71.6,5.55,4,4,0,4,22.4,9.3,37.1,12.5,34.8,9.9,0.5,0.0
STU_02018,strong,6,8.81,8.88,8.0,0.88,88.8,83.9,77.8,94.8,52.1,6.18,4,0,4,0,77.8,72.1,83.6,4.1,77.7,78.4,0.62,9.83
STU_02019,average,5,1.19,2.89,0.55,2.34,66.0,53.1,54.6,36.6,20.3,6.42,4,1,1,2,53.0,39.7,74.9,13.5,64.0,42.0,0.5,3.12
STU_02020,average,6,2.53,3.62,2.78,0.84,80.4,63.2,56.2,56.6,10.2,5.8,4,1,1,2,47.5,15.9,75.6,21.3,58.0,15.9,0.62,6.33
STU_02021,above_avg,3,4.64,6.16,3.37,2.79,79.3,69.1,68.0,71.5,5.1,6.7,6,0,0,1,59.5,42.2,66.7,8.2,62.2,58.2,0.25,6.0
STU_02022,below_avg,6,0.0,0.0,0.0,0.0,59.3,12.0,15.3,31.8,17.5,6.14,4,4,0,4,20.1,6.0,35.6,13.9,24.7,6.0,0.62,0.0
STU_02023,average,3,0.24,0.26,0.0,0.26,71.6,49.0,51.5,27.3,41.0,5.93,6,5,0,6,22.4,9.2,45.7,13.4,38.5,14.3,0.25,0.0
STU_02024,average,4,3.13,1.95,4.63,-2.68,66.0,51.1,46.2,57.4,34.2,7.05,7,3,0,6,39.2,23.6,60.3,11.0,52.3,34.0,0.38,1.33
STU_02025,struggling,3,0.74,1.68,0.0,1.68,54.3,17.4,44.1,58.1,5.9,5.17,6,4,0,6,29.0,20.5,40.8,8.6,25.8,30.7,0.25,0.0
STU_02026,above_avg,3,5.09,6.47,3.79,2.68,75.7,74.3,62.5,67.5,48.2,7.38,6,0,2,1,60.2,44.0,72.9,10.2,66.8,56.8,0.25,7.64
STU_02027,above_avg,5,6.13,6.33,6.23,0.1,75.4,64.1,69.7,57.4,20.5,4.78,4,0,1,1,60.2,47.0,73.2,10.9,62.7,57.7,0.5,6.88
STU_02028,struggling,5,0.52,0.0,1.32,-1.32,44.5,21.8,32.4,27.4,52.2,7.23,4,4,0,4,20.0,12.9,35.1,8.8,24.0,16.0,0.5,0.0
STU_02029,strong,3,8.74,8.95,8.68,0.27,87.5,100.0,71.3,61.0,4.1,7.0,6,0,6,0,80.2,73.1,91.4,6.0,86.8,76.9,0.25,9.05
STU_02030,average,4,2.83,2.32,3.26,-0.94,62.8,62.1,61.4,52.4,8.8,6.29,7,3,0,6,43.3,26.4,56.1,9.4,53.0,39.5,0.38,2.11
STU_02031,below_avg,5,1.11,0.0,1.36,-1.36,64.3,49.2,53.1,80.6,0.0,5.65,4,4,0,4,24.9,5.3,36.6,11.8,33.4,16.3,0.5,1.75
STU_02032,below_avg,5,0.0,0.0,0.0,0.0,63.6,46.6,39.5,49.6,11.5,6.59,4,4,0,4,18.5,10.0,31.6,8.9,26.6,10.3,0.5,0.75
STU_02033,below_avg,7,3.29,1.67,5.38,-3.71,54.7,43.7,50.6,49.4,46.6,6.05,3,1,0,2,35.3,6.5,54.6,20.7,49.7,6.5,0.75,0.0
STU_02034,struggling,6,0.65,0.62,0.0,0.62,36.9,50.3,47.7,43.3,1.2,6.27,4,3,0,4,22.3,8.7,49.5,16.1,26.8,8.7,0.62,0.0
STU_02035,struggling,4,0.11,0.18,0.0,0.18,51.9,19.6,39.4,20.4,32.0,7.5,7,6,0,7,15.5,2.0,43.1,13.4,27.4,10.8,0.38,0.44
STU_02036,below_avg,7,5.57,4.33,5.62,-1.29,61.2,41.4,63.1,82.6,26.9,5.41,3,1,0,2,42.9,30.2,51.8,9.2,41.0,46.6,0.75,0.0
STU_02037,average,4,3.58,2.36,4.16,-1.8,80.6,63.9,42.4,50.4,43.0,6.46,7,3,0,5,40.3,16.0,63.7,16.7,56.4,33.8,0.38,3.22
STU_02038,average,5,1.53,1.33,0.73,0.6,62.5,53.6,29.6,37.5,0.0,7.4,4,2,0,3,39.8,23.7,64.7,16.6,54.9,24.8,0.5,0.62
STU_02039,below_avg,3,3.04,1.47,4.11,-2.64,72.3,46.6,13.5,53.8,0.0,5.34,6,3,0,6,28.1,8.6,43.6,15.0,43.2,20.6,0.25,0.73
STU_02040,average,3,4.8,5.0,4.47,0.53,70.4,55.8,50.6,68.2,20.6,5.53,6,1,1,3,50.6,33.4,71.5,11.6,46.0,53.0,0.25,2.23
STU_02041,above_avg,4,3.28,3.77,2.11,1.66,86.5,84.5,50.3,76.9,0.0,6.66,7,2,1,3,50.7,31.0,71.9,12.5,66.2,44.5,0.38,6.78
STU_02042,inconsistent,7,1.33,1.17,2.5,-1.33,76.0,51.7,40.5,33.5,39.6,6.35,3,2,0,2,36.4,20.4,60.6,17.4,40.5,28.3,0.75,3.33
STU_02043,below_avg,5,0.02,0.67,0.0,0.67,64.7,39.4,49.9,50.5,23.0,5.53,4,3,0,3,27.3,9.4,51.5,15.5,39.9,14.8,0.5,0.0
STU_02044,average,5,0.24,0.56,0.0,0.56,75.3,52.0,14.8,44.7,20.5,4.94,4,3,0,4,26.8,2.0,47.7,16.3,37.5,16.0,0.5,0.0
STU_02045,average,3,1.84,3.37,0.42,2.95,82.6,37.6,51.6,59.5,59.9,6.74,6,2,0,5,40.4,28.2,56.0,9.6,35.5,42.8,0.25,1.0
STU_02046,average,6,1.85,2.5,1.11,1.39,86.3,63.7,35.1,31.9,51.5,7.58,4,1,0,3,42.1,22.0,59.8,13.5,48.8,22.0,0.62,5.5
STU_02047,above_avg,6,7.92,8.25,7.11,1.14,88.6,76.4,82.8,56.6,43.4,4.31,4,0,2,1,69.4,48.5,82.3,13.1,65.1,82.3,0.62,8.83
STU_02048,above_avg,5,3.71,3.22,3.86,-0.64,76.1,63.5,61.5,18.4,48.6,7.12,4,1,0,2,48.8,38.9,56.4,6.4,52.2,45.3,0.5,2.75
STU_02049,strong,3,6.1,6.74,5.32,1.42,87.2,84.2,88.7,71.7,42.1,5.29,6,0,3,1,66.3,44.3,79.8,11.6,73.2,62.8,0.25,8.32
STU_02050,average,6,4.13,6.12,1.67,4.45,82.1,66.6,46.1,54.8,25.3,6.75,4,0,0,0,55.8,50.4,60.7,3.7,57.6,50.4,0.62,6.83
STU_02051,failing,6,0.68,0.0,0.0,0.0,10.8,6.0,7.9,32.4,28.7,7.67,4,4,0,4,7.4,2.0,23.6,9.3,9.2,2.0,0.62,0.0
STU_02052,struggling,4,0.0,0.0,0.0,0.0,37.7,15.2,51.7,41.0,33.5,5.83,7,7,0,7,7.7,2.0,18.5,5.6,15.1,4.7,0.38,0.0
STU_02053,below_avg,6,0.0,0.5,0.0,0.5,49.5,25.5,33.0,45.2,0.0,5.64,4,3,0,4,23.0,2.0,43.8,15.1,30.0,2.0,0.62,0.0
STU_02054,average,4,2.22,2.55,2.68,-0.13,83.0,38.1,51.5,52.2,0.0,6.15,7,3,0,7,36.8,21.0,45.1,9.1,40.8,35.3,0.38,1.22
STU_02055,topper,6,8.26,9.5,7.44,2.06,89.7,100.0,63.7,54.9,23.9,5.73,4,0,4,0,90.3,76.9,100.0,9.3,94.8,76.9,0.62,10.0
STU_02056,strong,3,7.01,7.11,7.05,0.06,89.9,84.7,87.6,100.0,11.4,6.29,6,0,2,0,68.8,56.1,79.4,7.9,78.5,64.0,0.25,7.32
STU_02057,above_avg,3,4.49,6.11,2.63,3.48,70.3,71.6,64.9,44.4,15.2,6.36,6,0,1,1,59.6,40.4,70.8,10.0,65.0,56.9,0.25,3.77
STU_02058,below_avg,4,0.0,0.91,0.0,0.91,66.5,32.1,44.8,42.2,0.0,5.5,7,6,0,7,24.0,5.9,48.9,14.6,34.1,19.9,0.38,0.56
STU_02059,strong,5,7.48,7.67,7.73,-0.06,86.1,86.3,48.2,35.1,7.2,6.56,4,0,3,0,71.2,62.8,76.3,5.1,74.7,67.7,0.5,8.12
STU_02060,below_avg,6,0.22,0.0,0.0,0.0,48.4,8.0,42.7,47.3,25.6,6.37,4,4,0,4,18.8,9.7,28.7,6.7,19.0,18.2,0.62,1.17
STU_02061,struggling,6,0.13,0.0,0.0,0.0,63.8,19.8,26.6,16.1,30.6,6.23,4,4,0,4,21.1,2.0,39.6,16.4,25.5,7.9,0.62,0.0
STU_02062,below_avg,5,1.12,0.56,1.55,-0.99,50.1,25.9,37.0,69.4,8.0,5.76,4,3,0,4,29.7,17.8,46.6,10.7,32.2,27.2,0.5,0.5
STU_02063,below_avg,7,0.0,0.0,0.0,0.0,42.8,34.1,44.8,16.7,54.2,6.52,3,3,0,3,15.3,2.0,28.5,10.8,21.9,2.0,0.75,0.0
STU_02064,struggling,4,0.1,0.0,0.0,0.0,38.9,23.6,26.2,0.0,43.5,5.6,7,7,0,7,5.6,2.0,11.4,3.7,8.2,4.6,0.38,0.0
STU_02065,average,3,3.27,3.58,2.74,0.84,84.9,83.0,53.0,44.7,50.2,6.79,6,2,1,3,49.4,26.4,72.1,15.5,63.8,42.3,0.25,6.27
STU_02066,below_avg,4,0.09,0.18,0.0,0.18,69.7,39.3,33.4,27.7,33.5,5.32,7,6,0,7,17.0,2.9,42.5,11.8,31.6,11.1,0.38,0.89
STU_02067,struggling,6,0.0,0.0,0.0,0.0,35.0,20.5,40.1,52.9,0.0,7.08,4,4,0,4,15.3,2.0,31.4,11.3,17.8,7.8,0.62,0.0
STU_02068,struggling,5,0.03,0.0,0.0,0.0,45.4,46.1,28.6,16.0,8.3,7.57,4,4,0,4,19.0,2.0,31.6,10.7,27.0,11.1,0.5,0.0
STU_02069,below_avg,5,1.21,0.89,0.73,0.16,67.7,48.6,18.7,38.0,0.0,5.7,4,2,0,4,22.7,2.0,44.0,19.4,42.0,3.4,0.5,1.25
STU_02070,below_avg,4,0.51,0.95,0.0,0.95,53.5,32.0,51.3,45.8,49.6,5.34,7,5,0,7,26.7,2.0,47.3,14.6,35.4,23.3,0.38,0.0
STU_02071,strong,3,7.71,8.26,8.0,0.26,92.6,88.4,76.8,91.4,54.2,7.08,6,0,4,0,76.8,63.7,95.5,11.2,81.8,74.2,0.25,7.95
STU_02072,below_avg,6,0.68,1.5,0.0,1.5,64.9,51.6,52.1,44.3,41.4,6.31,4,3,0,3,36.4,21.8,54.3,11.9,41.3,21.8,0.62,1.67
STU_02073,below_avg,3,0.0,0.37,0.0,0.37,49.7,58.2,29.2,44.6,43.6,6.71,6,5,0,5,23.3,2.0,60.1,19.7,48.9,10.6,0.25,0.41
STU_02074,strong,6,7.12,6.88,6.44,0.44,91.5,72.8,71.6,96.6,51.9,5.96,4,0,1,0,67.7,56.2,80.5,8.6,71.5,56.2,0.62,9.17
STU_02075,average,5,3.81,3.0,5.36,-2.36,76.2,53.2,63.6,53.3,58.8,5.31,4,2,0,3,42.6,17.6,65.2,17.2,52.1,33.1,0.5,2.5
STU_02076,strong,3,6.18,6.47,6.74,-0.27,91.2,71.8,41.8,57.8,7.6,5.85,6,0,2,2,61.9,47.3,86.3,13.9,73.5,56.0,0.25,6.32
STU_02077,below_avg,5,1.2,1.44,0.59,0.85,53.3,71.1,42.2,36.0,11.3,7.29,4,2,0,2,35.3,12.0,60.9,23.3,58.5,12.1,0.5,0.5
STU_02078,improving,6,4.85,6.12,3.56,2.56,78.8,61.2,45.0,42.6,39.1,6.58,4,0,0,0,57.2,53.8,60.0,2.8,57.9,55.3,0.62,2.5
STU_02079,below_avg,4,1.63,1.41,1.84,-0.43,72.6,57.4,43.1,37.7,25.0,5.55,7,5,0,5,34.5,7.2,67.9,20.6,50.2,28.3,0.38,1.33
STU_02080,strong,3,6.85,6.79,6.05,0.74,83.8,49.6,50.9,44.4,38.8,6.85,6,0,1,1,62.4,49.6,73.1,7.8,57.8,64.6,0.25,7.32
STU_02081,struggling,3,0.52,0.0,0.21,-0.21,43.7,16.0,32.3,40.6,23.6,5.88,6,6,0,6,15.9,2.0,24.8,8.0,23.4,12.2,0.25,0.0
STU_02082,average,6,5.27,3.5,6.44,-2.94,63.8,46.8,60.2,60.9,48.8,6.03,4,1,1,1,53.8,30.1,72.9,15.3,61.7,30.1,0.62,1.33
STU_02083,above_avg,4,4.7,4.0,6.0,-2.0,85.3,67.5,38.7,51.4,18.2,6.24,7,2,1,3,54.1,30.9,83.2,16.3,69.8,47.9,0.38,6.44
STU_02084,average,4,1.47,1.77,0.84,0.93,72.2,56.5,50.7,28.8,53.5,7.6,7,4,0,5,41.0,23.3,68.0,16.0,53.0,36.2,0.38,3.89
STU_02085,topper,5,8.39,8.89,8.18,0.71,96.7,100.0,79.7,74.7,53.6,6.84,4,0,4,0,87.3,70.7,100.0,13.0,100.0,74.6,0.5,10.0
STU_02086,struggling,4,0.0,0.0,0.0,0.0,49.2,38.8,30.1,17.9,33.2,5.33,7,7,0,7,21.1,6.3,35.1,8.4,26.0,19.2,0.38,0.0
STU_02087,strong,6,9.66,10.0,7.89,2.11,92.7,95.1,64.4,74.7,25.4,6.88,4,0,4,0,83.1,80.7,86.8,2.3,81.8,86.8,0.62,10.0
STU_02088,topper,6,9.8,10.0,10.0,0.0,87.3,99.2,76.3,71.7,85.2,5.05,4,0,4,0,91.7,87.0,100.0,5.0,93.3,87.0,0.62,10.0
STU_02089,above_avg,6,6.6,6.5,6.22,0.28,70.2,48.1,43.5,56.0,1.4,5.73,4,0,0,0,56.8,52.2,60.2,2.9,55.6,60.2,0.62,7.83
STU_02090,topper,3,9.7,10.0,10.0,0.0,91.4,91.7,79.7,83.8,25.6,6.52,6,0,6,0,91.0,83.9,100.0,5.9,90.1,91.4,0.25,10.0
STU_02091,improving,4,1.12,1.86,0.0,1.86,73.1,68.9,55.4,35.9,6.8,4.85,7,4,0,4,44.4,14.0,69.6,18.9,64.4,36.4,0.38,3.78
STU_02092,above_avg,3,5.57,3.47,6.42,-2.95,81.5,77.7,54.3,38.6,2.3,5.67,6,2,1,3,51.4,33.3,73.4,15.3,70.3,41.9,0.25,4.82
STU_02093,topper,3,9.97,10.0,10.0,0.0,96.2,100.0,82.0,60.5,27.3,6.12,6,0,6,0,95.8,88.3,100.0,4.4,99.8,93.8,0.25,10.0
STU_02094,struggling,5,0.0,0.0,0.73,-0.73,48.7,19.4,22.5,41.8,24.1,6.55,4,4,0,4,9.6,2.0,16.2,5.8,10.1,9.1,0.5,0.0
STU_02095,below_avg,7,0.62,0.67,0.5,0.17,69.9,41.7,25.2,32.4,17.6,6.84,3,2,0,3,30.7,24.8,42.4,8.3,33.6,24.8,0.75,0.0
STU_02096,average,6,1.91,0.0,3.33,-3.33,74.5,25.3,57.4,44.3,4.8,6.82,4,4,0,4,25.9,19.5,32.5,5.8,28.0,19.5,0.62,1.83
STU_02097,strong,7,7.46,7.5,8.12,-0.62,97.2,78.5,75.4,73.8,29.8,6.31,3,0,1,0,70.4,60.6,81.7,8.7,75.2,60.6,0.75,8.0
STU_02098,strong,4,7.55,7.45,7.37,0.08,85.2,92.9,74.3,86.1,35.1,5.92,7,0,4,0,71.2,56.0,88.8,12.3,87.6,64.7,0.38,9.56
STU_02099,failing,3,0.0,0.0,0.0,0.0,17.9,13.3,17.5,15.5,0.0,7.1,6,6,0,6,8.5,2.0,16.5,6.5,14.8,5.3,0.25,0.0
STU_02100,below_avg,5,0.04,0.56,0.0,0.56,57.5,26.7,18.8,27.4,22.3,4.43,4,3,0,4,21.3,5.4,45.0,15.0,33.9,8.7,0.5,0.0
STU_02101,strong,6,9.13,8.38,8.0,0.38,73.3,70.7,85.3,56.4,31.9,5.59,4,0,4,0,74.4,72.9,75.7,1.2,74.7,73.5,0.62,8.67
STU_02102,average,6,3.31,5.25,1.44,3.81,75.3,45.6,49.6,37.5,15.7,6.24,4,1,0,1,49.0,36.5,54.3,7.3,48.1,51.9,0.62,7.0
STU_02103,above_avg,5,5.16,6.0,3.86,2.14,82.1,70.9,55.6,63.1,43.7,6.64,4,0,0,0,56.8,55.3,58.9,1.3,57.9,55.8,0.5,6.75
STU_02104,average,3,2.75,4.11,1.26,2.85,73.0,69.1,32.5,69.7,0.6,6.86,6,1,0,3,43.3,9.5,55.5,15.7,53.9,38.0,0.25,6.09
STU_02105,failing,4,0.25,0.0,0.42,-0.42,30.7,16.0,25.4,25.8,5.6,5.48,7,7,0,7,4.6,2.0,17.8,5.5,3.1,5.2,0.38,0.0
STU_02106,below_avg,3,1.41,2.63,1.16,1.47,60.2,56.9,24.8,40.6,53.2,7.19,6,2,0,5,37.6,2.0,53.5,16.6,47.6,32.5,0.25,1.55
STU_02107,average,3,3.61,4.95,3.42,1.53,76.2,82.4,52.1,54.2,41.7,6.18,6,1,1,2,56.4,37.9,71.9,10.7,66.3,51.4,0.25,5.05
STU_02108,below_avg,5,1.15,0.56,2.0,-1.44,48.1,50.7,50.7,41.8,44.6,6.44,4,3,0,4,24.4,3.1,49.5,16.8,38.2,10.6,0.5,1.5
STU_02109,average,6,0.56,1.0,0.0,1.0,71.2,39.8,38.2,24.8,50.3,6.82,4,3,0,4,31.2,20.2,42.6,7.9,34.9,20.2,0.62,4.33
STU_02110,below_avg,3,1.56,0.0,2.95,-2.95,55.0,18.9,56.9,24.2,29.9,6.07,6,6,0,6,26.2,9.2,38.3,9.9,23.8,27.4,0.25,0.0
STU_02111,strong,3,8.96,8.53,9.79,-1.26,92.6,100.0,87.3,88.5,41.3,6.48,6,0,5,0,79.5,69.4,99.1,9.5,89.7,74.4,0.25,7.95
STU_02112,strong,5,8.92,8.89,9.0,-0.11,81.7,87.4,61.4,59.4,35.7,8.5,4,0,4,0,78.8,71.2,84.6,5.0,83.2,74.4,0.5,9.0
STU_02113,below_avg,6,0.19,0.5,0.0,0.5,54.8,34.6,37.1,9.1,0.0,6.35,4,3,0,4,26.0,14.2,42.3,10.2,29.9,14.2,0.62,3.5
STU_02114,topper,5,9.46,9.67,8.95,0.72,88.6,97.0,77.5,61.8,60.4,5.97,4,0,4,0,84.4,75.9,89.7,5.4,86.6,82.2,0.5,10.0
STU_02115,below_avg,7,2.62,3.67,1.88,1.79,74.1,59.6,42.7,59.7,17.2,7.21,3,1,0,2,44.6,35.1,54.1,7.8,44.6,44.6,0.75,6.5
STU_02116,struggling,4,0.14,0.0,0.0,0.0,45.3,20.7,25.1,34.3,12.4,5.63,7,7,0,7,6.2,2.0,19.9,6.6,7.6,5.6,0.38,0.0
STU_02117,average,3,3.44,4.37,2.63,1.74,75.8,67.3,28.1,59.2,51.9,6.22,6,1,0,3,51.7,38.6,67.9,8.7,61.0,47.1,0.25,4.14
STU_02118,above_avg,7,5.46,6.83,3.62,3.21,79.4,60.9,52.1,68.5,43.2,7.47,3,0,1,0,71.4,59.4,85.7,10.9,77.4,59.4,0.75,7.17
STU_02119,above_avg,5,5.71,6.89,3.68,3.21,87.9,57.9,54.2,57.4,54.2,6.36,4,0,1,0,59.9,53.5,72.2,7.3,56.9,62.9,0.5,7.5
STU_02120,above_avg,6,3.42,2.88,4.89,-2.01,67.1,57.4,61.8,39.7,45.9,6.49,4,1,0,2,51.3,38.6,67.3,11.1,55.5,38.6,0.62,5.67
STU_02121,below_avg,4,1.34,0.18,1.58,-1.4,54.0,24.1,53.4,16.7,32.9,5.1,7,6,0,7,28.1,11.8,41.2,8.9,36.2,24.9,0.38,0.67
STU_02122,strong,3,8.02,8.63,7.37,1.26,89.0,97.0,67.7,45.8,22.0,6.2,6,0,6,0,77.2,70.7,84.7,4.8,79.8,75.9,0.25,9.64
STU_02123,failing,7,0.39,0.0,0.0,0.0,40.3,4.2,26.8,30.3,0.0,5.8,3,3,0,3,15.4,2.0,27.3,10.4,22.1,2.0,0.75,0.0
STU_02124,average,3,3.07,3.63,2.84,0.79,73.7,62.1,56.0,46.8,23.1,5.65,6,2,0,3,48.8,29.7,64.9,11.9,53.9,46.2,0.25,3.18
STU_02125,struggling,4,0.06,0.27,0.0,0.27,48.0,37.9,28.0,51.0,49.2,5.26,7,6,0,6,16.6,2.0,50.4,16.4,39.6,7.4,0.38,0.0
STU_02126,strong,3,6.85,8.11,6.74,1.37,78.5,98.8,68.5,86.8,12.8,7.57,6,0,4,0,74.9,58.9,91.0,12.1,83.8,70.5,0.25,10.0
STU_02127,above_avg,3,6.36,6.79,5.68,1.11,86.4,62.1,66.3,42.8,55.9,5.81,6,0,1,0,62.3,51.1,78.7,8.7,64.4,61.2,0.25,7.55
STU_02128,below_avg,7,2.29,2.67,0.75,1.92,60.2,23.6,43.1,50.2,43.4,4.88,3,2,0,3,34.6,21.1,43.7,9.8,30.1,43.7,0.75,1.67
STU_02129,struggling,7,0.18,0.0,0.5,-0.5,43.1,25.1,51.7,32.7,0.0,5.67,3,3,0,3,18.0,6.2,28.2,9.1,23.9,6.2,0.75,0.0
STU_02130,average,7,2.42,4.33,0.88,3.45,57.1,64.2,32.1,25.8,0.0,5.48,3,0,0,2,46.3,40.3,56.6,7.3,49.2,40.3,0.75,5.33
STU_02131,above_avg,4,6.13,6.23,6.21,0.02,85.5,73.5,47.8,61.2,18.8,8.07,7,0,2,2,62.7,45.7,100.0,17.4,80.2,55.8,0.38,4.0
STU_02132,below_avg,5,0.0,0.0,0.27,-0.27,52.3,51.2,53.8,37.7,41.7,5.75,4,4,0,4,33.0,28.2,39.5,4.8,34.0,32.0,0.5,3.25
STU_02133,above_avg,6,5.59,6.88,4.33,2.55,84.5,74.5,70.5,34.2,38.2,4.84,4,0,2,0,65.8,51.4,73.9,9.0,70.5,51.4,0.62,7.67
STU_02134,struggling,7,0.12,0.0,0.0,0.0,38.5,5.9,26.0,15.7,19.5,7.23,3,3,0,3,6.6,2.0,15.8,6.5,8.9,2.0,0.75,0.0
STU_02135,average,4,3.31,2.91,2.89,0.02,75.0,70.5,64.1,60.2,25.7,6.53,7,2,1,6,45.4,32.5,72.9,12.3,58.1,40.3,0.38,3.11
STU_02136,above_avg,4,3.33,4.77,1.16,3.61,87.1,62.1,45.7,60.3,3.8,7.13,7,1,0,2,49.8,22.5,62.8,11.8,57.3,46.8,0.38,6.67
STU_02137,struggling,3,1.1,0.0,1.26,-1.26,53.8,38.9,4.2,37.0,0.0,5.94,6,6,0,6,17.6,4.3,34.0,10.3,28.2,12.2,0.25,0.0
STU_02138,topper,5,9.33,10.0,8.55,1.45,91.6,85.1,55.9,55.5,62.0,6.57,4,0,4,0,88.1,83.3,93.8,3.9,91.5,84.6,0.5,10.0
STU_02139,inconsistent,5,5.21,6.33,4.09,2.24,78.6,51.7,78.0,65.3,4.5,5.99,4,0,1,2,54.0,40.8,70.7,11.1,48.5,59.4,0.5,5.75
STU_02140,topper,4,9.43,9.23,8.32,0.91,88.4,92.0,86.9,62.0,0.0,7.46,7,0,7,0,81.2,75.3,98.6,7.8,87.0,78.8,0.38,10.0
STU_02141,above_avg,5,4.21,4.22,5.41,-1.19,80.4,64.2,47.9,59.3,42.0,6.81,4,1,1,1,52.7,31.4,70.0,13.8,62.6,42.8,0.5,6.0
STU_02142,topper,4,8.81,9.27,8.95,0.32,96.5,92.7,87.7,69.6,41.7,6.86,7,0,7,0,81.6,73.2,100.0,8.1,90.8,77.9,0.38,10.0
STU_02143,average,4,3.19,2.0,4.0,-2.0,78.2,45.2,41.7,52.6,46.8,5.77,7,3,0,7,37.7,25.5,49.0,7.5,42.0,36.0,0.38,0.56
STU_02144,failing,4,0.0,0.0,0.0,0.0,31.5,18.4,7.0,17.2,0.0,5.64,7,7,0,7,9.1,2.0,35.0,12.1,10.4,8.6,0.38,0.0
STU_02145,average,4,2.46,0.18,3.79,-3.61,66.5,58.8,23.8,37.0,3.7,6.36,7,6,0,7,29.5,11.0,43.1,10.0,37.8,26.2,0.38,0.44
STU_02146,average,4,3.74,3.32,4.11,-0.79,69.5,63.7,40.3,50.0,0.0,6.04,7,2,0,5,43.5,33.8,51.8,6.6,44.9,42.9,0.38,0.44
STU_02147,above_avg,4,5.38,4.5,6.21,-1.71,80.6,60.2,66.0,70.0,45.0,7.02,7,1,0,5,48.8,34.3,60.7,7.7,52.4,47.3,0.38,3.67
STU_02148,average,5,2.46,1.33,3.55,-2.22,68.2,73.9,42.2,53.2,35.8,5.85,4,2,0,2,47.5,36.3,59.0,9.8,57.1,37.8,0.5,2.75
STU_02149,strong,4,7.45,7.36,7.21,0.15,85.0,76.6,76.5,79.4,11.4,8.11,7,0,3,0,69.1,60.7,78.6,6.4,76.9,66.0,0.38,7.11
STU_02150,below_avg,3,0.0,0.53,0.26,0.27,50.6,31.8,30.8,34.4,5.0,5.53,6,5,0,6,14.2,2.0,46.4,15.5,31.6,5.5,0.25,0.0
STU_02151,average,5,2.96,1.33,4.41,-3.08,73.1,56.5,46.5,33.5,25.1,6.31,4,2,0,3,38.3,16.0,61.1,17.9,55.2,21.4,0.5,1.75
STU_02152,topper,3,9.58,9.58,10.0,-0.42,97.1,99.1,100.0,53.0,24.8,4.49,6,0,6,0,84.8,79.2,100.0,7.2,92.7,80.9,0.25,10.0
STU_02153,above_avg,5,5.54,5.67,6.18,-0.51,71.2,67.1,73.2,48.1,88.4,6.48,4,0,0,1,56.9,49.3,63.4,5.0,60.8,53.0,0.5,3.62
STU_02154,average,4,3.48,4.91,2.84,2.07,61.5,43.1,56.9,48.4,41.4,6.36,7,1,0,2,51.4,31.1,64.0,10.5,54.6,50.1,0.38,1.0
STU_02155,below_avg,7,0.88,1.17,0.88,0.29,55.0,59.5,33.8,43.0,13.3,6.42,3,2,0,2,40.7,30.0,61.1,14.4,46.0,30.0,0.75,0.83
STU_02156,improving,4,1.84,2.64,1.05,1.59,81.4,54.4,32.8,21.2,19.7,6.25,7,4,1,5,41.4,23.5,75.4,16.2,43.6,40.6,0.38,5.11
STU_02157,below_avg,3,0.0,0.42,0.32,0.1,67.2,51.3,37.4,42.4,29.5,6.91,6,5,0,6,26.3,2.0,43.5,16.0,41.5,18.8,0.25,0.45
STU_02158,strong,3,7.26,8.16,7.16,1.0,94.0,84.0,78.9,79.7,36.4,5.19,6,0,3,0,71.2,61.9,80.7,8.1,72.2,70.6,0.25,8.45
STU_02159,struggling,5,0.22,0.0,0.0,0.0,37.2,39.5,10.9,21.0,17.3,8.16,4,4,0,4,13.1,2.0,38.8,15.2,24.1,2.0,0.5,0.0
STU_02160,below_avg,3,0.42,0.74,0.84,-0.1,48.9,52.3,36.8,16.0,4.4,7.1,6,4,0,5,21.6,2.0,52.5,19.6,48.0,8.4,0.25,0.18
STU_02161,average,5,1.75,1.89,1.23,0.66,76.4,51.8,34.9,31.4,15.0,6.72,4,2,0,4,37.2,27.0,49.7,9.5,38.4,36.1,0.5,1.25
STU_02162,below_avg,4,0.0,0.0,0.0,0.0,54.4,28.0,24.2,53.8,29.2,5.91,7,7,0,7,15.7,5.1,27.3,8.7,23.5,12.6,0.38,0.44
STU_02163,above_avg,3,4.4,4.95,4.16,0.79,80.3,78.7,30.5,54.9,86.3,7.41,6,1,1,2,55.2,33.7,71.5,11.8,60.5,52.6,0.25,2.95
STU_02164,topper,7,9.69,10.0,9.5,0.5,99.6,93.6,85.7,100.0,43.8,5.99,3,0,3,0,98.5,97.0,100.0,1.2,98.5,98.5,0.75,10.0
STU_02165,improving,3,1.78,3.37,0.0,3.37,92.7,72.7,39.3,65.7,25.1,6.42,6,2,0,3,45.6,22.4,63.5,15.2,60.2,38.3,0.25,7.59
STU_02166,above_avg,5,6.39,6.44,6.91,-0.47,81.4,81.7,32.0,67.4,24.5,6.34,4,0,1,0,62.4,51.1,88.2,15.1,69.7,55.2,0.5,8.0
STU_02167,average,6,4.22,0.0,7.11,-7.11,78.5,38.1,57.0,24.7,54.9,6.37,4,4,0,4,32.1,17.5,38.8,8.5,30.5,36.9,0.62,0.0
STU_02168,topper,3,7.53,8.53,7.42,1.11,94.0,100.0,83.0,56.4,21.5,4.57,6,0,4,0,78.3,66.7,92.8,9.5,89.6,72.7,0.25,9.41
STU_02169,average,5,1.95,0.67,2.55,-1.88,68.2,41.8,54.3,86.4,33.4,5.67,4,3,0,3,29.1,13.6,50.1,14.7,42.9,15.3,0.5,4.5
STU_02170,average,5,1.42,1.67,1.09,0.58,71.0,65.1,53.0,49.4,30.1,7.04,4,2,1,2,46.0,21.9,70.0,20.6,66.2,25.8,0.5,4.25
STU_02171,struggling,3,0.25,0.0,0.0,0.0,28.3,40.7,29.1,33.1,7.0,5.98,6,6,0,6,15.5,2.0,32.4,11.5,22.9,11.8,0.25,0.0
STU_02172,strong,7,8.07,8.17,8.25,-0.08,90.9,71.0,68.7,61.2,30.9,5.21,3,0,3,0,72.8,70.8,75.2,1.8,73.8,70.8,0.75,8.5
STU_02173,average,4,2.43,0.5,4.32,-3.82,72.7,71.9,58.4,38.5,2.6,5.9,7,5,0,6,37.1,18.4,67.3,14.4,54.8,30.0,0.38,0.67
STU_02174,struggling,4,0.0,0.0,0.0,0.0,33.8,23.4,21.3,43.5,0.0,6.46,7,7,0,7,14.3,2.0,31.5,10.9,22.1,11.2,0.38,0.0
STU_02175,strong,4,8.15,8.86,7.37,1.49,84.5,100.0,83.6,72.0,20.3,6.19,7,0,6,0,77.6,61.7,86.4,8.2,79.8,76.6,0.38,9.67
STU_02176,strong,3,7.77,8.42,7.26,1.16,88.2,65.8,73.3,73.3,25.5,7.06,6,0,5,0,76.1,67.1,89.6,7.0,78.3,75.0,0.25,9.64
STU_02177,average,6,3.3,5.88,1.0,4.88,81.5,62.5,37.4,54.0,0.0,7.08,4,0,0,1,50.6,45.3,56.2,3.9,50.7,50.4,0.62,2.33
STU_02178,strong,6,7.27,7.5,7.22,0.28,93.1,79.6,56.8,52.7,9.5,6.78,4,0,2,0,74.8,59.9,88.9,12.7,78.1,64.6,0.62,10.0
STU_02179,strong,5,5.97,6.78,5.77,1.01,90.2,72.2,55.6,72.4,25.0,7.69,4,0,1,0,61.7,53.9,71.0,6.1,66.0,57.5,0.5,8.38
STU_02180,above_avg,4,4.57,5.23,3.68,1.55,72.7,70.4,45.3,86.1,2.6,7.15,7,1,2,3,57.4,39.0,81.9,16.6,65.9,54.0,0.38,8.67
STU_02181,strong,5,8.07,8.22,7.5,0.72,93.9,90.2,62.2,76.6,48.4,6.98,4,0,4,0,75.2,72.4,77.4,1.9,77.0,73.5,0.5,8.88
STU_02182,failing,3,0.0,0.0,0.0,0.0,36.0,0.0,20.0,28.5,0.0,6.93,6,6,0,6,7.1,2.0,19.9,6.6,6.7,7.4,0.25,0.0
STU_02183,average,4,4.97,3.32,5.42,-2.1,73.7,64.6,59.9,64.6,32.4,4.06,7,2,0,5,47.3,30.9,68.5,10.9,60.4,42.1,0.38,0.0
STU_02184,above_avg,4,4.65,6.09,4.05,2.04,73.3,63.4,62.0,50.6,12.4,4.12,7,0,1,1,56.8,47.8,72.5,7.4,64.2,53.8,0.38,5.44
STU_02185,topper,3,7.88,8.26,7.84,0.42,89.6,74.6,45.7,53.7,37.9,6.23,6,0,5,0,74.4,65.3,82.1,5.4,79.0,72.2,0.25,8.91
STU_02186,improving,5,2.14,3.56,0.0,3.56,87.9,59.1,35.5,55.0,43.4,6.67,4,1,0,2,45.9,27.4,58.2,11.5,55.0,36.8,0.5,5.88
STU_02187,strong,4,8.64,7.86,10.0,-2.14,93.1,82.2,64.6,81.9,47.3,6.53,7,0,3,0,73.3,66.2,85.1,7.3,76.9,71.8,0.38,7.33
STU_02188,topper,3,10.0,10.0,10.0,0.0,95.8,100.0,98.7,86.5,42.4,6.26,6,0,6,0,89.3,83.9,98.3,4.5,93.8,87.0,0.25,10.0
STU_02189,below_avg,3,0.79,1.68,0.0,1.68,49.7,49.0,23.2,28.2,33.9,6.2,6,3,0,6,27.7,7.1,45.0,17.0,44.3,19.3,0.25,0.27
STU_02190,below_avg,4,0.1,0.23,0.21,0.02,45.8,36.5,45.5,45.5,15.7,6.75,7,6,0,7,19.8,2.0,47.4,13.0,29.1,16.1,0.38,0.0
STU_02191,below_avg,3,0.96,0.89,1.05,-0.16,53.1,40.1,40.7,66.0,37.0,4.67,6,4,0,5,35.4,13.2,53.8,13.0,50.3,27.9,0.25,0.91
STU_02192,strong,3,7.26,7.47,7.84,-0.37,89.7,99.9,82.8,68.0,56.3,5.58,6,0,3,0,70.0,55.4,83.1,10.5,82.4,63.8,0.25,7.18
STU_02193,above_avg,6,4.54,4.88,3.56,1.32,71.1,61.6,71.9,58.9,45.4,5.65,4,0,0,2,50.6,41.9,62.3,8.2,52.8,43.9,0.62,6.17
STU_02194,topper,3,9.03,8.58,9.95,-1.37,94.6,82.1,72.9,86.4,60.1,7.26,6,0,5,0,77.2,66.9,89.5,6.9,79.2,76.2,0.25,8.91
STU_02195,average,5,5.01,4.22,6.14,-1.92,78.8,44.1,60.3,53.9,26.4,6.85,4,0,0,3,47.5,42.4,59.5,7.0,51.9,43.1,0.5,3.38
STU_02196,topper,4,10.0,10.0,10.0,0.0,95.2,100.0,62.0,100.0,44.7,5.11,7,0,7,0,91.2,82.3,100.0,6.9,100.0,87.6,0.38,10.0
STU_02197,topper,5,9.6,9.11,9.64,-0.53,94.3,100.0,70.3,79.2,38.8,6.05,4,0,4,0,89.0,70.2,100.0,11.3,93.0,85.1,0.5,10.0
STU_02198,average,7,3.48,2.17,4.5,-2.33,69.9,67.4,42.9,50.0,22.5,6.91,3,1,0,1,48.7,30.0,60.5,13.4,58.1,30.0,0.75,5.17
STU_02199,average,3,3.61,3.58,3.32,0.26,59.7,40.7,54.2,38.3,47.8,6.3,6,1,0,5,45.0,39.3,56.8,5.7,50.8,42.1,0.25,2.18
STU_02200,average,4,0.43,0.0,0.63,-0.63,82.9,15.0,65.5,66.0,30.5,5.33,7,7,0,7,27.9,18.9,39.7,6.2,31.8,26.3,0.38,2.56
STU_02201,failing,3,0.44,0.0,0.53,-0.53,25.7,33.2,14.8,0.0,23.3,6.02,6,6,0,6,7.5,2.0,21.4,8.0,11.7,5.4,0.25,0.0
STU_02202,average,4,3.39,2.27,4.79,-2.52,70.1,37.2,53.9,32.5,18.9,6.16,7,3,0,5,39.9,20.3,53.7,10.0,47.4,36.9,0.38,1.11
STU_02203,below_avg,3,0.15,0.89,0.0,0.89,66.7,62.6,41.8,77.2,42.2,6.54,6,4,0,5,32.1,9.3,54.1,17.1,50.0,23.2,0.25,1.23
STU_02204,above_avg,4,4.63,5.27,3.05,2.22,83.3,65.7,48.8,61.6,42.2,6.23,7,0,1,4,51.5,43.0,72.2,9.3,57.8,49.0,0.38,7.11
STU_02205,strong,3,7.23,8.16,6.05,2.11,79.9,76.9,62.5,69.4,57.8,5.52,6,0,3,0,71.7,60.0,83.4,8.8,73.7,70.8,0.25,8.64
STU_02206,strong,5,7.28,6.78,7.27,-0.49,89.8,80.1,60.4,71.4,28.0,5.12,4,0,2,0,70.0,54.4,91.3,14.9,83.9,56.0,0.5,7.38
STU_02207,strong,4,6.52,6.55,5.89,0.66,92.1,81.4,62.8,72.1,45.2,6.24,7,0,1,0,62.0,53.6,77.6,7.8,69.5,59.0,0.38,7.11
STU_02208,above_avg,3,1.78,2.84,1.21,1.63,83.1,90.9,47.0,41.4,0.0,6.6,6,3,2,3,55.5,38.5,76.1,16.6,73.7,46.4,0.25,7.32
STU_02209,average,6,5.11,3.12,6.33,-3.21,75.8,47.8,39.8,52.5,59.5,6.83,4,1,0,1,50.2,29.7,60.1,12.0,57.1,29.7,0.62,0.67
STU_02210,strong,4,7.16,7.68,7.32,0.36,91.5,87.0,61.8,100.0,0.0,5.56,7,0,5,1,69.6,49.0,79.1,11.2,74.7,67.6,0.38,7.67
STU_02211,average,5,0.97,1.56,0.0,1.56,71.8,85.4,55.3,46.8,30.7,7.2,4,2,0,2,39.1,9.4,68.0,27.3,66.4,11.9,0.5,6.38
STU_02212,strong,6,5.17,3.62,6.67,-3.05,83.7,64.9,68.4,68.3,39.1,6.44,4,1,1,1,58.4,32.6,73.0,15.6,67.0,32.6,0.62,2.33
STU_02213,topper,4,10.0,10.0,10.0,0.0,96.1,99.6,72.5,74.0,81.8,6.67,7,0,7,0,93.1,82.8,100.0,5.4,90.5,94.1,0.38,10.0
STU_02214,strong,3,7.12,7.11,6.37,0.74,86.9,65.4,65.3,50.2,54.8,5.79,6,0,2,0,66.2,52.8,79.3,8.2,74.3,62.2,0.25,8.32
STU_02215,below_avg,5,0.68,0.67,0.0,0.67,66.8,49.3,56.4,27.6,21.9,6.8,4,3,0,3,23.9,10.1,51.0,15.9,33.4,14.6,0.5,1.0
STU_02216,average,7,3.68,2.0,5.38,-3.38,64.7,58.2,55.1,36.4,52.1,6.5,3,1,0,2,45.0,22.7,65.3,17.4,56.1,22.7,0.75,0.0
STU_02217,below_avg,4,0.06,0.0,0.89,-0.89,53.9,24.5,49.9,34.7,0.0,6.45,7,7,0,7,23.4,9.4,34.9,9.1,27.8,21.6,0.38,0.0
STU_02218,topper,5,9.4,9.67,9.45,0.22,85.2,90.6,63.4,72.2,38.2,7.11,4,0,4,0,86.3,77.1,94.0,6.1,91.2,81.3,0.5,10.0
STU_02219,topper,5,10.0,10.0,10.0,0.0,93.8,88.7,67.2,83.5,22.5,5.81,4,0,4,0,97.5,94.1,100.0,2.6,97.9,97.0,0.5,9.5
STU_02220,above_avg,5,4.7,5.78,3.91,1.87,83.7,68.7,58.5,53.0,52.0,6.05,4,0,1,2,55.1,44.2,76.4,12.5,60.3,49.8,0.5,6.5
STU_02221,average,4,0.93,1.45,0.95,0.5,81.2,47.3,49.7,78.8,38.3,5.58,7,4,0,6,38.3,26.6,58.9,9.8,41.8,36.9,0.38,2.67
STU_02222,above_avg,3,4.66,5.37,4.42,0.95,82.0,81.1,41.8,30.8,58.2,5.74,6,1,2,1,58.2,35.0,78.3,14.0,74.5,50.0,0.25,4.05
STU_02223,improving,3,3.04,4.53,0.0,4.53,78.6,52.9,74.8,56.7,35.1,4.52,6,1,1,2,47.0,6.0,71.4,20.4,62.7,39.1,0.25,5.18
STU_02224,above_avg,4,3.91,6.59,1.84,4.75,82.0,77.5,64.8,64.8,29.5,7.72,7,0,2,1,62.3,45.6,82.2,12.0,73.6,57.8,0.38,8.22
STU_02225,struggling,3,0.0,0.0,0.0,0.0,55.5,7.9,32.8,43.3,44.3,6.48,6,6,0,6,9.9,2.0,30.1,10.8,10.4,9.6,0.25,0.0
STU_02226,failing,5,0.34,0.44,0.0,0.44,16.9,8.5,28.6,39.7,0.0,6.97,4,3,0,4,16.2,2.0,41.2,16.1,30.4,2.0,0.5,0.62
STU_02227,below_avg,4,0.66,1.82,0.0,1.82,49.9,0.7,52.9,20.8,17.7,8.17,7,5,0,6,31.5,13.0,54.6,13.0,22.1,35.3,0.38,0.44
STU_02228,average,3,0.98,0.0,2.68,-2.68,68.6,68.5,55.6,69.4,23.5,5.87,6,6,0,6,25.3,15.0,36.3,7.6,34.7,20.6,0.25,2.73
STU_02229,below_avg,4,1.46,1.09,1.68,-0.59,57.6,46.6,46.9,56.4,0.0,6.99,7,4,0,7,26.1,2.0,44.5,18.4,44.2,18.9,0.38,0.67
STU_02230,strong,3,6.37,6.74,6.95,-0.21,86.7,75.9,61.3,52.8,74.0,6.08,6,0,1,0,63.1,52.6,84.1,9.9,72.1,58.6,0.25,8.5
STU_02231,below_avg,4,0.64,0.91,0.42,0.49,60.4,6.3,17.2,33.6,47.1,7.63,7,6,0,7,21.5,4.3,46.1,15.0,21.1,21.6,0.38,2.44
STU_02232,above_avg,5,4.54,5.22,3.68,1.54,82.6,63.9,78.3,75.0,13.6,6.69,4,0,0,1,54.9,43.7,60.0,6.5,58.9,51.0,0.5,9.12
STU_02233,strong,4,6.45,7.41,5.95,1.46,85.2,74.0,77.6,81.5,5.8,4.93,7,0,3,0,70.0,57.1,80.3,8.2,79.0,66.4,0.38,8.0
STU_02234,struggling,3,0.32,0.21,0.0,0.21,39.7,47.8,18.7,25.2,9.5,5.4,6,5,0,6,14.3,2.0,43.5,14.3,30.6,6.1,0.25,0.0
STU_02235,average,6,2.64,5.5,0.67,4.83,65.8,51.2,59.8,48.3,15.8,6.29,4,0,0,2,51.3,42.4,66.9,9.4,51.6,50.5,0.62,6.5
STU_02236,average,5,1.39,0.0,2.68,-2.68,71.8,26.7,59.1,62.9,41.4,5.35,4,4,0,4,32.8,28.0,37.1,4.4,32.5,33.0,0.5,3.88
STU_02237,topper,5,10.0,10.0,9.82,0.18,94.1,100.0,90.0,100.0,63.9,5.07,4,0,4,0,91.5,84.3,100.0,5.7,96.1,86.8,0.5,10.0
STU_02238,strong,3,7.05,7.68,6.58,1.1,85.4,74.6,45.4,78.9,36.7,6.87,6,0,3,0,69.8,58.6,81.7,7.5,73.5,67.9,0.25,8.73
STU_02239,topper,3,8.59,9.37,8.53,0.84,91.0,100.0,65.0,33.2,34.2,5.54,6,0,6,0,84.7,73.4,96.5,8.0,89.7,82.2,0.25,10.0
STU_02240,below_avg,3,0.8,0.42,0.53,-0.11,60.8,55.9,60.4,25.0,0.0,5.74,6,5,0,6,20.5,4.8,42.9,12.9,35.6,12.9,0.25,0.0
STU_02241,improving,4,4.69,6.36,2.11,4.25,87.8,82.3,75.1,59.3,39.6,6.48,7,0,1,1,61.7,46.6,88.8,12.8,70.6,58.1,0.38,7.89
STU_02242,above_avg,6,6.16,6.62,5.44,1.18,76.2,70.7,61.3,58.4,17.4,5.62,4,0,0,0,60.0,52.6,68.5,5.7,59.9,60.2,0.62,6.5
STU_02243,above_avg,4,5.57,5.77,5.68,0.09,84.6,62.0,46.8,33.6,24.7,5.12,7,0,0,3,53.7,40.6,64.5,8.6,52.3,54.3,0.38,1.78
STU_02244,average,6,1.89,1.5,2.78,-1.28,71.9,37.0,39.9,63.0,0.0,6.36,4,3,0,3,37.5,19.1,58.3,13.9,43.6,19.1,0.62,1.5
STU_02245,below_avg,4,0.0,0.0,0.0,0.0,55.8,48.3,29.9,43.6,0.0,7.42,7,7,0,7,18.1,5.2,31.8,7.6,22.9,16.2,0.38,0.56
STU_02246,above_avg,7,4.18,3.33,4.12,-0.79,91.6,67.7,59.1,45.4,59.1,6.44,3,1,2,1,67.5,38.0,83.6,20.9,82.3,38.0,0.75,7.17
STU_02247,average,4,3.6,3.05,5.11,-2.06,82.5,56.7,67.3,60.5,38.0,5.28,7,2,0,6,44.0,34.1,54.7,6.1,50.8,41.3,0.38,3.11
STU_02248,below_avg,7,0.3,0.0,0.75,-0.75,69.5,42.5,18.2,33.6,32.5,5.14,3,3,0,3,16.2,9.2,28.8,8.9,19.0,10.7,0.75,0.83
STU_02249,average,7,3.9,5.17,2.38,2.79,70.8,85.6,64.6,48.4,32.2,7.49,3,0,0,2,51.1,47.7,56.2,3.7,52.8,47.7,0.75,6.67
STU_02250,above_avg,4,5.01,5.86,4.32,1.54,88.4,81.0,61.6,58.5,38.3,5.43,7,0,1,2,60.9,41.8,87.8,14.8,76.3,54.8,0.38,6.44
STU_02251,average,5,2.98,4.44,0.95,3.49,73.6,62.2,36.4,48.6,28.9,6.09,4,1,0,1,48.4,20.8,61.6,16.2,55.6,41.2,0.5,3.75
STU_02252,strong,5,6.8,8.0,6.0,2.0,93.4,67.4,72.0,72.6,38.3,5.33,4,0,2,0,69.4,60.1,80.7,8.8,71.2,67.7,0.5,8.88
STU_02253,struggling,3,0.13,0.0,0.37,-0.37,45.6,9.1,44.6,40.9,31.9,6.44,6,6,0,6,10.9,2.0,24.5,8.5,17.6,7.5,0.25,0.32
STU_02254,below_avg,3,0.8,1.05,0.0,1.05,67.1,39.4,19.6,36.8,0.0,6.64,6,4,0,6,28.4,16.2,44.8,11.0,34.2,25.4,0.25,0.0
STU_02255,topper,6,9.02,9.0,10.0,-1.0,91.0,100.0,87.7,92.5,44.8,6.58,4,0,4,0,86.6,71.5,96.8,9.8,91.6,71.5,0.62,10.0
STU_02256,strong,3,7.9,6.89,8.74,-1.85,94.6,71.2,70.2,68.6,37.4,5.91,6,0,2,1,64.4,43.8,82.4,13.0,74.2,59.5,0.25,7.09
STU_02257,strong,4,7.52,7.5,8.53,-1.03,86.3,98.9,78.1,88.6,35.5,5.78,7,0,3,0,70.9,53.6,96.3,12.5,81.5,66.6,0.38,7.22
STU_02258,below_avg,3,0.14,0.79,0.32,0.47,52.0,52.3,53.2,21.5,12.4,6.23,6,4,0,5,29.9,2.0,63.6,20.7,53.9,18.0,0.25,0.23
STU_02259,average,3,4.59,2.84,3.89,-1.05,79.0,50.3,23.3,45.5,14.9,5.3,6,3,0,4,40.5,20.2,68.0,16.3,46.1,37.6,0.25,3.73
STU_02260,topper,3,9.85,10.0,9.79,0.21,86.6,100.0,93.5,80.0,67.6,5.89,6,0,6,0,91.5,84.7,99.5,4.3,95.1,89.8,0.25,10.0
STU_02261,strong,4,5.41,6.36,4.58,1.78,96.4,78.5,75.3,59.0,38.0,6.3,7,0,2,2,61.1,47.4,82.7,11.9,70.5,57.4,0.38,6.56
STU_02262,below_avg,3,0.4,0.0,0.0,0.0,49.7,38.7,34.0,45.2,62.6,6.21,6,6,0,6,15.7,2.0,33.3,11.1,25.3,10.9,0.25,0.0
STU_02263,below_avg,4,0.85,0.27,0.21,0.06,66.3,30.3,64.3,59.9,13.1,6.49,7,6,0,6,23.5,13.1,54.0,13.0,37.8,17.8,0.38,0.0
STU_02264,average,4,3.12,2.82,4.89,-2.07,64.0,46.3,49.6,56.0,62.8,5.88,7,2,0,7,39.5,20.7,48.5,10.3,48.4,36.0,0.38,3.89
STU_02265,improving,5,2.42,3.33,0.23,3.1,87.7,66.8,41.3,62.8,21.2,5.21,4,1,1,2,47.7,15.6,78.3,22.2,64.2,31.2,0.5,6.5
STU_02266,average,3,3.32,1.37,6.0,-4.63,75.4,82.4,48.5,49.5,37.3,5.13,6,4,1,4,42.8,24.9,80.4,19.3,67.1,30.6,0.25,0.45
STU_02267,strong,3,6.69,6.0,6.11,-0.11,89.5,73.2,49.3,84.2,25.1,6.1,6,0,2,3,61.2,48.9,83.1,14.8,81.8,51.0,0.25,7.68
STU_02268,below_avg,4,0.54,0.73,0.26,0.47,75.3,44.3,48.6,24.4,28.7,7.14,7,6,0,7,30.4,14.1,40.6,8.7,30.5,30.3,0.38,0.67
STU_02269,above_avg,4,4.13,3.68,4.79,-1.11,88.1,65.1,44.4,75.3,28.6,6.71,7,2,0,3,48.3,28.9,65.6,12.0,62.4,42.7,0.38,3.33
STU_02270,struggling,6,0.22,1.0,0.0,1.0,30.4,42.6,27.0,50.5,35.2,7.54,4,3,0,4,30.1,7.7,41.5,13.2,37.6,7.7,0.62,0.0
STU_02271,below_avg,6,0.0,0.0,0.56,-0.56,60.9,39.7,25.1,64.5,26.5,5.68,4,4,0,4,30.5,22.9,36.9,5.2,29.7,33.0,0.62,1.5
STU_02272,struggling,6,0.58,0.0,0.44,-0.44,41.4,34.0,17.4,6.4,21.6,6.38,4,4,0,4,8.8,2.0,13.4,4.5,11.0,2.0,0.62,0.0
STU_02273,above_avg,4,7.89,5.95,7.95,-2.0,79.0,88.2,79.4,75.4,34.7,7.43,7,1,3,1,61.2,34.3,75.1,13.5,68.9,58.2,0.38,6.56
STU_02274,above_avg,5,4.62,6.0,3.45,2.55,75.5,64.3,80.4,65.5,50.4,6.14,4,0,0,1,59.4,48.4,67.8,7.8,60.7,58.1,0.5,7.75
STU_02275,average,5,4.54,4.22,4.05,0.17,73.9,53.6,40.1,79.8,46.7,7.3,4,0,0,3,44.5,41.7,50.5,3.5,46.1,43.0,0.5,3.12
STU_02276,strong,4,7.34,7.41,7.11,0.3,97.1,71.1,52.5,28.6,51.3,5.01,7,0,2,0,66.8,60.0,79.3,6.6,67.0,66.7,0.38,8.11
STU_02277,below_avg,4,0.21,0.18,0.0,0.18,68.8,56.5,27.9,35.1,55.8,6.9,7,6,0,7,27.0,4.2,44.7,12.4,42.2,20.9,0.38,0.0
STU_02278,below_avg,5,0.0,0.0,0.0,0.0,47.9,47.8,33.2,37.5,10.7,5.36,4,4,0,4,21.6,17.2,29.2,4.8,25.6,17.5,0.5,0.0
STU_02279,above_avg,3,5.13,5.63,5.16,0.47,85.1,72.1,54.9,42.4,27.2,6.43,6,0,0,2,56.1,43.6,64.8,8.7,62.3,53.0,0.25,5.91
STU_02280,average,4,3.1,4.32,1.95,2.37,74.4,68.2,37.6,40.6,33.1,5.95,7,1,0,4,47.3,25.6,58.6,9.9,51.5,45.6,0.38,5.78
STU_02281,topper,5,9.85,10.0,10.0,0.0,94.3,98.2,80.5,71.7,74.3,5.65,4,0,4,0,94.3,86.9,98.9,4.6,98.1,90.6,0.5,10.0
STU_02282,struggling,4,0.0,0.18,0.0,0.18,40.2,37.8,26.2,35.2,29.7,6.44,7,6,0,7,12.2,2.0,42.3,15.6,22.1,8.2,0.38,0.0
STU_02283,strong,3,6.8,6.11,7.11,-1.0,90.9,68.9,78.6,71.7,48.7,5.02,6,0,1,1,58.3,48.7,71.1,8.5,65.3,54.8,0.25,7.91
STU_02284,average,5,0.73,1.0,0.73,0.27,74.0,49.7,38.4,34.0,15.3,6.81,4,2,0,4,35.5,22.4,45.4,8.7,43.1,27.9,0.5,2.5
STU_02285,below_avg,6,0.0,0.0,0.0,0.0,48.6,41.0,33.6,42.6,29.2,5.81,4,4,0,4,23.3,9.0,35.1,11.6,28.0,9.0,0.62,0.67
STU_02286,average,5,1.97,0.44,2.82,-2.38,70.8,37.7,27.2,44.1,0.0,6.0,4,3,0,4,26.6,11.4,44.5,12.2,37.1,16.2,0.5,2.0
STU_02287,average,5,1.65,3.56,0.36,3.2,67.8,64.5,33.9,26.6,0.9,7.03,4,1,0,2,44.5,22.4,56.5,13.2,54.5,34.5,0.5,3.25
STU_02288,below_avg,7,1.65,1.0,2.0,-1.0,64.8,39.5,42.1,51.8,37.0,6.97,3,2,0,2,42.2,36.5,52.7,7.4,45.0,36.5,0.75,1.83
STU_02289,strong,4,7.68,7.41,8.63,-1.22,83.9,90.3,53.2,73.2,44.1,6.25,7,0,3,0,67.9,53.4,81.0,10.9,79.2,63.3,0.38,9.33
STU_02290,below_avg,3,1.7,2.26,1.37,0.89,58.1,65.6,27.1,72.8,9.7,7.17,6,3,0,5,36.6,9.3,66.8,19.6,48.5,30.6,0.25,1.82
STU_02291,above_avg,3,3.07,4.37,1.89,2.48,83.7,58.2,54.4,32.6,42.8,6.57,6,1,0,4,49.7,39.9,61.6,6.5,54.6,47.2,0.25,5.59
STU_02292,average,3,2.23,2.58,2.95,-0.37,67.0,32.6,53.9,35.3,23.1,7.45,6,3,0,5,39.0,21.5,57.2,13.6,35.5,40.7,0.25,1.59
STU_02293,struggling,5,0.0,0.0,0.0,0.0,43.1,23.1,24.2,55.5,8.5,6.58,4,4,0,4,6.8,2.0,15.2,5.4,8.6,5.0,0.5,0.0
STU_02294,average,4,2.25,1.55,2.74,-1.19,76.2,57.2,52.7,50.3,56.6,5.46,7,4,0,6,38.9,24.5,53.2,10.0,47.3,35.6,0.38,1.22
STU_02295,average,3,4.18,2.95,6.16,-3.21,82.2,71.9,61.2,57.8,54.7,5.53,6,2,0,4,47.6,35.7,62.0,10.0,60.4,41.2,0.25,3.86
STU_02296,above_avg,3,3.03,3.16,2.95,0.21,88.2,42.9,38.5,37.2,6.5,4.95,6,3,0,3,42.4,25.8,55.1,11.3,44.0,41.5,0.25,4.45
STU_02297,below_avg,4,1.96,2.68,1.79,0.89,47.5,46.9,36.3,32.8,45.4,4.5,7,3,0,5,39.5,12.0,62.9,17.0,49.1,35.7,0.38,5.33
STU_02298,average,5,3.03,2.67,3.27,-0.6,72.5,55.3,67.5,50.0,13.9,6.84,4,1,1,3,47.7,38.3,70.5,13.2,55.8,39.6,0.5,3.25
STU_02299,above_avg,4,5.72,3.86,6.21,-2.35,78.7,66.9,39.5,52.9,24.4,6.79,7,2,0,3,52.6,37.3,69.7,11.8,62.4,48.7,0.38,5.44
STU_02300,average,3,3.33,2.32,3.63,-1.31,61.2,52.2,19.0,59.1,43.0,6.69,6,3,0,5,40.5,31.8,57.5,8.5,47.2,37.1,0.25,1.05
STU_02301,struggling,4,0.53,0.0,0.0,0.0,50.3,21.0,34.9,66.2,58.7,6.62,7,7,0,7,12.3,2.0,30.0,12.1,23.9,7.7,0.38,0.0
STU_02302,above_avg,4,5.46,7.05,4.53,2.52,75.2,59.3,61.2,63.7,29.4,5.52,7,0,2,0,65.0,50.9,72.4,6.9,70.5,62.8,0.38,6.44
STU_02303,improving,4,4.72,6.0,2.21,3.79,71.7,65.6,65.2,49.0,22.7,6.23,7,0,0,1,56.1,47.5,61.9,4.7,58.1,55.3,0.38,3.33
STU_02304,below_avg,4,0.82,0.0,1.89,-1.89,45.7,37.3,59.0,32.9,48.8,5.67,7,7,0,7,22.6,2.0,38.2,14.4,31.7,19.0,0.38,0.44
STU_02305,improving,4,2.0,3.36,0.32,3.04,88.0,67.1,45.8,47.2,26.2,5.89,7,2,0,4,48.8,30.3,68.3,14.4,66.0,42.0,0.38,7.11
STU_02306,average,4,0.71,1.55,0.63,0.92,72.7,59.2,50.7,39.6,31.6,6.34,7,4,0,5,36.9,14.8,56.4,14.2,49.8,31.7,0.38,0.56
STU_02307,topper,7,8.62,8.67,9.75,-1.08,93.6,86.6,83.5,86.3,51.7,5.9,3,0,3,0,83.2,71.6,92.5,8.7,89.0,71.6,0.75,7.83
STU_02308,above_avg,3,7.47,7.21,7.68,-0.47,86.7,66.6,54.9,56.1,60.3,4.88,6,0,1,0,65.5,60.5,75.5,5.0,71.2,62.6,0.25,7.0
STU_02309,average,5,4.15,3.44,4.5,-1.06,73.7,76.6,72.0,74.3,34.9,6.3,4,1,0,1,51.5,37.1,63.5,9.5,58.8,44.4,0.5,5.62
STU_02310,average,4,2.1,2.68,1.05,1.63,80.2,53.9,69.1,35.7,31.8,6.33,7,3,0,5,46.3,35.1,63.0,10.8,51.6,44.1,0.38,0.78
STU_02311,strong,5,7.94,8.11,8.55,-0.44,88.3,100.0,61.3,64.3,85.7,4.56,4,0,3,0,78.8,65.5,90.9,10.7,89.2,68.3,0.5,8.75
STU_02312,topper,5,8.55,8.56,8.55,0.01,96.1,86.4,77.5,68.0,26.5,7.44,4,0,3,0,79.3,69.7,89.5,7.1,83.6,75.0,0.5,10.0
STU_02313,above_avg,3,3.78,4.32,3.42,0.9,74.3,60.4,50.6,58.2,23.5,6.49,6,1,0,3,50.2,36.4,58.5,8.1,50.9,49.9,0.25,6.68
STU_02314,struggling,5,0.35,0.0,0.0,0.0,38.8,10.6,13.3,50.7,32.2,5.19,4,4,0,4,6.9,2.0,21.5,8.4,11.8,2.0,0.5,0.0
STU_02315,struggling,4,0.14,0.0,0.0,0.0,39.6,32.3,32.7,53.3,31.0,6.23,7,7,0,7,13.3,2.0,26.8,8.7,24.5,8.8,0.38,0.0
STU_02316,average,5,5.45,5.78,5.09,0.69,75.5,58.8,51.6,58.5,57.9,5.74,4,0,0,1,55.7,44.6,62.3,6.7,58.0,53.5,0.5,7.12
STU_02317,struggling,3,0.69,0.0,0.63,-0.63,39.9,9.7,22.8,33.1,47.3,5.68,6,6,0,6,6.8,2.0,21.1,7.3,6.9,6.8,0.25,0.0
STU_02318,above_avg,6,4.12,5.12,3.11,2.01,70.7,45.0,53.2,71.8,31.3,6.11,4,0,0,2,54.8,42.9,67.6,11.3,58.4,44.2,0.62,6.0
STU_02319,average,5,5.36,3.78,6.55,-2.77,69.6,65.4,58.7,57.4,48.6,6.22,4,1,1,2,52.4,22.3,77.9,21.0,61.3,43.5,0.5,1.75
STU_02320,below_avg,7,1.02,0.0,1.25,-1.25,59.6,18.8,33.6,37.8,52.4,8.04,3,3,0,3,10.8,2.0,23.4,9.1,15.2,2.0,0.75,0.0
STU_02321,average,4,1.0,1.18,0.84,0.34,64.8,73.9,45.5,26.8,0.0,6.46,7,5,0,6,31.8,5.2,58.6,17.5,45.4,26.4,0.38,1.44
STU_02322,above_avg,3,6.81,6.84,6.42,0.42,85.7,90.4,90.1,77.4,21.8,7.73,6,0,2,0,65.1,54.6,79.7,9.2,76.8,59.3,0.25,7.45
STU_02323,average,4,2.98,3.36,2.84,0.52,69.8,64.3,46.0,59.4,31.5,6.17,7,3,0,4,45.0,35.0,60.2,8.7,45.7,44.7,0.38,2.67
STU_02324,below_avg,5,0.15,0.0,0.0,0.0,62.5,23.9,40.6,37.7,0.0,7.0,4,4,0,4,16.4,2.0,25.8,9.0,20.9,11.9,0.5,0.0
STU_02325,failing,4,0.16,0.0,0.0,0.0,21.6,11.0,35.1,33.8,41.3,5.65,7,7,0,7,10.1,2.0,24.5,9.2,18.1,7.0,0.38,0.0
STU_02326,average,5,4.42,5.11,4.32,0.79,66.0,68.0,50.7,76.5,47.2,6.15,4,0,0,2,55.5,41.6,68.9,12.1,67.5,43.5,0.5,3.38
STU_02327,average,3,1.88,1.89,1.68,0.21,72.7,30.7,53.0,76.2,33.4,6.17,6,3,0,5,41.0,36.0,50.4,4.5,40.7,41.2,0.25,0.55
STU_02328,average,6,2.04,2.5,1.11,1.39,68.5,37.5,62.8,35.7,12.2,5.18,4,1,0,4,43.2,29.6,49.6,8.0,47.8,29.6,0.62,1.67
STU_02329,above_avg,3,3.49,3.0,3.11,-0.11,84.2,72.9,58.7,62.5,17.8,6.94,6,2,0,4,49.5,31.6,69.7,14.2,68.5,40.0,0.25,6.45
STU_02330,average,6,1.85,2.88,1.44,1.44,78.5,68.2,66.7,48.3,2.6,5.97,4,1,0,2,52.6,36.2,66.1,11.2,58.1,36.2,0.62,1.83
STU_02331,topper,6,9.57,10.0,9.56,0.44,89.5,100.0,93.4,86.3,92.9,7.43,4,0,4,0,98.1,94.1,100.0,2.4,99.5,94.1,0.62,10.0
STU_02332,above_avg,5,5.57,4.78,5.68,-0.9,74.1,84.6,45.6,76.7,41.7,7.36,4,1,2,1,61.9,33.4,81.3,18.8,78.8,45.0,0.5,6.0
STU_02333,average,3,4.91,3.16,5.58,-2.42,71.2,31.0,49.9,62.4,4.9,6.38,6,2,0,6,37.6,21.2,48.0,9.5,31.0,41.0,0.25,2.0
STU_02334,average,3,0.61,0.32,1.79,-1.47,71.3,52.7,37.5,53.4,38.1,6.06,6,5,0,5,27.7,8.5,53.8,14.4,44.8,19.1,0.25,0.0
STU_02335,below_avg,4,1.31,1.18,0.63,0.55,62.9,67.8,40.5,36.3,7.2,5.14,7,4,0,6,33.2,8.1,54.0,13.9,47.5,27.4,0.38,1.33
STU_02336,below_avg,6,0.0,0.0,0.0,0.0,52.1,27.2,55.4,35.4,10.3,6.1,4,4,0,4,20.9,7.1,31.9,9.9,18.4,28.3,0.62,0.0
STU_02337,strong,3,8.02,8.16,8.21,-0.05,96.7,80.7,75.1,76.2,30.2,5.27,6,0,4,0,71.4,62.5,78.0,5.1,71.1,71.6,0.25,7.55
STU_02338,above_avg,4,6.78,6.95,7.47,-0.52,81.3,59.5,65.3,50.9,44.3,5.24,7,0,2,1,61.8,49.4,77.2,10.1,58.6,63.1,0.38,8.78
STU_02339,struggling,4,0.0,0.0,0.0,0.0,42.0,4.1,32.7,34.8,7.8,5.16,7,7,0,7,8.9,2.0,18.8,6.0,8.9,8.9,0.38,0.67
STU_02340,strong,6,7.15,7.12,6.44,0.68,85.5,68.7,56.5,45.3,29.4,6.68,4,0,2,0,67.2,57.0,77.7,7.9,70.6,57.0,0.62,9.17
STU_02341,above_avg,3,4.69,5.16,4.53,0.63,71.5,55.6,57.3,54.1,15.1,5.33,6,0,0,3,51.0,42.2,59.0,6.3,57.6,47.6,0.25,6.23
STU_02342,strong,3,7.4,8.32,7.21,1.11,90.1,89.5,63.1,70.7,53.4,6.68,6,0,5,0,74.2,55.6,83.3,9.1,78.0,72.3,0.25,6.86
STU_02343,struggling,5,1.36,2.0,0.0,2.0,49.8,8.6,31.7,33.0,4.2,6.57,4,3,0,3,18.4,2.0,50.0,19.6,10.8,26.0,0.5,0.0
STU_02344,below_avg,3,0.1,0.21,0.0,0.21,50.7,32.5,49.0,54.9,15.7,6.18,6,5,0,6,19.5,2.0,41.2,11.7,27.7,15.4,0.25,0.0
STU_02345,average,3,1.66,2.16,1.47,0.69,68.1,76.6,62.4,51.5,9.3,6.08,6,3,1,4,47.3,24.0,76.7,18.7,72.1,34.9,0.25,4.5
STU_02346,topper,3,9.78,9.79,9.79,0.0,92.4,100.0,85.6,72.4,71.2,5.31,6,0,6,0,88.0,79.5,92.9,4.8,92.0,86.0,0.25,9.64
STU_02347,below_avg,3,1.14,0.0,0.84,-0.84,51.1,45.1,26.6,56.9,44.9,4.9,6,6,0,6,24.9,6.3,37.5,10.8,29.3,22.7,0.25,0.73
STU_02348,topper,5,8.79,8.78,9.82,-1.04,97.5,100.0,95.1,75.7,55.0,6.28,4,0,4,0,84.5,74.5,99.6,9.7,92.8,76.1,0.5,9.0
STU_02349,struggling,5,0.0,0.0,0.0,0.0,32.0,1.3,26.0,28.5,33.7,6.41,4,4,0,4,8.5,2.0,19.2,6.8,14.3,2.6,0.5,0.0
STU_02350,below_avg,5,0.44,0.56,0.0,0.56,65.2,41.8,54.3,40.0,56.0,5.33,4,3,0,4,32.3,16.8,47.6,10.9,40.3,24.2,0.5,0.0
STU_02351,average,6,3.34,2.25,3.78,-1.53,59.1,60.3,48.3,48.9,14.4,6.4,4,2,1,3,45.2,26.5,70.1,16.5,51.5,26.5,0.62,2.5
STU_02352,average,4,4.65,4.82,4.16,0.66,61.9,41.2,63.4,47.8,0.0,5.91,7,0,0,4,47.2,41.5,57.4,5.6,46.1,47.6,0.38,5.22
STU_02353,below_avg,3,2.75,0.42,4.0,-3.58,59.9,29.1,33.1,55.9,26.4,5.89,6,5,0,6,28.2,13.3,41.5,8.5,34.2,25.2,0.25,0.18
STU_02354,below_avg,3,0.68,0.84,0.0,0.84,51.9,23.0,28.7,80.8,15.2,6.76,6,5,0,6,24.2,2.0,41.9,16.4,33.7,19.4,0.25,0.23
STU_02355,topper,3,9.17,9.37,8.74,0.63,95.5,98.7,99.6,71.7,37.8,7.07,6,0,6,0,83.4,72.2,93.7,7.2,87.2,81.4,0.25,10.0
STU_02356,topper,4,9.12,9.05,9.89,-0.84,95.1,82.3,100.0,78.9,52.2,6.19,7,0,7,0,81.5,73.6,99.1,8.6,88.1,78.8,0.38,9.33
STU_02357,above_avg,6,5.54,6.5,4.89,1.61,78.7,64.6,55.3,80.5,34.2,6.8,4,0,1,1,60.4,45.4,76.2,12.6,63.6,51.0,0.62,7.5
STU_02358,average,7,4.01,6.33,2.0,4.33,81.3,70.7,51.0,52.0,40.8,6.15,3,0,0,0,59.1,52.2,64.7,5.2,62.5,52.2,0.75,7.83
STU_02359,failing,3,0.15,0.0,0.0,0.0,22.5,10.5,38.6,42.9,0.0,5.68,6,6,0,6,9.1,2.0,22.5,8.4,12.2,7.5,0.25,0.0
STU_02360,strong,7,9.51,9.33,10.0,-0.67,88.8,92.4,62.5,85.1,64.7,7.7,3,0,3,0,86.9,76.1,94.7,7.9,92.3,76.1,0.75,9.83
STU_02361,average,7,4.35,5.67,2.75,2.92,64.5,79.1,44.5,46.4,19.8,5.45,3,0,0,1,56.9,45.4,64.4,8.2,62.6,45.4,0.75,2.17
STU_02362,below_avg,7,0.0,0.0,0.0,0.0,57.2,0.6,39.4,67.5,39.8,6.1,3,3,0,3,15.3,2.0,32.9,13.0,17.4,11.0,0.75,0.0
STU_02363,strong,5,7.56,6.0,7.45,-1.45,73.8,74.3,46.3,34.0,45.5,6.31,4,0,1,1,59.1,46.6,72.6,10.3,68.9,49.3,0.5,8.38
STU_02364,average,7,0.59,0.0,0.75,-0.75,73.9,30.9,44.3,42.5,37.4,7.08,3,3,0,3,29.2,25.1,32.6,3.1,28.9,29.8,0.75,1.83
STU_02365,topper,5,9.72,10.0,10.0,0.0,91.4,100.0,61.8,72.6,38.8,5.28,4,0,4,0,95.1,90.7,100.0,3.4,98.0,92.2,0.5,10.0
STU_02366,topper,4,9.25,8.36,9.37,-1.01,91.4,85.3,58.6,56.8,33.7,6.77,7,0,5,0,78.9,68.0,92.7,8.7,90.3,74.3,0.38,8.78
STU_02367,strong,4,5.14,5.86,3.58,2.28,87.5,72.0,71.4,49.0,26.0,6.65,7,0,0,1,56.9,44.2,66.8,6.8,61.2,55.2,0.38,6.89
STU_02368,below_avg,3,0.32,0.26,0.26,0.0,67.5,47.3,9.7,33.1,0.3,7.13,6,5,0,6,23.1,5.8,45.7,13.9,37.2,16.0,0.25,0.41
STU_02369,struggling,4,0.0,0.0,0.0,0.0,51.1,41.3,34.3,47.9,0.0,6.49,7,7,0,7,16.4,2.0,39.4,11.4,31.4,10.4,0.38,0.44
STU_02370,strong,3,5.72,6.74,5.47,1.27,89.0,85.8,80.0,72.3,46.2,7.55,6,0,3,1,65.8,41.7,80.4,13.5,78.8,59.2,0.25,6.64
STU_02371,average,5,1.07,1.33,1.14,0.19,75.3,68.8,10.1,52.6,23.8,6.0,4,2,0,2,39.2,20.6,56.3,15.1,53.9,24.5,0.5,6.38
STU_02372,struggling,4,0.0,0.0,0.0,0.0,44.9,34.8,47.2,26.7,6.3,6.15,7,7,0,7,13.3,2.0,22.8,7.6,20.9,10.2,0.38,0.0
STU_02373,strong,7,7.32,8.0,6.88,1.12,82.0,72.5,75.2,63.6,23.4,7.14,3,0,2,0,79.9,63.8,88.2,11.4,88.0,63.8,0.75,8.0
STU_02374,above_avg,3,5.64,6.16,5.05,1.11,76.3,85.5,53.5,56.0,0.0,4.58,6,0,1,2,60.1,45.4,74.7,11.5,68.8,55.8,0.25,4.45
STU_02375,below_avg,3,0.18,0.0,0.0,0.0,59.2,26.9,38.8,50.5,0.0,5.2,6,6,0,6,15.5,2.0,32.0,12.3,30.7,8.0,0.25,0.0
STU_02376,average,7,1.38,1.0,2.0,-1.0,73.9,40.1,41.3,36.4,0.0,6.31,3,2,0,2,35.9,24.4,52.6,12.1,41.7,24.4,0.75,5.17
STU_02377,strong,3,7.72,6.79,7.84,-1.05,91.2,79.0,42.3,53.0,48.0,6.5,6,0,3,0,66.1,56.3,78.5,8.3,74.5,62.0,0.25,5.91
STU_02378,strong,5,6.48,6.44,6.45,-0.01,74.9,94.8,61.4,71.6,8.7,6.3,4,0,2,1,65.2,46.3,76.9,11.6,74.2,56.1,0.5,7.38
STU_02379,topper,5,10.0,10.0,10.0,0.0,97.6,100.0,83.3,60.6,36.6,6.03,4,0,4,0,87.8,83.1,92.2,3.4,90.8,84.8,0.5,10.0
STU_02380,strong,3,7.31,7.37,7.42,-0.05,89.3,80.9,59.1,48.2,35.6,5.11,6,0,4,0,69.9,59.0,81.3,8.1,77.3,66.1,0.25,8.05
STU_02381,strong,6,6.65,6.62,6.56,0.06,94.6,98.4,64.2,71.1,54.7,5.85,4,0,2,1,71.0,47.6,89.9,15.7,78.8,47.6,0.62,7.0
STU_02382,above_avg,3,6.64,6.37,6.0,0.37,72.3,78.0,46.1,64.2,33.9,7.07,6,0,1,0,60.9,53.6,76.5,7.3,67.1,57.8,0.25,5.95
STU_02383,struggling,7,0.0,0.0,0.0,0.0,54.6,6.7,24.1,24.6,12.2,6.39,3,3,0,3,13.7,7.1,18.8,4.9,11.1,18.8,0.75,0.0
STU_02384,below_avg,4,0.2,0.0,0.0,0.0,64.9,33.3,36.3,45.3,8.9,5.17,7,7,0,7,16.8,2.0,35.8,14.1,12.1,18.7,0.38,0.0
STU_02385,average,5,1.83,2.89,1.41,1.48,85.1,79.8,49.9,63.4,85.9,7.19,4,1,0,2,50.5,35.3,66.6,13.1,63.3,37.7,0.5,3.38
STU_02386,average,3,3.0,4.11,1.47,2.64,62.0,48.2,44.1,42.6,54.3,6.75,6,1,1,4,45.9,13.2,70.4,17.2,63.0,37.3,0.25,2.23
STU_02387,above_avg,5,4.11,3.56,3.95,-0.39,80.0,75.2,78.2,63.6,36.7,7.07,4,1,1,1,53.1,33.6,72.3,13.7,62.4,43.8,0.5,5.0
STU_02388,below_avg,4,0.52,1.27,0.63,0.64,65.0,40.8,39.0,56.7,63.0,4.0,7,6,0,6,29.6,3.8,61.5,16.9,32.2,28.6,0.38,1.56
STU_02389,average,7,1.88,1.5,1.62,-0.12,62.9,52.3,63.6,48.6,41.1,5.43,3,1,0,3,43.0,37.0,49.9,5.3,46.0,37.0,0.75,0.67
STU_02390,average,7,2.73,2.33,3.0,-0.67,78.6,41.5,50.4,71.9,7.7,6.06,3,1,0,1,53.3,36.7,61.9,11.7,61.5,36.7,0.75,1.83
STU_02391,average,5,1.26,0.56,1.09,-0.53,72.9,44.7,57.0,55.4,37.9,6.4,4,3,0,4,31.0,4.1,45.7,16.0,40.0,22.0,0.5,2.75
STU_02392,above_avg,3,3.04,4.16,2.68,1.48,82.4,76.5,41.1,52.5,42.2,6.31,6,1,0,3,51.4,37.3,65.2,9.8,62.2,46.0,0.25,6.77
STU_02393,above_avg,4,5.0,4.73,5.79,-1.06,75.8,82.0,59.4,70.9,7.9,7.15,7,1,2,3,56.3,38.1,74.2,12.9,72.8,49.7,0.38,6.56
STU_02394,average,4,0.85,1.59,0.21,1.38,69.4,38.7,28.5,32.7,28.8,5.54,7,4,0,5,35.2,14.9,59.3,17.1,51.3,28.8,0.38,4.22
STU_02395,strong,4,5.39,6.5,4.42,2.08,82.4,88.1,41.9,47.9,54.7,7.29,7,0,1,0,63.1,55.3,73.8,5.7,69.2,60.7,0.38,7.22
STU_02396,below_avg,3,0.83,0.84,0.0,0.84,64.9,46.0,58.3,23.0,0.0,6.62,6,4,0,5,33.0,18.0,55.7,12.6,49.0,25.0,0.25,0.73
STU_02397,strong,4,6.15,6.18,6.16,0.02,91.4,52.1,50.5,39.2,25.2,7.1,7,0,2,0,61.0,52.3,74.1,8.3,73.7,55.9,0.38,7.78
STU_02398,above_avg,7,5.71,2.83,8.62,-5.79,80.0,82.0,64.6,74.4,31.7,6.4,3,1,1,1,65.4,36.1,94.2,23.7,80.1,36.1,0.75,1.5
STU_02399,strong,4,7.19,7.5,6.37,1.13,90.8,85.2,69.4,91.6,36.2,6.43,7,0,3,0,71.1,63.3,87.4,7.2,78.5,68.2,0.38,9.56
STU_02400,below_avg,3,2.63,1.89,1.68,0.21,51.0,52.7,60.0,36.8,72.4,4.98,6,4,0,4,36.9,20.1,54.2,12.5,37.2,36.7,0.25,1.27
STU_02401,average,5,2.75,4.33,2.05,2.28,66.8,63.6,54.3,40.5,50.8,5.58,4,0,0,3,47.3,41.8,58.3,6.5,52.0,42.6,0.5,7.38
STU_02402,above_avg,7,8.19,7.0,9.0,-2.0,86.5,66.7,51.5,46.6,46.8,7.91,3,0,2,0,69.8,57.7,76.0,8.6,75.9,57.7,0.75,6.0
STU_02403,above_avg,3,6.29,6.0,5.84,0.16,84.3,65.0,64.0,66.1,58.0,6.95,6,1,2,1,59.6,37.1,81.6,14.2,56.1,61.4,0.25,2.45
STU_02404,below_avg,5,0.67,1.0,0.0,1.0,61.8,38.1,53.9,55.9,39.0,5.99,4,2,0,4,29.9,2.0,47.5,17.5,44.4,15.4,0.5,1.5
STU_02405,failing,5,0.19,0.0,0.0,0.0,6.0,19.8,23.8,24.3,0.0,5.44,4,4,0,4,6.8,2.0,15.9,5.6,11.3,2.1,0.5,0.0
STU_02406,above_avg,6,5.01,4.75,4.44,0.31,72.5,39.4,84.2,50.5,26.4,6.39,4,1,0,2,48.1,39.0,53.4,5.4,47.5,49.8,0.62,2.5
STU_02407,average,4,3.25,2.27,4.11,-1.84,69.1,30.5,75.0,56.7,0.5,6.68,7,4,0,5,41.3,23.0,60.6,13.0,47.2,39.0,0.38,2.33
STU_02408,below_avg,6,1.57,2.5,0.89,1.61,47.6,43.2,32.2,72.7,44.2,4.6,4,1,0,3,44.7,32.5,56.7,8.6,48.8,32.5,0.62,0.0
STU_02409,strong,3,8.82,9.16,8.53,0.63,86.3,89.6,90.8,89.7,24.0,6.64,6,0,5,0,78.4,66.9,84.8,6.7,78.3,78.5,0.25,8.77
STU_02410,above_avg,3,6.29,5.89,6.95,-1.06,83.0,55.9,57.6,46.0,19.7,5.42,6,0,2,2,57.8,48.3,72.3,9.9,71.2,51.0,0.25,6.95
STU_02411,strong,3,7.42,8.32,7.89,0.43,87.0,93.9,82.2,60.9,21.9,7.48,6,0,6,0,75.8,71.0,82.1,4.0,81.2,73.1,0.25,9.27
STU_02412,strong,4,6.93,7.27,6.37,0.9,75.5,83.6,88.3,78.6,13.4,7.83,7,0,2,0,70.4,61.7,83.8,8.7,83.5,65.2,0.38,7.44
STU_02413,average,3,4.45,3.32,4.58,-1.26,61.4,51.9,51.2,85.0,28.2,5.85,6,1,0,6,43.1,38.8,49.0,3.3,47.1,41.0,0.25,2.95
STU_02414,average,5,3.01,0.0,5.82,-5.82,66.0,15.6,73.5,65.7,15.2,6.09,4,4,0,4,29.3,20.8,35.8,5.4,33.3,25.4,0.5,2.25
STU_02415,below_avg,7,2.19,3.33,2.0,1.33,65.5,51.2,29.4,46.7,32.3,6.16,3,2,0,3,33.4,20.2,45.1,10.2,27.5,45.1,0.75,2.17
STU_02416,above_avg,3,3.47,3.47,3.58,-0.11,80.2,58.8,36.6,74.5,21.2,5.31,6,2,0,2,47.9,24.7,59.2,13.2,58.8,42.5,0.25,6.09
STU_02417,average,4,1.43,1.27,1.58,-0.31,69.0,58.0,41.5,59.8,58.5,4.73,7,4,0,5,37.6,11.9,56.8,14.6,54.9,30.6,0.38,5.89
STU_02418,failing,3,0.0,0.0,0.0,0.0,26.4,32.1,70.2,33.6,30.2,6.32,6,6,0,6,9.2,2.0,25.4,8.9,21.0,3.3,0.25,0.0
STU_02419,failing,6,0.24,0.0,0.44,-0.44,6.5,0.0,49.1,59.9,59.0,7.2,4,4,0,4,5.9,2.0,12.9,4.3,7.2,2.0,0.62,0.0
STU_02420,below_avg,7,0.24,0.0,0.0,0.0,68.5,39.5,29.7,53.3,30.5,6.25,3,3,0,3,24.7,14.3,36.1,8.9,25.2,23.7,0.75,1.0
STU_02421,struggling,3,1.06,0.0,1.47,-1.47,51.3,13.4,39.0,36.6,0.0,6.27,6,6,0,6,4.5,2.0,10.3,3.0,8.1,2.7,0.25,0.0
STU_02422,above_avg,4,5.18,5.14,4.26,0.88,82.4,59.2,53.2,61.9,50.7,4.65,7,1,0,2,55.5,31.9,68.5,12.1,58.0,54.5,0.38,3.11
STU_02423,average,4,4.53,3.59,5.26,-1.67,65.3,61.1,69.0,55.0,18.7,7.13,7,2,0,4,43.5,12.5,62.5,15.4,53.0,39.7,0.38,0.78
STU_02424,below_avg,5,0.84,0.78,0.0,0.78,66.1,29.2,50.4,32.2,39.3,5.49,4,3,0,3,22.6,2.0,63.7,25.2,32.9,12.2,0.5,0.0
STU_02425,strong,4,6.56,6.5,7.84,-1.34,88.5,69.2,62.6,80.8,30.5,6.77,7,0,1,1,63.2,47.4,76.8,8.6,67.9,61.3,0.38,7.22
STU_02426,above_avg,4,4.16,3.5,5.53,-2.03,73.5,77.3,65.3,78.6,43.6,5.61,7,2,0,3,48.1,26.0,64.9,13.4,61.4,42.7,0.38,3.0
STU_02427,above_avg,5,5.83,4.0,7.82,-3.82,79.7,55.4,64.6,41.6,0.0,5.44,4,1,0,1,47.2,26.8,55.5,11.8,54.1,40.2,0.5,6.12
STU_02428,strong,3,4.97,6.26,4.95,1.31,87.6,57.5,68.0,51.1,40.8,6.07,6,0,1,1,60.9,48.8,75.2,8.1,69.6,56.5,0.25,7.36
STU_02429,struggling,5,0.0,0.0,0.0,0.0,49.7,11.3,11.2,16.8,60.6,5.83,4,4,0,4,13.2,2.0,31.8,12.4,16.9,9.5,0.5,0.0
STU_02430,average,5,2.77,4.89,1.5,3.39,61.3,45.6,68.4,44.8,55.4,5.73,4,1,0,3,43.4,23.7,54.4,11.8,36.6,50.2,0.5,7.38
STU_02431,below_avg,5,0.0,0.0,0.0,0.0,64.3,46.3,40.4,43.9,18.5,6.58,4,4,0,4,17.7,6.2,35.9,11.4,27.4,8.1,0.5,1.0
STU_02432,below_avg,4,0.62,1.09,0.0,1.09,60.9,17.2,48.4,53.8,2.2,6.96,7,6,0,6,25.0,18.1,53.4,11.7,22.1,26.2,0.38,3.56
STU_02433,average,3,3.84,3.42,4.26,-0.84,64.6,43.5,50.7,47.4,23.4,5.51,6,2,0,4,44.3,27.6,60.5,10.0,44.0,44.5,0.25,2.91
STU_02434,average,6,2.89,1.62,4.0,-2.38,63.4,54.2,65.4,54.8,35.0,6.26,4,2,0,2,46.9,32.3,63.4,13.5,51.8,32.3,0.62,0.0
STU_02435,above_avg,7,3.13,2.33,4.38,-2.05,84.5,70.5,52.7,82.3,72.5,5.23,3,1,0,1,52.4,32.8,64.0,13.9,62.2,32.8,0.75,5.83
STU_02436,average,3,2.51,0.63,3.47,-2.84,67.5,48.6,36.7,67.3,26.9,6.73,6,4,0,6,30.5,13.9,41.4,10.4,40.7,25.4,0.25,0.0
STU_02437,above_avg,3,4.36,4.58,4.37,0.21,77.1,93.2,57.6,59.3,67.9,6.54,6,1,1,3,57.5,35.4,89.7,19.5,79.1,46.8,0.25,6.41
STU_02438,below_avg,6,1.49,3.12,0.0,3.12,59.0,62.9,37.9,38.2,47.5,5.47,4,1,0,2,46.3,12.1,66.0,21.9,57.7,12.1,0.62,4.5
STU_02439,above_avg,4,6.79,5.68,7.16,-1.48,87.0,59.7,57.0,59.8,48.1,6.91,7,0,2,2,57.1,41.4,76.2,11.5,73.3,50.6,0.38,4.78
STU_02440,above_avg,4,6.55,6.18,6.95,-0.77,88.8,66.7,66.9,58.9,51.4,5.14,7,0,1,1,61.7,49.7,75.8,7.5,71.2,57.9,0.38,5.89
STU_02441,below_avg,3,1.1,1.05,0.0,1.05,51.2,81.0,31.2,53.3,37.8,5.95,6,4,1,4,38.2,2.0,73.0,21.9,63.1,25.8,0.25,0.5
STU_02442,topper,4,10.0,10.0,10.0,0.0,98.3,100.0,82.6,72.0,40.2,6.95,7,0,7,0,92.9,85.7,99.8,4.4,98.6,90.6,0.38,10.0
STU_02443,average,7,1.41,0.0,2.25,-2.25,61.7,33.7,56.1,51.8,15.9,7.32,3,3,0,3,26.8,19.0,36.9,7.5,30.7,19.0,0.75,0.0
STU_02444,struggling,5,0.69,0.44,0.0,0.44,50.9,55.9,35.8,26.9,25.0,7.83,4,3,0,4,21.0,2.0,43.9,19.2,40.0,2.0,0.5,1.38
STU_02445,average,4,0.6,1.64,0.0,1.64,68.1,46.9,40.8,7.6,55.7,7.76,7,5,0,7,30.3,15.5,45.9,10.7,32.9,29.3,0.38,0.44
STU_02446,below_avg,5,0.3,0.0,0.27,-0.27,58.1,36.8,39.5,36.3,0.0,6.05,4,4,0,4,20.9,9.5,35.2,9.2,22.4,19.5,0.5,0.0
STU_02447,topper,3,9.97,8.95,10.0,-1.05,91.5,90.2,99.9,52.5,76.3,5.52,6,0,6,0,80.3,70.2,91.9,6.4,87.2,76.9,0.25,8.91
STU_02448,above_avg,4,6.13,5.82,5.95,-0.13,75.6,78.0,54.2,48.3,62.3,5.99,7,0,0,3,54.2,45.4,67.0,8.1,56.8,53.2,0.38,1.78
STU_02449,above_avg,4,6.78,6.64,5.95,0.69,84.2,63.6,62.9,65.6,43.1,5.86,7,0,0,0,61.9,50.9,68.5,5.5,65.7,60.3,0.38,5.89
STU_02450,above_avg,7,6.26,6.83,5.75,1.08,66.6,60.0,48.3,32.7,40.2,6.24,3,0,0,0,61.0,57.2,65.7,3.5,61.5,60.0,0.75,1.67
STU_02451,struggling,3,0.0,0.0,0.0,0.0,37.7,41.5,8.7,21.8,3.3,5.37,6,6,0,6,12.2,2.0,32.3,11.7,22.2,7.2,0.25,0.0
STU_02452,below_avg,6,1.69,1.25,1.33,-0.08,52.7,58.2,51.3,39.1,36.3,7.03,4,3,0,4,34.0,25.2,45.4,7.4,37.0,25.2,0.62,2.0
STU_02453,below_avg,3,0.37,0.0,0.84,-0.84,56.2,27.9,20.7,43.7,12.7,6.02,6,6,0,6,17.8,2.0,29.1,10.0,27.4,13.1,0.25,0.73
STU_02454,above_avg,4,3.0,4.14,1.74,2.4,72.2,72.4,56.3,79.1,12.5,5.89,7,1,1,4,50.2,27.1,71.6,13.4,66.7,43.5,0.38,4.89
STU_02455,below_avg,4,0.24,0.45,0.21,0.24,54.1,40.2,30.2,35.4,61.5,8.5,7,5,0,7,26.6,8.7,48.0,13.7,47.1,18.4,0.38,0.0
STU_02456,below_avg,4,0.32,0.0,0.0,0.0,62.6,36.2,52.6,26.3,3.5,7.77,7,7,0,7,19.6,2.0,33.8,11.7,26.0,17.0,0.38,0.0
STU_02457,struggling,4,0.17,0.0,0.0,0.0,56.3,10.8,30.3,20.1,18.7,6.54,7,7,0,7,12.4,2.0,25.2,9.4,7.3,14.5,0.38,1.11
STU_02458,below_avg,4,0.18,0.0,0.0,0.0,55.0,27.3,40.3,24.4,58.0,6.05,7,7,0,7,12.8,2.0,31.2,12.3,24.5,8.1,0.38,0.0
STU_02459,average,3,1.25,1.68,0.95,0.73,74.8,28.0,60.9,53.8,14.3,7.56,6,4,0,5,37.2,20.5,54.6,11.9,37.5,37.0,0.25,3.23
STU_02460,strong,4,7.31,6.64,7.26,-0.62,95.1,73.0,62.7,68.4,3.9,5.41,7,0,2,1,61.2,48.5,79.5,10.8,63.5,60.3,0.38,8.44
STU_02461,below_avg,3,0.9,1.58,0.63,0.95,57.5,58.8,36.2,9.6,42.6,5.73,6,3,0,5,32.9,11.4,50.7,13.3,45.7,26.5,0.25,0.0
STU_02462,below_avg,6,1.9,3.5,0.44,3.06,56.3,39.4,51.0,68.4,17.3,7.61,4,1,0,2,47.2,39.6,56.1,7.3,49.5,40.4,0.62,4.83
STU_02463,strong,6,8.45,9.0,8.89,0.11,89.1,88.6,66.6,100.0,35.5,6.43,4,0,4,0,86.8,72.5,100.0,9.8,91.6,72.5,0.62,9.67
STU_02464,average,7,2.76,2.17,3.12,-0.95,66.5,55.7,36.5,42.7,26.9,6.3,3,1,0,1,45.4,17.3,66.8,20.7,59.4,17.3,0.75,1.5
STU_02465,topper,3,8.0,9.58,6.84,2.74,95.0,90.8,57.1,99.7,56.5,7.23,6,0,6,0,87.2,77.9,93.5,6.7,93.4,84.1,0.25,10.0
STU_02466,below_avg,3,0.54,0.63,0.0,0.63,68.2,47.7,35.7,42.4,13.7,4.68,6,5,0,5,22.8,2.0,53.7,17.4,37.3,15.6,0.25,0.18
STU_02467,above_avg,3,5.5,6.74,5.0,1.74,77.1,68.1,72.2,33.6,62.3,6.94,6,0,1,0,62.6,56.8,74.0,6.6,63.0,62.5,0.25,7.0
STU_02468,topper,7,10.0,10.0,10.0,0.0,93.2,100.0,75.8,98.9,0.0,6.37,3,0,3,0,94.9,91.4,99.3,3.3,95.3,93.9,0.75,10.0
STU_02469,average,5,1.94,3.0,1.32,1.68,72.6,67.8,39.7,33.7,30.2,6.18,4,1,0,3,47.0,39.2,57.6,6.8,52.5,41.5,0.5,3.25
STU_02470,strong,5,6.53,6.67,6.64,0.03,81.5,65.8,34.7,83.4,27.4,6.57,4,0,1,0,61.9,56.2,70.0,5.6,63.5,60.2,0.5,7.38
STU_02471,above_avg,4,6.23,6.14,6.32,-0.18,81.2,50.1,63.2,41.2,45.5,6.57,7,0,0,2,56.2,47.5,65.7,6.2,52.8,57.6,0.38,7.22
STU_02472,average,5,0.95,0.44,2.05,-1.61,61.6,39.4,68.4,42.5,13.4,6.1,4,3,0,4,28.7,16.7,42.8,9.8,33.1,24.4,0.5,1.38
STU_02473,below_avg,3,1.32,1.84,0.0,1.84,52.5,42.9,46.9,50.0,43.3,6.18,6,3,0,4,34.7,9.6,60.8,20.4,58.8,22.6,0.25,3.0
STU_02474,topper,6,10.0,10.0,10.0,0.0,95.0,99.6,74.2,71.5,63.9,6.51,4,0,4,0,96.9,93.2,99.6,2.5,98.1,93.2,0.62,10.0
STU_02475,below_avg,3,0.79,0.0,1.05,-1.05,57.4,9.8,45.3,37.5,52.1,6.22,6,6,0,6,11.2,2.0,39.6,13.3,26.0,3.8,0.25,0.0
STU_02476,strong,4,6.67,6.59,7.63,-1.04,93.7,89.6,76.0,75.6,46.6,7.55,7,0,2,1,63.2,47.3,78.3,10.5,74.8,58.6,0.38,9.0
STU_02477,average,4,4.21,2.95,3.95,-1.0,70.5,67.5,55.5,41.6,9.0,6.5,7,2,0,5,46.4,34.7,66.3,10.6,61.2,40.5,0.38,1.22
STU_02478,below_avg,4,0.04,0.0,0.0,0.0,52.6,46.8,62.2,24.9,0.0,4.58,7,7,0,7,20.1,2.0,36.8,13.1,32.8,15.0,0.38,0.0
STU_02479,average,4,1.11,1.68,0.32,1.36,62.3,44.9,45.0,48.9,0.4,6.44,7,4,0,7,36.3,27.2,46.0,6.0,36.6,36.2,0.38,1.44
STU_02480,above_avg,3,6.47,6.26,6.37,-0.11,88.2,86.3,66.6,89.0,39.3,5.57,6,0,1,1,61.5,44.6,84.4,12.3,74.1,55.2,0.25,6.18
STU_02481,struggling,6,0.0,0.75,0.0,0.75,52.7,62.4,41.2,29.8,10.8,6.14,4,3,0,3,28.8,11.4,51.7,16.9,34.5,11.4,0.62,0.0
STU_02482,inconsistent,4,5.64,4.68,6.11,-1.43,79.9,56.1,73.9,53.0,41.8,6.13,7,2,2,2,57.2,31.8,76.1,15.9,64.9,54.2,0.38,5.67
STU_02483,strong,3,8.55,7.21,10.0,-2.79,80.5,86.3,70.1,60.4,40.6,6.06,6,0,3,1,68.6,48.5,78.4,9.6,73.9,65.9,0.25,6.77
STU_02484,strong,5,6.54,6.78,5.64,1.14,85.0,67.2,55.8,66.4,65.0,5.39,4,0,2,0,64.6,53.4,71.6,7.5,71.4,57.7,0.5,7.88
STU_02485,average,7,1.19,1.17,1.0,0.17,69.5,56.9,35.1,37.5,26.1,4.99,3,2,0,2,34.6,2.0,62.5,24.9,51.0,2.0,0.75,1.33
STU_02486,struggling,5,0.0,0.44,0.5,-0.06,50.0,31.2,37.5,35.1,15.2,7.07,4,3,0,4,22.9,6.1,43.3,14.1,24.7,21.2,0.5,0.0
STU_02487,strong,7,9.16,10.0,8.12,1.88,87.1,80.3,73.5,72.1,24.2,5.6,3,0,3,0,85.2,80.0,93.8,6.1,80.9,93.8,0.75,10.0
STU_02488,above_avg,4,7.02,6.45,6.79,-0.34,87.2,72.8,67.2,77.8,51.4,6.33,7,0,1,1,62.2,48.6,70.4,7.6,66.5,60.4,0.38,6.33
STU_02489,above_avg,3,6.38,6.74,6.47,0.27,73.2,97.4,80.0,54.7,93.7,7.0,6,0,2,1,67.1,46.6,89.4,13.8,83.2,59.1,0.25,7.55
STU_02490,below_avg,3,1.14,1.16,0.89,0.27,45.9,61.9,52.1,42.6,13.6,5.41,6,4,0,5,31.3,13.0,57.5,15.8,46.9,23.5,0.25,0.27
STU_02491,average,3,4.43,3.32,5.16,-1.84,70.7,75.2,54.8,44.9,36.6,5.99,6,2,0,3,46.0,29.1,67.8,13.8,53.9,42.1,0.25,5.41
STU_02492,struggling,4,0.0,0.0,0.0,0.0,54.7,41.3,43.0,38.9,26.1,6.65,7,7,0,7,13.7,2.0,37.0,14.4,34.4,5.4,0.38,3.11
STU_02493,strong,3,7.8,7.42,9.79,-2.37,94.1,79.1,52.7,42.0,37.2,6.37,6,0,2,0,67.4,55.1,79.7,9.1,73.1,64.6,0.25,7.0
STU_02494,topper,3,7.96,8.53,8.53,0.0,91.8,93.3,87.6,88.1,0.0,5.28,6,0,5,0,76.8,65.6,88.1,7.2,84.2,73.0,0.25,9.18
STU_02495,below_avg,4,1.53,0.23,3.16,-2.93,53.4,58.2,44.0,57.8,30.9,5.52,7,6,0,7,26.0,6.1,46.2,13.1,37.5,21.5,0.38,0.0
STU_02496,above_avg,4,6.72,6.32,6.42,-0.1,75.6,70.4,61.5,62.4,28.6,6.67,7,0,2,1,60.2,46.3,75.2,9.2,67.2,57.4,0.38,7.22
STU_02497,average,5,4.81,4.67,6.0,-1.33,67.4,41.4,54.2,65.4,7.4,5.85,4,1,0,2,45.5,36.9,52.2,6.3,43.9,47.0,0.5,6.38
STU_02498,average,7,3.28,1.33,5.12,-3.79,71.4,39.8,52.0,42.8,28.7,6.31,3,2,1,2,44.8,31.5,70.2,17.9,51.5,31.5,0.75,6.0
STU_02499,below_avg,7,1.46,1.67,0.75,0.92,51.3,49.7,37.5,49.3,48.8,6.32,3,1,0,2,44.0,37.7,50.2,5.1,47.2,37.7,0.75,2.67
STU_02500,strong,4,8.6,8.0,8.95,-0.95,82.2,92.2,68.9,66.4,31.9,5.68,7,0,5,0,77.2,65.9,96.6,10.5,92.2,71.2,0.38,9.33
STU_02501,below_avg,4,0.02,0.0,0.0,0.0,71.2,21.3,60.5,50.0,0.0,5.66,7,7,0,7,19.4,2.0,38.9,13.1,34.1,13.6,0.38,2.33
STU_02502,average,7,4.31,2.67,6.0,-3.33,85.8,77.9,45.7,54.2,1.8,6.36,3,1,1,1,61.1,38.1,85.5,19.4,72.6,38.1,0.75,0.67
STU_02503,topper,7,9.41,10.0,9.5,0.5,96.1,91.7,77.1,58.9,74.6,5.83,3,0,3,0,97.8,93.3,100.0,3.2,96.7,100.0,0.75,10.0
STU_02504,above_avg,5,4.29,4.11,4.45,-0.34,83.2,64.9,67.6,18.3,17.8,4.97,4,1,1,1,59.7,36.0,81.5,17.1,67.0,52.4,0.5,5.0
STU_02505,below_avg,5,0.0,0.0,0.0,0.0,62.9,54.2,41.5,61.0,29.7,5.95,4,4,0,4,24.1,14.9,35.5,7.7,30.9,17.4,0.5,0.0
STU_02506,strong,3,8.35,8.05,8.63,-0.58,84.6,90.0,84.3,74.4,52.2,5.59,6,0,4,0,73.8,57.6,91.3,10.6,83.3,69.1,0.25,7.95
STU_02507,below_avg,4,1.22,0.23,2.42,-2.19,62.3,61.5,65.4,68.9,26.5,6.16,7,6,0,7,29.3,14.1,49.9,11.6,42.6,23.9,0.38,1.11
STU_02508,strong,5,6.16,6.44,5.91,0.53,90.6,79.5,59.9,56.6,46.6,6.35,4,0,1,1,65.7,47.9,80.2,11.6,74.8,56.7,0.5,7.12
STU_02509,topper,4,9.85,10.0,10.0,0.0,98.1,87.5,83.8,85.4,60.9,5.2,7,0,7,0,92.1,86.1,95.0,2.9,90.0,93.0,0.38,10.0
STU_02510,below_avg,6,2.72,1.62,3.22,-1.6,61.2,40.5,49.9,45.7,56.8,7.14,4,2,0,4,35.1,13.0,49.1,13.7,42.5,13.0,0.62,0.0
STU_02511,average,5,4.4,6.11,1.91,4.2,75.6,55.5,33.4,61.2,88.5,6.32,4,0,0,2,51.8,41.6,67.2,9.8,43.5,60.0,0.5,3.5
STU_02512,strong,3,8.36,8.63,7.95,0.68,83.6,78.0,76.4,59.1,40.4,6.15,6,0,4,0,77.0,67.1,85.8,7.5,76.8,77.1,0.25,10.0
STU_02513,below_avg,4,0.55,0.0,1.05,-1.05,67.7,42.4,54.1,65.2,35.9,5.16,7,7,0,7,15.1,2.3,36.5,11.5,26.2,10.6,0.38,0.0
STU_02514,above_avg,5,3.74,3.56,3.91,-0.35,87.3,75.8,61.7,65.4,15.2,7.66,4,1,1,1,53.3,36.8,71.0,12.2,63.0,43.6,0.5,5.12
STU_02515,below_avg,5,0.39,0.0,0.91,-0.91,52.1,25.8,38.5,32.8,36.5,6.12,4,4,0,4,19.6,16.9,24.9,3.1,17.9,21.4,0.5,0.75
STU_02516,inconsistent,4,6.36,6.0,5.58,0.42,81.3,44.3,63.0,43.8,45.8,6.6,7,0,1,2,55.8,42.3,76.9,11.2,55.0,56.1,0.38,6.67
STU_02517,strong,6,8.1,8.0,8.89,-0.89,82.4,92.2,90.6,65.7,61.1,6.62,4,0,3,0,74.1,69.3,84.6,6.2,75.7,69.3,0.62,9.67
STU_02518,failing,7,0.12,0.83,0.0,0.83,24.9,34.2,1.5,23.1,57.5,7.54,3,2,0,3,26.4,4.5,47.7,17.6,26.1,27.1,0.75,0.67
STU_02519,below_avg,5,0.23,1.22,0.59,0.63,63.5,54.4,51.3,38.6,0.0,5.8,4,2,0,3,37.9,15.9,50.1,13.3,48.2,27.6,0.5,2.38
STU_02520,strong,7,7.03,6.67,7.38,-0.71,83.6,69.9,72.0,77.0,55.2,8.31,3,0,1,0,67.1,53.5,93.4,18.6,73.5,54.5,0.75,6.83
STU_02521,average,4,0.9,1.27,0.68,0.59,79.5,59.0,64.1,41.4,39.0,5.79,7,5,0,6,34.9,16.8,55.2,11.1,38.9,33.4,0.38,1.11
STU_02522,below_avg,4,0.58,1.18,0.0,1.18,50.5,45.4,57.5,38.0,3.4,7.18,7,4,0,7,31.1,9.6,47.4,15.4,47.3,24.6,0.38,0.0
STU_02523,average,5,4.26,3.0,5.0,-2.0,78.8,67.0,39.0,40.1,69.4,8.16,4,1,0,3,42.1,22.8,56.5,12.3,51.8,32.5,0.5,4.62
STU_02524,struggling,6,0.23,0.0,1.0,-1.0,39.5,23.4,45.7,28.5,41.2,6.15,4,4,0,4,18.8,2.0,39.6,17.0,24.4,2.0,0.62,0.0
STU_02525,average,4,2.4,0.45,4.42,-3.97,67.4,70.4,44.6,53.0,48.2,5.99,7,6,1,6,36.4,16.1,81.4,19.9,59.9,27.0,0.38,2.33
STU_02526,average,3,2.81,2.37,4.05,-1.68,70.4,72.3,42.7,48.0,62.7,5.14,6,3,1,3,45.8,20.5,75.4,18.3,67.0,35.2,0.25,1.32
STU_02527,average,5,2.59,4.0,0.23,3.77,64.8,36.9,28.4,22.0,75.5,5.58,4,1,0,4,39.8,32.0,45.8,5.0,36.4,43.1,0.5,4.5
STU_02528,average,6,1.33,1.62,1.11,0.51,77.3,67.5,67.5,29.4,9.6,7.44,4,2,0,4,33.2,11.2,49.3,14.6,40.6,11.2,0.62,2.67
STU_02529,average,7,3.32,2.0,4.75,-2.75,70.9,50.5,30.3,45.8,19.9,6.1,3,1,0,2,49.0,34.8,64.0,11.9,56.1,34.8,0.75,5.5
STU_02530,above_avg,4,5.48,3.73,6.37,-2.64,85.5,71.5,69.2,47.4,38.3,5.52,7,1,1,5,49.4,39.4,74.2,11.7,65.7,42.9,0.38,6.22
STU_02531,strong,3,8.13,9.11,6.42,2.69,88.8,74.9,85.4,72.5,23.4,6.8,6,0,6,0,83.0,70.2,99.8,11.9,87.4,80.8,0.25,9.27
STU_02532,average,5,2.73,4.22,0.0,4.22,82.3,51.2,60.8,24.6,64.7,5.1,4,1,0,3,43.8,32.1,54.2,8.4,43.2,44.5,0.5,3.12
STU_02533,improving,4,1.43,2.77,0.0,2.77,76.8,65.9,41.5,60.1,25.0,4.67,7,3,0,3,46.5,28.7,64.2,13.3,59.2,41.5,0.38,3.22
STU_02534,below_avg,6,1.06,1.5,0.0,1.5,60.3,48.9,54.9,44.2,83.3,5.18,4,3,0,3,32.0,14.1,58.2,16.2,38.0,14.1,0.62,0.67
STU_02535,average,6,2.58,2.12,3.67,-1.55,78.4,66.3,43.7,51.7,63.8,5.5,4,2,1,2,51.1,23.8,80.1,23.9,60.2,23.8,0.62,5.5
STU_02536,strong,5,6.42,8.0,6.14,1.86,90.3,85.8,72.6,56.5,47.0,6.56,4,0,3,0,76.4,67.7,83.6,6.5,82.7,70.2,0.5,8.62
STU_02537,below_avg,5,0.46,0.67,0.18,0.49,45.7,46.9,17.0,34.9,0.0,7.01,4,3,0,3,25.1,2.0,55.5,19.5,36.1,13.9,0.5,0.5
STU_02538,average,3,1.76,1.16,1.47,-0.31,62.7,49.4,31.0,55.9,27.1,6.1,6,4,0,5,34.6,15.2,51.6,11.7,43.2,30.2,0.25,0.27
STU_02539,struggling,4,0.0,0.0,0.42,-0.42,34.4,12.9,42.5,0.0,3.7,7.18,7,7,0,7,9.5,2.0,16.6,6.4,7.1,10.5,0.38,0.0
STU_02540,strong,7,8.38,7.83,8.5,-0.67,91.3,100.0,49.0,61.0,47.1,6.33,3,0,2,0,79.6,69.6,91.3,8.9,84.5,69.6,0.75,10.0
STU_02541,below_avg,5,0.62,0.67,0.23,0.44,69.2,29.0,35.3,15.8,6.2,6.75,4,3,0,3,18.9,4.2,53.4,20.1,28.8,9.1,0.5,0.0
STU_02542,struggling,4,0.0,0.0,0.0,0.0,54.1,13.8,24.7,34.6,0.0,7.22,7,7,0,7,6.1,2.0,19.3,6.6,16.2,2.0,0.38,0.0
STU_02543,above_avg,6,6.51,5.75,7.44,-1.69,75.7,72.8,45.2,68.1,40.1,5.56,4,0,0,1,57.0,49.3,63.6,5.9,59.6,49.3,0.62,6.67
STU_02544,average,3,0.45,1.32,0.21,1.11,75.1,56.5,36.5,57.5,51.3,5.17,6,4,0,6,31.0,13.1,49.9,14.8,31.5,30.7,0.25,2.09
STU_02545,average,6,1.97,3.5,0.78,2.72,78.5,59.8,56.0,63.2,26.9,6.39,4,1,1,1,51.9,20.8,75.7,20.1,62.2,20.8,0.62,8.83
STU_02546,strong,4,8.97,7.73,9.16,-1.43,94.4,91.1,70.6,31.8,76.6,5.89,7,0,5,0,70.8,54.8,83.2,8.3,76.6,68.5,0.38,7.22
STU_02547,average,4,0.82,0.91,0.0,0.91,83.3,34.4,34.5,32.1,18.5,7.06,7,6,0,7,28.2,3.2,47.6,13.4,35.2,25.4,0.38,3.33
STU_02548,strong,3,8.37,7.63,8.89,-1.26,92.7,75.0,80.3,18.1,36.5,6.04,6,0,3,0,71.2,62.3,84.7,7.7,80.3,66.7,0.25,8.18
STU_02549,struggling,4,0.69,0.27,0.0,0.27,51.9,50.0,16.1,38.9,0.0,6.65,7,6,0,6,20.8,4.6,55.3,16.1,40.6,12.9,0.38,0.44
STU_02550,inconsistent,7,6.39,6.33,6.75,-0.42,69.0,55.8,46.2,47.0,56.9,6.03,3,0,0,1,53.3,42.8,61.0,7.7,49.5,61.0,0.75,4.33
STU_02551,below_avg,3,0.01,0.32,0.0,0.32,49.5,56.7,31.4,60.5,19.3,5.91,6,5,0,5,31.2,11.0,55.1,13.6,39.8,26.9,0.25,0.0
STU_02552,struggling,4,0.42,0.27,0.26,0.01,43.7,50.4,34.3,40.5,22.4,6.47,7,6,0,6,30.4,2.0,59.3,15.8,48.0,23.3,0.38,0.0
STU_02553,topper,3,9.65,9.79,9.79,0.0,97.5,99.6,100.0,91.0,60.8,6.67,6,0,6,0,91.2,78.1,100.0,8.2,96.1,88.8,0.25,10.0
STU_02554,above_avg,3,4.25,3.79,4.42,-0.63,74.4,59.9,81.0,80.7,11.0,5.24,6,1,0,6,43.8,39.9,46.4,2.3,42.5,44.4,0.25,5.82
STU_02555,below_avg,6,0.71,0.0,0.67,-0.67,61.3,26.2,39.3,30.2,28.3,7.32,4,4,0,4,28.4,17.8,38.1,7.5,25.1,38.1,0.62,1.5
STU_02556,improving,5,3.78,6.22,0.45,5.77,91.2,72.1,43.1,41.1,17.4,4.9,4,0,1,0,58.5,54.0,71.1,7.3,62.9,54.1,0.5,7.12
STU_02557,topper,3,9.02,9.58,8.95,0.63,89.5,100.0,85.5,77.7,19.0,5.48,6,0,6,0,83.9,72.5,92.5,6.2,90.6,80.5,0.25,10.0
STU_02558,above_avg,5,6.89,6.44,7.45,-1.01,84.6,75.2,78.1,65.1,27.3,5.44,4,0,2,1,65.5,45.3,88.2,17.5,82.4,48.6,0.5,7.25
STU_02559,strong,5,5.71,6.78,5.18,1.6,96.5,77.1,69.8,47.2,52.5,5.95,4,0,2,1,69.1,45.5,85.6,16.1,83.9,54.2,0.5,8.0
STU_02560,average,3,0.11,0.74,0.0,0.74,76.4,17.0,53.5,24.1,28.1,4.64,6,4,0,6,32.2,17.8,45.7,10.1,43.3,26.7,0.25,3.95
STU_02561,below_avg,7,1.31,1.5,0.5,1.0,73.0,56.1,37.8,21.2,10.5,6.18,3,1,0,3,30.1,2.0,45.2,19.9,44.1,2.0,0.75,1.83
STU_02562,struggling,3,0.0,0.0,0.63,-0.63,52.3,27.8,32.2,38.4,44.2,5.75,6,6,0,6,15.4,2.0,28.6,9.4,13.5,16.2,0.25,0.91
STU_02563,below_avg,3,0.14,0.21,0.21,0.0,57.1,21.9,17.7,8.6,39.3,6.01,6,5,0,6,19.6,2.0,44.6,13.9,23.3,17.8,0.25,0.0
STU_02564,average,4,5.48,4.18,6.42,-2.24,63.1,54.7,80.0,58.9,53.3,7.02,7,1,0,4,46.0,20.4,60.9,12.4,54.9,42.5,0.38,2.78
STU_02565,below_avg,5,1.47,1.0,1.27,-0.27,56.5,61.3,20.4,43.8,4.5,7.28,4,2,0,4,31.5,2.0,45.5,17.2,43.2,19.7,0.5,0.0
STU_02566,average,3,3.06,2.47,3.84,-1.37,74.0,54.1,63.1,31.8,15.0,5.71,6,2,0,6,38.7,24.5,47.6,8.7,46.9,34.6,0.25,2.41
STU_02567,failing,3,0.4,0.0,0.0,0.0,19.9,21.2,26.5,19.7,0.0,6.65,6,6,0,6,8.2,2.0,33.7,11.6,17.9,3.4,0.25,0.0
STU_02568,average,4,0.13,0.0,0.68,-0.68,80.0,36.6,46.6,24.9,52.0,6.16,7,7,0,7,25.3,9.4,34.7,8.2,31.6,22.8,0.38,0.56
STU_02569,strong,3,6.28,6.84,6.84,0.0,85.2,85.9,52.1,81.5,0.0,6.58,6,0,2,0,66.8,55.3,79.1,8.3,75.3,62.5,0.25,7.27
STU_02570,above_avg,5,4.36,3.0,5.36,-2.36,74.8,59.0,61.7,46.8,27.0,5.46,4,1,0,3,44.4,36.5,52.4,5.8,49.4,39.3,0.5,5.62
STU_02571,average,4,3.27,2.82,3.79,-0.97,79.9,51.0,48.9,88.8,27.1,5.96,7,3,0,6,41.9,30.6,50.1,6.4,44.2,41.0,0.38,2.89
STU_02572,below_avg,3,0.0,0.0,0.32,-0.32,60.8,21.9,36.2,40.4,17.3,6.25,6,6,0,6,22.1,9.5,37.5,9.4,16.6,24.9,0.25,0.41
STU_02573,average,6,2.51,1.5,3.44,-1.94,75.2,60.3,69.0,50.2,22.3,5.42,4,2,0,2,39.5,26.0,52.3,12.3,44.0,26.0,0.62,0.83
STU_02574,strong,6,9.73,10.0,10.0,0.0,92.9,100.0,61.9,64.7,81.6,6.84,4,0,4,0,93.2,81.0,100.0,7.6,97.3,81.0,0.62,10.0
STU_02575,below_avg,3,0.0,0.0,0.0,0.0,50.2,39.5,44.6,48.2,0.0,4.46,6,6,0,6,17.8,5.0,30.2,9.6,21.2,16.0,0.25,0.95
STU_02576,below_avg,7,2.2,1.67,2.88,-1.21,58.1,59.8,45.1,50.0,0.0,5.93,3,1,0,2,40.0,24.5,54.8,12.4,47.8,24.5,0.75,2.0
STU_02577,topper,5,9.12,8.67,9.82,-1.15,98.0,86.2,62.1,72.3,32.5,6.7,4,0,3,0,80.2,66.1,89.0,8.6,85.5,75.0,0.5,10.0
STU_02578,strong,4,8.47,7.77,8.95,-1.18,79.1,94.9,67.2,83.0,45.9,6.7,7,0,4,0,73.6,63.0,87.2,7.5,82.5,70.0,0.38,9.0
STU_02579,average,6,1.15,1.62,1.44,0.18,65.9,54.6,63.0,44.3,58.9,6.45,4,2,0,2,43.3,20.6,60.0,15.1,50.8,20.6,0.62,5.67
STU_02580,below_avg,6,0.96,1.0,0.0,1.0,52.5,35.3,22.2,21.7,65.7,5.45,4,3,0,4,30.0,18.2,43.0,10.0,34.0,18.2,0.62,1.0
STU_02581,struggling,5,0.3,0.0,0.27,-0.27,52.7,34.1,44.4,31.4,12.6,7.45,4,4,0,4,15.2,2.0,34.5,11.9,22.8,7.7,0.5,0.75
STU_02582,strong,6,7.38,7.75,7.67,0.08,92.5,75.4,78.6,45.1,35.4,5.52,4,0,3,0,72.0,63.9,81.2,6.2,74.7,63.9,0.62,10.0
STU_02583,average,5,0.47,0.67,1.09,-0.42,71.8,38.1,38.7,35.9,37.3,5.42,4,3,0,3,26.2,4.8,55.1,18.5,36.5,15.9,0.5,0.75
STU_02584,average,7,1.7,3.67,0.5,3.17,66.1,47.9,28.4,39.6,35.4,6.74,3,1,0,2,41.4,27.3,52.1,10.4,39.7,44.8,0.75,4.5
STU_02585,above_avg,3,5.04,5.37,4.95,0.42,75.5,79.6,69.0,81.4,53.6,6.99,6,1,2,2,58.9,34.0,71.3,13.9,69.0,53.9,0.25,5.14
STU_02586,below_avg,5,1.58,0.67,0.91,-0.24,52.9,42.1,31.9,58.1,41.9,8.03,4,3,0,3,31.5,17.7,55.2,15.4,45.2,17.8,0.5,2.12
STU_02587,topper,5,7.93,8.44,7.23,1.21,94.6,100.0,56.0,97.9,46.5,5.74,4,0,4,0,81.4,71.5,96.9,9.9,89.9,72.9,0.5,10.0
STU_02588,above_avg,4,5.5,5.82,5.63,0.19,73.9,62.2,30.3,54.7,18.0,6.68,7,0,0,2,53.9,47.9,60.4,4.5,54.5,53.7,0.38,6.22
STU_02589,strong,3,7.36,6.68,8.32,-1.64,79.1,84.1,58.3,68.5,48.7,6.08,6,0,2,0,65.6,58.1,75.0,7.1,71.9,62.4,0.25,5.5
STU_02590,topper,3,9.26,10.0,9.53,0.47,93.2,94.4,95.8,75.4,42.1,5.68,6,0,6,0,87.7,82.4,94.6,4.4,92.9,85.1,0.25,9.64
STU_02591,above_avg,5,2.36,2.89,0.55,2.34,71.5,54.3,72.0,33.1,35.1,6.32,4,1,0,4,42.6,34.9,48.4,5.2,47.2,37.9,0.5,5.0
STU_02592,average,4,5.0,3.0,6.74,-3.74,59.1,60.2,45.2,35.6,48.2,6.32,7,3,0,5,41.5,11.6,58.6,14.2,47.8,39.0,0.38,0.56
STU_02593,topper,5,8.7,8.56,8.68,-0.12,94.7,100.0,75.9,46.3,59.1,7.07,4,0,3,0,77.6,67.3,86.5,7.1,83.7,71.5,0.5,10.0
STU_02594,inconsistent,3,6.26,7.37,6.63,0.74,66.2,62.0,90.5,83.7,59.8,6.86,6,0,1,0,68.4,58.8,78.0,5.6,63.2,71.0,0.25,7.41
STU_02595,struggling,4,0.07,0.0,0.0,0.0,48.1,10.3,38.4,26.1,20.1,6.21,7,7,0,7,8.5,2.0,30.0,10.3,2.8,10.8,0.38,0.0
STU_02596,strong,4,6.71,7.41,5.84,1.57,94.0,70.2,65.1,39.1,25.9,6.84,7,0,2,0,67.0,52.7,80.8,8.5,68.7,66.3,0.38,9.33
STU_02597,strong,6,8.31,8.12,7.89,0.23,87.6,94.8,48.5,82.6,47.2,6.67,4,0,3,0,76.8,65.9,86.9,7.5,80.5,65.9,0.62,10.0
STU_02598,below_avg,4,1.84,0.45,2.74,-2.29,65.9,57.4,58.0,37.0,18.2,6.21,7,5,0,6,25.0,5.3,51.0,17.4,47.2,16.1,0.38,0.56
STU_02599,average,4,1.52,1.05,2.11,-1.06,74.3,43.8,73.8,54.8,15.0,6.82,7,5,0,6,36.7,22.6,63.2,12.7,43.2,34.1,0.38,0.0
STU_02600,below_avg,5,0.45,0.0,1.09,-1.09,45.5,15.0,43.9,50.5,71.3,5.4,4,4,0,4,21.4,4.6,34.6,12.4,23.1,19.6,0.5,0.0
STU_02601,improving,4,3.57,5.41,0.84,4.57,80.3,57.6,76.6,73.8,29.0,6.21,7,0,0,4,51.6,42.2,67.7,8.1,52.5,51.2,0.38,4.33
STU_02602,strong,3,8.07,8.11,8.32,-0.21,96.7,85.3,75.1,58.3,14.3,5.9,6,0,4,0,79.4,63.3,99.8,14.2,98.8,69.7,0.25,8.86
STU_02603,strong,7,6.69,6.5,7.5,-1.0,91.2,68.3,73.5,59.8,71.7,7.01,3,0,1,0,66.1,56.2,74.5,7.5,71.0,56.2,0.75,8.0
STU_02604,below_avg,4,0.19,0.0,0.21,-0.21,64.5,35.3,39.5,53.4,24.0,6.57,7,7,0,7,16.4,2.0,26.3,9.3,20.4,14.8,0.38,0.0
STU_02605,average,4,3.7,6.0,1.79,4.21,66.4,53.6,66.6,38.6,10.8,6.04,7,0,1,2,57.6,46.1,79.3,11.2,71.9,51.9,0.38,6.56
STU_02606,below_avg,3,1.35,2.0,0.63,1.37,63.3,75.3,31.4,34.1,39.7,6.56,6,3,0,4,36.0,10.3,54.2,16.4,53.5,27.2,0.25,0.0
STU_02607,struggling,4,0.0,0.0,0.0,0.0,48.0,23.8,7.3,9.5,40.0,7.08,7,7,0,7,11.3,2.0,27.6,11.1,21.4,7.3,0.38,0.0
STU_02608,average,3,1.26,2.32,0.84,1.48,68.3,63.0,51.7,53.1,7.5,6.45,6,3,0,3,46.2,35.2,60.1,10.4,59.0,39.8,0.25,0.27
STU_02609,below_avg,5,0.0,0.0,0.0,0.0,55.4,42.3,45.0,35.0,34.0,6.49,4,4,0,4,17.3,2.0,30.4,12.1,29.0,5.5,0.5,0.0
STU_02610,struggling,4,0.0,0.0,0.0,0.0,34.4,37.7,0.0,41.8,17.4,5.07,7,7,0,7,7.1,2.0,29.9,9.7,19.9,2.0,0.38,0.0
STU_02611,average,6,0.72,1.38,0.0,1.38,73.2,31.0,66.2,45.3,44.2,6.28,4,2,0,3,42.9,35.0,53.6,7.2,44.5,37.9,0.62,5.5
STU_02612,topper,5,10.0,10.0,10.0,0.0,91.5,99.7,65.7,61.1,61.9,7.09,4,0,4,0,94.1,85.5,100.0,6.2,100.0,88.2,0.5,10.0
STU_02613,above_avg,5,5.39,5.33,6.36,-1.03,74.5,63.3,41.5,37.5,4.6,5.61,4,0,0,2,55.3,43.2,68.8,11.4,56.0,54.7,0.5,6.12
STU_02614,above_avg,5,5.24,5.78,5.14,0.64,72.0,67.8,68.3,74.6,15.8,6.2,4,0,0,1,54.1,46.4,62.5,6.1,56.5,51.7,0.5,8.5
STU_02615,above_avg,5,5.02,4.0,5.41,-1.41,79.3,66.3,67.3,49.2,44.4,6.25,4,1,1,2,53.6,29.8,75.3,17.2,69.1,38.0,0.5,8.25
STU_02616,strong,4,4.91,6.59,3.68,2.91,84.8,64.0,75.2,47.6,49.3,6.08,7,0,1,0,63.5,50.7,80.3,8.5,72.1,60.0,0.38,8.67
STU_02617,failing,6,0.25,0.0,0.0,0.0,25.7,5.8,0.0,28.6,8.3,5.65,4,4,0,4,10.8,2.0,25.7,8.9,13.7,2.0,0.62,0.0
STU_02618,below_avg,3,2.54,0.84,3.42,-2.58,49.0,38.2,26.9,43.3,13.6,7.22,6,5,0,6,28.5,9.6,41.4,10.1,28.4,28.5,0.25,0.0
STU_02619,average,3,2.05,1.89,2.74,-0.85,76.6,45.6,39.9,56.6,31.4,6.29,6,3,0,6,34.6,16.8,41.8,9.1,35.0,34.4,0.25,1.32
STU_02620,above_avg,4,6.78,6.5,6.26,0.24,90.3,77.2,60.7,56.2,53.9,5.75,7,0,2,2,58.8,45.9,80.5,12.0,63.2,57.1,0.38,4.33
STU_02621,below_avg,3,0.51,1.05,0.26,0.79,45.6,49.5,38.9,36.5,0.0,6.15,6,4,0,6,30.2,9.0,43.6,11.8,33.0,28.9,0.25,0.64
STU_02622,struggling,3,0.28,0.0,0.0,0.0,34.2,4.3,43.0,23.8,25.7,5.59,6,6,0,6,7.6,2.0,16.4,6.1,9.2,6.8,0.25,0.0
STU_02623,average,3,1.95,4.37,0.53,3.84,80.2,71.0,67.2,56.3,32.3,5.48,6,1,0,4,49.9,38.2,61.9,7.7,55.6,47.0,0.25,6.73
STU_02624,strong,3,6.43,6.79,5.53,1.26,81.7,73.4,83.7,57.1,58.4,6.99,6,0,0,0,63.0,55.8,68.2,4.1,64.2,62.4,0.25,7.64
STU_02625,struggling,3,0.0,0.42,0.32,0.1,31.7,47.7,24.6,19.8,17.7,6.35,6,5,0,6,19.4,2.0,41.0,14.3,38.0,10.2,0.25,0.0
STU_02626,above_avg,5,0.81,1.22,1.32,-0.1,81.1,66.9,47.8,59.0,26.2,6.8,4,2,0,3,44.3,35.6,57.4,8.7,52.1,36.4,0.5,5.62
STU_02627,above_avg,4,5.28,7.09,4.0,3.09,74.8,81.1,59.1,50.6,10.3,8.36,7,0,3,0,65.2,50.6,84.7,12.6,70.0,63.2,0.38,7.89
STU_02628,below_avg,5,0.29,0.56,0.0,0.56,64.4,34.1,45.2,27.0,0.0,5.81,4,3,0,4,30.8,19.6,45.0,9.7,34.8,26.7,0.5,1.12
STU_02629,struggling,5,0.04,0.0,0.27,-0.27,37.3,37.1,36.8,29.0,4.1,5.24,4,4,0,4,11.1,2.0,30.2,11.3,19.4,2.8,0.5,1.0
STU_02630,average,3,1.2,0.79,0.32,0.47,74.3,54.8,39.7,33.3,52.6,5.97,6,4,0,6,28.9,2.0,49.5,17.8,48.9,18.9,0.25,1.86
STU_02631,above_avg,3,4.82,5.37,4.68,0.69,87.9,64.9,65.2,83.6,54.9,5.79,6,1,0,3,49.9,38.1,63.1,7.8,50.6,49.5,0.25,8.95
STU_02632,average,5,2.73,4.89,0.45,4.44,73.2,57.7,51.5,39.4,0.8,6.12,4,0,0,3,49.0,43.7,62.1,7.6,53.6,44.4,0.5,3.75
STU_02633,struggling,4,0.2,0.0,0.0,0.0,44.6,23.9,30.5,19.6,17.6,5.89,7,7,0,7,13.7,2.0,29.7,7.9,20.6,10.9,0.38,0.0
STU_02634,strong,3,7.78,6.47,8.74,-2.27,88.8,61.8,60.2,77.6,23.8,6.62,6,0,1,0,63.1,51.5,79.3,8.7,71.8,58.8,0.25,6.91
STU_02635,topper,5,9.04,10.0,7.82,2.18,83.4,83.9,97.9,83.3,31.3,4.94,4,0,4,0,88.9,86.2,90.5,1.8,88.3,89.5,0.5,10.0
STU_02636,average,7,0.5,0.67,0.5,0.17,75.8,43.0,60.2,63.4,40.7,5.19,3,2,0,3,31.1,25.8,40.1,6.4,33.0,27.5,0.75,2.0
STU_02637,strong,3,7.5,8.68,6.16,2.52,84.8,100.0,86.1,75.7,41.4,6.3,6,0,5,0,77.7,57.1,100.0,12.5,87.6,72.8,0.25,10.0
STU_02638,topper,7,8.59,8.67,8.75,-0.08,90.2,86.4,74.9,52.3,21.0,7.27,3,0,3,0,81.8,70.2,95.0,10.2,87.5,70.2,0.75,10.0
STU_02639,failing,4,0.01,0.0,0.0,0.0,18.2,25.3,22.0,10.7,0.0,5.94,7,7,0,7,6.9,2.0,21.3,6.7,11.7,5.0,0.38,0.0
STU_02640,strong,4,8.38,7.64,8.58,-0.94,83.5,87.5,78.7,70.3,84.7,6.31,7,0,4,0,71.3,61.0,84.3,8.0,82.5,66.9,0.38,7.56
STU_02641,strong,3,7.04,6.58,8.05,-1.47,94.0,86.2,61.3,73.1,26.9,5.77,6,0,2,0,63.7,51.4,78.5,9.7,75.2,58.0,0.25,6.32
STU_02642,above_avg,7,5.0,6.5,3.0,3.5,88.7,80.3,68.4,64.7,75.4,7.79,3,0,1,0,64.9,58.8,72.1,5.5,67.9,58.8,0.75,7.33
STU_02643,above_avg,4,6.01,6.05,6.68,-0.63,88.8,77.6,64.2,67.1,8.8,5.66,7,0,2,3,59.7,43.5,83.6,13.2,71.8,54.9,0.38,8.0
STU_02644,below_avg,6,0.51,1.25,0.0,1.25,66.9,39.3,37.9,64.8,0.0,7.12,4,3,0,4,28.6,8.7,48.4,15.5,31.7,19.6,0.62,2.17
STU_02645,average,4,0.86,0.23,1.68,-1.45,64.8,40.6,31.8,32.1,25.8,5.71,7,6,0,7,25.7,13.3,46.7,11.1,36.0,21.6,0.38,0.67
STU_02646,below_avg,4,0.27,0.0,0.42,-0.42,50.9,21.8,30.8,50.3,12.4,6.74,7,7,0,7,19.9,2.0,29.2,9.7,28.1,16.6,0.38,0.0
STU_02647,strong,4,7.9,8.18,7.79,0.39,88.2,78.9,78.2,57.7,55.0,5.5,7,0,6,0,73.7,68.2,78.3,2.9,73.2,73.8,0.38,7.11
STU_02648,average,4,1.8,1.55,2.42,-0.87,60.6,44.3,46.2,64.4,60.9,6.2,7,4,0,5,36.0,12.9,53.4,13.3,46.8,31.7,0.38,0.0
STU_02649,average,7,2.47,4.17,1.5,2.67,73.6,39.8,45.5,43.1,25.5,5.56,3,1,0,3,36.5,19.0,45.6,12.4,32.3,45.0,0.75,1.17
STU_02650,strong,3,5.76,5.47,5.79,-0.32,76.4,76.8,69.1,48.1,27.0,7.52,6,1,2,2,63.8,39.2,89.7,16.4,80.2,55.6,0.25,8.18
STU_02651,average,5,0.85,0.56,0.41,0.15,83.5,40.4,61.6,52.0,27.6,5.9,4,3,0,4,35.1,24.9,46.1,8.1,35.5,34.6,0.5,5.62
STU_02652,strong,4,7.61,7.41,7.32,0.09,91.5,84.8,95.5,59.6,31.1,5.99,7,0,3,0,71.7,65.2,82.6,6.0,79.5,68.5,0.38,8.33
STU_02653,topper,5,8.61,10.0,7.45,2.55,94.0,100.0,71.9,60.2,42.7,7.15,4,0,4,0,90.5,83.1,98.5,5.9,96.0,84.9,0.5,10.0
STU_02654,topper,3,8.41,8.95,8.32,0.63,96.8,95.8,64.4,61.7,37.9,6.87,6,0,5,0,80.7,69.6,91.3,6.9,87.5,77.3,0.25,9.09
STU_02655,struggling,4,0.35,0.0,0.0,0.0,43.6,18.0,13.2,22.3,12.8,7.87,7,7,0,7,8.2,2.0,17.0,6.5,10.5,7.3,0.38,0.67
STU_02656,above_avg,5,2.93,3.22,2.86,0.36,88.6,40.6,78.7,24.7,15.3,7.14,4,1,0,2,48.2,32.6,57.5,10.1,51.7,44.8,0.5,7.5
STU_02657,struggling,5,0.29,0.0,0.0,0.0,36.8,2.0,17.1,42.2,15.9,6.19,4,4,0,4,4.7,2.0,12.6,4.6,7.3,2.0,0.5,0.0
STU_02658,strong,3,8.36,8.11,8.53,-0.42,81.7,93.2,51.0,56.2,21.9,7.22,6,0,5,0,74.4,56.7,85.4,9.5,84.6,69.3,0.25,7.59
STU_02659,struggling,5,0.25,0.0,0.0,0.0,43.5,13.9,19.0,34.0,27.6,6.76,4,4,0,4,8.5,2.0,18.7,7.0,10.3,6.6,0.5,0.0
STU_02660,strong,3,7.85,8.42,6.89,1.53,87.6,64.4,74.6,81.2,20.4,6.84,6,0,4,0,74.6,62.8,81.6,6.9,72.2,75.9,0.25,10.0
STU_02661,below_avg,4,0.33,0.18,0.0,0.18,57.2,41.4,29.9,40.6,53.2,7.02,7,6,0,7,22.4,2.0,43.8,12.5,33.1,18.2,0.38,2.78
STU_02662,average,3,5.43,4.47,5.58,-1.11,63.7,42.4,50.3,66.0,64.9,6.44,6,1,0,3,48.9,37.2,55.7,5.9,50.5,48.1,0.25,4.68
STU_02663,above_avg,4,5.03,4.55,5.11,-0.56,85.1,70.2,64.6,52.6,29.2,6.06,7,1,0,2,49.9,28.1,59.1,10.2,56.0,47.4,0.38,7.0
STU_02664,strong,3,7.24,7.47,6.89,0.58,94.4,100.0,50.9,90.1,16.8,5.78,6,0,3,0,70.2,61.2,82.2,6.5,77.2,66.8,0.25,7.32
STU_02665,above_avg,4,3.81,4.45,2.47,1.98,72.2,67.9,54.7,51.9,54.6,5.17,7,1,0,3,50.6,36.6,63.3,9.1,61.8,46.1,0.38,5.22
STU_02666,strong,3,8.48,7.79,8.53,-0.74,92.9,80.9,70.7,78.9,39.4,6.77,6,0,4,0,72.4,61.8,84.5,7.2,81.2,68.0,0.25,7.73
STU_02667,below_avg,5,0.25,0.89,0.27,0.62,51.9,44.7,49.7,15.3,5.9,7.01,4,2,0,4,26.1,2.0,40.0,15.6,40.0,12.3,0.5,2.0
STU_02668,below_avg,4,1.42,0.23,2.42,-2.19,58.2,29.5,45.7,54.1,0.0,5.97,7,6,0,7,21.5,2.0,48.3,15.9,30.3,18.0,0.38,0.56
STU_02669,below_avg,4,1.85,1.64,2.32,-0.68,65.8,24.1,50.2,66.1,10.5,5.14,7,5,0,7,31.6,14.6,45.4,11.1,31.6,31.5,0.38,0.0
STU_02670,strong,4,5.08,4.05,5.63,-1.58,84.5,77.4,46.9,82.6,59.2,5.4,7,2,0,2,53.4,35.8,67.7,11.3,58.6,51.4,0.38,7.11
STU_02671,strong,7,8.89,8.0,10.0,-2.0,83.5,89.5,77.6,58.8,23.9,5.53,3,0,2,0,77.5,60.2,91.0,12.9,86.2,60.2,0.75,9.83
STU_02672,strong,3,5.92,7.16,4.53,2.63,90.4,75.4,68.1,57.0,31.2,5.12,6,0,2,0,69.9,54.5,98.6,14.2,81.4,64.1,0.25,7.95
STU_02673,average,4,3.59,4.68,2.32,2.36,73.6,84.2,60.1,71.7,14.3,5.24,7,1,1,3,53.9,31.3,72.4,13.6,69.8,47.6,0.38,6.11
STU_02674,average,7,4.38,5.0,4.62,0.38,69.6,53.2,51.9,32.9,53.6,8.1,3,0,0,2,46.4,42.6,51.4,3.7,47.0,45.3,0.75,2.17
STU_02675,above_avg,7,5.41,4.83,7.25,-2.42,72.4,54.3,72.0,84.9,71.9,6.23,3,0,0,1,54.0,40.5,63.6,9.8,60.8,40.5,0.75,5.5
STU_02676,average,4,2.84,1.64,4.0,-2.36,84.3,51.5,53.7,47.8,49.3,5.7,7,5,0,7,34.4,18.8,45.1,8.0,38.1,32.9,0.38,1.78
STU_02677,average,3,4.51,4.26,4.74,-0.48,70.3,54.3,73.6,54.8,15.0,6.49,6,1,0,4,44.0,26.4,51.4,8.4,44.5,43.7,0.25,3.82
STU_02678,average,6,2.89,1.25,5.33,-4.08,80.7,43.2,75.0,64.2,31.5,7.26,4,3,0,4,40.4,35.6,49.4,5.4,41.9,35.6,0.62,1.83
STU_02679,below_avg,3,0.31,0.0,0.32,-0.32,58.2,43.1,34.6,11.2,31.7,5.29,6,6,0,6,22.4,4.0,36.6,11.0,29.2,19.0,0.25,0.0
STU_02680,improving,4,2.52,3.95,0.63,3.32,85.2,58.1,58.9,100.0,40.5,6.74,7,1,0,5,46.7,30.2,58.0,8.4,53.5,43.9,0.38,7.67
STU_02681,average,5,3.6,4.44,2.27,2.17,67.4,50.9,50.1,52.8,29.8,6.48,4,0,0,4,44.5,41.6,46.1,1.8,45.2,43.9,0.5,4.5
STU_02682,average,3,1.56,2.21,0.79,1.42,72.3,39.0,63.8,54.0,15.5,6.33,6,3,0,5,39.0,25.6,51.3,9.0,45.5,35.8,0.25,1.41
STU_02683,failing,4,0.0,0.0,0.0,0.0,39.1,31.5,7.7,15.4,39.4,6.59,7,7,0,7,2.8,2.0,7.3,1.9,4.7,2.0,0.38,0.0
STU_02684,below_avg,4,0.61,1.09,0.0,1.09,60.2,17.5,44.8,34.0,12.0,5.59,7,6,0,6,21.4,2.0,52.3,14.8,18.9,22.5,0.38,0.0
STU_02685,strong,5,7.46,7.33,7.95,-0.62,89.7,82.8,62.6,60.1,12.3,6.06,4,0,2,0,68.9,57.3,79.6,8.1,69.5,68.4,0.5,8.12
STU_02686,topper,6,9.64,9.5,9.67,-0.17,95.4,96.7,100.0,70.0,37.4,7.12,4,0,4,0,89.9,79.0,96.7,7.1,93.5,79.0,0.62,10.0
STU_02687,average,5,4.14,2.56,6.73,-4.17,68.1,55.3,59.7,35.3,32.1,7.62,4,2,0,3,43.9,32.1,69.1,14.9,50.6,37.2,0.5,2.25
STU_02688,average,6,3.03,3.0,3.0,0.0,70.9,66.3,61.0,69.1,13.9,7.12,4,1,1,2,48.1,15.8,74.5,21.0,58.9,15.8,0.62,2.33
STU_02689,average,6,2.75,4.25,1.33,2.92,79.7,31.8,77.2,48.6,42.9,5.09,4,1,0,2,44.5,35.0,50.1,6.2,42.6,50.0,0.62,4.67
STU_02690,failing,6,0.0,0.0,0.0,0.0,41.6,39.5,26.3,50.1,25.4,5.25,4,4,0,4,12.5,2.0,25.2,10.6,16.0,2.0,0.62,0.0
STU_02691,strong,4,7.59,7.09,7.58,-0.49,94.6,73.4,77.8,56.7,57.4,5.79,7,0,3,0,65.6,50.7,76.7,8.7,72.9,62.7,0.38,7.0
STU_02692,strong,4,6.53,6.77,7.47,-0.7,94.0,52.1,57.3,80.9,49.2,6.01,7,0,2,0,64.2,56.3,75.2,6.5,73.0,60.7,0.38,7.0
STU_02693,inconsistent,6,6.96,7.5,6.44,1.06,50.2,65.2,60.5,49.3,23.9,5.83,4,0,2,0,65.8,57.7,71.6,6.0,63.9,71.5,0.62,5.67
STU_02694,below_avg,5,0.0,0.0,0.23,-0.23,65.8,27.0,25.4,11.0,14.4,6.92,4,4,0,4,14.0,9.1,18.0,3.8,17.7,10.3,0.5,2.0
STU_02695,below_avg,3,0.08,0.42,0.0,0.42,66.3,53.5,34.9,21.4,19.0,5.34,6,5,0,6,20.3,3.9,41.8,11.8,33.6,13.6,0.25,0.0
STU_02696,average,3,0.95,1.26,1.74,-0.48,62.5,22.4,39.7,48.2,45.1,6.88,6,4,0,6,34.3,18.9,40.8,7.3,38.1,32.4,0.25,1.91
STU_02697,topper,5,7.5,8.44,6.73,1.71,89.2,100.0,83.2,67.5,18.4,6.8,4,0,4,0,81.2,70.6,91.1,9.3,90.4,71.9,0.5,10.0
STU_02698,below_avg,3,1.16,1.68,0.53,1.15,76.6,51.8,57.2,58.4,17.8,6.02,6,3,0,5,29.1,8.1,52.2,17.3,48.5,19.4,0.25,2.0
STU_02699,struggling,3,0.83,0.0,1.05,-1.05,47.6,19.0,16.2,27.1,13.8,6.11,6,6,0,6,10.2,2.0,31.8,10.6,22.4,4.0,0.25,0.0
STU_02700,above_avg,5,5.92,5.44,6.86,-1.42,77.8,53.8,70.9,39.9,64.4,5.97,4,0,1,1,58.1,40.1,70.5,11.5,67.9,48.2,0.5,6.5
STU_02701,above_avg,4,5.42,3.77,7.53,-3.76,81.9,62.9,52.6,41.2,22.9,4.38,7,2,0,3,47.5,30.8,56.1,8.5,53.0,45.3,0.38,1.56
STU_02702,above_avg,5,6.62,5.78,6.91,-1.13,75.9,70.9,58.8,75.5,87.4,6.47,4,0,0,1,59.3,49.7,69.1,9.1,68.3,50.2,0.5,7.75
STU_02703,average,3,0.89,1.68,0.74,0.94,76.1,34.0,68.0,51.9,43.6,7.05,6,3,0,5,37.2,25.8,50.4,8.4,46.5,32.6,0.25,2.14
STU_02704,improving,5,3.37,5.56,0.23,5.33,83.1,77.3,53.4,69.0,51.6,6.3,4,0,0,1,53.2,45.7,58.1,5.1,54.7,51.7,0.5,5.88
STU_02705,average,5,1.51,2.0,0.91,1.09,60.8,37.4,45.5,30.8,18.2,7.31,4,2,0,3,31.2,15.1,52.6,16.3,34.1,28.4,0.5,1.5
STU_02706,average,3,1.14,1.58,0.32,1.26,72.2,42.8,56.8,62.5,22.5,4.35,6,3,0,5,38.5,18.2,51.8,10.2,48.0,33.8,0.25,6.05
STU_02707,average,4,2.87,3.77,2.11,1.66,62.3,62.2,70.0,62.8,9.8,5.61,7,2,0,3,46.6,22.9,68.7,16.4,56.6,42.7,0.38,6.44
STU_02708,above_avg,7,6.3,5.0,6.5,-1.5,85.4,88.5,78.5,52.6,15.1,5.53,3,0,0,1,59.3,43.1,68.2,11.5,67.5,43.1,0.75,2.0
STU_02709,strong,6,6.19,7.5,5.78,1.72,90.4,69.6,54.8,78.2,40.1,6.79,4,0,2,0,75.9,59.7,97.3,13.9,81.3,59.7,0.62,9.83
STU_02710,below_avg,5,0.47,0.0,1.09,-1.09,60.2,25.3,25.4,33.5,32.7,7.24,4,4,0,4,19.5,2.0,34.7,12.3,30.5,8.6,0.5,0.0
STU_02711,struggling,5,0.0,0.0,0.0,0.0,48.9,18.3,13.5,28.7,0.0,7.13,4,4,0,4,11.4,2.0,30.4,11.3,20.0,2.9,0.5,0.75
STU_02712,average,7,1.98,2.33,0.88,1.45,78.0,67.2,57.8,84.5,34.7,7.34,3,1,1,2,54.8,39.3,79.3,17.5,62.5,39.3,0.75,6.17
STU_02713,below_avg,3,0.07,1.26,0.0,1.26,71.6,24.5,23.9,46.4,25.5,6.9,6,4,0,6,30.2,8.3,45.0,12.6,32.0,29.2,0.25,0.27
STU_02714,average,4,1.25,1.18,1.42,-0.24,65.6,53.2,46.1,96.8,44.8,7.04,7,4,0,6,35.8,27.1,50.1,7.9,45.9,31.8,0.38,3.89
STU_02715,average,4,4.07,2.45,5.32,-2.87,71.7,58.4,46.7,64.3,12.3,6.78,7,3,0,5,39.4,12.6,53.5,13.2,46.6,36.5,0.38,1.22
STU_02716,struggling,3,0.11,0.0,0.32,-0.32,38.0,39.3,31.7,47.2,26.1,7.07,6,6,0,6,15.9,2.0,30.9,11.1,24.0,11.9,0.25,0.0
STU_02717,strong,4,7.67,7.14,8.11,-0.97,78.9,54.6,58.3,79.8,21.8,5.47,7,0,1,0,64.1,56.2,76.8,6.4,62.3,64.8,0.38,7.67
STU_02718,struggling,5,0.28,1.22,0.0,1.22,48.2,60.9,30.1,43.8,40.4,7.06,4,2,0,3,38.1,24.1,63.6,16.2,52.0,24.1,0.5,0.0
STU_02719,above_avg,6,2.44,3.0,1.44,1.56,82.5,50.6,54.9,52.7,24.0,4.84,4,1,0,2,47.6,26.9,65.7,14.2,54.5,26.9,0.62,7.33
STU_02720,average,5,6.2,5.22,6.95,-1.73,66.9,77.8,41.2,66.6,18.6,6.55,4,0,0,2,50.6,41.2,68.7,11.0,55.4,45.7,0.5,3.0
STU_02721,strong,3,7.85,6.89,8.42,-1.53,91.6,76.8,55.2,53.2,30.4,5.7,6,0,2,0,65.7,57.8,79.6,8.5,77.4,59.8,0.25,6.68
STU_02722,strong,6,7.91,8.12,7.11,1.01,90.5,77.0,74.8,53.6,0.0,5.55,4,0,3,0,75.9,63.5,84.8,7.8,80.1,63.5,0.62,9.33
STU_02723,average,4,1.03,0.91,1.26,-0.35,66.3,19.4,52.0,33.8,18.0,6.06,7,6,0,7,27.1,3.4,46.6,12.5,27.4,26.9,0.38,0.89
STU_02724,struggling,4,1.75,1.45,0.63,0.82,56.4,1.8,40.8,44.1,0.0,6.42,7,5,0,7,15.0,2.0,44.7,17.9,2.0,20.2,0.38,0.0
STU_02725,above_avg,7,6.45,6.67,6.5,0.17,72.2,67.7,70.9,70.3,49.5,6.79,3,0,1,0,64.4,52.5,78.2,10.6,70.3,52.5,0.75,9.17
STU_02726,below_avg,3,2.32,2.21,3.16,-0.95,52.2,57.5,44.7,47.0,36.4,6.36,6,3,0,4,35.6,12.1,65.4,19.4,53.8,26.5,0.25,0.73
STU_02727,struggling,4,0.04,0.73,0.0,0.73,61.4,30.0,29.1,40.5,14.5,6.17,7,6,0,7,19.2,2.0,44.4,14.9,13.1,21.7,0.38,2.44
STU_02728,average,5,1.76,3.33,0.23,3.1,60.7,70.7,51.4,64.7,21.0,4.62,4,1,0,2,52.9,35.3,66.9,14.1,66.8,39.0,0.5,5.38
STU_02729,average,4,3.51,0.55,5.42,-4.87,68.0,53.6,32.2,46.5,32.0,6.72,7,5,0,6,36.7,19.9,64.4,13.5,55.8,29.1,0.38,1.11
STU_02730,strong,5,8.44,9.0,7.27,1.73,86.4,91.6,82.1,67.2,66.6,6.38,4,0,4,0,83.7,70.6,100.0,10.8,89.5,78.0,0.5,9.75
STU_02731,topper,4,10.0,10.0,10.0,0.0,98.9,93.7,76.0,55.7,66.2,6.6,7,0,7,0,92.0,84.2,98.8,4.9,86.3,94.2,0.38,10.0
STU_02732,struggling,3,0.46,0.21,0.0,0.21,51.6,44.9,18.2,44.4,18.5,7.52,6,5,0,6,15.0,2.0,43.5,15.1,32.5,6.2,0.25,0.0
STU_02733,below_avg,4,0.0,0.0,0.0,0.0,65.4,10.0,41.4,60.0,34.9,6.14,7,7,0,7,22.2,8.7,32.5,7.4,17.2,24.2,0.38,0.0
STU_02734,average,7,2.02,1.17,3.12,-1.95,73.3,42.6,59.9,50.5,30.6,6.1,3,2,0,2,39.5,20.0,61.7,17.1,40.9,36.7,0.75,0.0
STU_02735,above_avg,5,6.11,5.78,6.05,-0.27,89.4,75.1,70.1,76.7,46.4,5.41,4,0,0,1,57.5,47.1,69.0,8.3,65.0,49.9,0.5,7.5
STU_02736,topper,5,9.62,10.0,9.45,0.55,94.5,100.0,79.3,65.7,46.3,5.85,4,0,4,0,93.2,84.3,100.0,6.6,99.5,86.8,0.5,10.0
STU_02737,strong,5,7.28,7.0,7.27,-0.27,94.3,87.4,52.2,62.9,37.2,5.82,4,0,2,0,69.5,54.3,86.7,12.2,80.5,58.5,0.5,6.5
STU_02738,struggling,3,0.38,0.0,0.0,0.0,42.1,23.2,31.8,20.4,2.0,5.54,6,6,0,6,15.9,2.0,28.2,10.1,16.1,15.8,0.25,0.0
STU_02739,above_avg,5,5.02,5.89,4.32,1.57,75.2,77.6,63.4,61.2,39.6,7.18,4,0,0,1,59.3,49.3,67.5,7.3,66.3,52.3,0.5,3.62
STU_02740,below_avg,4,3.17,2.14,4.05,-1.91,67.0,51.2,46.8,50.1,20.4,6.88,7,4,0,6,38.4,21.5,65.6,15.2,46.2,35.3,0.38,0.56
STU_02741,above_avg,6,3.67,2.88,4.33,-1.45,75.6,60.4,50.9,29.0,0.0,6.68,4,1,0,2,51.8,30.3,68.1,14.0,58.9,30.3,0.62,6.83
STU_02742,above_avg,3,5.68,5.42,5.79,-0.37,73.8,65.1,56.0,55.8,55.9,5.81,6,1,1,1,59.6,36.8,84.7,14.6,73.2,52.8,0.25,6.82
STU_02743,below_avg,3,0.26,0.68,0.0,0.68,56.2,54.0,46.3,55.5,0.0,5.63,6,4,0,6,33.5,20.5,45.7,9.3,43.4,28.6,0.25,0.95
STU_02744,average,5,1.9,0.78,2.36,-1.58,67.4,53.8,44.6,25.1,25.7,4.59,4,3,0,3,38.1,25.3,61.1,13.8,43.2,33.0,0.5,5.88
STU_02745,average,6,5.52,6.25,4.22,2.03,69.5,67.1,65.8,54.9,35.3,6.51,4,0,1,0,59.4,51.9,73.3,8.2,61.9,51.9,0.62,4.5
STU_02746,below_avg,4,0.67,1.0,0.21,0.79,53.7,55.6,35.8,26.0,23.7,5.52,7,5,0,6,26.0,2.0,54.5,17.8,41.6,19.7,0.38,0.0
STU_02747,below_avg,5,1.09,2.33,0.18,2.15,65.5,53.2,38.2,30.0,17.4,6.88,4,2,0,4,28.7,2.0,47.0,17.3,36.1,21.3,0.5,1.75
STU_02748,struggling,4,0.0,0.0,0.0,0.0,34.4,17.6,26.4,14.2,22.4,4.91,7,7,0,7,8.4,2.0,19.7,7.6,16.4,5.1,0.38,0.0
STU_02749,above_avg,3,5.05,3.26,6.05,-2.79,89.1,50.7,51.8,28.2,16.1,6.24,6,2,0,3,48.7,32.8,67.0,11.6,55.4,45.4,0.25,1.32
STU_02750,improving,6,0.34,0.75,0.0,0.75,64.8,50.4,48.9,61.3,13.2,7.25,4,3,0,3,39.8,25.6,59.8,12.5,41.4,35.0,0.62,4.83
STU_02751,average,3,0.95,1.47,0.74,0.73,60.7,29.5,42.4,37.2,19.2,6.88,6,4,0,5,32.7,11.6,54.3,14.7,36.8,30.6,0.25,0.91
STU_02752,below_avg,6,0.01,0.0,0.44,-0.44,60.8,40.2,41.1,32.7,0.0,5.96,4,4,0,4,32.1,17.8,37.9,8.3,36.8,17.8,0.62,0.0
STU_02753,strong,4,6.26,6.14,6.26,-0.12,84.3,92.9,54.2,63.1,53.8,5.17,7,0,2,2,63.5,40.8,91.6,16.9,84.7,55.0,0.38,5.89
STU_02754,above_avg,5,3.07,3.22,4.27,-1.05,75.8,77.7,65.6,60.5,50.8,6.64,4,1,2,2,54.4,24.3,79.8,22.4,75.8,33.0,0.5,4.88
STU_02755,strong,4,6.09,7.95,5.21,2.74,84.9,73.3,78.5,62.8,26.4,7.27,7,0,4,0,72.3,58.7,89.4,10.8,79.2,69.6,0.38,10.0
STU_02756,below_avg,5,1.27,1.11,0.27,0.84,64.2,53.3,25.3,48.7,24.4,7.47,4,2,0,3,34.1,11.2,51.5,15.0,46.8,21.5,0.5,1.25
STU_02757,average,4,2.84,3.23,2.63,0.6,59.0,85.3,46.4,47.2,58.7,5.43,7,2,1,4,49.2,29.7,77.9,14.5,67.7,41.9,0.38,3.0
STU_02758,below_avg,4,0.42,0.0,0.0,0.0,44.9,19.3,41.8,56.8,66.2,6.72,7,7,0,7,17.9,13.7,25.2,4.4,21.9,16.3,0.38,0.67
STU_02759,below_avg,7,0.5,0.67,0.75,-0.08,56.2,46.9,30.0,32.0,7.4,6.92,3,2,0,3,33.5,24.1,42.3,7.4,38.1,24.1,0.75,0.0
STU_02760,average,3,2.97,2.37,2.89,-0.52,70.6,60.9,51.2,77.3,44.2,6.78,6,3,1,5,44.9,28.7,80.1,17.1,63.6,35.5,0.25,2.09
STU_02761,average,3,1.92,0.74,2.21,-1.47,75.9,44.2,48.6,69.9,0.0,6.7,6,4,0,6,30.7,13.6,49.2,12.1,46.0,22.9,0.25,0.18
STU_02762,average,4,1.64,2.23,1.68,0.55,71.5,48.6,46.6,26.3,36.7,5.85,7,3,0,6,43.1,28.9,59.8,8.7,45.6,42.1,0.38,5.0
STU_02763,below_avg,4,0.0,0.0,0.0,0.0,58.7,25.3,52.1,27.8,30.5,5.94,7,7,0,7,15.8,2.0,37.1,12.9,29.5,10.4,0.38,0.67
STU_02764,strong,4,7.42,8.55,7.42,1.13,86.2,100.0,99.9,73.5,77.4,7.02,7,0,7,0,77.2,70.0,88.2,6.5,85.8,73.8,0.38,9.67
STU_02765,strong,3,8.38,8.84,7.47,1.37,88.0,80.4,61.5,57.2,32.4,6.3,6,0,5,0,76.1,66.3,82.2,5.9,77.8,75.3,0.25,8.68
STU_02766,strong,7,7.9,9.17,6.88,2.29,95.0,78.9,62.3,76.9,14.9,4.8,3,0,2,0,71.2,60.7,80.9,8.3,66.3,80.9,0.75,9.83
STU_02767,above_avg,3,4.47,3.26,4.95,-1.69,86.8,87.6,85.8,32.2,20.9,6.21,6,2,0,3,48.7,37.0,59.6,8.5,57.1,44.5,0.25,4.45
STU_02768,average,4,3.76,3.23,4.16,-0.93,69.3,63.8,64.0,58.8,50.8,6.76,7,2,1,4,44.2,12.0,75.1,19.9,66.6,35.2,0.38,6.44
STU_02769,above_avg,3,3.97,3.32,4.21,-0.89,90.9,75.5,51.6,31.9,16.8,6.83,6,2,0,3,48.2,28.2,65.1,12.5,62.3,41.1,0.25,2.73
STU_02770,above_avg,4,5.93,5.45,6.68,-1.23,78.7,49.3,80.6,50.1,36.9,6.63,7,0,1,4,53.3,44.6,73.5,9.3,56.5,52.1,0.38,5.11
STU_02771,struggling,3,0.0,0.0,0.0,0.0,52.8,21.0,17.7,22.4,1.7,6.99,6,6,0,6,10.3,2.0,35.8,12.8,18.9,6.0,0.25,0.0
STU_02772,struggling,4,0.19,0.0,0.0,0.0,49.9,25.6,31.7,64.0,18.7,6.38,7,7,0,7,9.5,2.0,39.1,13.2,20.6,5.1,0.38,0.0
STU_02773,struggling,4,0.0,0.0,0.0,0.0,51.2,12.4,28.3,20.4,36.8,6.55,7,7,0,7,10.3,2.0,25.4,8.2,13.7,8.9,0.38,0.0
STU_02774,below_avg,3,0.67,1.26,0.0,1.26,58.2,21.0,41.1,61.5,19.3,5.66,6,5,0,5,35.7,21.7,54.4,10.2,37.1,35.0,0.25,1.27
STU_02775,below_avg,4,0.5,0.27,0.84,-0.57,66.2,45.7,61.8,33.1,33.8,6.51,7,6,0,6,25.7,5.3,51.4,14.7,43.3,18.7,0.38,1.22
STU_02776,above_avg,3,6.31,6.0,6.84,-0.84,82.8,65.7,58.7,58.8,41.8,6.35,6,0,1,1,59.3,44.7,70.4,8.7,69.1,54.4,0.25,6.0
STU_02777,average,3,2.24,0.68,2.95,-2.27,78.6,35.8,43.7,30.3,22.4,7.19,6,4,0,6,35.2,19.4,47.2,9.4,45.8,30.0,0.25,3.05
STU_02778,strong,3,6.39,7.16,5.05,2.11,87.4,48.5,42.3,82.9,29.8,5.11,6,0,1,0,64.5,57.0,77.2,6.6,60.9,66.3,0.25,8.73
STU_02779,average,3,3.84,4.79,1.26,3.53,68.0,45.6,55.3,30.5,60.7,7.21,6,1,1,4,49.1,28.9,71.3,12.4,48.9,49.2,0.25,5.73
STU_02780,average,3,2.16,1.79,3.32,-1.53,71.2,40.8,42.9,58.1,45.9,6.41,6,4,0,5,35.7,19.3,54.3,11.3,40.2,33.5,0.25,1.09
STU_02781,average,3,3.41,3.05,4.0,-0.95,77.8,54.5,47.5,65.2,29.2,5.57,6,3,1,4,46.8,33.3,76.9,14.9,57.2,41.5,0.25,3.73
STU_02782,failing,4,0.34,0.0,0.0,0.0,18.5,9.3,5.2,30.0,30.3,5.76,7,7,0,7,2.1,2.0,2.7,0.2,2.4,2.0,0.38,0.0
STU_02783,below_avg,4,1.49,0.95,2.0,-1.05,52.6,33.9,33.2,29.5,29.7,5.35,7,5,0,7,20.0,2.0,48.3,18.4,40.1,11.9,0.38,0.0
STU_02784,below_avg,3,1.2,0.74,1.11,-0.37,47.8,32.1,29.9,41.9,24.9,6.53,6,5,0,5,28.9,2.0,62.0,18.1,48.5,19.1,0.25,0.18
STU_02785,average,4,1.76,1.23,2.11,-0.88,79.7,57.2,40.4,40.8,64.7,5.59,7,4,0,6,32.4,8.6,63.1,17.5,52.9,24.1,0.38,1.22
STU_02786,below_avg,3,0.12,0.0,0.0,0.0,56.9,36.2,25.2,11.9,10.1,6.31,6,6,0,6,26.0,17.9,35.4,7.3,23.0,27.4,0.25,0.73
STU_02787,above_avg,7,3.89,2.33,6.12,-3.79,82.9,62.6,49.8,53.9,52.0,5.71,3,1,0,1,56.3,39.3,69.1,12.5,64.8,39.3,0.75,7.5
STU_02788,strong,5,7.79,7.33,8.05,-0.72,90.5,89.6,74.9,85.4,40.8,5.17,4,0,2,0,71.8,51.7,86.7,13.4,83.8,59.8,0.5,9.25
STU_02789,above_avg,7,4.42,2.17,6.88,-4.71,79.3,69.5,69.2,40.5,34.1,5.72,3,1,0,1,51.5,29.1,68.7,16.6,62.8,29.1,0.75,4.67
STU_02790,strong,7,6.15,7.33,6.0,1.33,86.6,86.2,49.4,39.6,37.6,6.32,3,0,2,0,69.7,66.4,71.7,2.4,71.4,66.4,0.75,7.83
STU_02791,above_avg,4,6.04,6.05,5.42,0.63,81.1,79.7,85.1,45.7,34.8,5.79,7,0,1,1,59.7,49.2,84.8,11.1,73.5,54.2,0.38,6.44
STU_02792,average,5,1.26,1.33,1.27,0.06,67.1,71.6,33.7,68.8,41.2,5.44,4,2,0,3,42.8,17.7,66.9,17.9,58.0,27.6,0.5,3.0
STU_02793,below_avg,5,1.88,0.44,3.5,-3.06,63.4,27.8,56.6,29.0,0.0,5.87,4,3,0,4,32.4,20.9,42.6,8.5,35.3,29.6,0.5,2.5
STU_02794,struggling,6,0.14,0.0,0.0,0.0,42.4,13.8,20.3,6.6,0.0,5.63,4,4,0,4,6.5,2.0,20.2,7.9,8.1,2.0,0.62,0.0
STU_02795,strong,4,7.97,7.09,8.16,-1.07,89.1,84.0,64.2,53.2,31.7,6.64,7,0,3,1,70.8,46.5,91.6,14.8,89.7,63.2,0.38,8.22
STU_02796,below_avg,7,0.57,0.83,0.0,0.83,45.2,48.8,34.0,43.1,41.6,4.52,3,2,0,3,26.7,8.7,48.7,16.6,28.7,22.6,0.75,0.0
STU_02797,above_avg,4,4.56,6.0,4.32,1.68,79.6,73.1,50.8,76.2,43.6,6.25,7,1,1,2,58.1,37.8,81.0,13.2,56.0,59.0,0.38,7.33
STU_02798,below_avg,4,0.01,0.18,0.53,-0.35,53.1,43.7,49.1,38.0,40.5,5.38,7,6,0,7,24.9,9.5,42.8,12.1,40.8,18.5,0.38,0.0
STU_02799,below_avg,3,2.39,3.32,1.79,1.53,69.2,53.1,19.6,70.2,38.4,6.03,6,2,0,4,39.3,5.7,63.3,19.3,43.5,37.2,0.25,1.0
STU_02800,above_avg,5,5.0,6.44,3.09,3.35,76.3,69.1,41.2,74.7,35.8,6.84,4,0,0,0,59.9,51.5,65.8,5.7,61.8,58.0,0.5,9.88
STU_02801,below_avg,4,2.2,1.36,2.74,-1.38,56.9,55.1,31.3,53.6,54.3,7.03,7,5,0,5,28.9,2.0,54.2,19.2,43.9,22.9,0.38,0.56
STU_02802,above_avg,4,6.75,6.09,7.32,-1.23,83.8,76.0,75.0,66.9,49.3,7.13,7,0,0,2,58.3,45.3,68.2,9.3,65.8,55.3,0.38,3.67
STU_02803,topper,5,9.49,9.11,10.0,-0.89,93.4,80.1,58.0,47.8,59.7,8.03,4,0,4,0,81.4,74.0,87.2,5.0,85.8,77.0,0.5,10.0
STU_02804,average,4,2.84,0.95,3.63,-2.68,74.0,40.7,67.7,34.9,3.1,4.27,7,5,0,7,30.3,15.5,46.5,11.2,40.2,26.3,0.38,0.78
STU_02805,average,3,1.68,1.84,1.47,0.37,76.8,51.0,60.5,36.9,50.9,6.8,6,3,0,6,34.4,15.9,48.8,13.0,47.9,27.7,0.25,4.55
STU_02806,struggling,5,0.0,0.44,0.27,0.17,37.8,22.5,41.5,24.6,43.0,5.0,4,3,0,4,24.5,10.1,44.3,13.7,37.1,11.8,0.5,0.0
STU_02807,above_avg,7,3.72,2.5,4.88,-2.38,71.8,83.2,46.9,56.6,51.4,6.0,3,1,1,1,58.1,38.3,74.7,15.0,68.0,38.3,0.75,1.83
STU_02808,below_avg,3,0.91,0.84,0.53,0.31,64.2,45.9,45.2,76.7,0.0,5.99,6,4,0,5,27.7,3.8,56.7,17.9,49.7,16.8,0.25,2.36
STU_02809,above_avg,7,6.98,6.5,7.38,-0.88,86.5,61.8,39.6,78.5,45.9,4.99,3,0,0,1,56.8,48.9,69.6,9.1,50.4,69.6,0.75,5.0
STU_02810,average,6,4.18,5.62,3.22,2.4,67.3,68.7,51.5,68.3,55.4,5.99,4,1,0,1,51.0,18.8,67.0,19.5,50.7,51.8,0.62,5.33
STU_02811,below_avg,5,1.14,1.0,1.18,-0.18,44.5,42.3,55.4,61.0,0.0,6.41,4,2,0,4,32.6,15.7,45.4,12.8,45.0,20.1,0.5,0.62
STU_02812,strong,6,6.22,6.75,5.78,0.97,83.8,71.6,52.0,83.2,31.9,6.97,4,0,1,0,67.2,58.3,76.2,6.4,70.2,58.3,0.62,7.83
STU_02813,struggling,6,0.21,0.62,0.56,0.06,37.1,3.4,41.0,31.6,16.0,5.96,4,3,0,4,15.3,2.0,45.6,17.7,19.8,2.0,0.62,3.67
STU_02814,below_avg,3,0.47,0.53,0.21,0.32,51.5,41.0,24.6,44.2,45.9,5.27,6,5,0,6,23.6,2.5,45.4,13.2,39.0,15.9,0.25,0.0
STU_02815,above_avg,4,4.11,4.36,4.0,0.36,80.3,51.0,63.7,67.7,3.4,5.75,7,1,0,4,48.1,26.1,60.2,11.0,57.5,44.4,0.38,7.78
STU_02816,average,4,4.54,4.36,4.89,-0.53,77.9,63.9,64.3,48.5,24.1,4.31,7,1,0,3,49.8,36.3,59.7,8.5,56.7,47.1,0.38,1.78
STU_02817,average,5,2.79,0.56,3.64,-3.08,80.8,35.0,62.3,65.3,35.1,6.63,4,3,0,4,29.0,6.5,47.7,15.9,43.6,14.3,0.5,0.62
STU_02818,strong,5,6.48,7.44,6.23,1.21,95.0,49.0,53.4,59.5,40.6,5.87,4,0,2,0,65.5,55.1,72.4,7.2,63.8,67.3,0.5,9.0
STU_02819,average,3,1.46,1.79,1.79,0.0,76.0,59.3,41.1,56.3,25.8,5.54,6,3,0,6,39.9,34.2,45.3,4.2,42.7,38.5,0.25,2.27
STU_02820,average,4,2.85,3.18,2.74,0.44,75.8,58.4,32.0,30.8,26.6,6.32,7,2,0,5,42.3,23.7,59.0,11.6,47.2,40.3,0.38,3.44
STU_02821,strong,4,8.02,7.64,7.42,0.22,78.8,78.5,65.4,88.5,16.0,5.31,7,0,3,0,69.9,53.1,83.3,9.4,68.2,70.6,0.38,7.33
STU_02822,below_avg,4,0.53,1.45,0.37,1.08,53.2,35.1,40.4,29.5,23.0,5.91,7,5,0,7,27.0,16.1,43.6,10.2,21.0,29.5,0.38,1.33
STU_02823,strong,4,7.61,8.27,6.79,1.48,88.3,89.8,70.9,89.7,20.7,6.23,7,0,5,0,74.7,65.3,85.2,6.5,78.1,73.3,0.38,9.44
STU_02824,strong,5,6.41,6.33,7.55,-1.22,84.6,70.7,57.3,49.2,37.3,6.28,4,0,1,0,59.2,50.6,70.7,8.6,67.6,50.9,0.5,8.0
STU_02825,strong,4,8.84,7.95,9.79,-1.84,89.0,91.7,59.5,94.9,38.1,6.16,7,0,6,0,75.1,68.4,93.1,7.8,85.2,71.0,0.38,9.0
STU_02826,average,4,0.97,2.5,0.21,2.29,69.4,64.4,50.2,89.2,46.3,6.16,7,3,0,5,42.9,21.3,59.6,12.8,51.8,39.4,0.38,4.0
STU_02827,strong,6,6.23,6.62,5.89,0.73,94.7,77.6,57.1,57.7,23.7,6.01,4,0,1,0,65.3,52.3,73.2,7.8,69.6,52.3,0.62,7.67
STU_02828,average,5,3.76,2.89,4.91,-2.02,66.2,69.8,52.8,55.9,0.0,5.65,4,2,0,3,44.0,35.9,57.5,8.8,47.0,41.0,0.5,2.25
STU_02829,struggling,4,0.68,1.05,0.63,0.42,40.0,42.0,23.6,31.0,65.6,5.91,7,5,0,6,25.8,2.0,60.1,19.7,49.0,16.6,0.38,0.67
STU_02830,average,3,3.59,3.58,4.05,-0.47,64.7,35.1,53.8,51.3,26.3,4.43,6,2,0,4,44.9,17.6,67.1,16.1,43.6,45.6,0.25,3.82
STU_02831,above_avg,7,5.05,2.5,6.62,-4.12,69.2,62.7,60.9,69.1,0.0,5.16,3,1,1,1,54.6,37.6,76.0,16.0,63.1,37.6,0.75,6.67
STU_02832,topper,5,9.65,10.0,9.09,0.91,94.8,93.6,75.1,72.8,35.2,6.72,4,0,4,0,89.8,84.3,96.1,4.6,94.1,85.4,0.5,10.0
STU_02833,average,6,4.71,2.62,6.22,-3.6,78.3,40.9,55.0,30.6,60.4,5.75,4,2,0,4,38.1,23.0,47.5,9.4,36.1,44.2,0.62,1.5
STU_02834,average,7,1.66,3.33,0.88,2.45,75.8,54.0,46.8,53.0,47.9,5.77,3,2,0,3,39.6,34.9,47.5,5.6,35.7,47.5,0.75,5.67
STU_02835,average,7,4.97,4.83,5.0,-0.17,64.9,56.0,44.9,51.8,54.6,7.11,3,1,0,2,46.2,37.9,53.8,6.5,42.3,53.8,0.75,2.17
STU_02836,above_avg,4,3.18,4.41,1.47,2.94,76.2,64.9,43.9,66.9,55.6,6.8,7,1,1,4,51.1,39.0,79.0,13.5,61.0,47.1,0.38,6.78
STU_02837,topper,7,9.95,10.0,10.0,0.0,91.7,100.0,88.4,100.0,19.1,6.07,3,0,3,0,98.1,96.7,100.0,1.4,98.8,96.7,0.75,10.0
STU_02838,above_avg,3,6.62,6.21,7.05,-0.84,73.1,90.5,63.5,68.7,18.8,6.53,6,0,1,1,59.7,49.3,81.5,10.2,70.2,54.4,0.25,7.59
STU_02839,average,3,3.54,2.16,4.53,-2.37,72.2,65.4,38.3,56.9,71.0,8.03,6,3,0,4,45.5,27.0,66.5,14.9,64.8,35.9,0.25,1.45
STU_02840,strong,7,2.59,2.83,3.0,-0.17,86.8,84.7,83.8,57.9,40.9,6.18,3,1,1,1,64.3,38.6,92.0,21.8,77.2,38.6,0.75,7.17
STU_02841,average,5,0.93,1.11,0.45,0.66,67.9,57.5,55.7,52.8,47.1,6.73,4,2,0,3,34.6,16.8,52.9,13.4,46.5,22.6,0.5,1.5
STU_02842,struggling,3,0.32,0.0,0.0,0.0,38.1,41.5,42.4,37.8,0.0,6.21,6,6,0,6,8.7,2.0,35.3,12.2,22.2,2.0,0.25,0.0
STU_02843,struggling,3,0.0,0.0,0.0,0.0,34.8,16.4,20.0,45.0,0.0,7.24,6,6,0,6,7.8,2.0,31.6,10.8,2.0,10.8,0.25,0.0
STU_02844,topper,4,7.61,7.64,8.0,-0.36,94.0,90.1,86.7,59.9,16.1,7.33,7,0,4,0,72.2,58.9,87.2,9.4,84.1,67.5,0.38,10.0
STU_02845,topper,3,9.34,8.53,8.95,-0.42,90.6,100.0,90.4,58.3,54.3,5.8,6,0,5,0,77.5,69.5,85.7,5.1,83.2,74.7,0.25,7.91
STU_02846,struggling,4,0.82,0.0,0.63,-0.63,37.8,16.8,59.8,48.3,14.6,6.47,7,7,0,7,13.5,2.0,31.9,9.6,15.9,12.5,0.38,0.0
STU_02847,struggling,4,0.02,0.0,0.0,0.0,55.8,5.3,28.0,25.9,28.4,5.47,7,7,0,7,6.1,2.0,14.4,4.4,5.0,6.6,0.38,1.78
STU_02848,average,3,1.36,2.16,0.21,1.95,76.4,78.4,36.4,47.0,32.5,6.62,6,3,0,4,47.0,31.1,65.7,13.9,65.0,38.0,0.25,3.14
STU_02849,struggling,3,0.62,0.0,1.26,-1.26,38.9,24.3,44.7,41.0,22.7,6.54,6,6,0,6,11.6,2.0,38.2,13.9,30.2,2.3,0.25,0.0
STU_02850,below_avg,3,1.18,1.05,0.74,0.31,57.8,28.0,46.4,47.6,0.0,5.8,6,5,0,6,26.8,9.5,47.6,13.4,32.1,24.2,0.25,0.36
STU_02851,average,4,3.06,4.23,1.47,2.76,73.9,74.6,88.7,60.3,56.3,6.43,7,1,1,5,51.0,38.8,73.2,11.8,60.2,47.4,0.38,4.67
STU_02852,improving,5,0.96,1.11,0.5,0.61,81.1,51.4,63.3,49.0,29.6,6.65,4,2,0,3,39.1,27.5,50.1,8.4,46.6,31.6,0.5,6.12
STU_02853,strong,5,7.24,7.44,6.64,0.8,92.6,74.9,51.4,80.8,56.3,7.07,4,0,3,0,69.7,57.4,76.1,7.3,74.8,64.6,0.5,8.0
STU_02854,above_avg,7,7.5,7.17,7.0,0.17,82.3,78.5,47.5,67.4,39.4,5.64,3,0,1,0,66.5,62.1,72.1,4.2,67.1,65.3,0.75,7.5
STU_02855,topper,3,7.81,8.74,7.58,1.16,94.9,100.0,71.9,63.8,46.0,6.58,6,0,5,0,82.2,67.0,92.7,9.5,90.3,78.2,0.25,9.82
STU_02856,below_avg,5,0.45,0.0,0.91,-0.91,42.1,13.7,48.3,41.9,30.5,5.68,4,4,0,4,17.6,5.9,23.8,6.9,14.9,20.2,0.5,0.0
STU_02857,topper,4,9.42,9.09,10.0,-0.91,94.6,95.8,97.3,83.6,71.2,6.78,7,0,6,0,84.2,65.2,94.2,10.3,93.7,80.4,0.38,10.0
STU_02858,above_avg,6,3.36,5.62,1.33,4.29,76.8,61.8,71.7,48.7,64.3,6.5,4,0,0,1,51.4,40.5,60.8,7.3,51.5,51.1,0.62,1.83
STU_02859,average,3,2.92,3.16,2.74,0.42,78.1,67.0,26.4,53.5,57.0,6.04,6,3,0,3,41.5,15.0,56.6,15.2,46.5,39.0,0.25,1.41
STU_02860,average,3,3.92,4.32,3.74,0.58,73.4,84.7,52.1,82.3,42.3,6.63,6,1,0,3,50.3,34.8,59.8,8.2,58.6,46.2,0.25,4.0
STU_02861,struggling,4,0.44,0.0,0.0,0.0,35.3,11.4,23.1,26.9,15.0,4.64,7,7,0,7,6.9,2.0,22.8,7.2,12.4,4.7,0.38,0.0
STU_02862,below_avg,6,1.98,0.75,4.0,-3.25,61.8,52.2,44.9,54.1,18.1,4.48,4,3,0,3,33.3,13.7,54.0,14.4,39.9,13.7,0.62,1.17
STU_02863,below_avg,6,0.5,0.5,1.22,-0.72,63.6,29.7,24.0,36.5,42.2,6.76,4,3,0,4,25.1,7.4,44.0,13.8,31.0,7.4,0.62,0.83
STU_02864,average,4,1.38,0.55,1.79,-1.24,58.2,65.6,42.9,57.5,29.3,6.03,7,5,0,5,28.0,2.0,53.3,17.8,52.8,18.0,0.38,1.33
STU_02865,average,5,1.66,0.67,2.32,-1.65,68.6,62.2,40.7,56.3,34.3,5.74,4,3,0,3,40.5,34.6,50.0,5.8,44.5,36.4,0.5,1.62
STU_02866,strong,7,7.22,7.0,7.38,-0.38,85.4,88.0,75.5,66.5,4.4,6.5,3,0,2,0,71.7,56.5,83.7,11.3,79.3,56.5,0.75,8.67
STU_02867,average,3,0.94,0.63,0.42,0.21,77.5,37.4,24.9,62.0,54.7,5.7,6,5,0,5,28.4,7.4,59.4,16.4,37.1,24.0,0.25,0.41
STU_02868,strong,3,7.93,8.0,7.68,0.32,93.7,89.9,82.7,44.1,42.8,6.27,6,0,4,0,75.1,63.7,94.2,9.9,86.3,69.5,0.25,8.91
STU_02869,struggling,5,0.32,0.0,0.0,0.0,55.0,31.4,32.0,30.6,17.6,4.59,4,4,0,4,7.6,2.0,13.8,5.6,7.9,7.2,0.5,0.5
STU_02870,strong,4,6.75,7.32,5.05,2.27,82.7,70.8,52.4,53.0,77.5,6.25,7,0,2,0,64.7,53.7,80.6,9.2,60.4,66.4,0.38,9.22
STU_02871,average,3,5.56,4.05,6.37,-2.32,81.0,40.8,43.3,61.0,33.7,5.59,6,2,0,3,45.6,33.0,53.0,7.8,40.9,48.0,0.25,2.36
STU_02872,average,4,5.18,3.95,5.95,-2.0,63.5,59.4,48.2,63.8,57.1,5.77,7,2,0,4,47.3,29.6,66.8,11.8,48.2,46.9,0.38,0.78
STU_02873,average,6,3.82,4.88,3.11,1.77,69.9,58.4,48.4,41.2,40.5,5.94,4,1,1,3,52.5,35.8,79.4,16.3,54.3,46.9,0.62,7.5
STU_02874,above_avg,7,5.72,5.83,6.5,-0.67,81.1,51.6,26.0,76.4,61.1,6.84,3,0,0,1,53.8,42.7,68.2,10.7,55.5,50.4,0.75,6.83
STU_02875,above_avg,4,3.13,2.82,4.26,-1.44,70.8,63.0,67.3,63.3,28.7,5.45,7,3,1,4,48.3,29.0,74.5,14.9,64.0,41.9,0.38,1.22
STU_02876,strong,4,8.35,7.5,9.37,-1.87,79.2,67.7,87.6,100.0,40.8,6.27,7,0,4,0,68.9,57.7,75.5,6.2,74.0,66.8,0.38,7.56
STU_02877,above_avg,5,5.73,6.11,5.68,0.43,75.8,67.4,60.7,64.1,76.7,8.27,4,0,1,1,62.9,46.3,89.8,16.2,73.2,52.7,0.5,7.88
STU_02878,strong,5,7.04,6.67,7.27,-0.6,81.7,87.2,64.3,71.3,37.5,6.29,4,0,1,0,64.6,54.7,74.6,7.6,67.7,61.6,0.5,6.38
STU_02879,above_avg,4,3.12,5.36,0.89,4.47,74.4,77.8,57.6,57.1,48.5,5.17,7,1,0,2,57.1,28.2,67.7,13.1,65.5,53.8,0.38,5.56
STU_02880,strong,7,7.37,7.5,8.25,-0.75,90.5,77.9,72.1,54.5,22.8,6.65,3,0,1,0,70.9,61.3,82.9,9.0,72.1,68.6,0.75,7.5
STU_02881,above_avg,7,5.15,2.5,8.0,-5.5,77.5,69.1,58.9,57.5,38.9,6.59,3,1,1,2,56.4,36.2,84.9,20.7,66.5,36.2,0.75,6.0
STU_02882,average,3,2.41,2.95,1.32,1.63,77.8,65.1,43.1,46.9,0.5,7.19,6,2,0,5,43.4,27.6,54.7,9.0,50.2,40.0,0.25,4.0
STU_02883,strong,3,7.08,6.21,7.37,-1.16,90.5,61.7,77.1,67.6,40.8,4.85,6,0,1,1,59.0,46.1,73.0,9.0,68.8,54.2,0.25,7.59
STU_02884,above_avg,4,4.37,3.73,4.47,-0.74,80.6,46.9,62.5,76.7,26.1,6.85,7,1,0,6,45.9,39.6,50.9,3.7,47.8,45.1,0.38,5.89
STU_02885,above_avg,3,6.87,6.89,7.32,-0.43,78.2,58.2,60.9,47.5,3.0,5.77,6,0,0,0,63.2,55.1,68.9,4.9,62.0,63.8,0.25,4.59
STU_02886,above_avg,5,6.96,6.56,6.55,0.01,80.2,72.3,59.1,39.0,0.0,5.58,4,0,1,0,65.1,51.8,81.9,11.2,74.8,55.3,0.5,6.88
STU_02887,struggling,3,0.0,0.0,0.0,0.0,30.6,9.4,13.6,49.9,56.8,6.71,6,6,0,6,7.7,2.0,16.7,6.0,4.7,9.2,0.25,0.0
STU_02888,above_avg,7,5.22,5.0,5.5,-0.5,73.1,65.3,59.9,38.1,48.4,6.28,3,0,0,3,46.9,45.1,49.1,1.6,47.9,45.1,0.75,5.0
STU_02889,failing,3,0.0,0.0,0.0,0.0,35.4,32.7,22.8,36.0,0.0,6.46,6,6,0,6,10.2,2.0,30.3,11.8,26.7,2.0,0.25,0.0
STU_02890,strong,6,9.17,8.12,8.78,-0.66,87.5,97.6,58.1,84.8,32.3,5.32,4,0,3,0,78.8,67.3,93.9,9.7,82.6,67.3,0.62,6.83
STU_02891,above_avg,4,4.27,4.82,3.47,1.35,91.5,70.8,49.9,73.1,40.2,6.0,7,1,1,2,51.9,30.6,71.3,12.3,63.5,47.2,0.38,8.56
STU_02892,topper,3,9.74,9.53,9.37,0.16,95.7,95.3,88.3,72.9,57.8,6.02,6,0,6,0,83.8,70.1,92.9,8.7,83.7,83.9,0.25,9.82
STU_02893,below_avg,7,0.93,0.83,1.0,-0.17,71.5,46.1,55.5,52.0,0.0,6.25,3,2,0,3,31.5,17.7,45.4,11.3,31.5,31.4,0.75,1.5
STU_02894,average,3,4.81,3.47,5.42,-1.95,76.0,61.7,44.9,34.7,47.2,7.48,6,2,0,3,47.5,28.7,61.8,12.2,57.0,42.8,0.25,2.18
STU_02895,average,4,0.42,0.18,0.0,0.18,75.8,40.2,66.7,68.2,39.2,6.45,7,6,0,7,28.1,7.3,43.4,12.3,31.6,26.7,0.38,3.44
STU_02896,above_avg,4,2.94,1.27,5.74,-4.47,69.9,71.0,64.2,83.2,23.5,5.59,7,4,0,5,40.2,25.2,58.7,12.2,57.0,33.4,0.38,1.33
STU_02897,strong,6,8.32,8.88,7.56,1.32,81.6,71.4,59.6,70.8,56.5,5.07,4,0,3,0,76.3,67.9,88.8,7.7,76.7,75.3,0.62,7.83
STU_02898,struggling,4,0.0,0.0,0.0,0.0,35.9,3.0,41.2,27.3,19.9,6.06,7,7,0,7,9.1,2.0,21.9,8.4,16.9,6.0,0.38,0.44
STU_02899,average,5,0.78,1.11,0.0,1.11,61.9,64.7,46.6,50.9,24.6,6.23,4,2,0,4,37.3,22.4,49.3,11.9,49.0,25.7,0.5,3.0
STU_02900,average,6,2.26,3.0,0.67,2.33,63.1,70.8,55.4,47.1,0.0,7.31,4,1,0,2,50.0,27.2,63.0,14.3,57.6,27.2,0.62,6.83
STU_02901,struggling,6,0.29,0.0,0.67,-0.67,32.7,18.5,12.3,29.8,32.8,6.72,4,4,0,4,13.7,10.3,21.8,4.7,14.3,11.7,0.62,0.0
STU_02902,below_avg,3,0.0,0.0,0.0,0.0,56.7,24.6,27.6,29.1,0.0,7.13,6,6,0,6,19.7,2.0,32.8,10.7,30.4,14.4,0.25,0.0
STU_02903,below_avg,4,1.18,1.82,0.37,1.45,60.6,28.1,50.8,46.9,0.0,5.66,7,5,0,6,27.2,2.0,58.4,17.8,22.6,29.1,0.38,1.22
STU_02904,average,4,1.3,0.73,2.0,-1.27,78.1,41.2,65.6,39.5,21.3,7.06,7,6,0,7,26.0,2.0,41.0,12.4,35.3,22.3,0.38,2.33
STU_02905,above_avg,4,3.57,3.23,4.68,-1.45,82.9,59.5,24.5,80.0,29.8,6.59,7,2,0,5,44.2,29.9,56.2,8.3,48.8,42.4,0.38,3.56
STU_02906,strong,7,8.29,8.0,8.38,-0.38,92.0,88.4,82.0,56.6,34.6,5.15,3,0,2,0,79.1,66.6,88.6,9.2,85.3,66.6,0.75,7.17
STU_02907,below_avg,7,0.0,0.0,0.0,0.0,49.4,22.9,41.5,69.6,21.7,6.81,3,3,0,3,22.2,10.0,31.0,8.9,20.5,25.5,0.75,0.0
STU_02908,topper,4,7.69,7.82,7.53,0.29,93.3,98.2,81.5,67.9,28.8,6.46,7,0,4,0,78.4,68.0,100.0,11.4,95.3,71.7,0.38,10.0
STU_02909,strong,3,8.72,8.89,8.79,0.1,87.5,79.9,94.4,49.1,31.0,6.09,6,0,6,0,80.4,71.4,99.2,8.8,89.5,75.8,0.25,9.27
STU_02910,below_avg,3,0.62,0.42,0.42,0.0,65.4,43.0,26.6,72.9,28.1,6.1,6,5,0,6,24.4,8.7,41.8,12.4,28.2,22.5,0.25,0.91
STU_02911,above_avg,4,4.26,4.59,4.74,-0.15,84.7,61.3,63.4,59.2,0.0,6.6,7,0,0,4,48.9,41.8,62.9,7.3,59.2,44.8,0.38,3.0
STU_02912,average,4,2.59,1.73,3.53,-1.8,66.9,58.2,59.3,75.9,3.3,6.21,7,4,0,5,41.2,26.6,60.3,10.5,46.3,39.2,0.38,4.67
STU_02913,struggling,3,0.02,0.0,0.63,-0.63,32.6,23.0,23.5,41.8,27.7,7.39,6,6,0,6,20.2,2.0,37.4,14.2,29.5,15.5,0.25,0.0
STU_02914,above_avg,5,6.54,5.44,6.95,-1.51,86.3,66.8,63.4,57.3,22.4,5.23,4,0,0,2,54.9,45.2,64.0,9.1,64.0,45.8,0.5,5.5
STU_02915,average,6,2.26,2.88,1.11,1.77,81.4,47.1,42.6,39.6,49.2,6.74,4,1,0,2,49.4,35.8,66.8,11.9,53.9,35.8,0.62,2.33
STU_02916,below_avg,4,0.03,0.5,0.42,0.08,65.2,65.9,19.1,42.9,13.7,6.25,7,5,0,6,26.7,2.0,56.0,19.7,52.7,16.2,0.38,1.33
STU_02917,strong,3,7.24,6.58,6.21,0.37,85.7,78.5,57.5,58.1,28.5,6.13,6,0,1,1,62.4,46.8,72.5,9.3,69.2,59.0,0.25,6.27
STU_02918,strong,5,7.31,7.11,7.64,-0.53,88.0,96.2,54.0,66.1,47.0,6.56,4,0,1,0,67.1,61.5,72.9,4.4,71.2,63.0,0.5,7.0
STU_02919,struggling,6,0.22,0.0,0.0,0.0,36.8,4.4,16.4,37.8,31.9,6.64,4,4,0,4,5.8,2.0,17.4,6.7,7.1,2.0,0.62,0.0
STU_02920,below_avg,4,1.39,0.91,1.68,-0.77,54.7,43.2,65.8,39.5,37.0,7.28,7,5,0,7,23.6,2.0,42.1,13.4,31.8,20.3,0.38,0.0
STU_02921,strong,4,7.98,8.45,7.21,1.24,79.8,86.3,82.4,69.9,50.2,5.82,7,0,7,0,75.8,70.7,84.2,4.2,77.5,75.2,0.38,8.33
STU_02922,below_avg,5,0.0,0.0,0.0,0.0,66.3,58.0,35.0,5.7,24.7,6.72,4,4,0,4,25.5,14.6,39.8,9.6,34.0,17.0,0.5,0.0
STU_02923,below_avg,7,0.22,0.0,0.62,-0.62,61.2,30.2,21.6,40.3,0.0,6.91,3,3,0,3,18.0,2.0,36.8,14.3,26.0,2.0,0.75,0.67
STU_02924,average,3,1.07,1.26,1.05,0.21,85.6,33.8,49.1,54.6,23.6,7.04,6,5,0,5,30.4,9.0,50.0,12.2,34.1,28.5,0.25,3.14
STU_02925,above_avg,3,4.11,4.79,3.11,1.68,89.4,86.8,58.1,48.7,50.3,6.76,6,1,0,2,52.4,29.5,66.4,11.7,59.2,48.9,0.25,6.82
STU_02926,strong,3,7.64,7.84,7.53,0.31,93.9,58.8,61.6,83.4,30.2,6.31,6,0,2,1,71.2,49.8,94.9,15.2,72.3,70.6,0.25,8.91
STU_02927,above_avg,4,6.52,7.14,6.42,0.72,76.9,55.8,62.1,63.4,0.5,6.79,7,0,3,0,67.9,52.9,83.4,9.7,74.3,65.4,0.38,6.0
STU_02928,below_avg,3,1.08,1.26,1.47,-0.21,57.2,36.2,52.3,33.2,49.2,5.68,6,5,0,5,28.9,18.5,52.5,11.3,26.1,30.3,0.25,0.23
STU_02929,average,3,4.58,3.05,6.26,-3.21,76.1,30.4,61.3,46.6,33.1,6.83,6,2,0,5,40.3,27.9,52.4,9.1,40.8,40.1,0.25,0.59
STU_02930,topper,4,10.0,9.82,10.0,-0.18,95.8,95.1,71.2,51.8,33.7,6.42,7,0,7,0,92.3,77.7,100.0,7.3,100.0,89.3,0.38,10.0
STU_02931,below_avg,4,1.09,1.45,0.0,1.45,55.1,37.0,36.9,23.1,36.8,6.95,7,5,0,7,28.2,3.3,44.3,13.4,32.4,26.5,0.38,1.0
STU_02932,topper,5,9.42,9.67,10.0,-0.33,99.7,92.1,82.6,65.2,58.0,5.77,4,0,4,0,89.8,76.6,100.0,8.4,95.7,83.9,0.5,10.0
STU_02933,topper,5,8.03,7.89,8.73,-0.84,99.8,89.5,48.4,97.0,22.6,6.41,4,0,3,0,74.5,69.0,82.1,4.8,77.8,71.2,0.5,9.0
STU_02934,above_avg,4,3.56,3.36,4.68,-1.32,85.6,77.1,49.6,64.1,53.5,5.53,7,2,0,4,48.7,26.3,65.9,14.4,65.1,42.2,0.38,4.44
STU_02935,inconsistent,3,5.9,8.74,3.74,5.0,58.8,65.9,71.3,77.3,0.0,5.5,6,0,4,0,81.5,60.0,97.5,14.5,87.4,78.6,0.25,5.91
STU_02936,average,3,1.96,1.32,1.74,-0.42,62.9,48.0,32.7,43.3,23.5,6.49,6,4,0,6,34.4,20.2,47.3,9.9,40.7,31.2,0.25,1.32
STU_02937,average,4,0.66,0.23,1.68,-1.45,72.1,51.1,58.3,46.2,27.7,6.91,7,6,0,7,32.1,26.8,46.6,6.7,41.9,28.2,0.38,2.33
STU_02938,average,5,1.44,0.89,2.05,-1.16,63.6,50.1,40.0,45.1,16.7,6.53,4,3,1,3,38.6,9.5,72.2,22.3,55.2,22.1,0.5,1.75
STU_02939,improving,3,3.43,5.05,0.84,4.21,82.9,91.6,45.9,54.1,12.7,5.84,6,1,0,2,53.5,23.2,69.9,15.3,61.6,49.5,0.25,6.41
STU_02940,average,7,4.48,6.17,3.12,3.05,68.4,65.3,35.0,72.3,54.3,5.0,3,0,0,0,56.7,53.7,60.1,2.6,58.2,53.7,0.75,5.67
STU_02941,average,4,2.07,1.55,2.32,-0.77,72.4,57.9,31.4,45.3,61.0,5.81,7,4,0,5,39.1,15.8,59.6,14.3,49.1,35.1,0.38,2.44
STU_02942,struggling,4,0.0,0.0,0.0,0.0,47.4,40.1,33.1,35.3,22.6,6.71,7,7,0,7,5.5,2.0,26.4,8.5,14.2,2.0,0.38,0.0
STU_02943,struggling,3,0.8,0.0,0.0,0.0,29.8,15.6,0.0,32.6,37.7,6.02,6,6,0,6,14.0,2.0,39.9,14.0,20.9,10.6,0.25,0.0
STU_02944,strong,3,6.9,6.63,7.32,-0.69,88.4,85.1,56.8,78.3,24.7,5.49,6,0,1,0,64.7,54.6,72.5,6.5,70.6,61.8,0.25,6.55
STU_02945,average,7,0.41,0.0,1.12,-1.12,82.2,40.9,41.5,48.7,7.8,5.61,3,3,0,3,32.8,28.9,37.5,3.6,34.7,28.9,0.75,0.67
STU_02946,below_avg,3,0.81,1.05,0.42,0.63,61.1,40.9,29.7,0.0,39.3,5.24,6,4,0,6,30.1,9.7,44.3,12.0,37.7,26.2,0.25,0.0
STU_02947,below_avg,5,1.47,0.67,2.27,-1.6,60.7,37.9,35.4,26.6,61.0,5.88,4,3,0,3,25.4,14.9,52.0,15.4,34.8,16.1,0.5,1.75
STU_02948,above_avg,3,5.24,6.21,4.47,1.74,73.2,74.7,57.6,65.3,24.6,6.14,6,0,1,1,59.7,44.8,82.4,11.9,63.6,57.8,0.25,6.32
STU_02949,average,3,1.24,1.68,0.32,1.36,81.0,47.1,56.2,31.1,25.6,7.01,6,4,0,5,37.9,26.2,55.0,10.4,46.5,33.7,0.25,5.73
STU_02950,above_avg,7,6.76,6.83,7.12,-0.29,91.4,85.9,60.4,74.6,20.5,5.74,3,0,1,0,67.5,50.4,87.9,15.5,76.0,50.4,0.75,2.0
STU_02951,average,3,3.84,3.68,2.68,1.0,71.5,59.1,35.9,39.7,69.2,6.34,6,2,0,4,47.0,34.9,67.7,11.2,51.3,44.8,0.25,0.64
STU_02952,strong,4,6.84,6.36,7.63,-1.27,93.1,72.6,61.0,44.9,55.9,6.76,7,0,2,0,61.1,50.9,71.9,7.6,71.7,56.9,0.38,5.89
STU_02953,struggling,7,0.9,0.0,1.88,-1.88,55.1,1.2,32.0,18.7,13.7,5.8,3,3,0,3,15.4,4.6,36.7,15.0,20.9,4.6,0.75,0.0
STU_02954,struggling,3,0.96,1.58,0.0,1.58,45.1,28.1,23.2,7.7,5.9,6.28,6,4,0,6,22.4,2.0,49.4,19.9,25.7,20.7,0.25,0.27
STU_02955,above_avg,4,5.42,4.59,5.95,-1.36,84.8,61.1,71.1,67.2,0.0,6.8,7,1,0,3,51.1,31.2,69.3,12.0,59.9,47.6,0.38,9.33
STU_02956,average,7,1.37,2.17,0.88,1.29,78.4,81.6,57.9,43.4,5.9,6.91,3,1,1,2,51.1,33.3,71.2,15.6,60.0,33.3,0.75,6.33
STU_02957,strong,4,7.9,7.59,8.47,-0.88,83.9,96.3,69.9,61.2,61.3,6.61,7,0,4,0,72.2,60.5,92.1,10.1,85.5,66.9,0.38,8.44
STU_02958,strong,7,7.07,7.17,7.62,-0.45,86.4,93.1,68.9,70.7,43.2,6.57,3,0,1,0,68.1,57.0,78.8,8.9,67.9,68.6,0.75,6.83
STU_02959,average,5,2.07,2.67,1.82,0.85,88.5,60.0,52.5,36.7,48.3,6.55,4,2,1,3,37.2,11.1,73.3,23.2,48.8,25.7,0.5,2.25
STU_02960,average,5,4.84,3.0,6.27,-3.27,72.4,72.4,37.7,78.3,44.5,6.16,4,1,0,3,42.8,11.6,62.3,18.8,55.3,30.2,0.5,0.0
STU_02961,below_avg,4,0.28,0.0,0.84,-0.84,61.9,33.6,45.7,22.8,38.2,7.1,7,7,0,7,16.5,2.0,38.5,12.1,24.6,13.3,0.38,0.0
STU_02962,below_avg,3,0.05,1.0,0.0,1.0,54.5,57.7,35.7,31.0,18.6,5.77,6,4,0,5,35.5,17.3,67.3,17.9,58.6,23.9,0.25,1.0
STU_02963,strong,4,7.33,8.18,6.89,1.29,91.5,66.3,63.4,59.6,79.9,7.38,7,0,5,0,71.4,61.4,77.8,6.2,69.6,72.2,0.38,8.22
STU_02964,topper,3,9.5,9.79,9.37,0.42,91.9,96.4,90.7,76.7,41.8,5.69,6,0,6,0,91.4,76.8,100.0,9.3,97.6,88.3,0.25,10.0
STU_02965,above_avg,4,5.46,5.77,5.05,0.72,76.3,64.1,36.8,93.0,35.2,7.01,7,1,2,2,61.4,38.7,86.3,14.5,68.0,58.7,0.38,7.0
STU_02966,struggling,4,0.02,0.0,0.74,-0.74,60.0,12.4,48.4,22.5,19.4,7.03,7,7,0,7,12.8,2.0,23.1,8.5,14.2,12.3,0.38,0.89
STU_02967,strong,5,6.63,6.67,6.91,-0.24,97.8,71.4,44.4,76.2,37.2,7.28,4,0,0,0,61.0,51.0,67.5,6.4,63.8,58.3,0.5,7.5
STU_02968,average,3,2.89,3.26,3.05,0.21,79.7,43.3,55.8,40.1,0.0,5.45,6,2,0,3,44.8,19.9,63.5,14.8,54.7,39.8,0.25,3.82
STU_02969,below_avg,4,0.1,0.73,0.0,0.73,70.0,32.8,20.0,3.6,34.3,8.14,7,6,0,7,27.9,15.4,40.3,7.3,25.2,29.0,0.38,0.0
STU_02970,inconsistent,5,1.59,0.44,3.09,-2.65,51.1,38.7,40.7,43.0,55.2,7.06,4,3,0,4,24.5,6.9,42.7,16.3,40.8,8.3,0.5,2.38
STU_02971,average,4,1.22,1.91,0.42,1.49,60.8,48.9,51.4,45.0,28.8,6.89,7,3,0,7,36.1,18.5,48.0,11.1,46.6,31.8,0.38,0.67
STU_02972,below_avg,4,0.0,0.91,0.0,0.91,65.0,49.2,54.5,34.3,41.8,6.32,7,5,0,7,28.8,15.0,44.6,9.8,37.2,25.4,0.38,2.0
STU_02973,strong,4,5.7,5.14,7.11,-1.97,92.4,68.2,76.7,45.1,13.6,5.23,7,1,0,2,55.9,37.5,66.7,9.3,60.5,54.0,0.38,7.0
STU_02974,average,5,4.01,4.44,3.41,1.03,66.1,46.0,41.9,65.2,36.8,5.32,4,1,0,3,41.1,30.2,50.1,7.1,36.4,45.8,0.5,2.88
STU_02975,topper,3,8.28,7.47,8.84,-1.37,93.2,100.0,96.4,80.0,25.0,8.15,6,0,4,0,72.7,53.8,99.9,13.8,85.7,66.2,0.25,7.0
STU_02976,struggling,3,0.03,0.0,0.0,0.0,33.2,18.4,22.7,43.3,59.5,6.07,6,6,0,6,11.9,2.0,25.6,10.1,13.8,10.9,0.25,0.0
STU_02977,struggling,7,0.09,0.0,0.0,0.0,41.0,41.3,51.2,22.1,26.7,7.27,3,3,0,3,13.8,9.9,15.8,2.8,15.8,9.9,0.75,0.0
STU_02978,below_avg,3,1.0,1.05,0.89,0.16,42.5,56.0,44.3,61.3,10.4,4.9,6,4,0,6,28.4,13.7,43.4,11.9,38.4,23.5,0.25,0.0
STU_02979,struggling,5,0.22,0.56,0.23,0.33,43.1,43.0,31.5,24.7,3.9,5.0,4,3,0,4,24.7,12.4,46.3,12.9,33.8,15.6,0.5,0.0
STU_02980,strong,3,7.23,6.05,8.16,-2.11,90.0,81.6,58.2,81.5,19.1,7.22,6,0,1,1,57.6,47.7,70.5,8.4,68.9,51.9,0.25,5.55
STU_02981,above_avg,4,6.36,5.59,7.11,-1.52,80.7,68.0,73.1,77.6,20.5,5.82,7,0,1,3,56.3,42.8,76.5,12.4,64.8,52.9,0.38,4.11
STU_02982,average,4,3.8,4.09,2.84,1.25,74.7,61.4,47.3,53.0,7.1,6.72,7,1,0,5,43.5,23.0,52.6,9.4,45.4,42.7,0.38,3.33
STU_02983,above_avg,7,6.66,6.83,6.12,0.71,65.3,66.4,44.6,73.3,47.1,6.88,3,0,0,0,58.2,50.8,62.0,5.2,56.4,61.7,0.75,7.0
STU_02984,above_avg,3,5.41,5.53,6.16,-0.63,81.4,79.0,70.7,66.9,46.8,5.25,6,0,1,3,57.4,41.4,76.4,11.8,68.0,52.1,0.25,6.05
STU_02985,below_avg,7,0.09,0.0,0.0,0.0,56.7,31.9,25.8,47.6,10.6,6.6,3,3,0,3,22.4,2.2,37.4,14.8,32.5,2.2,0.75,0.83
STU_02986,struggling,5,1.02,0.0,2.18,-2.18,49.7,12.9,27.1,11.5,30.4,6.14,4,4,0,4,14.8,10.5,17.0,2.6,12.7,16.9,0.5,0.5
STU_02987,topper,7,8.22,8.67,8.75,-0.08,95.8,85.4,65.7,72.4,39.3,6.3,3,0,3,0,82.9,71.5,88.8,8.0,88.5,71.5,0.75,10.0
STU_02988,inconsistent,5,6.43,5.0,6.09,-1.09,61.4,56.1,57.7,43.1,49.5,6.23,4,1,1,2,54.0,35.0,70.5,15.6,52.8,55.1,0.5,8.25
STU_02989,failing,7,0.46,0.0,0.75,-0.75,42.8,0.0,26.7,23.7,36.5,5.82,3,3,0,3,6.0,2.0,14.0,5.7,8.0,2.0,0.75,0.0
STU_02990,strong,3,8.76,9.05,8.74,0.31,81.3,89.2,100.0,57.7,66.0,6.2,6,0,5,0,81.6,69.1,93.3,8.7,84.2,80.3,0.25,9.64
STU_02991,above_avg,7,4.88,7.0,2.0,5.0,74.0,65.0,77.2,67.0,48.6,5.97,3,0,1,0,64.7,53.2,74.4,8.7,63.8,66.5,0.75,6.17
STU_02992,topper,3,8.71,8.0,9.37,-1.37,92.8,74.9,46.2,72.8,63.2,5.03,6,0,4,0,73.1,62.5,82.5,6.1,77.9,70.8,0.25,8.73
STU_02993,failing,4,0.0,0.0,0.0,0.0,28.8,0.0,35.5,60.5,18.3,5.77,7,7,0,7,2.1,2.0,2.8,0.3,2.4,2.0,0.38,0.0
STU_02994,improving,4,5.3,5.59,5.68,-0.09,76.5,67.5,63.0,60.3,33.1,5.99,7,1,2,2,59.3,34.0,80.7,14.9,68.5,55.6,0.38,7.22
STU_02995,average,3,0.37,0.21,0.0,0.21,61.3,45.6,43.2,46.7,5.5,7.02,6,5,0,6,28.5,16.3,42.6,10.8,38.6,23.4,0.25,0.95
STU_02996,below_avg,6,0.71,1.5,0.44,1.06,58.7,47.1,35.6,53.3,27.1,7.53,4,2,0,4,28.9,10.3,44.2,14.6,35.2,10.3,0.62,1.67
STU_02997,strong,4,7.61,7.09,8.0,-0.91,85.5,100.0,61.3,77.7,70.8,7.65,7,0,3,1,70.3,49.2,92.0,12.9,86.8,63.7,0.38,8.89
STU_02998,struggling,6,1.28,2.0,0.0,2.0,36.7,20.3,42.9,48.6,27.2,6.33,4,3,0,4,27.5,20.2,41.1,8.4,22.9,41.1,0.62,0.0
STU_02999,below_avg,4,0.19,0.0,0.26,-0.26,58.2,24.1,30.8,41.1,0.0,4.25,7,7,0,7,14.0,2.0,25.9,7.8,3.6,18.1,0.38,0.0
STU_03000,below_avg,5,1.07,0.0,1.45,-1.45,62.9,34.4,27.6,31.1,35.7,5.62,4,4,0,4,24.1,3.4,38.5,13.2,35.1,13.1,0.5,0.0
STU_03001,average,3,2.36,0.79,2.95,-2.16,69.7,50.9,37.7,23.4,28.7,5.91,6,4,0,6,32.1,11.5,49.4,13.0,48.1,24.1,0.25,0.41
STU_03002,below_avg,5,0.49,0.0,0.18,-0.18,63.8,49.0,23.8,42.8,41.5,7.18,4,4,0,4,17.6,2.0,32.0,14.0,31.6,3.6,0.5,0.0
STU_03003,above_avg,5,3.58,2.56,4.59,-2.03,81.0,75.8,52.0,47.9,22.7,6.07,4,1,0,3,43.6,27.3,57.6,11.2,53.5,33.8,0.5,5.88
STU_03004,below_avg,5,1.03,1.22,0.23,0.99,46.3,51.9,29.3,39.1,44.8,6.07,4,2,0,3,31.4,6.8,54.5,20.0,51.0,12.0,0.5,0.5
STU_03005,above_avg,7,8.21,8.5,7.5,1.0,76.9,67.3,64.1,62.7,17.2,4.99,3,0,2,0,71.8,59.6,78.1,8.6,68.7,78.1,0.75,7.5
STU_03006,below_avg,5,1.59,0.0,2.27,-2.27,64.1,46.4,31.3,43.1,38.0,5.92,4,4,0,4,32.5,17.6,39.9,8.8,27.9,37.1,0.5,0.0
STU_03007,below_avg,3,1.49,1.58,1.58,0.0,50.1,64.2,66.5,81.1,44.3,7.15,6,3,0,5,38.0,26.7,55.9,9.8,49.2,32.3,0.25,0.73
STU_03008,average,5,2.81,2.56,2.73,-0.17,70.1,50.4,49.6,39.9,21.0,6.08,4,2,0,3,36.5,10.1,61.0,18.4,46.6,26.2,0.5,3.25
STU_03009,struggling,4,0.0,0.0,0.0,0.0,42.5,35.8,32.6,6.6,14.4,6.28,7,7,0,7,24.9,2.0,39.2,14.9,30.2,22.8,0.38,0.0
STU_03010,strong,4,7.65,7.0,8.32,-1.32,80.6,77.3,64.6,55.5,67.9,5.92,7,0,3,0,65.5,52.5,80.3,9.0,76.9,61.0,0.38,7.33
STU_03011,below_avg,7,0.21,0.0,0.0,0.0,47.4,33.0,56.8,49.7,21.7,5.88,3,3,0,3,27.3,17.3,39.8,9.4,32.3,17.3,0.75,0.0
STU_03012,below_avg,5,2.35,3.0,2.5,0.5,54.0,55.9,56.8,48.6,23.5,5.17,4,2,0,3,36.5,6.9,65.3,21.5,46.8,26.1,0.5,1.5
STU_03013,topper,5,9.84,10.0,9.82,0.18,89.5,100.0,86.6,79.8,70.3,6.13,4,0,4,0,95.3,93.6,98.2,1.8,94.6,96.1,0.5,10.0
STU_03014,average,3,0.7,0.63,1.63,-1.0,63.2,32.0,65.8,66.9,24.0,5.55,6,4,0,6,28.0,12.8,41.3,10.8,40.8,21.6,0.25,2.09
STU_03015,strong,6,6.95,6.5,6.89,-0.39,86.0,83.8,65.3,60.9,12.5,6.76,4,0,1,0,62.4,53.1,73.2,8.4,65.4,53.1,0.62,6.67
STU_03016,average,4,2.14,2.41,3.37,-0.96,74.3,34.0,47.9,71.5,0.0,5.8,7,3,0,6,39.2,21.8,51.7,10.0,45.2,36.8,0.38,1.11
STU_03017,average,5,3.92,5.22,2.36,2.86,67.5,59.6,67.0,53.0,0.0,6.57,4,0,1,2,53.3,41.5,75.8,13.5,58.6,48.0,0.5,6.12
STU_03018,topper,5,9.25,9.33,8.91,0.42,87.9,100.0,75.3,100.0,51.8,5.9,4,0,4,0,83.0,70.4,90.9,8.0,90.0,76.1,0.5,10.0
STU_03019,strong,6,6.8,7.62,6.56,1.06,88.6,79.4,84.3,62.7,63.1,5.93,4,0,3,0,76.5,59.8,91.3,11.2,82.1,59.8,0.62,10.0
STU_03020,above_avg,4,4.99,5.14,4.32,0.82,85.5,54.3,47.9,54.3,32.4,6.2,7,0,0,3,52.3,40.9,69.6,9.6,64.7,47.4,0.38,6.11
STU_03021,strong,3,6.81,7.47,6.89,0.58,89.2,72.8,80.1,78.6,0.0,7.22,6,0,3,0,71.1,54.2,89.5,12.7,87.0,63.2,0.25,7.64
STU_03022,struggling,6,0.57,0.0,0.0,0.0,44.7,30.0,31.3,11.1,38.0,6.85,4,4,0,4,15.4,2.0,27.3,11.7,19.8,2.0,0.62,0.0
STU_03023,average,5,4.36,2.44,5.23,-2.79,79.6,60.4,35.5,45.4,11.7,6.73,4,1,0,4,43.8,38.7,48.7,4.0,47.7,40.0,0.5,0.5
STU_03024,topper,4,9.34,9.82,9.05,0.77,97.2,87.2,95.1,91.6,45.4,5.46,7,0,7,0,87.8,78.6,95.6,6.2,94.6,85.1,0.38,10.0
STU_03025,average,6,3.81,3.88,2.78,1.1,82.1,59.0,38.1,32.0,40.9,6.77,4,1,0,3,47.4,36.3,67.4,11.9,49.4,41.3,0.62,4.67
STU_03026,below_avg,3,0.0,0.0,0.32,-0.32,56.8,32.4,34.0,66.6,17.0,6.19,6,6,0,6,23.9,2.0,36.9,10.9,31.6,20.0,0.25,0.27
STU_03027,average,5,4.32,2.44,6.82,-4.38,79.2,62.7,34.2,37.2,35.5,4.78,4,1,0,4,44.0,39.0,49.5,3.9,47.4,40.6,0.5,3.38
STU_03028,average,3,4.57,5.0,4.32,0.68,74.7,63.3,49.8,52.7,16.5,7.52,6,1,0,1,54.9,37.0,64.9,8.8,60.2,52.3,0.25,2.91
STU_03029,average,5,2.15,1.0,3.82,-2.82,73.8,63.5,40.7,56.1,44.0,5.48,4,2,0,4,32.8,11.9,46.1,12.9,43.2,22.4,0.5,2.25
STU_03030,below_avg,4,1.48,1.32,1.58,-0.26,58.7,32.6,44.3,28.1,41.5,6.87,7,5,0,6,31.5,20.5,53.8,11.9,35.8,29.8,0.38,0.67
STU_03031,strong,5,7.18,7.78,6.82,0.96,79.7,86.4,73.5,46.5,37.9,6.91,4,0,2,0,71.2,62.4,81.9,7.1,75.1,67.2,0.5,7.88
STU_03032,below_avg,3,0.0,0.0,0.0,0.0,61.3,23.2,48.5,26.0,0.0,6.67,6,6,0,6,17.6,10.4,23.2,4.4,19.9,16.4,0.25,0.0
STU_03033,struggling,3,0.0,0.0,0.0,0.0,48.7,5.5,35.8,36.0,0.0,7.07,6,6,0,6,7.7,2.0,29.8,10.0,3.2,10.0,0.25,0.0
STU_03034,average,3,4.99,4.84,4.79,0.05,64.4,64.2,59.0,45.1,36.7,5.81,6,1,1,3,52.0,36.5,73.7,12.0,55.1,50.5,0.25,3.59
STU_03035,strong,4,6.44,6.45,6.32,0.13,95.6,77.8,86.4,73.6,44.9,6.88,7,0,2,1,64.5,48.9,84.3,11.1,77.9,59.1,0.38,8.67
STU_03036,average,6,3.21,2.25,4.33,-2.08,76.3,67.8,48.8,48.8,56.9,7.3,4,2,0,2,43.1,27.9,58.7,12.5,48.1,27.9,0.62,6.5
STU_03037,average,6,1.49,2.75,1.11,1.64,81.5,38.3,47.2,72.2,25.8,7.11,4,1,0,3,42.7,23.7,50.0,11.0,49.1,23.7,0.62,5.67
STU_03038,failing,3,0.0,0.0,0.0,0.0,33.4,25.6,18.8,31.6,0.0,5.64,6,6,0,6,5.9,2.0,22.0,7.3,13.8,2.0,0.25,0.0
STU_03039,topper,6,7.45,8.38,7.44,0.94,99.2,90.5,72.0,73.5,49.5,5.25,4,0,3,0,81.0,68.5,90.5,8.6,85.2,68.5,0.62,10.0
STU_03040,below_avg,5,0.95,0.44,1.09,-0.65,66.1,30.5,51.5,49.1,50.2,5.26,4,3,0,4,23.8,10.7,42.4,11.6,30.9,16.8,0.5,2.0
STU_03041,average,4,2.27,1.45,3.26,-1.81,60.6,59.7,63.6,59.6,67.4,6.21,7,4,0,5,43.0,34.8,59.2,8.3,54.6,38.3,0.38,1.22
STU_03042,average,7,1.68,1.0,1.62,-0.62,60.1,62.1,45.3,40.6,32.8,6.3,3,2,0,2,36.1,24.0,53.6,12.7,42.1,24.0,0.75,1.17
STU_03043,above_avg,3,5.29,4.84,5.89,-1.05,73.5,55.2,58.2,43.7,51.3,6.56,6,1,0,2,52.3,35.7,66.5,10.2,56.5,50.1,0.25,3.36
STU_03044,struggling,5,0.32,0.0,0.23,-0.23,52.4,0.0,33.1,29.5,11.7,5.39,4,4,0,4,2.0,2.0,2.1,0.0,2.0,2.0,0.5,0.75
STU_03045,inconsistent,5,2.22,0.67,3.41,-2.74,84.0,54.6,36.5,40.5,0.0,5.53,4,3,0,3,27.9,2.0,55.9,19.1,40.5,15.3,0.5,3.62
STU_03046,strong,5,6.57,6.11,7.27,-1.16,89.3,82.7,68.4,81.3,30.6,6.57,4,0,2,2,64.8,47.5,81.6,16.2,80.9,48.6,0.5,7.25
STU_03047,average,6,2.25,1.62,2.78,-1.16,74.4,41.6,54.6,35.8,42.3,5.72,4,2,0,4,38.4,29.9,46.9,6.6,39.7,34.4,0.62,7.33
STU_03048,average,3,2.19,2.95,0.95,2.0,76.5,43.6,44.0,43.7,34.5,6.13,6,3,0,4,40.2,28.9,52.3,9.4,39.2,40.7,0.25,3.59
STU_03049,below_avg,6,3.82,0.62,7.11,-6.49,59.8,57.1,51.3,38.6,41.7,6.54,4,3,0,4,34.3,20.0,45.5,9.3,39.1,20.0,0.62,0.0
STU_03050,topper,4,9.69,10.0,9.37,0.63,99.8,98.2,79.7,93.0,12.9,6.12,7,0,7,0,87.2,80.1,100.0,6.9,96.5,83.5,0.38,10.0
STU_03051,average,3,2.65,1.42,3.68,-2.26,73.3,46.7,56.3,54.2,26.4,5.13,6,4,0,5,39.4,6.3,66.5,17.7,52.6,32.8,0.25,2.5
STU_03052,average,4,2.48,2.14,3.74,-1.6,82.7,63.5,56.9,44.4,53.9,6.47,7,3,0,6,38.3,18.8,55.4,12.4,51.8,32.9,0.38,0.0
STU_03053,topper,6,8.87,10.0,8.44,1.56,98.1,100.0,68.5,77.3,45.2,6.31,4,0,4,0,91.5,83.8,97.2,5.3,94.1,83.8,0.62,10.0
STU_03054,average,7,7.01,7.17,6.62,0.55,78.4,65.0,52.3,81.0,78.9,7.32,3,0,1,0,68.1,61.6,74.5,5.3,71.4,61.6,0.75,7.33
STU_03055,failing,7,0.25,0.67,0.0,0.67,12.8,26.4,22.4,23.3,13.0,6.42,3,2,0,3,16.2,2.0,44.5,20.0,23.2,2.0,0.75,0.0
STU_03056,above_avg,4,4.02,3.82,4.0,-0.18,85.1,69.4,43.0,48.0,0.0,4.0,7,2,0,3,49.2,32.7,63.5,10.1,55.4,46.7,0.38,6.33
STU_03057,below_avg,3,0.74,0.84,1.47,-0.63,63.7,48.7,35.1,22.0,17.6,6.3,6,5,0,6,25.5,2.0,41.9,12.8,33.1,21.7,0.25,0.0
STU_03058,strong,4,8.21,8.14,8.74,-0.6,97.4,72.5,57.0,65.8,7.7,6.07,7,0,4,0,69.9,61.6,81.0,6.5,66.5,71.2,0.38,6.89
STU_03059,average,3,4.73,3.58,6.53,-2.95,73.4,77.5,57.6,46.3,32.8,6.22,6,2,2,4,52.7,19.0,93.6,24.4,83.6,37.2,0.25,3.5
STU_03060,average,4,1.49,2.05,1.11,0.94,70.2,61.9,48.3,42.1,19.7,6.16,7,4,0,6,36.7,22.7,51.3,9.9,42.0,34.6,0.38,1.33
STU_03061,topper,5,8.86,8.89,9.82,-0.93,95.4,87.2,88.7,67.2,17.7,5.79,4,0,4,0,82.9,73.3,95.4,8.8,91.1,74.8,0.5,10.0
STU_03062,below_avg,7,1.1,1.0,2.75,-1.75,47.6,49.7,43.8,51.5,19.7,6.36,3,2,0,2,29.8,10.8,51.2,16.6,39.4,10.8,0.75,0.0
STU_03063,strong,5,6.2,7.67,5.36,2.31,82.9,97.8,41.4,47.7,54.5,7.63,4,0,2,0,79.4,61.5,98.6,15.5,94.5,64.2,0.5,9.38
STU_03064,topper,4,9.79,9.82,9.79,0.03,94.7,100.0,83.3,100.0,48.5,6.58,7,0,7,0,90.1,77.1,100.0,6.8,95.7,87.8,0.38,10.0
STU_03065,average,4,1.35,1.55,2.21,-0.66,69.1,66.8,19.4,85.7,57.0,6.09,7,4,0,6,38.3,24.6,50.2,9.4,47.5,34.6,0.38,1.22
STU_03066,above_avg,4,7.77,6.64,8.21,-1.57,71.5,57.2,45.2,57.7,4.6,6.91,7,0,2,0,61.7,50.2,74.6,8.4,63.8,60.9,0.38,6.0
STU_03067,below_avg,5,2.15,0.0,4.36,-4.36,56.2,42.7,65.2,42.3,59.2,6.12,4,4,0,4,29.4,20.2,36.3,6.5,31.3,27.5,0.5,0.88
STU_03068,struggling,3,0.06,0.0,0.0,0.0,39.6,30.2,22.4,33.9,20.2,6.45,6,6,0,6,14.1,2.0,28.5,10.3,27.9,7.1,0.25,0.0
STU_03069,average,5,2.26,2.22,2.5,-0.28,64.4,48.2,54.8,73.8,28.0,6.36,4,2,0,4,37.5,30.9,43.0,4.9,38.8,36.1,0.5,3.5
STU_03070,average,4,1.05,2.0,0.21,1.79,78.4,48.0,47.9,36.2,0.0,5.53,7,5,0,6,32.6,18.4,53.5,12.1,31.0,33.3,0.38,4.44
STU_03071,above_avg,4,5.83,4.5,7.42,-2.92,87.8,57.6,63.4,62.5,9.4,6.3,7,2,1,5,49.3,30.7,76.6,14.1,49.4,49.3,0.38,3.78
STU_03072,improving,3,2.03,2.74,0.89,1.85,77.6,48.7,66.6,59.4,47.4,5.87,6,2,0,5,43.2,32.1,54.1,7.9,51.5,39.0,0.25,5.86
STU_03073,below_avg,5,0.05,0.0,0.0,0.0,56.5,14.6,14.9,38.6,3.2,7.26,4,4,0,4,14.8,2.0,25.4,10.3,15.9,13.7,0.5,0.0
STU_03074,below_avg,3,0.0,0.42,0.0,0.42,68.9,41.7,49.0,40.7,71.1,7.72,6,5,0,6,27.1,7.0,42.7,11.5,24.9,28.2,0.25,1.23
STU_03075,improving,6,1.62,2.5,0.0,2.5,89.9,40.9,58.0,38.0,40.6,6.4,4,1,0,3,45.6,38.2,59.1,8.1,48.1,38.2,0.62,5.83
STU_03076,below_avg,4,1.04,0.73,1.32,-0.59,54.4,45.2,36.6,62.6,33.0,6.19,7,6,0,7,22.6,2.0,40.6,15.1,37.2,16.8,0.38,2.44
STU_03077,struggling,3,0.04,0.0,0.0,0.0,42.3,36.9,17.2,39.9,41.1,5.73,6,6,0,6,8.7,2.0,22.3,7.6,18.1,4.0,0.25,0.0
STU_03078,average,3,3.85,4.26,2.11,2.15,60.3,49.9,68.5,37.6,30.6,4.95,6,1,0,4,48.2,29.3,61.6,10.5,53.9,45.3,0.25,4.09
STU_03079,above_avg,5,6.1,6.11,6.14,-0.03,75.8,54.4,75.2,77.5,10.1,6.15,4,0,2,1,60.7,42.4,76.2,13.4,64.8,56.5,0.5,8.0
STU_03080,below_avg,3,0.2,0.0,0.0,0.0,61.9,38.6,27.8,64.6,40.5,6.65,6,6,0,6,23.2,2.1,34.7,10.9,24.9,22.4,0.25,0.0
STU_03081,below_avg,3,0.6,0.95,0.74,0.21,46.2,64.6,19.5,26.5,13.5,5.95,6,4,0,5,29.7,2.0,61.0,19.4,50.9,19.1,0.25,1.09
STU_03082,failing,4,0.1,0.0,0.0,0.0,26.9,25.3,6.4,26.3,9.7,6.01,7,7,0,7,8.4,2.0,23.1,8.0,19.5,4.0,0.38,0.67
STU_03083,below_avg,4,0.79,1.27,0.21,1.06,49.7,37.4,33.2,57.7,11.2,5.68,7,4,0,7,31.2,12.2,49.2,13.4,42.9,26.5,0.38,0.44
STU_03084,strong,4,6.82,8.14,6.0,2.14,80.0,91.9,69.9,50.1,15.3,5.8,7,0,4,0,74.0,60.1,98.9,13.3,88.0,68.5,0.38,8.0
STU_03085,topper,4,9.45,10.0,8.68,1.32,90.1,100.0,100.0,68.0,57.1,5.92,7,0,7,0,90.2,80.2,100.0,6.5,97.5,87.3,0.38,10.0
STU_03086,struggling,5,0.0,0.0,0.0,0.0,32.9,31.4,10.7,45.4,0.0,6.81,4,4,0,4,15.8,2.0,35.8,13.1,21.2,10.4,0.5,0.0
STU_03087,topper,4,8.86,10.0,8.11,1.89,88.0,81.1,85.1,77.5,30.8,6.84,7,0,7,0,84.9,80.8,90.0,3.5,83.6,85.5,0.38,10.0
STU_03088,above_avg,5,4.65,5.56,3.64,1.92,88.5,61.6,62.3,52.9,33.5,6.29,4,0,0,1,54.6,48.8,58.3,3.9,55.8,53.3,0.5,7.62
STU_03089,above_avg,3,6.34,6.68,6.11,0.57,74.6,82.8,63.5,65.5,33.8,6.1,6,0,1,0,63.1,57.5,72.0,4.9,69.3,59.9,0.25,7.05
STU_03090,strong,5,7.34,8.78,6.68,2.1,87.3,64.6,76.8,66.8,56.9,6.52,4,0,4,0,76.1,70.6,85.3,5.9,74.2,77.9,0.5,9.25
STU_03091,struggling,4,0.21,0.0,0.0,0.0,37.8,35.6,27.5,31.1,11.8,6.81,7,7,0,7,14.3,2.0,29.2,10.0,20.4,11.9,0.38,0.0
STU_03092,above_avg,5,4.08,5.67,2.68,2.99,87.9,80.0,43.7,80.1,28.7,6.89,4,0,1,1,59.2,44.8,71.0,9.5,67.1,51.3,0.5,8.12
STU_03093,below_avg,5,1.25,0.0,2.18,-2.18,60.9,29.7,42.3,32.4,45.9,6.75,4,4,0,4,23.6,19.2,28.0,3.7,23.6,23.6,0.5,0.0
STU_03094,struggling,5,0.0,0.0,0.0,0.0,50.4,22.4,2.4,19.9,34.3,7.21,4,4,0,4,7.3,2.0,19.8,7.3,12.7,2.0,0.5,0.0
STU_03095,struggling,3,0.5,0.63,0.21,0.42,35.1,47.5,24.2,45.8,0.0,6.41,6,5,0,5,18.7,2.0,52.3,19.9,46.0,5.0,0.25,0.18
STU_03096,above_avg,4,4.72,5.09,3.58,1.51,80.0,56.0,56.0,68.6,53.4,6.73,7,1,1,3,54.2,36.0,71.1,12.6,55.6,53.6,0.38,7.33
STU_03097,strong,3,7.12,6.84,7.37,-0.53,90.1,91.3,40.4,57.3,52.3,6.55,6,0,3,1,64.9,46.7,81.7,11.8,77.2,58.8,0.25,6.36
STU_03098,strong,6,8.52,8.25,8.67,-0.42,85.8,99.5,64.4,70.4,25.6,6.71,4,0,3,0,78.7,68.7,93.3,9.6,82.1,68.7,0.62,7.33
STU_03099,below_avg,7,0.34,0.0,0.0,0.0,63.7,28.8,36.0,37.3,36.3,4.42,3,3,0,3,19.3,2.0,37.4,14.5,27.9,2.0,0.75,0.67
STU_03100,topper,6,9.72,9.5,10.0,-0.5,95.5,100.0,97.1,87.5,87.0,7.28,4,0,4,0,88.2,75.4,99.9,9.4,92.5,75.4,0.62,10.0
STU_03101,above_avg,3,4.63,4.68,4.47,0.21,87.2,61.2,79.6,64.0,41.1,6.68,6,1,0,2,54.6,38.6,65.8,9.2,64.2,49.8,0.25,6.59
STU_03102,average,7,1.37,0.0,2.38,-2.38,67.2,40.4,42.4,37.6,55.6,5.06,3,3,0,3,29.7,25.2,32.5,3.2,31.9,25.2,0.75,0.0
STU_03103,above_avg,5,6.99,7.44,6.55,0.89,80.0,76.1,72.8,69.8,47.1,4.31,4,0,2,0,67.0,57.9,73.1,6.4,65.5,68.5,0.5,7.0
STU_03104,above_avg,5,2.08,2.56,1.27,1.29,81.9,45.9,56.4,51.8,24.6,5.85,4,1,0,3,44.5,32.3,59.3,9.8,52.5,36.5,0.5,3.38
STU_03105,below_avg,7,1.07,0.67,2.0,-1.33,61.2,47.1,28.1,58.1,15.3,5.45,3,2,0,3,30.4,21.3,41.7,8.5,34.9,21.3,0.75,0.0
STU_03106,failing,4,0.02,0.0,0.0,0.0,39.5,22.6,24.7,61.0,1.6,6.71,7,7,0,7,9.0,2.0,39.4,12.7,3.9,11.1,0.38,0.0
STU_03107,below_avg,7,0.29,1.0,0.0,1.0,66.5,49.9,61.6,52.5,35.7,7.29,3,2,0,2,34.1,12.8,55.9,17.6,44.8,12.8,0.75,2.5
STU_03108,strong,3,8.61,7.79,9.58,-1.79,92.2,83.1,47.1,69.3,63.8,5.75,6,0,4,0,70.5,57.6,84.5,8.9,78.0,66.8,0.25,8.73
STU_03109,average,3,3.25,3.68,2.42,1.26,74.2,39.7,25.9,77.8,14.9,6.87,6,2,0,5,45.9,34.8,66.5,10.7,50.6,43.5,0.25,1.73
STU_03110,average,7,2.44,2.0,2.5,-0.5,71.2,58.4,43.0,27.8,16.1,6.56,3,1,0,1,45.3,23.9,58.0,15.2,56.0,23.9,0.75,1.83
STU_03111,topper,4,9.71,9.27,10.0,-0.73,96.0,92.3,63.8,89.6,57.5,7.54,7,0,7,0,81.4,72.3,91.3,5.6,86.6,79.4,0.38,10.0
STU_03112,average,3,0.0,0.26,0.21,0.05,67.8,21.1,30.9,24.7,49.0,5.67,6,5,0,6,34.7,22.7,45.3,7.3,40.4,31.8,0.25,2.14
STU_03113,above_avg,3,5.52,5.05,6.32,-1.27,77.8,83.7,72.5,82.1,45.4,5.69,6,0,1,4,54.9,41.9,80.6,14.5,74.7,45.1,0.25,6.68
STU_03114,struggling,5,0.0,0.0,0.0,0.0,51.5,17.5,26.8,32.8,2.3,5.46,4,4,0,4,5.9,2.0,13.5,4.7,9.8,2.0,0.5,0.0
STU_03115,above_avg,4,6.24,6.14,6.63,-0.49,87.1,76.2,72.1,58.0,39.4,6.74,7,0,2,1,61.8,46.6,80.7,11.1,78.2,55.2,0.38,8.78
STU_03116,average,4,2.26,2.64,0.53,2.11,79.9,37.8,28.8,54.1,9.6,5.15,7,2,0,7,39.3,23.2,46.6,7.3,45.9,36.6,0.38,0.67
STU_03117,below_avg,3,1.29,1.0,0.79,0.21,49.5,65.1,35.3,62.5,0.0,6.75,6,4,0,4,37.5,7.9,61.0,17.9,59.5,26.5,0.25,1.14
STU_03118,strong,4,5.69,5.36,6.11,-0.75,88.3,76.9,52.5,19.8,13.0,6.28,7,1,1,2,57.5,39.0,71.6,10.9,66.5,53.9,0.38,7.67
STU_03119,below_avg,6,1.51,2.38,0.0,2.38,68.1,55.5,47.0,11.2,3.8,6.02,4,2,0,3,38.8,13.0,66.4,19.6,47.3,13.0,0.62,2.17
STU_03120,strong,5,8.44,8.22,7.82,0.4,92.2,69.2,68.9,53.4,42.1,6.46,4,0,2,0,74.5,67.7,83.6,6.3,75.7,73.5,0.5,7.75
STU_03121,improving,6,5.07,6.75,2.44,4.31,85.1,80.1,48.9,75.7,51.2,6.55,4,0,1,0,64.2,52.0,80.5,10.9,68.3,52.0,0.62,6.83
STU_03122,struggling,4,0.0,0.0,0.0,0.0,32.9,22.9,31.5,18.0,14.6,5.21,7,7,0,7,11.7,2.0,25.7,8.0,20.4,8.3,0.38,0.0
STU_03123,below_avg,4,1.86,1.73,2.11,-0.38,47.9,41.4,36.9,14.1,49.9,7.55,7,4,0,6,33.2,4.4,57.5,16.3,40.4,30.3,0.38,0.44
STU_03124,above_avg,6,4.77,6.0,4.78,1.22,80.8,83.8,89.2,63.4,27.8,7.12,4,0,1,1,61.3,45.3,76.6,12.1,66.6,45.3,0.62,7.5
STU_03125,above_avg,3,5.87,6.32,6.05,0.27,79.1,85.7,83.4,63.3,67.3,5.38,6,0,1,0,60.1,52.0,82.1,10.4,71.8,54.3,0.25,6.5
STU_03126,failing,4,0.0,0.0,0.0,0.0,25.7,17.6,11.0,17.6,22.6,6.29,7,7,0,7,4.2,2.0,17.5,5.4,9.8,2.0,0.38,0.67
STU_03127,above_avg,7,5.48,6.33,5.25,1.08,71.0,70.1,68.6,54.9,57.0,5.15,3,0,1,0,59.6,52.9,70.9,8.0,61.9,55.0,0.75,9.33
STU_03128,below_avg,4,1.27,1.91,0.0,1.91,63.7,39.2,61.9,38.0,36.9,6.81,7,4,0,6,33.5,15.6,55.2,14.6,45.5,28.6,0.38,2.22
STU_03129,failing,7,0.0,0.0,0.0,0.0,21.8,22.9,12.4,8.8,20.0,6.02,3,3,0,3,14.2,2.0,24.0,9.1,20.3,2.0,0.75,0.0
STU_03130,above_avg,4,4.29,6.45,2.37,4.08,76.1,56.0,67.5,100.0,39.9,7.28,7,0,2,2,59.4,46.7,77.5,10.7,61.8,58.4,0.38,8.78
STU_03131,below_avg,3,0.23,0.0,0.0,0.0,64.2,33.4,26.9,42.2,49.3,6.68,6,6,0,6,23.1,6.0,39.0,10.3,29.1,20.0,0.25,1.64
STU_03132,average,6,1.96,1.12,2.56,-1.44,67.0,58.4,55.1,56.2,27.3,6.29,4,2,0,4,35.3,17.8,48.5,11.7,41.1,17.8,0.62,4.67
STU_03133,strong,4,5.79,6.32,4.26,2.06,83.0,84.6,69.9,69.7,43.9,6.48,7,0,2,2,62.4,41.7,74.8,12.0,71.7,58.8,0.38,7.56
STU_03134,strong,5,6.09,6.22,6.77,-0.55,86.9,70.3,49.1,42.1,77.1,7.32,4,0,0,0,59.0,50.5,66.7,7.4,66.3,51.6,0.5,6.88
STU_03135,above_avg,3,5.82,7.05,4.16,2.89,81.4,80.4,68.1,73.2,28.2,6.35,6,0,2,1,63.1,48.3,80.1,10.8,67.1,61.1,0.25,7.36
STU_03136,average,7,3.68,2.5,5.62,-3.12,67.0,89.4,65.1,70.8,46.1,6.43,3,1,1,1,60.2,38.4,72.8,15.5,71.2,38.4,0.75,4.5
STU_03137,topper,4,8.53,8.36,9.16,-0.8,90.1,83.5,81.6,69.7,49.6,6.99,7,0,5,0,74.1,69.1,78.7,3.5,73.3,74.4,0.38,9.11
STU_03138,strong,3,7.51,7.47,7.37,0.1,90.5,76.0,81.9,45.1,41.2,7.85,6,0,4,0,70.7,58.7,82.3,7.8,78.3,66.8,0.25,7.23
STU_03139,strong,4,7.83,8.55,6.68,1.87,81.0,97.1,64.3,37.1,55.4,6.58,7,0,5,0,77.8,65.5,92.3,8.8,86.3,74.3,0.38,6.67
STU_03140,strong,6,7.22,5.75,8.56,-2.81,94.9,89.8,78.9,73.1,29.7,6.35,4,0,1,1,62.6,43.9,78.4,12.3,68.8,43.9,0.62,7.17
STU_03141,below_avg,3,0.33,0.84,0.74,0.1,62.5,34.2,41.8,47.7,18.5,6.04,6,5,0,6,23.7,2.0,40.0,13.5,33.0,19.0,0.25,0.59
STU_03142,average,7,2.07,0.83,3.25,-2.42,85.0,51.8,42.0,75.8,10.6,4.78,3,2,0,3,39.4,35.0,46.3,5.0,41.5,35.0,0.75,1.17
STU_03143,below_avg,4,0.9,0.73,0.63,0.1,59.9,16.4,32.0,45.8,0.0,6.7,7,6,0,7,27.4,18.1,41.4,9.4,19.3,30.7,0.38,3.44
STU_03144,average,4,1.11,1.82,0.89,0.93,67.4,47.5,68.8,34.3,31.7,7.61,7,4,0,7,36.6,21.3,49.7,9.3,39.2,35.6,0.38,1.33
STU_03145,above_avg,4,3.91,3.41,4.63,-1.22,73.8,57.2,59.6,45.9,3.9,6.22,7,2,0,5,45.4,21.6,69.5,14.7,54.9,41.6,0.38,3.44
STU_03146,average,3,0.81,0.26,1.05,-0.79,57.0,32.1,68.7,43.1,17.3,7.04,6,5,0,6,32.9,21.1,46.7,8.0,37.4,30.6,0.25,0.45
STU_03147,strong,7,8.29,8.33,7.0,1.33,93.3,69.5,50.8,67.9,51.7,7.97,3,0,3,0,74.9,70.3,83.8,6.3,77.2,70.3,0.75,10.0
STU_03148,strong,5,8.44,7.89,7.59,0.3,81.9,84.6,78.2,77.8,19.7,6.26,4,0,3,0,73.5,61.6,88.9,9.8,79.8,67.2,0.5,10.0
STU_03149,topper,6,10.0,10.0,10.0,0.0,92.5,76.4,75.1,88.7,67.1,6.45,4,0,4,0,87.7,82.9,91.7,3.3,88.0,86.8,0.62,10.0
STU_03150,below_avg,4,0.4,0.73,0.21,0.52,51.0,10.3,21.2,59.2,39.8,6.92,7,6,0,7,17.4,6.6,43.6,12.2,11.1,19.9,0.38,0.0
STU_03151,average,6,3.9,5.75,2.0,3.75,64.1,61.2,46.5,20.7,55.3,7.49,4,0,0,1,58.2,47.1,68.4,7.5,61.9,47.1,0.62,7.0
STU_03152,average,7,3.61,0.67,5.5,-4.83,79.7,41.7,51.2,37.1,0.0,5.67,3,2,0,3,28.1,5.9,44.2,16.2,39.2,5.9,0.75,1.0
STU_03153,strong,4,7.7,7.95,6.79,1.16,89.7,100.0,54.8,58.6,29.2,4.66,7,0,4,0,73.1,65.5,85.2,6.9,80.1,70.3,0.38,7.56
STU_03154,below_avg,3,0.47,0.42,0.26,0.16,72.7,30.2,50.0,48.4,42.1,4.0,6,5,0,6,15.6,2.0,42.0,12.6,26.2,10.3,0.25,0.32
STU_03155,below_avg,3,0.0,0.0,0.0,0.0,62.5,33.9,62.3,30.2,40.4,5.28,6,6,0,6,21.0,2.0,37.2,14.0,33.4,14.8,0.25,0.0
STU_03156,above_avg,6,4.14,2.88,5.44,-2.56,81.7,59.3,26.4,53.0,70.3,7.09,4,1,0,2,52.2,35.5,69.9,13.2,57.8,35.5,0.62,5.0
STU_03157,topper,4,9.63,10.0,10.0,0.0,97.5,100.0,74.8,94.9,71.8,7.09,7,0,7,0,95.9,81.0,100.0,6.3,97.8,95.1,0.38,10.0
STU_03158,above_avg,4,4.05,4.5,2.47,2.03,82.0,56.2,64.7,59.8,39.9,7.52,7,2,0,3,49.3,32.0,63.2,12.0,48.5,49.7,0.38,7.33
STU_03159,inconsistent,3,7.97,6.53,9.26,-2.73,55.0,69.7,85.6,48.1,17.8,5.77,6,1,4,1,65.3,33.1,84.5,17.3,71.8,62.0,0.25,3.86
STU_03160,above_avg,7,6.39,6.67,6.5,0.17,89.7,72.8,63.5,70.9,46.6,6.45,3,0,1,0,62.5,50.4,76.9,10.9,68.6,50.4,0.75,7.67
STU_03161,struggling,4,0.3,0.73,0.0,0.73,37.0,27.2,33.5,7.1,7.1,5.63,7,6,0,7,16.9,2.0,41.5,13.2,19.4,15.9,0.38,0.44
STU_03162,above_avg,5,4.65,6.33,2.77,3.56,75.1,85.1,37.9,64.0,17.6,5.62,4,0,1,1,62.9,45.9,76.9,11.2,72.0,53.8,0.5,7.25
STU_03163,average,6,0.0,0.0,0.0,0.0,66.2,34.9,52.2,31.5,4.4,6.58,4,4,0,4,32.1,23.0,37.7,5.5,35.2,23.0,0.62,0.0
STU_03164,topper,7,9.92,10.0,10.0,0.0,94.5,97.1,87.4,79.0,43.6,5.85,3,0,3,0,93.2,83.0,100.0,7.3,98.3,83.0,0.75,10.0
STU_03165,below_avg,6,1.64,3.12,0.44,2.68,61.0,49.8,49.3,35.7,38.9,5.44,4,2,0,4,40.8,29.5,49.8,9.1,37.7,49.8,0.62,0.0
STU_03166,failing,5,0.0,0.0,0.0,0.0,28.2,0.0,36.2,59.1,0.0,5.89,4,4,0,4,4.9,2.0,8.6,2.9,4.5,5.3,0.5,0.0
STU_03167,average,4,3.34,4.73,1.68,3.05,65.1,53.4,59.2,35.3,21.6,5.24,7,1,0,3,50.0,30.2,60.8,9.2,54.5,48.2,0.38,3.44
STU_03168,below_avg,4,0.0,0.0,0.0,0.0,60.5,41.0,35.8,32.2,55.6,7.13,7,7,0,7,21.0,2.0,35.2,13.9,31.5,16.8,0.38,1.22
STU_03169,above_avg,5,3.99,1.56,6.05,-4.49,74.7,71.7,48.9,50.0,38.2,6.04,4,2,1,2,50.3,34.7,71.5,14.7,63.8,36.8,0.5,3.12
STU_03170,above_avg,7,6.55,6.5,6.38,0.12,74.3,75.8,61.4,75.4,72.1,7.35,3,0,1,0,65.5,56.0,72.3,6.9,70.2,56.0,0.75,6.17
STU_03171,above_avg,6,4.11,5.12,3.11,2.01,77.5,62.8,57.6,85.6,22.7,5.6,4,0,0,2,51.6,44.0,63.3,7.2,54.1,44.0,0.62,6.17
STU_03172,above_avg,4,5.33,4.36,6.26,-1.9,76.5,69.0,55.2,37.6,46.0,5.56,7,1,0,3,48.0,18.4,59.7,13.1,56.0,44.8,0.38,1.56
STU_03173,average,6,5.32,5.25,5.44,-0.19,68.3,63.2,47.7,41.0,0.0,6.34,4,0,0,1,55.9,41.2,66.6,9.2,60.8,41.2,0.62,2.5
STU_03174,below_avg,4,0.57,1.09,0.63,0.46,73.0,31.3,20.8,62.2,0.0,4.93,7,5,0,7,16.3,2.0,45.5,18.3,26.1,12.4,0.38,0.0
STU_03175,average,3,2.1,3.47,1.53,1.94,69.6,60.1,68.5,26.9,6.4,7.16,6,2,0,5,41.8,21.0,60.0,12.1,47.1,39.1,0.25,1.41
STU_03176,strong,7,6.16,6.33,7.5,-1.17,90.6,80.1,82.0,64.9,74.4,6.25,3,0,2,1,72.8,47.0,100.0,21.7,85.7,47.0,0.75,8.67
STU_03177,average,7,1.71,2.17,0.88,1.29,64.9,66.3,63.2,17.7,48.0,6.3,3,1,1,2,51.7,35.1,70.8,14.7,60.0,35.1,0.75,0.67
STU_03178,above_avg,3,4.23,3.21,5.26,-2.05,79.3,52.0,54.8,60.0,59.6,6.68,6,2,1,5,47.9,31.8,71.9,12.3,60.9,41.4,0.25,5.23
STU_03179,average,5,2.93,3.44,2.45,0.99,68.2,94.5,50.1,67.5,5.6,6.0,4,1,2,2,53.1,19.9,73.2,21.6,72.2,34.0,0.5,6.38
STU_03180,average,6,0.96,0.62,1.11,-0.49,67.8,34.9,34.1,48.6,62.5,5.76,4,3,0,4,34.4,26.3,45.8,7.1,35.1,32.1,0.62,2.17
STU_03181,above_avg,3,4.63,4.32,4.63,-0.31,75.4,64.0,56.0,39.7,54.7,6.21,6,1,0,2,49.9,36.5,59.9,8.2,54.0,47.8,0.25,5.86
STU_03182,struggling,4,0.0,0.0,0.0,0.0,43.5,35.1,12.5,28.8,12.9,6.21,7,7,0,7,20.7,2.0,36.0,13.3,26.8,18.3,0.38,0.44
STU_03183,below_avg,5,0.11,0.0,0.0,0.0,52.9,67.7,32.6,32.2,16.0,6.46,4,4,0,4,31.1,19.5,38.1,7.1,34.7,27.4,0.5,1.0
STU_03184,below_avg,4,0.39,1.27,0.74,0.53,49.6,47.4,5.7,34.0,0.2,4.94,7,5,0,6,25.5,2.0,54.6,19.8,38.4,20.3,0.38,1.11
STU_03185,average,7,4.12,5.17,2.88,2.29,80.5,46.4,68.2,59.6,60.2,8.5,3,0,0,2,49.1,45.4,52.8,3.0,51.0,45.4,0.75,2.0
STU_03186,average,4,0.73,0.23,0.95,-0.72,63.7,62.0,36.2,34.5,26.2,4.96,7,6,0,7,25.7,17.6,46.1,8.7,35.8,21.7,0.38,0.44
STU_03187,above_avg,5,6.67,6.0,7.05,-1.05,91.0,67.4,64.6,56.5,32.7,6.62,4,0,1,1,60.0,48.9,71.8,8.5,67.5,52.5,0.5,6.38
STU_03188,below_avg,3,1.21,0.21,1.95,-1.74,69.5,46.6,39.9,45.3,16.8,6.36,6,5,0,6,26.0,18.0,44.2,8.7,33.8,22.1,0.25,0.36
STU_03189,below_avg,4,0.0,0.18,0.0,0.18,69.2,53.4,34.2,32.8,26.6,6.2,7,6,0,7,16.2,2.0,43.4,13.6,36.0,8.3,0.38,0.0
STU_03190,average,3,4.04,3.89,4.53,-0.64,68.6,37.0,58.7,56.3,29.6,6.9,6,2,0,5,43.6,31.0,52.6,7.1,42.6,44.0,0.25,5.05
STU_03191,struggling,7,0.85,0.0,0.75,-0.75,56.2,41.6,31.8,24.3,31.3,5.51,3,3,0,3,12.8,2.0,26.1,10.0,18.1,2.0,0.75,0.0
STU_03192,strong,3,6.15,5.89,6.42,-0.53,86.8,63.0,69.4,87.7,23.3,6.63,6,0,1,1,57.2,41.0,75.2,10.0,64.2,53.7,0.25,9.18
STU_03193,below_avg,7,1.9,0.0,2.88,-2.88,65.8,35.3,54.0,39.6,75.4,6.1,3,3,0,3,19.7,7.3,39.3,14.0,23.3,12.6,0.75,0.83
STU_03194,below_avg,4,0.76,1.41,0.63,0.78,66.7,49.3,63.6,21.8,1.4,5.29,7,4,0,6,37.8,27.0,52.5,10.8,51.1,32.4,0.38,0.0
STU_03195,below_avg,3,1.14,1.89,0.63,1.26,68.5,28.6,28.7,52.6,12.8,6.78,6,4,0,6,26.6,2.0,48.3,17.6,25.3,27.2,0.25,1.41
STU_03196,struggling,5,1.4,1.33,1.18,0.15,27.8,22.3,49.8,16.2,73.2,5.58,4,3,0,4,24.6,2.0,42.4,14.5,27.0,22.2,0.5,0.75
STU_03197,average,4,3.02,2.5,2.21,0.29,65.2,44.6,42.4,60.8,50.5,6.46,7,3,0,5,42.6,22.2,69.1,15.9,54.8,37.7,0.38,2.56
STU_03198,average,4,1.44,3.36,0.63,2.73,70.4,68.0,45.6,40.4,40.4,7.12,7,2,0,4,43.4,22.1,58.5,13.4,49.0,41.2,0.38,5.22
STU_03199,below_avg,4,0.7,0.36,0.0,0.36,63.0,56.1,43.6,42.5,51.8,7.57,7,5,0,7,24.1,2.0,44.5,16.0,42.5,16.8,0.38,0.0
STU_03200,topper,6,9.13,10.0,8.56,1.44,99.9,95.9,77.3,79.4,46.4,5.3,4,0,4,0,93.2,82.2,100.0,6.7,96.9,82.2,0.62,10.0
STU_03201,average,7,0.88,0.83,1.0,-0.17,74.1,54.2,37.6,69.2,42.1,6.01,3,2,0,3,35.5,22.8,45.7,9.5,41.9,22.8,0.75,3.33
STU_03202,struggling,5,0.44,0.0,0.91,-0.91,41.0,21.5,37.9,29.7,25.3,5.98,4,4,0,4,12.9,2.0,37.1,14.2,6.2,19.6,0.5,0.0
STU_03203,topper,4,8.53,7.41,9.58,-2.17,99.1,71.1,58.8,72.1,31.2,5.52,7,0,3,0,69.1,64.3,72.5,2.9,67.9,69.6,0.38,8.33
STU_03204,below_avg,4,0.39,0.0,1.47,-1.47,62.8,33.1,12.2,49.0,50.1,7.12,7,7,0,7,28.5,21.6,33.1,3.3,25.6,29.6,0.38,0.0
STU_03205,below_avg,3,0.0,0.37,0.0,0.37,62.5,49.7,33.6,35.5,46.3,6.15,6,5,0,5,29.1,15.9,65.2,16.6,44.9,21.2,0.25,1.09
STU_03206,below_avg,3,0.0,0.21,0.0,0.21,65.2,25.8,19.7,40.0,8.2,6.78,6,5,0,6,25.3,11.5,40.9,10.1,34.0,20.9,0.25,0.32
STU_03207,strong,3,6.45,5.32,7.05,-1.73,82.6,62.8,77.2,66.0,37.2,6.41,6,1,1,1,57.4,33.3,72.1,12.5,64.9,53.6,0.25,5.5
STU_03208,struggling,7,0.09,0.67,0.0,0.67,53.6,27.4,19.2,48.4,4.6,7.15,3,2,0,3,21.2,2.0,43.8,17.2,22.9,17.8,0.75,0.0
STU_03209,strong,7,7.07,7.0,6.88,0.12,86.0,62.3,64.4,49.7,40.6,6.34,3,0,0,0,67.5,66.6,68.7,0.9,66.9,68.7,0.75,9.33
STU_03210,topper,3,9.94,10.0,10.0,0.0,93.7,100.0,90.7,71.1,35.0,5.87,6,0,6,0,92.4,83.1,100.0,6.5,100.0,88.6,0.25,10.0
STU_03211,above_avg,7,3.73,2.17,5.5,-3.33,66.8,81.7,46.7,52.3,56.9,5.9,3,1,0,1,55.0,36.9,68.3,13.2,64.0,36.9,0.75,3.33
STU_03212,topper,5,10.0,8.78,10.0,-1.22,94.7,100.0,75.8,67.3,45.5,7.11,4,0,4,0,84.0,70.5,93.5,9.9,93.4,74.5,0.5,10.0
STU_03213,struggling,3,0.0,0.0,0.0,0.0,44.0,51.4,44.5,30.3,37.6,6.92,6,6,0,6,21.9,7.8,35.1,10.2,34.8,15.4,0.25,0.0
STU_03214,struggling,6,0.05,0.0,0.0,0.0,38.4,39.3,20.7,14.6,17.1,5.24,4,4,0,4,21.6,2.0,37.1,13.2,28.1,2.0,0.62,0.0
STU_03215,below_avg,3,0.0,0.0,0.0,0.0,50.3,29.5,42.2,61.4,24.2,4.57,6,6,0,6,17.6,2.2,33.6,10.3,28.2,12.3,0.25,0.27
STU_03216,above_avg,4,3.79,3.73,3.26,0.47,86.1,59.9,51.7,30.0,61.0,5.47,7,2,0,4,47.4,31.9,63.9,9.9,48.3,47.0,0.38,4.44
STU_03217,average,3,3.75,5.11,2.53,2.58,69.6,75.7,48.9,44.0,17.9,5.16,6,0,0,4,53.8,43.4,67.9,9.8,67.5,47.0,0.25,5.95
STU_03218,average,3,2.49,3.47,0.63,2.84,79.8,44.0,33.1,60.7,22.0,6.73,6,2,0,2,40.1,5.1,57.0,19.5,53.6,33.4,0.25,1.91
STU_03219,below_avg,3,0.26,0.0,0.63,-0.63,50.3,26.6,70.0,68.8,30.3,6.18,6,6,0,6,17.7,4.4,28.2,9.5,28.1,12.5,0.25,0.32
STU_03220,inconsistent,3,1.03,1.21,1.0,0.21,72.0,56.1,57.1,63.9,7.3,6.76,6,4,0,5,36.9,17.4,65.6,15.9,52.3,29.2,0.25,0.27
STU_03221,strong,4,7.74,7.36,7.68,-0.32,88.3,86.7,74.8,69.7,19.9,7.69,7,0,3,0,70.3,62.2,83.1,6.8,78.8,66.9,0.38,9.33
STU_03222,below_avg,4,0.88,0.0,1.37,-1.37,59.4,36.3,17.3,58.4,13.0,5.95,7,7,0,7,31.2,16.9,38.3,8.4,36.2,29.2,0.38,0.44
STU_03223,below_avg,5,0.73,0.0,1.91,-1.91,65.3,18.4,34.4,42.7,32.4,6.47,4,4,0,4,22.7,11.9,29.0,6.8,28.4,17.1,0.5,1.25
STU_03224,strong,3,8.09,8.11,7.68,0.43,90.4,100.0,74.8,59.2,53.6,5.49,6,0,4,0,77.5,57.1,97.8,14.8,92.7,69.9,0.25,8.09
STU_03225,above_avg,5,3.45,1.44,5.41,-3.97,78.5,60.4,51.7,43.5,48.0,4.52,4,2,0,2,43.4,26.1,62.8,16.6,59.8,26.9,0.5,4.5
STU_03226,struggling,6,0.49,0.0,1.78,-1.78,51.0,16.6,17.3,55.4,7.2,5.49,4,4,0,4,18.0,12.5,24.5,5.5,15.8,24.5,0.62,0.0
STU_03227,average,7,0.65,0.67,2.25,-1.58,63.6,44.5,43.6,22.2,23.4,6.29,3,2,0,3,32.0,15.6,43.8,12.0,40.2,15.6,0.75,0.67
STU_03228,below_avg,3,0.87,0.84,1.26,-0.42,54.3,33.3,44.7,40.5,32.1,6.25,6,5,0,6,34.6,25.3,44.0,5.8,36.1,33.8,0.25,2.05
STU_03229,average,4,2.49,2.45,2.11,0.34,65.7,82.7,50.1,37.8,6.9,5.73,7,3,0,4,44.3,17.3,65.2,16.2,64.8,36.0,0.38,1.56
STU_03230,below_avg,3,0.0,0.0,0.0,0.0,46.0,50.8,35.6,21.9,6.8,6.2,6,6,0,6,22.4,2.0,39.4,13.1,37.3,14.9,0.25,0.41
STU_03231,below_avg,4,0.45,0.0,0.32,-0.32,62.1,9.7,56.3,48.5,56.5,6.28,7,7,0,7,12.2,2.0,24.4,9.1,13.2,11.8,0.38,0.0
STU_03232,strong,5,7.51,7.11,8.0,-0.89,82.7,69.9,64.0,66.8,36.9,5.78,4,0,2,0,69.3,59.3,78.6,6.8,73.8,64.8,0.5,9.38
STU_03233,above_avg,4,3.04,2.5,3.37,-0.87,82.1,56.1,52.5,54.2,36.7,7.33,7,3,0,5,43.2,25.2,56.1,10.9,52.0,39.6,0.38,4.22
STU_03234,average,6,5.62,6.88,3.33,3.55,62.3,61.2,72.9,44.3,53.2,5.35,4,0,1,1,56.6,49.4,70.3,8.3,52.1,70.3,0.62,6.83
STU_03235,inconsistent,6,2.67,4.62,0.44,4.18,47.0,62.9,67.9,86.7,24.9,6.06,4,1,0,3,49.4,31.0,68.2,13.2,49.7,48.6,0.62,6.17
STU_03236,topper,4,8.94,9.09,7.89,1.2,95.6,89.2,68.7,78.9,40.4,6.79,7,0,6,0,82.4,68.8,93.6,8.4,81.0,82.9,0.38,7.56
STU_03237,average,7,5.63,4.83,6.88,-2.05,71.3,75.1,32.6,54.8,17.7,6.76,3,0,0,1,55.7,41.2,66.7,10.7,62.9,41.2,0.75,0.0
STU_03238,below_avg,4,0.07,0.23,0.32,-0.09,56.0,41.9,33.4,61.7,0.0,5.32,7,6,0,7,22.3,2.0,48.8,15.5,41.3,14.6,0.38,0.0
STU_03239,inconsistent,5,4.82,3.0,6.18,-3.18,74.1,53.1,45.7,52.7,10.0,5.31,4,1,0,3,44.2,28.9,59.5,11.0,53.4,35.0,0.5,4.5
STU_03240,below_avg,6,0.31,0.0,0.44,-0.44,64.3,22.0,43.2,50.9,31.2,6.28,4,4,0,4,23.0,2.0,39.3,13.6,30.0,2.0,0.62,0.0
STU_03241,below_avg,4,2.51,0.73,3.32,-2.59,48.0,2.8,63.3,42.1,17.3,6.91,7,6,0,7,24.6,13.2,42.6,9.5,21.6,25.8,0.38,0.0
STU_03242,strong,5,7.99,7.67,7.82,-0.15,84.6,96.1,71.6,66.6,56.3,7.43,4,0,2,0,76.2,63.3,88.7,12.2,88.5,64.0,0.5,7.5
STU_03243,above_avg,4,5.07,4.23,5.42,-1.19,78.1,76.3,69.8,44.7,50.5,7.21,7,1,0,4,49.0,33.3,61.4,8.7,58.5,45.3,0.38,7.11
STU_03244,below_avg,6,0.46,1.25,0.0,1.25,56.1,34.7,12.7,37.9,10.5,7.55,4,2,0,4,32.2,2.4,49.3,18.5,32.5,31.3,0.62,1.0
STU_03245,strong,5,7.12,7.44,6.86,0.58,90.5,67.1,79.6,71.9,36.2,5.69,4,0,2,0,67.6,60.6,73.9,5.2,67.9,67.2,0.5,8.5
STU_03246,below_avg,4,0.43,0.23,0.42,-0.19,46.0,40.0,36.8,38.0,25.1,6.63,7,6,0,7,18.2,2.0,46.6,15.1,39.7,9.6,0.38,0.0
STU_03247,inconsistent,4,6.85,7.95,5.05,2.9,81.7,83.2,63.2,41.7,30.7,5.35,7,0,5,0,74.3,53.9,91.2,10.9,84.2,70.3,0.38,5.56
STU_03248,average,4,3.47,2.09,4.37,-2.28,64.9,57.3,50.9,45.3,34.0,5.22,7,3,0,6,40.6,26.6,53.9,8.7,49.1,37.2,0.38,6.0
STU_03249,average,5,1.77,3.89,0.0,3.89,60.6,62.7,46.6,65.5,52.0,6.42,4,1,0,3,46.0,36.9,63.2,10.2,50.0,42.0,0.5,2.75
STU_03250,topper,5,9.76,9.67,9.82,-0.15,90.9,80.8,82.2,59.0,8.8,5.02,4,0,4,0,79.6,71.1,86.3,5.8,74.5,84.7,0.5,10.0
STU_03251,inconsistent,4,1.61,3.41,1.0,2.41,50.8,57.8,43.8,51.2,25.6,5.89,7,2,0,5,45.4,24.0,69.5,14.5,50.9,43.2,0.38,0.89
STU_03252,failing,5,0.37,0.56,0.0,0.56,24.5,43.9,37.5,6.7,22.6,6.07,4,3,0,4,13.8,2.0,46.8,19.1,25.6,2.0,0.5,0.0
STU_03253,average,3,1.43,1.95,1.0,0.95,86.6,59.7,71.6,49.0,14.0,5.36,6,3,0,5,38.6,22.4,54.4,11.9,50.5,32.6,0.25,4.18
STU_03254,below_avg,3,0.54,0.0,0.0,0.0,54.0,12.8,32.5,27.8,66.6,5.93,6,6,0,6,21.0,9.9,36.2,9.6,18.4,22.3,0.25,1.14
STU_03255,strong,4,8.31,8.18,8.74,-0.56,88.7,66.4,82.9,89.6,59.7,6.11,7,0,5,0,73.0,64.7,85.8,6.7,71.9,73.4,0.38,9.67
STU_03256,strong,3,8.8,8.53,9.0,-0.47,81.5,81.5,75.9,59.9,36.2,6.5,6,0,5,0,77.1,66.2,84.2,6.8,83.8,73.7,0.25,8.32
STU_03257,below_avg,5,0.92,0.78,2.0,-1.22,47.7,32.2,51.5,25.8,5.7,5.48,4,3,0,3,36.3,21.2,66.3,18.1,43.8,28.9,0.5,1.88
STU_03258,above_avg,5,5.98,4.67,6.23,-1.56,70.1,71.8,57.5,56.9,49.3,4.88,4,0,0,2,55.1,43.7,67.5,11.4,66.5,43.8,0.5,3.0
STU_03259,average,5,1.83,0.78,1.36,-0.58,65.9,30.7,31.4,24.7,38.2,5.55,4,3,0,3,30.8,10.0,68.4,23.4,40.5,21.2,0.5,2.38
STU_03260,below_avg,5,0.28,0.44,0.0,0.44,58.6,41.3,32.8,31.2,46.3,6.11,4,3,0,4,24.4,2.0,43.7,15.9,38.9,9.8,0.5,0.0
STU_03261,strong,4,6.42,8.09,6.11,1.98,86.8,72.9,75.4,96.4,29.9,6.85,7,0,5,0,73.4,59.3,84.9,9.4,78.3,71.5,0.38,7.44
STU_03262,strong,4,6.85,6.68,6.37,0.31,87.7,67.3,42.6,59.7,51.4,5.93,7,0,3,1,64.8,44.8,89.1,15.9,79.2,59.1,0.38,7.22
STU_03263,struggling,5,0.0,0.0,0.0,0.0,48.7,19.1,32.1,62.9,0.0,4.0,4,4,0,4,14.2,2.0,25.9,8.7,21.6,6.7,0.5,0.0
STU_03264,strong,3,8.66,8.32,8.89,-0.57,88.9,80.5,71.1,87.1,17.6,6.62,6,0,4,0,75.5,50.0,92.2,15.7,85.9,70.4,0.25,8.82
STU_03265,average,4,2.24,1.91,1.58,0.33,64.0,44.5,43.8,95.4,18.1,4.69,7,4,0,6,37.1,21.0,58.0,11.9,47.2,33.0,0.38,1.56
STU_03266,average,5,1.94,1.44,2.32,-0.88,61.8,60.3,65.7,57.8,36.1,5.48,4,2,0,2,42.3,20.6,60.8,17.8,59.8,24.8,0.5,4.0
STU_03267,below_avg,4,0.34,0.0,0.42,-0.42,58.3,28.6,38.6,29.4,26.8,5.74,7,7,0,7,25.0,13.3,38.1,8.2,29.1,23.3,0.38,1.0
STU_03268,average,5,3.3,3.11,3.73,-0.62,71.4,44.3,23.6,56.6,41.9,5.22,4,2,1,3,46.6,32.5,73.9,16.5,54.2,39.0,0.5,2.62
STU_03269,above_avg,4,6.99,5.5,7.58,-2.08,83.0,66.3,53.8,72.5,24.1,7.0,7,0,0,2,52.9,40.9,68.5,8.0,61.0,49.7,0.38,6.67
STU_03270,strong,3,6.72,6.74,6.95,-0.21,83.3,68.5,40.3,43.6,41.5,5.58,6,0,1,0,61.7,51.4,74.2,6.8,66.8,59.1,0.25,7.73
STU_03271,below_avg,4,0.28,0.0,0.84,-0.84,67.3,35.0,50.4,36.6,7.5,5.37,7,7,0,7,24.1,9.6,31.6,7.0,29.6,21.9,0.38,0.0
STU_03272,average,5,2.91,1.33,4.14,-2.81,81.2,65.7,62.6,42.0,34.2,5.5,4,2,0,3,43.8,32.3,63.1,12.2,54.1,33.5,0.5,5.0
STU_03273,inconsistent,5,7.39,7.33,8.0,-0.67,59.9,82.4,65.3,63.3,17.3,5.15,4,0,2,1,66.5,44.5,80.2,13.4,62.4,70.7,0.5,7.62
STU_03274,average,3,3.1,2.37,3.37,-1.0,68.6,29.3,45.8,65.8,23.2,6.19,6,3,0,5,40.6,31.1,51.0,6.8,42.5,39.7,0.25,1.36
STU_03275,below_avg,3,0.32,0.26,0.74,-0.48,60.6,27.3,46.4,50.2,38.4,5.78,6,5,0,6,30.3,8.5,47.2,12.0,38.7,26.0,0.25,0.73
STU_03276,average,3,1.0,1.47,1.16,0.31,65.1,39.0,49.1,40.4,39.5,6.42,6,3,0,6,37.2,28.5,43.8,5.9,42.3,34.7,0.25,2.82
STU_03277,average,4,3.59,3.36,3.37,-0.01,70.1,68.4,34.8,51.1,30.0,7.34,7,2,1,5,49.8,35.8,84.2,15.7,62.8,44.6,0.38,2.67
STU_03278,strong,4,7.6,6.64,7.89,-1.25,79.7,60.4,61.0,71.1,44.4,5.92,7,0,2,0,63.8,52.9,77.3,9.1,77.2,58.4,0.38,9.22
STU_03279,below_avg,5,0.3,0.67,0.0,0.67,49.6,35.2,36.7,31.1,10.7,5.3,4,3,0,3,27.9,10.6,57.6,18.0,37.6,18.2,0.5,0.62
STU_03280,average,7,3.92,4.67,3.0,1.67,76.7,52.1,53.3,44.0,28.2,6.47,3,1,0,2,45.3,39.1,54.8,6.8,40.5,54.8,0.75,5.0
STU_03281,struggling,3,0.78,1.05,0.0,1.05,42.7,32.4,35.0,30.7,15.6,6.8,6,5,0,6,21.1,2.0,49.9,17.0,23.4,19.9,0.25,0.0
STU_03282,improving,5,3.51,5.89,0.18,5.71,70.5,84.1,70.7,81.5,19.8,7.25,4,0,1,2,57.3,42.7,88.7,18.4,65.7,48.9,0.5,6.0
STU_03283,average,4,0.72,0.27,1.21,-0.94,80.4,45.1,49.9,58.7,23.3,6.08,7,6,0,6,31.3,18.9,51.3,9.2,41.6,27.1,0.38,4.11
STU_03284,strong,6,7.84,7.75,8.22,-0.47,83.6,84.7,71.6,68.6,34.7,5.04,4,0,3,0,74.6,55.0,86.6,12.3,81.1,55.0,0.62,9.33
STU_03285,average,4,3.13,3.27,3.11,0.16,74.0,53.1,47.7,50.7,6.8,5.57,7,2,0,4,44.3,21.9,56.0,11.0,54.0,40.5,0.38,2.89
STU_03286,improving,4,1.92,3.55,0.21,3.34,85.6,65.4,38.5,40.6,40.8,6.38,7,2,0,3,43.2,2.0,66.3,21.2,63.3,35.2,0.38,3.44
STU_03287,average,4,3.22,2.0,4.21,-2.21,74.3,55.8,51.4,32.4,37.0,6.06,7,3,1,6,41.9,29.7,70.3,13.0,56.8,35.9,0.38,1.22
STU_03288,failing,7,0.1,0.0,0.0,0.0,20.8,11.5,34.0,0.7,0.0,5.97,3,3,0,3,9.5,2.0,13.5,5.3,13.2,2.0,0.75,0.0
STU_03289,average,7,2.38,2.33,2.62,-0.29,66.5,79.4,43.3,59.6,13.6,5.54,3,1,0,1,50.2,21.5,64.7,20.3,64.5,21.5,0.75,6.0
STU_03290,struggling,6,0.0,0.0,0.0,0.0,31.8,40.5,41.4,30.6,27.7,5.26,4,4,0,4,19.0,2.0,28.9,10.5,24.7,2.0,0.62,0.0
STU_03291,average,3,0.75,0.0,0.63,-0.63,74.7,34.0,46.7,40.5,38.9,7.01,6,6,0,6,27.2,21.6,33.2,3.8,28.6,26.6,0.25,0.27
STU_03292,below_avg,5,0.59,0.56,0.0,0.56,58.9,47.0,44.6,49.4,37.3,6.95,4,3,0,4,32.6,22.8,49.9,10.3,39.9,25.2,0.5,0.0
STU_03293,strong,7,6.09,7.5,3.75,3.75,83.3,100.0,54.8,68.9,35.9,5.99,3,0,1,0,76.5,64.8,94.9,13.2,82.3,64.8,0.75,8.67
STU_03294,below_avg,7,0.0,0.0,0.0,0.0,51.4,16.8,24.2,48.9,0.0,7.24,3,3,0,3,10.4,2.0,15.5,6.0,14.6,2.0,0.75,0.0
STU_03295,struggling,6,0.06,0.0,0.0,0.0,52.4,39.5,33.2,33.8,0.0,6.89,4,4,0,4,24.7,13.3,38.5,9.9,28.5,13.3,0.62,0.0
STU_03296,struggling,4,0.0,0.0,0.0,0.0,37.6,5.2,43.2,21.7,19.2,6.98,7,7,0,7,7.4,2.0,19.6,7.0,12.2,5.5,0.38,0.0
STU_03297,above_avg,4,2.74,3.32,2.68,0.64,71.4,49.8,43.0,59.3,14.5,6.26,7,2,0,4,46.2,26.8,62.3,13.1,59.1,41.0,0.38,4.22
STU_03298,average,3,1.72,1.89,2.79,-0.9,63.2,31.0,54.0,27.1,11.6,6.61,6,3,0,5,39.1,17.0,52.7,12.1,50.9,33.3,0.25,3.32
STU_03299,below_avg,6,0.53,0.62,0.0,0.62,58.7,44.3,31.9,45.5,0.0,6.2,4,3,0,4,33.1,22.7,49.9,10.4,33.0,33.4,0.62,2.0
STU_03300,above_avg,4,6.47,6.32,6.37,-0.05,82.3,56.6,80.6,55.2,12.0,6.4,7,0,2,2,62.0,42.9,72.4,10.9,68.5,59.4,0.38,6.44
STU_03301,struggling,5,0.46,0.0,0.0,0.0,42.8,35.2,37.8,33.3,15.9,6.77,4,4,0,4,18.4,2.0,27.4,10.4,22.2,14.7,0.5,1.0
STU_03302,average,4,1.36,0.91,1.84,-0.93,76.6,46.9,39.6,45.8,32.0,4.64,7,6,0,7,33.5,27.0,47.3,6.5,30.8,34.5,0.38,0.78
STU_03303,above_avg,5,6.28,6.56,6.09,0.47,80.8,69.8,62.4,65.6,17.9,6.17,4,0,1,1,64.5,49.1,76.5,10.1,72.9,56.0,0.5,4.25
STU_03304,above_avg,4,3.48,3.5,3.37,0.13,76.2,82.1,67.7,63.2,7.4,6.12,7,2,1,4,51.3,33.1,80.7,16.1,74.1,42.1,0.38,4.89
STU_03305,average,6,2.27,4.12,0.67,3.45,74.6,52.1,43.0,50.8,28.7,6.97,4,1,0,3,44.6,37.8,50.1,4.5,42.8,50.1,0.62,1.17
STU_03306,below_avg,4,0.33,1.5,0.0,1.5,62.4,29.9,56.7,53.9,48.7,6.02,7,5,0,6,33.0,15.4,60.9,15.5,31.5,33.5,0.38,1.11
STU_03307,below_avg,5,0.27,0.0,1.14,-1.14,61.9,63.5,52.4,30.2,50.1,6.67,4,4,0,4,27.8,5.8,39.9,13.1,37.1,18.4,0.5,2.62
STU_03308,struggling,5,0.16,0.56,0.0,0.56,35.3,32.2,19.4,23.5,27.2,6.28,4,3,0,4,16.4,2.0,46.5,17.6,27.4,5.3,0.5,0.0
STU_03309,strong,4,6.46,6.36,6.32,0.04,91.1,81.4,69.2,50.2,15.3,5.76,7,0,1,1,61.6,46.7,75.8,8.1,69.8,58.3,0.38,6.89
STU_03310,struggling,3,0.36,0.0,0.37,-0.37,31.8,27.4,39.2,11.9,39.3,5.75,6,6,0,6,18.1,2.0,27.7,9.7,25.4,14.4,0.25,0.0
STU_03311,topper,4,9.39,9.45,10.0,-0.55,93.4,91.5,56.6,87.5,75.1,5.02,7,0,7,0,83.2,75.4,100.0,7.7,93.1,79.2,0.38,10.0
STU_03312,average,5,1.06,1.44,1.09,0.35,85.0,64.2,46.4,27.5,34.5,5.65,4,2,1,3,34.9,7.2,73.8,26.7,59.5,10.3,0.5,1.0
STU_03313,average,3,1.11,0.53,1.05,-0.52,65.8,45.9,36.6,52.1,29.5,6.54,6,5,0,6,33.2,21.3,46.6,9.3,43.2,28.2,0.25,3.32
STU_03314,topper,4,8.76,9.45,7.63,1.82,91.9,98.5,52.9,72.8,69.7,5.52,7,0,7,0,83.8,74.7,93.9,6.8,93.3,80.0,0.38,10.0
STU_03315,below_avg,5,0.2,0.0,0.0,0.0,49.2,33.0,21.0,63.5,7.3,6.87,4,4,0,4,16.1,2.0,29.4,12.6,28.6,3.6,0.5,0.5
STU_03316,failing,3,0.79,0.0,0.0,0.0,15.8,26.4,21.9,25.9,14.3,6.38,6,6,0,6,10.8,2.0,29.7,12.5,14.6,8.9,0.25,0.0
STU_03317,average,7,0.0,0.0,0.0,0.0,61.8,51.0,30.2,15.3,0.0,7.05,3,3,0,3,36.1,34.9,37.9,1.3,36.4,35.4,0.75,0.83
STU_03318,below_avg,3,0.48,0.84,0.0,0.84,63.8,63.6,46.7,35.3,0.0,4.6,6,4,0,5,29.5,2.0,54.2,16.9,49.4,19.6,0.25,0.18
STU_03319,inconsistent,3,8.57,7.32,9.47,-2.15,62.0,81.0,84.7,64.3,73.2,6.84,6,0,3,1,67.9,48.6,77.9,10.4,76.6,63.6,0.25,4.0
STU_03320,below_avg,3,0.1,0.53,0.53,0.0,50.6,52.3,48.8,55.5,28.3,6.98,6,5,0,6,25.7,14.5,46.9,10.4,34.8,21.1,0.25,0.45
STU_03321,below_avg,7,0.61,1.0,0.5,0.5,52.7,36.1,40.4,33.3,68.3,6.01,3,2,0,2,42.8,33.8,55.1,9.0,47.2,33.8,0.75,4.5
STU_03322,average,4,2.68,3.41,1.58,1.83,82.2,60.8,59.4,29.8,51.7,5.67,7,3,0,5,42.2,14.0,66.3,18.4,49.2,39.3,0.38,3.11
STU_03323,average,6,3.06,2.75,4.33,-1.58,85.1,50.8,54.2,74.2,30.1,5.16,4,2,0,3,43.1,36.2,57.0,8.3,43.5,41.8,0.62,2.17
STU_03324,strong,4,7.59,7.64,7.32,0.32,82.3,74.8,65.4,61.2,36.6,6.1,7,0,3,0,74.1,60.3,95.9,11.5,89.7,67.9,0.38,7.22
STU_03325,topper,3,9.27,9.32,9.11,0.21,95.6,93.7,72.3,75.1,85.8,6.24,6,0,6,0,80.3,74.6,86.8,5.5,80.9,80.0,0.25,10.0
STU_03326,failing,3,0.0,0.0,0.0,0.0,18.6,8.2,26.2,6.3,0.0,5.88,6,6,0,6,4.0,2.0,14.2,4.5,8.1,2.0,0.25,0.0
STU_03327,above_avg,7,6.6,6.5,7.0,-0.5,76.1,62.7,72.6,66.3,57.1,6.71,3,0,1,1,62.6,48.9,88.4,18.2,68.7,50.6,0.75,2.67
STU_03328,average,5,3.91,4.56,2.32,2.24,77.9,77.2,41.6,67.6,24.7,5.04,4,0,0,2,51.5,43.4,68.1,9.9,59.3,43.8,0.5,6.62
STU_03329,struggling,5,0.24,0.0,0.0,0.0,54.2,10.2,23.4,31.2,0.0,6.56,4,4,0,4,6.8,2.0,16.9,6.1,9.4,4.2,0.5,1.0
STU_03330,below_avg,3,0.48,0.0,0.0,0.0,58.5,25.2,32.6,17.5,81.2,6.72,6,6,0,6,25.1,7.7,36.0,10.0,20.6,27.4,0.25,0.0
STU_03331,improving,7,2.45,1.83,4.25,-2.42,94.9,55.9,76.1,36.1,39.0,5.56,3,1,0,2,40.6,24.8,50.3,11.3,48.5,24.8,0.75,0.67
STU_03332,failing,3,0.0,0.0,0.0,0.0,30.0,7.4,0.0,57.6,52.9,6.47,6,6,0,6,5.9,2.0,18.5,6.2,5.5,6.1,0.25,0.0
STU_03333,below_avg,6,1.62,1.75,2.78,-1.03,57.3,46.7,31.9,52.2,41.2,4.0,4,3,0,3,43.8,36.0,64.2,11.8,46.0,37.2,0.62,0.0
STU_03334,below_avg,4,1.06,1.09,1.16,-0.07,62.3,43.3,39.5,39.4,12.0,5.82,7,5,0,7,31.1,16.2,45.8,10.0,36.6,28.9,0.38,1.11
STU_03335,strong,5,9.1,7.67,9.64,-1.97,85.7,86.1,73.5,79.5,29.8,5.24,4,0,2,0,76.9,62.2,89.5,12.6,89.4,64.3,0.5,8.5
STU_03336,average,3,1.72,2.89,1.0,1.89,68.2,63.7,80.6,65.7,29.9,7.0,6,2,0,4,42.0,18.5,62.1,13.9,56.5,34.7,0.25,2.32
STU_03337,topper,5,9.55,8.67,10.0,-1.33,92.5,88.0,84.3,94.5,89.9,7.07,4,0,3,0,87.5,68.4,96.3,11.2,94.8,80.3,0.5,9.0
STU_03338,average,7,2.11,1.67,3.0,-1.33,73.5,38.2,30.2,4.9,22.9,5.02,3,1,0,2,34.9,10.8,53.0,17.7,47.0,10.8,0.75,0.83
STU_03339,above_avg,3,4.92,6.21,3.89,2.32,72.8,86.6,52.8,46.4,7.2,5.08,6,0,1,2,61.2,46.9,86.4,13.7,69.3,57.1,0.25,8.55
STU_03340,average,6,1.99,1.25,2.44,-1.19,61.7,66.4,55.5,33.6,58.0,6.4,4,3,0,4,33.5,23.3,47.0,9.2,37.0,23.3,0.62,0.0
STU_03341,topper,6,8.27,9.0,8.78,0.22,90.3,89.8,74.4,47.5,34.5,7.41,4,0,4,0,85.6,71.8,94.9,8.5,90.2,71.8,0.62,10.0
STU_03342,average,4,4.19,4.86,3.84,1.02,70.9,68.7,65.7,55.3,18.2,7.29,7,0,0,5,48.8,41.7,64.4,7.2,53.7,46.8,0.38,3.78
STU_03343,strong,3,9.36,7.47,10.0,-2.53,76.1,96.9,61.5,83.5,65.1,6.6,6,0,4,0,73.0,55.3,92.6,13.6,89.8,64.6,0.25,8.68
STU_03344,above_avg,5,3.9,4.89,3.45,1.44,86.2,51.3,39.8,48.3,4.8,6.1,4,0,0,2,47.7,40.5,57.2,6.9,46.6,48.9,0.5,5.38
STU_03345,average,3,4.48,4.89,3.58,1.31,67.2,64.5,44.0,84.4,11.4,7.84,6,0,0,4,51.0,42.2,68.9,8.8,59.0,47.0,0.25,0.59
STU_03346,above_avg,4,6.32,6.41,6.53,-0.12,80.8,98.9,63.2,63.3,93.4,5.99,7,0,2,2,61.2,48.1,82.0,12.4,73.7,56.2,0.38,6.44
STU_03347,struggling,5,0.14,0.44,0.0,0.44,41.1,36.0,57.1,49.2,27.2,5.74,4,3,0,4,13.5,2.0,41.9,16.6,21.9,5.1,0.5,0.0
STU_03348,above_avg,3,4.93,3.11,6.21,-3.1,73.6,68.4,49.9,85.6,49.8,5.58,6,2,1,5,47.3,31.1,77.3,14.6,62.0,40.0,0.25,3.64
STU_03349,strong,4,7.51,6.64,7.79,-1.15,79.5,57.3,70.9,50.7,24.1,6.13,7,0,1,0,62.1,54.9,77.6,6.8,62.7,61.9,0.38,7.0
STU_03350,strong,4,8.12,7.68,8.26,-0.58,95.0,95.2,91.3,50.5,19.6,6.53,7,0,3,0,70.5,63.9,80.1,6.2,75.8,68.3,0.38,9.22
STU_03351,struggling,3,0.13,0.0,0.53,-0.53,37.9,45.4,37.8,36.6,33.4,5.13,6,6,0,6,21.2,2.0,39.4,13.9,38.4,12.6,0.25,0.0
STU_03352,above_avg,4,5.76,5.73,4.74,0.99,69.1,79.3,72.6,58.4,55.6,6.17,7,0,0,2,56.1,41.3,66.1,9.3,65.0,52.6,0.38,1.56
STU_03353,struggling,3,0.52,0.84,0.0,0.84,41.5,0.0,19.4,53.2,19.0,6.44,6,5,0,6,11.6,2.0,41.9,14.3,8.5,13.2,0.25,0.0
STU_03354,above_avg,3,3.8,3.21,4.11,-0.9,79.2,67.7,69.0,47.9,21.4,5.87,6,2,1,3,49.6,31.5,79.1,16.5,69.4,39.7,0.25,5.14
STU_03355,struggling,5,1.44,0.0,2.14,-2.14,42.6,32.4,54.1,39.6,46.0,6.75,4,4,0,4,16.7,2.0,30.6,10.6,26.0,7.4,0.5,0.75
STU_03356,topper,6,9.49,10.0,8.67,1.33,92.2,100.0,76.3,85.8,71.1,6.07,4,0,4,0,90.2,86.9,96.9,4.0,91.3,86.9,0.62,10.0
STU_03357,topper,7,10.0,10.0,10.0,0.0,92.7,94.7,90.9,67.8,48.3,4.97,3,0,3,0,96.0,92.3,100.0,3.2,97.8,92.3,0.75,10.0
STU_03358,strong,5,8.0,8.22,7.64,0.58,87.8,81.7,40.2,65.9,46.7,6.08,4,0,2,0,73.5,65.1,83.3,6.9,76.3,70.6,0.5,7.5
STU_03359,below_avg,4,0.63,0.0,0.95,-0.95,52.4,36.9,43.6,20.1,10.0,7.02,7,7,0,7,14.0,2.0,33.5,12.0,29.9,7.7,0.38,0.67
STU_03360,strong,4,5.78,6.05,6.05,0.0,85.4,97.9,61.4,88.8,57.0,4.96,7,0,2,1,61.0,46.4,79.9,10.7,76.1,55.0,0.38,7.33
STU_03361,below_avg,6,0.98,1.0,1.33,-0.33,58.8,24.8,42.9,53.4,0.0,6.08,4,3,0,4,27.6,2.0,42.1,15.7,23.9,38.5,0.62,1.5
STU_03362,strong,7,7.35,6.5,7.5,-1.0,81.8,73.8,68.1,51.3,52.7,6.34,3,0,1,0,63.6,53.7,70.2,7.1,68.5,53.7,0.75,8.17
STU_03363,below_avg,5,0.0,0.0,0.0,0.0,53.9,38.4,58.6,49.8,13.3,6.68,4,4,0,4,20.8,11.5,28.2,6.8,27.2,14.3,0.5,1.5
STU_03364,strong,4,5.58,5.64,5.84,-0.2,94.0,54.7,53.9,64.0,24.4,6.21,7,0,1,2,58.3,41.8,79.4,11.5,74.2,52.0,0.38,8.33
STU_03365,average,5,1.15,2.67,0.27,2.4,64.2,59.8,60.0,51.1,22.8,6.57,4,1,0,4,39.2,21.0,47.2,10.6,45.0,33.4,0.5,6.5
STU_03366,average,3,2.18,1.95,3.26,-1.31,71.1,73.2,69.5,55.0,53.5,7.08,6,3,0,4,42.3,25.4,63.2,14.8,61.9,32.5,0.25,1.45
STU_03367,struggling,5,0.0,0.0,0.0,0.0,62.2,11.0,15.5,3.7,22.2,6.54,4,4,0,4,9.0,2.0,30.1,12.2,16.1,2.0,0.5,0.0
STU_03368,struggling,4,0.01,0.0,0.0,0.0,29.1,23.0,27.8,53.4,0.0,6.52,7,7,0,7,9.3,2.0,28.8,9.7,22.8,3.8,0.38,0.0
STU_03369,inconsistent,4,1.48,2.45,1.74,0.71,85.5,36.6,43.5,52.0,25.0,5.86,7,4,0,4,34.1,6.0,58.5,21.0,34.9,33.7,0.38,0.44
STU_03370,above_avg,5,5.92,6.89,5.5,1.39,91.2,43.1,42.0,46.1,0.0,6.55,4,0,1,1,61.1,47.4,72.5,9.0,60.0,62.2,0.5,8.88
STU_03371,below_avg,7,0.62,1.0,1.25,-0.25,66.9,48.5,58.1,51.5,19.9,6.18,3,2,0,2,36.6,26.2,54.3,12.6,41.8,26.2,0.75,0.67
STU_03372,improving,6,3.19,5.0,1.0,4.0,78.4,56.9,57.4,65.2,73.3,6.61,4,0,0,3,50.4,44.6,58.2,4.9,50.8,49.2,0.62,5.83
STU_03373,average,4,4.29,3.41,5.47,-2.06,65.1,54.4,39.2,45.1,50.9,6.75,7,2,0,5,46.6,33.1,65.5,10.2,50.3,45.0,0.38,1.22
STU_03374,average,4,1.73,1.32,1.0,0.32,59.8,53.0,49.7,44.9,15.0,7.73,7,4,0,7,37.2,21.8,47.7,8.4,44.5,34.3,0.38,3.0
STU_03375,below_avg,3,0.0,0.0,0.0,0.0,66.8,19.4,34.7,51.3,62.4,6.82,6,6,0,6,8.4,2.0,23.7,9.2,21.3,2.0,0.25,0.0
STU_03376,below_avg,6,0.85,0.5,0.56,-0.06,48.0,31.6,31.2,44.0,13.4,7.24,4,3,0,4,23.1,2.0,40.4,16.0,30.1,2.0,0.62,0.67
STU_03377,topper,6,10.0,9.5,10.0,-0.5,90.3,81.7,64.8,74.4,32.4,5.54,4,0,4,0,89.6,79.4,96.0,6.3,93.0,79.4,0.62,10.0
STU_03378,above_avg,7,6.35,5.17,7.12,-1.95,83.8,48.6,54.1,50.0,43.6,6.21,3,0,0,2,49.8,46.0,56.6,4.8,51.3,46.8,0.75,3.83
STU_03379,strong,3,7.29,7.47,7.26,0.21,84.5,87.5,93.6,61.0,65.0,5.77,6,0,3,0,72.3,50.9,95.0,15.3,91.8,62.6,0.25,9.59
STU_03380,above_avg,3,3.47,4.47,2.74,1.73,76.1,85.7,52.2,39.3,38.1,5.38,6,1,0,3,52.1,30.7,66.9,13.1,65.2,45.5,0.25,2.14
STU_03381,average,4,0.79,0.55,1.68,-1.13,71.5,61.8,41.7,45.6,23.9,5.68,7,5,0,5,38.2,21.2,56.9,12.7,56.3,31.0,0.38,1.33
STU_03382,strong,5,7.28,7.11,7.41,-0.3,96.6,62.0,86.0,71.4,47.2,7.16,4,0,2,0,69.4,56.0,78.6,9.4,78.2,60.6,0.5,8.38
STU_03383,strong,3,7.5,7.26,7.79,-0.53,91.6,93.8,74.9,29.0,31.2,5.91,6,0,2,0,72.4,57.7,88.9,10.4,85.8,65.7,0.25,8.32
STU_03384,above_avg,4,5.31,5.05,5.0,0.05,82.6,61.1,56.6,50.7,45.9,6.13,7,0,1,4,53.9,42.0,70.6,12.1,68.9,47.9,0.38,5.33
STU_03385,above_avg,6,7.06,6.5,6.56,-0.06,83.5,47.0,48.5,58.6,45.8,5.49,4,0,0,0,58.5,51.7,67.5,5.8,55.5,67.5,0.62,7.17
STU_03386,strong,5,5.27,4.0,6.55,-2.55,82.5,93.2,88.8,67.7,24.2,5.62,4,1,1,1,57.7,35.5,70.4,13.2,66.2,49.1,0.5,6.5
STU_03387,below_avg,6,1.11,1.25,1.11,0.14,49.9,39.9,55.7,75.6,19.7,6.03,4,2,0,3,33.0,11.5,55.9,16.9,36.1,23.5,0.62,0.83
STU_03388,strong,7,6.42,7.17,5.38,1.79,96.4,83.3,68.1,72.0,44.9,7.27,3,0,2,0,75.8,59.6,87.9,11.9,83.9,59.6,0.75,6.5
STU_03389,improving,5,0.14,0.67,0.23,0.44,82.0,51.1,55.0,62.0,29.7,6.55,4,3,0,3,39.8,31.2,56.1,9.7,43.6,35.9,0.5,7.62
STU_03390,struggling,4,0.09,0.0,0.0,0.0,55.6,5.6,0.0,14.2,48.6,7.38,7,7,0,7,6.4,2.0,15.7,4.7,6.6,6.3,0.38,0.44
STU_03391,failing,5,0.03,0.0,0.0,0.0,23.1,14.4,21.7,20.7,7.1,7.07,4,4,0,4,6.7,2.0,19.0,7.1,11.3,2.0,0.5,0.0
STU_03392,average,6,2.46,3.62,2.33,1.29,66.3,53.6,54.4,31.3,10.4,7.07,4,1,0,4,41.4,26.1,49.3,9.1,39.6,46.7,0.62,6.33
STU_03393,average,3,4.12,4.47,4.16,0.31,63.3,81.1,47.2,43.2,18.9,4.87,6,1,0,3,52.1,38.9,66.4,9.2,63.3,46.5,0.25,2.64
STU_03394,average,7,4.22,2.17,6.0,-3.83,87.5,65.9,49.8,72.1,26.8,7.13,3,1,0,1,52.0,36.1,67.8,12.9,60.0,36.1,0.75,6.17
STU_03395,average,5,1.11,1.11,1.64,-0.53,70.0,44.4,48.8,28.7,26.1,5.73,4,2,0,3,39.8,31.5,50.2,7.2,46.3,33.4,0.5,3.62
STU_03396,strong,4,6.71,5.95,6.89,-0.94,93.5,73.2,76.3,58.6,18.1,5.56,7,0,1,1,60.2,44.5,70.0,8.7,68.8,56.7,0.38,4.11
STU_03397,below_avg,3,0.2,0.26,0.0,0.26,57.9,28.3,56.8,2.3,67.5,6.03,6,5,0,6,21.7,4.8,48.4,13.9,33.3,15.8,0.25,0.95
STU_03398,strong,4,8.36,7.59,8.37,-0.78,80.1,100.0,70.7,73.5,26.7,7.26,7,0,4,0,70.4,59.1,83.3,8.8,81.6,65.9,0.38,7.0
STU_03399,above_avg,4,7.5,6.32,8.95,-2.63,70.5,100.0,49.3,86.6,15.0,5.93,7,0,1,1,62.2,47.9,73.2,8.6,71.1,58.6,0.38,6.0
STU_03400,strong,3,6.09,6.21,6.05,0.16,86.2,61.9,82.0,57.0,66.8,6.0,6,0,1,1,61.4,48.8,74.7,8.5,72.0,56.2,0.25,6.27
STU_03401,below_avg,5,2.13,1.11,4.0,-2.89,51.8,50.1,42.9,32.8,0.0,6.15,4,2,0,3,42.5,34.2,53.5,7.1,48.3,36.6,0.5,1.25
STU_03402,failing,4,0.0,0.0,0.0,0.0,35.0,23.8,5.5,44.5,0.0,7.09,7,7,0,7,12.4,2.0,36.5,12.2,19.2,9.6,0.38,0.0
STU_03403,struggling,3,0.0,0.0,0.0,0.0,54.6,8.3,40.4,30.9,0.0,7.44,6,6,0,6,11.3,2.0,25.8,8.9,8.1,12.9,0.25,0.0
STU_03404,below_avg,4,0.0,0.0,0.53,-0.53,57.0,30.2,56.8,38.8,45.0,5.6,7,7,0,7,12.9,2.0,35.0,9.7,6.5,15.5,0.38,0.0
STU_03405,below_avg,6,1.32,1.12,1.33,-0.21,52.2,43.2,45.1,54.4,19.2,7.39,4,3,1,3,33.0,7.0,77.0,26.4,36.8,21.6,0.62,1.67
STU_03406,below_avg,3,1.33,1.58,1.68,-0.1,50.6,56.0,42.8,41.8,15.3,7.03,6,4,0,5,30.6,2.0,62.0,18.3,46.0,22.9,0.25,0.45
STU_03407,above_avg,5,3.19,2.78,3.45,-0.67,86.5,72.1,78.7,60.6,46.6,6.24,4,1,0,2,46.8,25.0,65.9,15.0,59.7,33.9,0.5,5.75
STU_03408,average,5,0.6,0.78,0.27,0.51,79.4,56.8,40.8,43.1,7.0,5.59,4,3,0,3,38.8,22.3,61.3,14.3,50.0,27.6,0.5,6.0
STU_03409,above_avg,5,4.95,6.11,2.68,3.43,84.6,72.6,64.8,54.8,59.7,6.9,4,0,0,0,57.2,52.0,61.9,3.9,60.9,53.5,0.5,9.0
STU_03410,struggling,6,0.97,0.5,0.44,0.06,51.5,28.0,30.3,24.4,36.0,5.87,4,3,0,4,31.1,19.5,42.1,9.2,34.9,19.5,0.62,2.67
STU_03411,struggling,3,0.0,0.0,0.32,-0.32,52.3,9.2,26.7,35.7,8.6,5.9,6,6,0,6,10.0,2.0,17.4,5.4,8.8,10.6,0.25,0.0
STU_03412,struggling,3,0.0,0.0,0.0,0.0,30.0,18.8,21.2,55.5,23.8,5.17,6,6,0,6,17.8,2.0,36.4,12.9,25.4,14.0,0.25,0.0
STU_03413,average,5,3.24,4.78,2.0,2.78,79.8,59.8,53.6,64.5,9.2,6.43,4,0,0,3,48.6,43.6,60.9,7.1,52.5,44.7,0.5,3.25
STU_03414,below_avg,7,1.15,1.5,0.75,0.75,45.4,37.3,32.0,49.8,52.7,6.35,3,1,0,3,35.5,14.3,47.3,15.0,46.1,14.3,0.75,0.0
STU_03415,below_avg,5,0.42,1.0,0.18,0.82,57.3,57.0,51.2,36.7,14.3,5.53,4,2,0,4,26.5,2.0,47.1,19.0,44.9,8.1,0.5,0.0
STU_03416,above_avg,4,5.94,6.77,6.16,0.61,76.1,62.3,62.8,88.5,48.3,6.57,7,0,1,0,62.8,56.8,71.1,4.8,61.8,63.2,0.38,5.0
STU_03417,average,4,2.89,1.09,4.37,-3.28,79.6,48.9,43.4,62.7,73.3,6.18,7,6,0,6,34.6,28.2,50.5,6.9,34.2,34.8,0.38,2.89
STU_03418,struggling,6,0.0,0.0,0.0,0.0,57.0,17.5,30.6,38.7,7.6,5.67,4,4,0,4,12.6,2.0,21.6,7.5,10.9,17.4,0.62,1.0
STU_03419,topper,3,9.62,10.0,10.0,0.0,86.0,100.0,100.0,78.9,64.8,8.12,6,0,6,0,92.0,85.1,100.0,4.5,94.8,90.6,0.25,10.0
STU_03420,inconsistent,5,2.65,1.44,4.0,-2.56,57.8,72.7,77.9,82.9,33.8,5.67,4,2,0,2,39.6,21.8,62.8,17.4,56.4,22.8,0.5,1.62
STU_03421,above_avg,4,4.29,4.73,3.58,1.15,87.0,60.4,57.1,66.4,57.1,5.76,7,1,2,2,55.4,36.5,73.8,12.3,72.2,48.7,0.38,7.56
STU_03422,average,5,2.18,1.44,2.55,-1.11,63.8,50.3,57.2,37.6,49.9,5.06,4,2,0,2,47.5,36.3,61.0,10.3,57.5,37.6,0.5,1.5
STU_03423,below_avg,4,0.17,0.45,0.32,0.13,68.5,56.5,57.8,16.3,51.8,6.69,7,5,0,7,28.9,7.3,47.8,14.0,46.6,21.9,0.38,0.0
STU_03424,strong,7,7.4,7.5,8.38,-0.88,81.5,88.9,75.2,84.1,64.0,6.8,3,0,1,0,72.9,64.3,84.8,8.7,77.2,64.3,0.75,7.5
STU_03425,above_avg,3,4.77,4.0,4.63,-0.63,77.6,76.2,55.7,73.3,61.8,7.32,6,2,2,2,55.6,31.1,80.5,17.9,77.3,44.8,0.25,4.36
STU_03426,average,4,3.28,2.0,4.47,-2.47,62.8,62.4,64.0,46.5,21.5,6.0,7,3,0,6,43.8,35.3,61.6,8.0,53.5,39.9,0.38,2.44
STU_03427,below_avg,6,2.31,3.5,1.22,2.28,55.7,54.5,25.6,23.9,0.0,6.76,4,2,0,4,36.0,20.0,48.7,10.5,31.7,48.7,0.62,0.83
STU_03428,average,4,1.64,1.27,2.63,-1.36,82.7,49.0,21.0,40.9,0.0,5.86,7,4,0,5,36.2,12.4,56.8,15.3,56.1,28.3,0.38,2.22
STU_03429,below_avg,7,2.76,0.0,3.75,-3.75,56.0,41.1,50.3,40.4,37.1,6.47,3,3,0,3,29.8,26.1,34.9,3.7,31.7,26.1,0.75,1.17
STU_03430,average,6,3.24,3.38,3.11,0.27,66.0,51.9,48.2,32.6,13.6,5.01,4,1,1,2,51.0,30.3,71.3,15.8,58.0,30.3,0.62,0.83
STU_03431,above_avg,7,7.65,8.67,6.5,2.17,78.0,80.3,78.6,62.8,17.0,5.33,3,0,3,0,80.9,73.4,86.3,5.5,84.6,73.4,0.75,9.33
STU_03432,average,6,3.11,2.75,2.67,0.08,75.1,62.2,33.7,65.4,13.7,6.73,4,1,0,3,47.3,32.5,62.5,10.7,52.2,32.5,0.62,1.83
STU_03433,average,3,3.73,4.16,3.26,0.9,72.8,78.3,57.2,40.2,43.4,7.19,6,1,1,3,54.3,38.5,75.3,13.1,70.7,46.2,0.25,3.45
STU_03434,average,5,0.87,0.67,1.55,-0.88,62.6,50.4,48.3,67.9,15.1,6.46,4,3,0,3,38.8,32.4,57.4,10.7,44.9,32.7,0.5,0.0
STU_03435,average,7,0.43,0.0,1.25,-1.25,75.3,34.4,56.6,64.4,13.0,7.52,3,3,0,3,20.0,2.9,37.5,14.1,28.6,2.9,0.75,0.0
STU_03436,topper,3,9.2,9.79,9.05,0.74,86.4,91.2,87.7,88.1,87.3,6.96,6,0,6,0,84.6,76.8,91.3,5.7,91.2,81.3,0.25,10.0
STU_03437,topper,4,9.69,9.82,10.0,-0.18,94.7,88.5,80.5,67.7,19.5,5.66,7,0,7,0,90.4,78.7,100.0,7.7,98.2,87.3,0.38,10.0
STU_03438,below_avg,5,0.0,0.44,0.0,0.44,48.7,53.6,43.3,80.5,3.0,4.57,4,3,0,4,32.1,24.7,42.4,7.5,39.3,24.9,0.5,0.0
STU_03439,average,3,4.55,4.37,4.42,-0.05,83.3,83.0,67.2,43.4,62.7,5.44,6,1,0,3,50.6,39.2,67.6,9.2,54.8,48.5,0.25,6.09
STU_03440,average,7,3.58,5.0,2.88,2.12,70.8,69.0,52.0,66.0,7.2,5.58,3,0,0,1,55.1,44.9,60.4,7.2,60.2,44.9,0.75,6.17
STU_03441,average,4,1.77,2.77,0.84,1.93,71.8,63.7,38.3,52.9,26.0,7.64,7,3,0,3,42.3,12.3,63.6,18.9,58.1,36.0,0.38,4.44
STU_03442,average,6,1.46,0.5,2.33,-1.83,70.8,38.6,54.2,28.2,19.4,5.39,4,3,0,4,33.5,17.9,41.5,9.2,38.7,17.9,0.62,2.17
STU_03443,above_avg,3,4.42,4.26,5.0,-0.74,78.5,57.4,58.4,66.6,13.4,6.3,6,1,0,3,47.2,31.5,57.1,8.5,53.3,44.2,0.25,4.95
STU_03444,average,3,5.97,4.42,7.84,-3.42,81.8,70.1,63.6,84.9,8.5,5.98,6,1,1,2,52.5,38.5,70.5,10.2,60.5,48.5,0.25,4.45
STU_03445,struggling,3,0.0,0.0,0.0,0.0,49.7,23.9,42.7,50.6,7.7,6.63,6,6,0,6,17.2,2.0,36.1,12.7,19.1,16.3,0.25,0.0
STU_03446,above_avg,5,4.67,3.78,5.14,-1.36,88.2,65.9,58.0,52.0,57.3,5.36,4,1,1,2,54.6,36.2,74.0,14.4,60.3,48.9,0.5,6.0
STU_03447,above_avg,3,5.36,4.95,5.89,-0.94,74.1,82.3,73.1,83.2,24.1,6.8,6,1,1,3,53.2,32.8,79.7,15.4,60.1,49.7,0.25,4.41
STU_03448,below_avg,4,0.19,0.18,0.84,-0.66,56.5,26.7,43.0,34.7,8.4,6.05,7,6,0,7,21.0,2.7,43.3,14.5,31.0,17.0,0.38,0.67
STU_03449,average,5,2.82,0.44,5.05,-4.61,61.3,42.9,47.1,40.1,24.7,6.05,4,3,0,4,35.6,30.4,41.1,4.2,39.5,31.6,0.5,4.0
STU_03450,struggling,3,0.22,0.0,0.0,0.0,47.9,15.0,25.8,44.8,0.0,7.07,6,6,0,6,3.4,2.0,8.5,2.4,2.9,3.6,0.25,0.0
STU_03451,above_avg,3,5.84,4.58,6.26,-1.68,93.4,50.9,72.5,62.1,5.4,5.77,6,1,0,5,47.7,33.4,61.6,8.2,47.5,47.8,0.25,5.73
STU_03452,topper,4,9.43,10.0,8.53,1.47,90.7,81.1,74.5,80.3,0.0,5.79,7,0,7,0,88.1,83.8,95.3,3.8,87.6,88.4,0.38,10.0
STU_03453,below_avg,5,0.12,0.0,0.18,-0.18,52.5,45.5,27.3,44.0,41.8,5.21,4,4,0,4,16.6,2.0,37.8,15.3,31.2,2.0,0.5,0.0
STU_03454,struggling,4,0.0,0.0,0.0,0.0,52.1,19.0,68.9,36.9,0.0,5.92,7,7,0,7,22.2,5.9,39.3,11.3,17.3,24.2,0.38,0.0
STU_03455,above_avg,7,5.42,6.17,5.25,0.92,87.6,71.9,61.0,58.1,62.0,7.18,3,0,0,0,60.1,52.0,69.7,7.3,64.1,52.0,0.75,7.33
STU_03456,average,4,3.83,2.5,5.21,-2.71,81.9,75.1,52.4,58.7,26.2,5.84,7,3,1,5,47.3,25.9,72.0,16.3,70.8,37.9,0.38,1.44
STU_03457,average,5,0.74,0.78,1.64,-0.86,73.1,42.1,27.4,64.9,0.0,6.33,4,3,0,3,36.3,22.7,61.8,15.9,49.8,22.8,0.5,3.62
STU_03458,average,7,3.36,1.17,6.5,-5.33,72.1,36.2,52.1,48.0,35.9,6.0,3,2,0,2,42.0,29.6,65.0,16.3,47.3,31.3,0.75,0.0
STU_03459,below_avg,4,0.0,0.0,0.0,0.0,49.6,47.3,27.2,57.4,21.7,6.29,7,7,0,7,19.2,2.0,36.8,10.7,28.0,15.7,0.38,0.56
STU_03460,below_avg,5,1.19,1.78,1.45,0.33,61.8,12.0,55.4,40.5,22.8,6.02,4,3,0,4,21.2,6.3,44.1,15.9,17.1,25.4,0.5,1.75
STU_03461,struggling,6,0.39,0.0,0.0,0.0,32.5,40.1,60.4,37.2,45.7,6.06,4,4,0,4,18.4,2.0,28.5,9.9,23.8,2.0,0.62,0.0
STU_03462,struggling,5,0.0,0.0,0.0,0.0,40.4,0.0,21.1,51.3,12.5,5.5,4,4,0,4,17.1,2.0,28.5,9.8,19.1,15.2,0.5,0.75
STU_03463,below_avg,5,0.17,0.44,0.0,0.44,48.7,21.5,43.8,40.5,16.0,5.27,4,3,0,4,13.6,2.0,41.7,16.3,22.9,4.3,0.5,3.75
STU_03464,strong,6,6.49,6.75,5.44,1.31,90.7,68.3,70.8,50.0,0.1,7.07,4,0,1,0,64.6,55.6,75.2,7.0,67.6,55.6,0.62,8.0
STU_03465,topper,7,8.47,8.5,8.25,0.25,96.4,72.3,65.6,67.2,47.2,4.91,3,0,3,0,77.4,72.8,80.2,3.3,79.8,72.8,0.75,10.0
STU_03466,below_avg,4,0.46,0.73,0.21,0.52,48.2,53.5,19.0,26.6,10.0,5.98,7,6,0,7,25.6,2.0,43.3,12.8,30.7,23.5,0.38,0.56
STU_03467,average,3,0.79,1.68,0.89,0.79,65.1,30.2,49.3,59.9,6.4,6.55,6,4,0,5,38.8,23.0,60.5,11.3,32.2,42.1,0.25,5.73
STU_03468,failing,5,0.27,0.0,0.0,0.0,37.2,16.6,32.5,32.0,41.1,6.52,4,4,0,4,4.8,2.0,13.0,4.8,7.5,2.0,0.5,0.0
STU_03469,struggling,5,0.0,0.0,0.0,0.0,37.0,31.6,44.5,0.0,9.1,6.53,4,4,0,4,10.9,2.0,20.7,9.0,19.9,2.0,0.5,0.0
STU_03470,average,4,1.5,1.45,0.74,0.71,81.8,34.1,45.0,31.1,30.0,6.3,7,4,0,6,35.0,14.4,52.8,11.2,40.9,32.7,0.38,0.67
STU_03471,average,4,4.21,5.32,3.84,1.48,75.8,55.1,46.3,58.0,0.7,6.48,7,1,1,2,59.3,37.8,80.5,12.5,72.2,54.2,0.38,5.11
STU_03472,above_avg,4,5.35,4.91,6.11,-1.2,77.1,67.8,39.1,59.7,33.7,5.65,7,1,0,3,53.9,35.9,65.4,10.4,57.2,52.6,0.38,6.0
STU_03473,below_avg,4,0.0,0.0,0.0,0.0,69.2,15.7,28.6,57.7,8.4,5.9,7,7,0,7,17.3,5.5,23.1,5.5,19.6,16.4,0.38,0.0
STU_03474,above_avg,4,4.87,5.18,4.37,0.81,80.3,50.8,56.4,54.3,34.9,6.52,7,0,0,3,52.3,41.5,67.8,9.6,66.4,46.7,0.38,6.0
STU_03475,average,4,0.4,0.55,1.58,-1.03,70.6,83.6,64.7,46.4,28.0,4.95,7,5,0,5,33.8,2.0,57.5,18.0,56.2,24.9,0.38,3.89
STU_03476,below_avg,7,0.79,1.67,0.0,1.67,49.2,72.0,48.9,40.0,14.3,4.9,3,1,0,2,41.8,27.1,54.3,11.2,49.2,27.1,0.75,0.0
STU_03477,strong,4,9.34,8.55,9.26,-0.71,86.0,76.6,73.9,76.9,56.5,6.24,7,0,5,0,77.6,60.1,92.4,12.8,86.6,74.0,0.38,9.78
STU_03478,average,4,4.16,3.59,3.58,0.01,65.6,59.5,58.5,49.6,26.4,6.19,7,2,0,5,44.6,32.1,65.0,10.2,50.2,42.4,0.38,0.56
STU_03479,strong,5,7.22,8.56,6.41,2.15,84.5,90.9,67.9,73.3,44.9,6.37,4,0,2,0,72.3,63.0,82.0,7.3,72.2,72.5,0.5,10.0
STU_03480,struggling,4,0.51,0.0,0.32,-0.32,51.3,25.0,42.9,50.4,12.7,6.36,7,7,0,7,13.8,2.0,35.2,12.4,19.0,11.7,0.38,0.0
STU_03481,above_avg,3,5.21,4.26,5.37,-1.11,81.9,70.6,61.9,59.5,43.6,4.94,6,1,0,3,52.9,37.3,68.8,12.0,66.4,46.1,0.25,4.82
STU_03482,average,7,4.86,5.0,4.12,0.88,62.2,66.6,58.3,62.4,51.3,7.93,3,0,1,1,57.8,42.4,72.0,12.1,65.5,42.4,0.75,5.0
STU_03483,below_avg,6,0.2,0.5,0.0,0.5,50.1,46.6,50.9,34.7,17.9,5.83,4,3,0,4,29.8,2.0,41.4,16.2,39.1,2.0,0.62,1.67
STU_03484,topper,5,10.0,10.0,9.82,0.18,97.2,80.5,77.3,73.9,35.8,5.16,4,0,4,0,94.4,82.4,100.0,7.2,100.0,88.8,0.5,10.0
STU_03485,above_avg,3,5.3,4.42,6.16,-1.74,80.6,58.6,63.2,50.4,5.7,7.23,6,1,0,3,51.7,39.8,68.0,9.7,55.8,49.7,0.25,5.0
STU_03486,strong,4,6.49,7.18,5.21,1.97,88.7,95.0,58.8,67.9,15.5,4.68,7,0,2,0,69.4,65.0,77.3,4.7,76.5,66.5,0.38,6.44
STU_03487,topper,4,9.29,8.41,9.68,-1.27,95.5,79.9,84.0,95.7,48.6,6.38,7,0,4,0,75.8,67.7,85.9,7.0,75.5,75.9,0.38,9.33
STU_03488,above_avg,6,7.43,8.0,6.78,1.22,75.0,88.9,67.4,40.6,13.2,6.4,4,0,3,0,74.8,66.6,79.9,5.0,77.5,66.6,0.62,8.67
STU_03489,below_avg,4,1.62,1.91,1.58,0.33,54.1,89.1,56.0,45.2,28.2,6.02,7,4,0,4,41.0,15.8,68.6,20.5,65.7,31.2,0.38,0.56
STU_03490,average,6,0.19,0.0,0.44,-0.44,78.9,39.9,43.3,33.8,37.5,6.35,4,4,0,4,29.2,20.2,33.8,5.3,32.2,20.2,0.62,2.17
STU_03491,below_avg,3,0.21,0.0,0.84,-0.84,60.8,26.8,29.8,28.3,23.6,6.9,6,6,0,6,21.5,10.7,31.9,8.6,21.4,21.6,0.25,0.0
STU_03492,average,5,2.61,6.0,0.0,6.0,77.0,61.0,66.0,63.2,35.9,6.37,4,0,0,0,52.9,50.1,54.5,1.8,53.6,52.3,0.5,7.0
STU_03493,topper,3,7.95,8.11,7.68,0.43,97.8,93.4,69.8,93.1,23.2,5.69,6,0,4,0,76.9,67.1,91.4,8.7,87.4,71.7,0.25,10.0
STU_03494,below_avg,3,0.91,1.26,0.0,1.26,67.9,25.8,42.3,66.3,58.9,6.52,6,5,0,5,21.9,2.5,50.1,15.0,19.3,23.2,0.25,1.05
STU_03495,average,3,1.73,2.32,0.89,1.43,62.4,24.6,70.9,42.0,20.3,5.48,6,3,0,6,38.0,29.2,48.9,7.7,35.5,39.3,0.25,2.23
STU_03496,average,3,2.05,3.11,1.47,1.64,60.9,75.0,25.5,35.1,21.0,6.57,6,2,0,4,46.6,30.5,69.2,13.5,62.0,38.8,0.25,0.5
STU_03497,below_avg,4,2.06,0.27,3.84,-3.57,65.7,37.4,38.3,67.3,42.6,6.13,7,6,0,6,23.2,9.0,52.2,13.2,39.0,16.9,0.38,0.0
STU_03498,topper,7,9.62,10.0,10.0,0.0,100.0,100.0,66.6,64.6,100.0,5.96,3,0,3,0,93.1,89.9,95.2,2.3,94.7,89.9,0.75,10.0
STU_03499,above_avg,3,3.38,5.32,0.95,4.37,91.3,78.5,62.3,30.7,42.5,6.12,6,0,1,4,53.9,40.4,75.5,13.4,58.0,51.9,0.25,7.0
STU_03500,above_avg,3,3.28,2.21,3.42,-1.21,74.5,68.1,64.5,27.8,49.6,5.57,6,3,0,3,45.4,23.9,58.1,12.7,57.0,39.6,0.25,2.32
STU_03501,below_avg,3,0.56,0.84,0.0,0.84,60.7,42.7,55.0,44.5,45.5,5.98,6,5,0,6,26.3,2.0,44.0,14.2,35.9,21.5,0.25,0.18
STU_03502,failing,3,0.02,0.0,0.0,0.0,31.4,32.5,3.5,12.5,20.3,5.82,6,6,0,6,7.1,2.0,23.8,8.1,17.2,2.0,0.25,0.0
STU_03503,below_avg,5,1.17,1.0,1.32,-0.32,61.2,47.9,41.8,21.8,0.0,8.5,4,2,0,4,38.1,24.9,47.2,8.4,45.0,31.1,0.5,5.62
STU_03504,below_avg,5,0.96,2.33,0.0,2.33,63.1,64.8,40.9,34.7,15.7,6.17,4,2,0,3,39.2,29.4,51.9,9.9,40.8,37.5,0.5,0.75
STU_03505,failing,4,0.5,0.0,0.0,0.0,35.3,12.4,10.4,23.3,1.5,5.99,7,7,0,7,3.2,2.0,10.3,2.9,2.0,3.7,0.38,0.44
STU_03506,average,6,2.82,3.88,1.33,2.55,68.1,55.3,45.5,66.8,51.5,7.37,4,1,2,1,62.1,36.4,75.2,15.2,70.7,36.4,0.62,1.83
STU_03507,below_avg,5,0.75,0.0,1.73,-1.73,54.1,36.6,42.8,30.7,26.3,5.95,4,4,0,4,15.0,2.0,26.7,8.9,20.2,9.8,0.5,0.0
STU_03508,strong,5,6.89,7.11,6.73,0.38,75.3,81.7,72.7,80.5,0.0,6.03,4,0,1,0,65.0,59.8,73.4,5.2,63.5,66.6,0.5,8.0
STU_03509,average,3,3.37,0.32,6.32,-6.0,67.2,41.7,42.3,52.8,5.0,6.97,6,5,0,5,33.4,20.7,55.7,11.2,41.5,29.3,0.25,0.0
STU_03510,strong,3,7.4,7.79,7.32,0.47,93.4,96.5,63.5,54.3,26.6,6.9,6,0,3,0,71.6,60.2,83.4,9.3,81.6,66.7,0.25,8.32
STU_03511,above_avg,5,5.59,6.44,3.82,2.62,79.1,65.4,63.7,71.0,29.8,4.85,4,0,1,1,62.7,43.0,71.4,11.5,68.1,57.2,0.5,7.75
STU_03512,topper,4,8.29,8.55,7.47,1.08,95.9,87.7,82.2,52.7,56.0,6.28,7,0,6,0,80.5,68.1,100.0,10.7,96.2,74.3,0.38,9.78
STU_03513,below_avg,4,0.49,0.27,0.63,-0.36,72.4,63.4,29.5,60.5,57.9,6.51,7,6,0,6,31.3,17.2,54.7,11.7,40.4,27.6,0.38,0.56
STU_03514,failing,6,0.0,0.0,0.0,0.0,14.2,4.7,21.5,57.4,23.7,6.16,4,4,0,4,14.5,5.4,20.3,5.8,17.5,5.4,0.62,1.0
STU_03515,topper,3,8.6,8.95,9.16,-0.21,99.6,100.0,73.1,79.3,74.9,6.0,6,0,5,0,84.1,67.7,100.0,11.2,98.5,76.8,0.25,10.0
STU_03516,average,3,3.4,4.79,2.16,2.63,63.5,59.5,63.7,65.8,36.0,5.89,6,1,0,2,50.9,22.8,69.5,14.5,60.0,46.3,0.25,5.27
STU_03517,average,5,2.66,0.78,4.41,-3.63,72.6,73.5,70.4,32.3,12.2,7.02,4,3,0,3,39.6,29.5,60.0,11.9,47.6,31.6,0.5,2.12
STU_03518,strong,3,8.01,7.79,7.74,0.05,92.0,75.8,70.7,77.6,11.8,5.35,6,0,3,0,71.9,63.0,81.4,6.1,72.2,71.8,0.25,9.09
STU_03519,strong,5,8.73,9.22,8.18,1.04,91.8,95.8,70.7,41.9,31.3,7.13,4,0,4,0,81.0,75.8,89.1,5.1,85.2,76.8,0.5,8.5
STU_03520,strong,3,7.56,8.11,7.89,0.22,92.4,85.8,61.7,52.0,45.6,7.56,6,0,4,0,71.8,53.8,82.5,9.9,76.5,69.5,0.25,9.36
STU_03521,strong,4,7.36,8.18,7.37,0.81,92.3,74.8,72.1,79.9,61.7,6.23,7,0,5,0,72.0,58.0,83.5,7.5,72.5,71.8,0.38,9.11
STU_03522,topper,3,9.74,9.79,10.0,-0.21,85.7,98.1,100.0,100.0,26.9,6.67,6,0,6,0,89.2,75.4,100.0,8.1,94.0,86.7,0.25,9.82
STU_03523,topper,4,9.57,8.55,9.37,-0.82,91.3,99.5,66.4,62.5,66.0,5.96,7,0,6,0,79.6,67.8,94.5,8.6,91.5,74.9,0.38,10.0
STU_03524,above_avg,4,5.25,5.77,4.37,1.4,79.2,95.9,35.9,46.7,0.0,6.5,7,0,1,1,56.6,40.5,72.8,9.3,68.5,51.9,0.38,8.33
STU_03525,above_avg,3,7.07,6.11,8.53,-2.42,87.3,64.0,45.6,58.2,5.4,5.72,6,0,2,2,58.0,41.9,75.5,11.8,66.2,53.9,0.25,6.5
STU_03526,topper,4,8.67,9.27,8.0,1.27,95.7,88.5,77.5,91.0,0.5,5.76,7,0,7,0,82.1,73.4,97.4,7.3,91.0,78.6,0.38,10.0
STU_03527,above_avg,5,5.34,4.78,6.36,-1.58,76.8,80.0,75.0,46.1,46.6,5.89,4,1,2,1,63.9,37.6,85.1,18.5,81.0,46.8,0.5,5.38
STU_03528,above_avg,3,4.61,4.32,4.58,-0.26,73.1,73.4,42.1,77.1,49.0,5.48,6,1,1,3,51.3,32.0,73.1,13.1,66.9,43.5,0.25,5.95
STU_03529,above_avg,4,6.59,6.86,6.26,0.6,64.9,69.6,69.8,27.4,0.0,4.91,7,0,1,0,64.0,54.8,72.1,5.0,68.7,62.1,0.38,6.33
STU_03530,average,4,0.43,0.27,0.63,-0.36,79.9,51.8,54.4,15.1,20.5,6.46,7,6,0,6,31.3,23.4,54.4,10.0,39.1,28.2,0.38,1.22
STU_03531,strong,5,8.56,6.89,9.27,-2.38,89.9,86.7,78.8,66.7,72.0,5.02,4,0,1,0,70.4,59.5,84.8,9.1,76.2,64.7,0.5,9.75
STU_03532,topper,3,7.64,8.95,7.37,1.58,92.6,100.0,72.5,64.1,71.5,6.38,6,0,5,0,84.9,67.0,100.0,12.1,97.6,78.6,0.25,10.0
STU_03533,above_avg,5,5.86,5.11,6.05,-0.94,92.6,65.0,56.8,45.4,45.9,5.29,4,0,0,1,50.4,44.0,55.1,4.1,52.6,48.2,0.5,2.62
STU_03534,strong,5,7.69,7.44,7.55,-0.11,86.5,76.0,90.7,65.4,25.1,7.71,4,0,3,0,72.1,57.6,80.5,9.1,79.9,64.3,0.5,8.25
STU_03535,above_avg,4,4.69,5.59,4.11,1.48,77.0,53.3,42.8,66.3,23.9,5.11,7,0,0,3,51.3,40.8,62.3,7.6,51.5,51.2,0.38,6.22
STU_03536,topper,3,9.76,9.58,9.79,-0.21,92.5,81.3,82.2,63.1,62.5,7.1,6,0,6,0,83.7,75.1,96.8,6.7,90.0,80.6,0.25,9.82
STU_03537,below_avg,4,0.04,0.36,0.0,0.36,53.3,43.9,15.5,41.7,75.5,6.06,7,6,1,6,21.0,2.0,72.3,23.1,46.8,10.7,0.38,0.0
STU_03538,average,4,0.84,0.27,2.0,-1.73,72.1,59.2,50.3,67.8,8.1,6.61,7,6,0,6,29.8,12.8,59.3,14.3,44.8,23.8,0.38,0.0
STU_03539,strong,4,7.89,6.68,7.21,-0.53,85.9,47.4,83.5,67.7,43.1,6.11,7,0,1,0,61.4,52.3,71.6,5.9,67.6,59.0,0.38,8.33
STU_03540,below_avg,6,0.2,0.75,0.0,0.75,57.3,44.8,22.7,43.8,29.4,5.65,4,3,0,3,37.8,31.5,51.8,8.2,39.3,33.3,0.62,0.0
STU_03541,average,5,0.69,1.33,0.0,1.33,75.1,82.5,53.2,47.6,42.3,5.82,4,2,0,3,45.5,30.7,68.9,14.6,57.4,33.6,0.5,6.0
STU_03542,average,4,0.68,1.23,0.42,0.81,67.8,65.2,40.1,32.1,30.5,6.71,7,4,0,6,33.3,11.1,59.3,15.9,53.0,25.4,0.38,1.22
STU_03543,struggling,3,0.0,0.0,0.0,0.0,35.3,35.3,26.5,36.2,22.9,6.95,6,6,0,6,19.6,2.0,33.3,11.4,27.4,15.6,0.25,0.0
STU_03544,average,4,3.18,2.86,4.0,-1.14,70.3,62.1,60.6,58.1,23.8,8.5,7,3,0,5,38.7,4.9,61.7,16.9,45.8,35.9,0.38,3.22
STU_03545,above_avg,3,3.18,3.42,3.26,0.16,74.5,68.7,51.2,38.5,45.7,6.67,6,2,1,3,51.1,31.1,76.0,15.1,68.2,42.5,0.25,8.41
STU_03546,topper,5,8.79,9.56,8.14,1.42,98.1,81.2,76.7,79.7,55.1,5.97,4,0,4,0,87.5,77.6,97.3,7.1,87.5,87.4,0.5,10.0
STU_03547,average,5,1.32,1.22,1.45,-0.23,70.6,62.1,61.6,60.0,0.0,6.64,4,2,0,3,41.6,27.0,61.0,12.4,51.6,31.6,0.5,3.88
STU_03548,below_avg,3,0.4,0.53,0.0,0.53,67.9,53.0,31.9,24.1,20.7,5.9,6,5,0,6,25.3,6.7,45.1,14.7,41.6,17.2,0.25,1.27
STU_03549,average,4,1.08,1.68,0.21,1.47,66.1,60.1,39.9,37.8,44.3,6.11,7,4,0,4,44.4,25.9,60.0,12.8,59.5,38.3,0.38,1.56
STU_03550,average,3,0.61,0.63,0.0,0.63,74.8,53.3,29.3,32.7,36.4,5.94,6,5,0,5,28.3,14.4,50.8,13.3,44.1,20.4,0.25,1.27
STU_03551,below_avg,3,0.91,1.89,0.0,1.89,63.0,59.8,47.1,39.2,10.3,7.31,6,3,0,5,38.5,23.6,51.4,10.3,47.3,34.1,0.25,0.41
STU_03552,topper,6,9.55,10.0,9.67,0.33,90.5,83.8,78.4,62.7,58.0,7.16,4,0,4,0,91.1,80.2,100.0,7.1,90.4,93.4,0.62,10.0
STU_03553,improving,6,2.0,3.12,0.0,3.12,89.1,63.3,54.5,61.0,0.5,6.97,4,2,2,2,54.0,29.3,77.7,20.7,62.3,29.3,0.62,4.67
STU_03554,strong,4,7.19,6.05,8.84,-2.79,91.3,90.9,65.3,60.5,35.1,7.32,7,0,1,2,59.9,44.1,82.5,12.0,72.7,54.8,0.38,6.11
STU_03555,above_avg,3,7.07,6.42,7.47,-1.05,83.9,86.5,70.3,56.8,36.2,6.09,6,0,1,0,60.6,51.8,84.2,11.3,69.2,56.3,0.25,6.59
STU_03556,above_avg,6,4.57,7.12,2.78,4.34,74.0,79.5,69.6,48.1,4.7,6.58,4,0,1,0,63.8,54.3,80.7,10.1,65.7,58.2,0.62,7.0
STU_03557,above_avg,3,2.48,3.95,1.68,2.27,81.8,60.6,57.4,57.2,76.0,6.41,6,1,0,3,49.9,36.5,68.5,10.1,59.8,44.9,0.25,4.55
STU_03558,topper,6,8.39,8.88,8.22,0.66,91.4,88.7,71.2,69.5,29.3,5.64,4,0,4,0,79.5,73.1,83.5,4.1,81.6,73.1,0.62,10.0
STU_03559,average,4,4.96,3.05,7.37,-4.32,75.4,74.2,80.0,35.9,42.6,6.33,7,2,1,5,45.3,14.0,73.5,18.5,69.1,35.8,0.38,2.33
STU_03560,above_avg,5,1.12,1.56,2.09,-0.53,79.8,82.2,68.5,60.1,40.9,6.73,4,2,1,2,45.5,21.1,74.2,19.6,62.4,28.7,0.5,3.25
STU_03561,struggling,6,0.0,0.0,0.0,0.0,50.3,19.4,45.8,45.6,8.0,4.55,4,4,0,4,24.8,12.4,30.2,7.2,28.9,12.4,0.62,0.0
STU_03562,failing,4,0.27,0.0,0.0,0.0,37.1,34.6,0.4,52.3,12.1,6.72,7,7,0,7,8.7,2.0,21.7,7.6,10.6,8.0,0.38,0.0
STU_03563,below_avg,3,0.0,0.53,0.0,0.53,62.9,56.6,26.3,36.3,10.3,6.63,6,5,0,6,28.2,8.5,45.6,11.7,36.1,24.2,0.25,0.0
STU_03564,below_avg,5,0.06,0.0,0.18,-0.18,68.6,47.3,44.0,57.3,9.7,7.04,4,4,0,4,20.6,14.5,27.9,5.6,21.2,20.0,0.5,1.0
STU_03565,strong,3,6.83,6.47,6.37,0.1,80.9,71.0,76.4,67.3,24.9,5.7,6,0,2,1,63.4,47.1,78.3,11.3,77.8,56.2,0.25,7.64
STU_03566,strong,6,7.78,7.88,6.67,1.21,92.0,72.4,83.3,71.8,45.9,5.73,4,0,3,0,75.7,67.6,83.3,6.2,78.3,67.6,0.62,8.67
STU_03567,strong,4,7.19,7.18,6.95,0.23,90.3,79.5,77.5,42.3,51.6,5.63,7,0,2,0,65.9,58.9,77.0,6.7,67.0,65.4,0.38,9.22
STU_03568,average,4,3.49,3.05,3.58,-0.53,66.8,71.2,65.0,62.2,26.8,5.01,7,3,1,3,48.9,20.9,70.1,19.2,69.2,40.8,0.38,5.44
STU_03569,average,4,2.22,3.23,0.84,2.39,65.3,81.6,56.9,45.0,11.0,5.82,7,2,1,4,47.5,30.8,78.8,15.5,66.3,40.0,0.38,6.56
STU_03570,below_avg,3,0.0,0.0,0.0,0.0,52.4,37.0,51.1,55.3,3.4,6.24,6,6,0,6,22.2,4.1,34.7,11.6,34.3,16.1,0.25,0.0
STU_03571,below_avg,4,1.3,2.91,0.0,2.91,45.4,34.5,49.2,47.6,33.0,6.93,7,3,0,6,35.3,15.6,51.5,12.5,35.0,35.4,0.38,0.67
STU_03572,average,5,4.39,2.89,6.05,-3.16,75.2,43.2,53.0,36.1,29.8,6.17,4,2,0,3,42.4,34.6,50.1,5.9,44.8,40.0,0.5,2.88
STU_03573,average,5,2.3,1.56,3.82,-2.26,64.5,77.7,41.9,68.1,60.4,5.46,4,2,0,2,53.3,36.8,69.8,15.7,68.9,37.6,0.5,5.12
STU_03574,average,3,1.7,2.16,1.79,0.37,75.0,80.6,57.4,44.6,30.8,6.9,6,3,0,4,39.9,20.1,67.8,17.9,58.8,30.4,0.25,2.82
STU_03575,above_avg,5,5.38,6.33,4.95,1.38,88.2,78.3,71.4,45.6,42.8,5.8,4,0,1,0,60.6,52.7,78.6,10.5,67.7,53.5,0.5,7.12
STU_03576,above_avg,5,4.15,3.56,4.91,-1.35,77.2,76.0,69.1,72.7,41.8,5.8,4,1,1,2,54.8,37.1,84.6,18.1,68.9,40.7,0.5,8.25
STU_03577,below_avg,6,0.45,0.75,0.0,0.75,57.3,41.7,34.3,36.5,62.5,7.33,4,3,0,3,29.9,2.0,53.6,18.4,39.2,2.0,0.62,1.33
STU_03578,struggling,6,0.35,0.62,0.0,0.62,36.6,34.3,46.1,31.8,39.0,8.02,4,3,0,4,25.1,2.0,49.2,18.6,32.8,2.0,0.62,0.0
STU_03579,strong,3,6.91,7.11,6.95,0.16,84.3,79.5,48.5,57.6,41.9,6.53,6,0,2,0,65.9,53.4,78.2,8.9,71.6,63.0,0.25,6.59
STU_03580,topper,3,9.32,9.79,9.79,0.0,90.2,98.6,90.5,65.5,82.1,6.1,6,0,6,0,90.4,75.5,100.0,8.8,100.0,85.5,0.25,9.45
STU_03581,average,3,2.62,1.21,4.47,-3.26,69.6,57.5,31.5,22.3,33.3,6.32,6,4,0,5,38.0,25.2,66.3,13.9,52.5,30.8,0.25,1.5
STU_03582,average,6,1.01,0.75,0.44,0.31,65.7,44.7,46.4,57.2,34.1,6.66,4,3,0,3,32.1,17.4,55.0,14.3,37.0,17.4,0.62,2.0
STU_03583,average,4,1.05,1.14,2.0,-0.86,71.2,43.3,52.9,40.4,43.2,4.85,7,4,0,7,32.3,9.6,47.3,12.7,45.6,27.0,0.38,1.22
STU_03584,improving,3,1.27,2.11,0.0,2.11,85.3,57.0,63.0,56.5,22.8,6.63,6,3,0,4,42.1,29.4,52.5,8.8,49.4,38.4,0.25,5.68
STU_03585,improving,6,4.19,7.0,0.0,7.0,78.6,83.1,63.7,50.0,42.2,6.64,4,0,1,0,62.8,53.5,71.4,6.5,62.0,65.3,0.62,6.83
STU_03586,above_avg,3,2.4,4.42,1.0,3.42,87.8,61.6,53.5,67.6,58.0,5.36,6,0,0,4,48.6,42.0,66.0,8.6,59.4,43.2,0.25,5.41
STU_03587,strong,4,7.45,7.86,7.26,0.6,89.1,100.0,93.0,64.8,40.4,5.81,7,0,5,0,71.8,56.0,83.6,7.9,75.6,70.2,0.38,9.44
STU_03588,average,4,4.06,4.05,4.0,0.05,68.3,78.1,40.5,65.1,49.6,6.93,7,2,2,3,54.6,36.1,77.4,14.9,73.9,46.9,0.38,0.56
STU_03589,improving,4,1.42,1.86,0.42,1.44,78.8,56.9,53.6,31.6,30.2,5.62,7,5,1,6,38.4,20.2,77.1,18.5,43.0,36.5,0.38,2.67
STU_03590,struggling,4,0.0,0.0,0.26,-0.26,50.9,6.9,4.8,14.5,0.0,6.0,7,7,0,7,8.9,2.0,30.8,9.7,7.4,9.5,0.38,0.0
STU_03591,below_avg,3,0.12,0.42,0.0,0.42,53.4,31.9,21.5,50.8,0.0,5.2,6,5,0,6,18.8,2.0,43.2,12.3,30.7,12.8,0.25,0.0
STU_03592,struggling,4,0.0,0.0,0.42,-0.42,42.7,12.1,46.8,16.5,35.0,7.24,7,7,0,7,6.1,2.0,17.7,5.3,5.2,6.5,0.38,0.0
STU_03593,average,4,1.75,2.36,1.68,0.68,62.7,77.3,50.6,59.1,59.2,5.98,7,3,0,4,42.6,30.0,57.8,10.0,54.8,37.7,0.38,6.22
STU_03594,average,5,3.37,2.67,3.23,-0.56,73.8,40.5,45.5,40.2,31.7,7.27,4,2,1,3,42.3,25.2,72.5,18.4,51.4,33.3,0.5,1.62
STU_03595,struggling,6,0.25,0.0,0.0,0.0,39.8,6.7,18.5,30.7,0.0,5.49,4,4,0,4,12.8,2.0,32.1,12.0,16.4,2.0,0.62,0.0
STU_03596,average,4,1.32,2.27,0.63,1.64,60.9,41.3,61.8,46.3,77.1,5.74,7,3,0,6,39.6,24.6,55.3,10.7,48.0,36.2,0.38,4.0
STU_03597,above_avg,3,6.66,6.58,6.74,-0.16,86.1,77.5,59.8,79.0,31.2,6.54,6,0,2,1,61.9,42.7,77.6,13.1,72.0,56.8,0.25,7.5
STU_03598,average,7,1.33,2.17,0.62,1.55,75.6,62.8,44.2,27.7,4.8,6.47,3,1,0,1,45.0,18.7,65.1,19.4,58.1,18.7,0.75,2.33
STU_03599,average,4,1.12,0.59,2.16,-1.57,70.8,55.4,47.1,59.1,51.5,5.52,7,5,0,5,40.7,26.8,67.3,13.9,61.6,32.3,0.38,2.67
STU_03600,above_avg,5,5.26,5.22,4.5,0.72,73.9,60.7,49.5,79.9,24.5,7.54,4,0,0,3,52.5,45.4,68.9,9.5,58.3,46.8,0.5,5.5
STU_03601,above_avg,6,6.2,6.62,6.11,0.51,73.4,69.6,66.0,84.8,18.3,6.89,4,0,1,0,64.8,50.6,74.1,8.7,69.6,50.6,0.62,7.0
STU_03602,below_avg,5,1.2,1.0,1.18,-0.18,64.8,41.5,52.0,36.9,43.3,6.56,4,2,0,4,28.0,5.9,47.8,16.9,44.1,11.9,0.5,2.62
STU_03603,average,3,3.09,3.37,1.58,1.79,71.3,40.1,51.9,19.7,10.0,7.78,6,2,0,5,40.6,26.2,52.7,8.5,37.6,42.1,0.25,3.73
STU_03604,average,5,5.01,5.89,4.82,1.07,66.2,73.8,58.5,54.3,40.2,6.65,4,0,0,1,57.9,47.3,65.1,7.1,64.3,51.4,0.5,6.62
STU_03605,above_avg,4,4.95,4.55,5.42,-0.87,77.3,65.7,82.5,55.2,38.1,6.92,7,1,0,3,48.4,26.7,61.4,10.6,55.7,45.5,0.38,3.0
STU_03606,average,7,3.36,2.0,4.5,-2.5,66.2,47.2,39.7,67.6,36.7,6.73,3,1,0,1,42.1,23.0,52.9,13.5,51.6,23.0,0.75,5.0
STU_03607,above_avg,5,3.82,5.78,1.68,4.1,74.1,79.7,66.4,55.1,18.8,7.31,4,0,0,1,59.0,48.0,67.3,7.4,65.7,52.4,0.5,9.12
STU_03608,above_avg,5,4.58,4.0,4.64,-0.64,87.7,63.1,51.3,36.7,47.4,7.01,4,1,1,2,53.3,24.4,81.2,20.3,69.5,37.0,0.5,5.0
STU_03609,above_avg,5,3.88,3.22,4.77,-1.55,74.5,71.4,71.7,70.0,47.1,6.24,4,1,0,2,48.9,39.9,61.1,8.9,57.5,40.4,0.5,6.25
STU_03610,below_avg,3,1.36,0.0,1.84,-1.84,54.0,24.5,48.0,37.1,30.9,6.14,6,6,0,6,22.2,5.8,30.5,8.1,23.4,21.6,0.25,0.0
STU_03611,average,7,2.32,3.67,0.0,3.67,77.1,33.4,49.9,37.2,28.8,6.62,3,1,0,2,42.2,32.2,50.5,7.6,41.4,43.9,0.75,4.83
STU_03612,average,7,5.74,6.17,5.88,0.29,68.3,61.0,56.5,62.1,58.0,6.17,3,0,0,0,59.0,52.7,64.5,4.8,58.6,59.7,0.75,2.0
STU_03613,average,7,3.82,0.83,6.5,-5.67,71.4,49.2,42.7,44.4,49.2,4.94,3,2,0,3,36.4,27.7,45.5,7.3,40.8,27.7,0.75,0.0
STU_03614,topper,3,8.52,7.42,9.79,-2.37,95.9,93.4,68.8,71.6,24.3,7.1,6,0,2,0,71.3,64.4,83.4,7.2,81.1,66.4,0.25,8.05
STU_03615,strong,7,6.63,6.83,5.88,0.95,80.9,62.6,56.7,96.2,33.5,6.21,3,0,0,0,59.6,55.6,63.2,3.1,59.4,60.1,0.75,10.0
STU_03616,below_avg,4,1.79,1.0,3.16,-2.16,48.9,49.7,57.2,47.3,30.7,5.98,7,5,0,6,35.3,13.4,57.1,12.8,47.2,30.6,0.38,0.0
STU_03617,below_avg,5,0.24,0.44,0.0,0.44,58.3,44.5,30.2,31.0,0.0,6.13,4,3,0,4,33.4,25.8,41.4,6.2,35.2,31.5,0.5,0.75
STU_03618,above_avg,3,5.89,6.89,6.37,0.52,86.6,92.6,43.8,44.5,41.0,4.64,6,0,2,1,64.9,46.6,96.3,16.9,80.2,57.3,0.25,8.18
STU_03619,topper,3,9.64,9.58,8.74,0.84,92.6,91.9,93.1,75.2,30.7,6.27,6,0,6,0,84.1,76.7,89.6,5.0,89.2,81.6,0.25,10.0
STU_03620,strong,4,8.46,7.77,8.0,-0.23,92.0,93.7,76.4,68.2,34.8,6.67,7,0,4,0,70.1,58.0,80.5,9.3,79.1,66.5,0.38,9.33
STU_03621,failing,6,0.0,0.0,0.0,0.0,37.6,18.3,30.0,33.3,27.1,7.4,4,4,0,4,2.5,2.0,3.8,0.8,2.6,2.0,0.62,0.0
STU_03622,above_avg,3,5.06,4.58,6.05,-1.47,74.5,81.0,31.8,33.3,37.3,6.42,6,1,1,2,54.2,36.2,74.3,13.2,69.6,46.6,0.25,4.05
STU_03623,average,5,1.96,0.56,2.59,-2.03,71.5,48.0,42.8,38.9,21.5,5.63,4,3,0,4,21.9,2.0,48.3,18.6,39.2,4.5,0.5,2.5
STU_03624,failing,3,0.0,0.0,0.0,0.0,43.2,36.8,20.6,17.9,0.0,6.52,6,6,0,6,7.2,2.0,26.5,9.0,14.2,3.7,0.25,0.0
STU_03625,above_avg,3,7.27,6.37,7.37,-1.0,88.1,72.5,81.7,61.6,15.5,7.32,6,0,0,0,60.4,55.4,68.2,4.4,62.0,59.6,0.25,6.36
STU_03626,below_avg,3,0.76,2.11,0.0,2.11,53.8,15.1,12.1,40.6,14.7,7.91,6,4,0,5,33.0,18.9,50.4,11.0,21.8,38.6,0.25,0.23
STU_03627,struggling,6,0.0,0.0,0.0,0.0,45.5,18.8,29.5,21.0,0.0,5.93,4,4,0,4,10.2,2.3,20.0,6.3,12.9,2.3,0.62,0.0
STU_03628,topper,3,8.34,8.32,8.53,-0.21,97.9,98.6,71.9,56.3,59.7,5.12,6,0,4,0,78.1,64.4,92.8,10.7,91.3,71.5,0.25,10.0
STU_03629,strong,3,7.7,7.95,7.58,0.37,83.6,84.7,65.0,94.7,53.3,6.01,6,0,4,0,71.2,60.4,81.9,6.7,74.2,69.7,0.25,9.64
STU_03630,average,5,4.51,5.0,3.73,1.27,66.5,62.5,64.1,56.3,28.8,6.53,4,0,0,2,50.9,41.4,63.2,9.6,52.5,49.3,0.5,6.38
STU_03631,above_avg,5,6.09,4.56,7.45,-2.89,82.0,85.5,44.8,39.0,30.5,5.8,4,1,1,2,53.9,34.2,72.8,14.5,60.1,47.8,0.5,5.88
STU_03632,above_avg,5,6.45,6.22,7.23,-1.01,86.0,80.7,70.6,55.3,47.2,6.41,4,0,0,0,61.1,55.4,68.7,5.1,65.8,56.5,0.5,6.5
STU_03633,topper,5,9.95,10.0,9.64,0.36,91.3,82.2,81.7,68.8,88.3,6.03,4,0,4,0,87.2,85.0,89.8,1.8,88.0,86.5,0.5,10.0
STU_03634,strong,6,8.54,8.0,9.56,-1.56,92.1,89.6,73.6,94.3,36.1,6.27,4,0,3,0,77.8,61.3,100.0,14.0,83.4,61.3,0.62,10.0
STU_03635,above_avg,3,5.98,6.32,5.37,0.95,75.9,41.5,68.2,57.8,34.9,6.21,6,0,1,2,56.0,45.9,73.6,10.0,49.8,59.1,0.25,6.68
STU_03636,average,4,2.96,4.23,2.11,2.12,77.1,60.6,43.7,28.7,38.6,5.84,7,1,0,4,49.8,34.0,67.0,9.9,62.4,44.8,0.38,1.89
STU_03637,strong,5,5.91,6.78,6.27,0.51,97.3,74.6,59.6,68.4,30.1,6.95,4,0,1,0,64.8,55.5,73.6,6.7,70.8,58.9,0.5,7.12
STU_03638,inconsistent,3,6.26,3.89,8.95,-5.06,46.1,62.9,81.3,57.8,48.1,5.77,6,1,1,4,49.8,35.5,71.0,12.3,65.8,41.8,0.25,6.14
STU_03639,average,5,2.87,3.33,2.09,1.24,76.8,77.3,61.0,56.7,0.6,7.45,4,1,0,2,48.0,18.7,65.8,18.9,64.7,31.5,0.5,7.12
STU_03640,above_avg,7,5.2,2.67,7.5,-4.83,82.0,90.3,65.3,51.8,53.5,5.06,3,1,2,1,58.4,29.9,74.7,20.2,72.7,29.9,0.75,5.17
STU_03641,strong,7,7.67,7.5,7.75,-0.25,81.1,66.0,55.5,75.6,49.5,5.51,3,0,1,0,74.0,64.1,90.4,11.7,77.2,67.4,0.75,10.0
STU_03642,average,4,3.19,4.14,2.53,1.61,79.4,44.7,45.4,66.5,0.0,7.03,7,1,0,5,48.1,33.9,67.9,11.3,51.2,46.9,0.38,5.22
STU_03643,struggling,4,0.0,0.0,0.53,-0.53,42.2,27.4,21.5,41.9,0.0,5.24,7,7,0,7,7.3,2.0,23.2,8.1,19.7,2.3,0.38,0.0
STU_03644,above_avg,7,7.21,6.83,7.5,-0.67,89.3,62.7,60.3,73.8,45.6,5.32,3,0,0,0,61.2,58.7,63.0,1.8,60.4,63.0,0.75,6.33
STU_03645,average,5,4.0,1.33,6.05,-4.72,61.8,75.9,49.9,37.5,16.9,7.17,4,2,0,2,46.3,36.6,57.9,8.6,54.5,38.2,0.5,4.88
STU_03646,average,5,0.95,1.33,1.27,0.06,62.1,61.7,47.2,49.0,35.4,4.44,4,2,0,2,34.0,9.6,50.4,17.2,50.2,17.8,0.5,2.38
STU_03647,below_avg,3,0.12,0.0,0.21,-0.21,53.9,19.0,47.1,65.1,66.0,6.87,6,6,0,6,20.3,2.0,30.4,10.8,30.3,15.2,0.25,0.18
STU_03648,above_avg,6,4.35,6.0,2.89,3.11,81.2,79.4,44.6,48.6,74.9,5.28,4,0,2,1,66.2,41.4,87.1,16.4,74.5,41.4,0.62,7.83
STU_03649,average,5,5.15,5.44,5.0,0.44,81.7,42.1,34.5,66.3,26.8,7.23,4,0,0,2,48.1,43.1,51.7,3.3,47.4,48.8,0.5,6.75
STU_03650,average,6,3.01,3.62,3.67,-0.05,79.6,51.0,72.9,55.4,5.5,6.61,4,1,1,2,49.5,18.7,78.9,21.4,59.7,18.7,0.62,5.5
STU_03651,average,6,3.01,4.25,1.56,2.69,64.6,34.5,53.7,48.6,43.0,6.48,4,2,0,2,48.1,34.5,63.8,13.0,42.9,63.8,0.62,0.67
STU_03652,below_avg,3,0.0,0.0,0.0,0.0,64.4,15.5,42.0,27.4,44.3,4.56,6,6,0,6,15.8,2.0,33.4,12.6,20.3,13.5,0.25,0.5
STU_03653,improving,6,2.67,3.5,0.78,2.72,85.3,78.1,73.5,79.2,47.3,6.67,4,1,1,1,56.7,37.0,84.8,17.4,63.3,37.0,0.62,7.83
STU_03654,below_avg,3,1.82,0.84,2.74,-1.9,65.4,56.6,42.4,48.0,58.6,6.26,6,4,0,5,37.8,24.2,50.2,7.7,45.4,34.0,0.25,2.23
STU_03655,topper,3,10.0,10.0,9.79,0.21,97.1,100.0,85.8,98.8,13.3,5.5,6,0,6,0,91.6,81.1,100.0,7.0,99.6,87.6,0.25,10.0
STU_03656,inconsistent,6,0.7,2.12,0.0,2.12,73.3,71.0,47.8,90.9,0.0,7.95,4,2,1,2,53.7,30.8,80.9,21.5,60.1,34.5,0.62,6.83
STU_03657,above_avg,5,4.96,6.11,3.77,2.34,76.4,86.7,47.2,71.3,51.5,5.82,4,0,0,0,58.1,50.7,68.9,6.7,62.6,53.7,0.5,7.12
STU_03658,failing,4,0.0,0.0,0.0,0.0,13.2,49.5,32.9,21.2,27.6,6.35,7,7,0,7,14.0,2.0,32.4,11.7,29.5,7.8,0.38,0.0
STU_03659,above_avg,4,4.83,5.86,3.68,2.18,85.3,65.9,75.9,97.7,8.1,5.25,7,0,1,2,57.1,42.5,71.5,10.7,59.4,56.3,0.38,7.44
STU_03660,above_avg,4,4.56,5.86,3.84,2.02,75.7,65.8,60.1,71.7,19.3,5.72,7,1,1,1,58.8,28.0,90.0,17.1,62.2,57.5,0.38,7.0
STU_03661,average,3,2.52,3.47,1.79,1.68,79.5,65.3,57.7,30.4,35.9,6.54,6,2,0,3,44.2,12.9,68.4,20.0,57.5,37.5,0.25,5.86
STU_03662,average,6,3.48,1.88,5.56,-3.68,69.6,45.7,61.7,36.6,33.8,6.9,4,2,0,3,38.2,15.2,62.5,17.2,45.9,15.2,0.62,2.0
STU_03663,above_avg,3,5.8,5.42,5.42,0.0,69.7,56.8,56.0,82.5,39.0,5.46,6,0,0,3,50.6,44.5,60.6,5.2,52.5,49.6,0.25,6.23
STU_03664,below_avg,3,2.0,1.58,1.68,-0.1,64.2,39.3,37.1,18.3,7.3,5.74,6,3,0,6,27.8,10.6,45.7,14.6,43.0,20.2,0.25,1.45
STU_03665,strong,5,8.05,8.33,8.36,-0.03,91.3,32.1,98.4,62.3,46.2,6.55,4,0,2,0,69.7,57.3,85.9,10.5,60.9,78.3,0.5,10.0
STU_03666,average,7,2.27,1.17,2.5,-1.33,62.8,64.2,64.8,96.7,4.3,5.14,3,2,0,2,42.9,27.6,63.4,15.1,45.5,37.8,0.75,1.5
STU_03667,strong,5,7.36,7.44,7.14,0.3,90.9,75.4,82.6,66.2,30.2,6.15,4,0,2,0,68.6,55.5,76.2,8.5,71.4,65.8,0.5,9.0
STU_03668,struggling,4,0.0,0.0,0.0,0.0,40.5,2.0,23.8,28.7,16.9,5.27,7,7,0,7,7.8,2.0,18.4,5.7,8.5,7.5,0.38,0.0
STU_03669,below_avg,3,0.18,0.53,0.0,0.53,51.3,38.3,45.4,58.9,0.0,7.39,6,5,0,6,29.8,19.6,47.1,8.9,39.4,25.0,0.25,2.32
STU_03670,below_avg,7,0.16,0.0,0.62,-0.62,52.7,22.4,32.3,30.0,32.0,6.27,3,3,0,3,19.4,10.8,34.0,10.4,23.6,10.8,0.75,0.0
STU_03671,below_avg,5,0.45,0.0,1.64,-1.64,58.7,44.2,40.5,52.7,40.4,5.53,4,4,0,4,26.6,12.2,35.3,8.9,34.0,19.3,0.5,0.0
STU_03672,above_avg,5,5.65,6.11,5.55,0.56,83.4,77.8,49.7,44.5,45.9,7.12,4,0,2,1,64.1,46.2,79.5,12.9,76.0,52.2,0.5,6.62
STU_03673,average,4,4.48,3.14,5.79,-2.65,65.4,40.3,74.2,28.1,20.6,6.4,7,2,0,5,45.7,33.2,64.3,9.5,57.8,40.9,0.38,2.67
STU_03674,struggling,3,0.0,0.0,0.0,0.0,40.6,2.5,9.7,29.4,46.9,6.89,6,6,0,6,8.9,2.0,23.2,7.8,13.2,6.7,0.25,0.0
STU_03675,struggling,4,0.0,0.0,0.0,0.0,36.3,0.0,14.7,29.4,3.9,6.35,7,7,0,7,4.6,2.0,13.8,4.3,2.1,5.6,0.38,0.0
STU_03676,average,6,3.51,5.38,1.44,3.94,65.3,60.1,46.0,60.0,31.4,5.4,4,0,0,2,53.9,47.8,68.3,8.4,55.9,47.8,0.62,2.17
STU_03677,struggling,4,0.1,0.0,0.21,-0.21,43.2,36.6,29.9,36.4,34.0,7.05,7,7,0,7,20.6,3.6,32.7,10.5,26.8,18.2,0.38,0.44
STU_03678,average,5,2.41,3.11,2.09,1.02,68.7,41.7,64.3,57.2,26.3,7.66,4,1,0,2,45.5,28.4,58.8,12.1,56.8,34.3,0.5,3.12
STU_03679,below_avg,6,0.95,1.38,0.78,0.6,52.9,59.0,26.7,55.3,41.2,5.62,4,2,0,3,33.4,12.4,64.0,20.9,40.4,12.4,0.62,0.67
STU_03680,topper,4,10.0,10.0,10.0,0.0,93.9,100.0,79.3,81.4,27.6,8.26,7,0,7,0,92.5,84.7,100.0,6.1,100.0,89.5,0.38,10.0
STU_03681,topper,3,8.62,8.26,8.89,-0.63,92.5,100.0,62.5,74.7,39.9,6.85,6,0,5,0,77.9,66.9,99.4,10.3,89.1,72.3,0.25,9.64
STU_03682,average,6,2.0,2.62,0.78,1.84,88.7,41.1,68.1,44.2,18.8,7.22,4,1,0,3,41.1,18.8,50.9,13.0,48.6,18.8,0.62,2.17
STU_03683,below_avg,3,2.05,1.68,2.37,-0.69,68.3,51.1,50.2,26.6,20.7,6.7,6,3,0,5,35.3,15.0,58.4,15.5,54.1,25.9,0.25,0.0
STU_03684,topper,5,10.0,10.0,10.0,0.0,96.2,100.0,60.3,93.4,51.1,5.44,4,0,4,0,96.3,86.4,100.0,5.7,100.0,92.7,0.5,10.0
STU_03685,struggling,3,0.13,0.0,0.0,0.0,41.1,15.3,0.0,32.6,31.6,6.33,6,6,0,6,17.6,2.0,33.6,11.6,23.1,14.9,0.25,0.73
STU_03686,struggling,3,0.0,0.0,0.0,0.0,65.3,29.5,0.0,33.0,38.7,5.79,6,6,0,6,14.5,2.0,37.2,11.6,28.8,7.4,0.25,0.0
STU_03687,below_avg,6,0.78,0.5,0.0,0.5,55.0,39.6,45.2,33.6,15.0,7.76,4,3,0,4,30.3,10.3,44.4,13.2,37.0,10.3,0.62,0.83
STU_03688,topper,5,9.96,10.0,10.0,0.0,98.9,84.4,75.6,80.0,50.3,7.12,4,0,4,0,91.9,87.0,96.3,3.3,94.1,89.7,0.5,10.0
STU_03689,strong,4,7.83,8.91,6.74,2.17,89.0,83.9,79.5,84.4,52.9,5.7,7,0,7,0,80.8,70.9,97.2,9.0,89.5,77.4,0.38,9.67
STU_03690,average,7,2.62,1.5,4.62,-3.12,68.3,49.3,25.8,40.9,12.1,6.45,3,1,0,3,41.8,33.3,48.4,6.3,46.1,33.3,0.75,0.0
STU_03691,failing,5,0.0,0.0,0.0,0.0,17.6,4.9,23.1,34.0,27.7,5.34,4,4,0,4,8.2,2.0,16.8,6.4,9.4,7.0,0.5,0.0
STU_03692,strong,5,8.15,8.11,7.82,0.29,89.6,86.6,66.2,51.8,48.3,7.46,4,0,3,0,75.2,59.6,85.8,9.7,82.5,67.8,0.5,10.0
STU_03693,struggling,6,0.0,0.0,0.0,0.0,38.5,21.1,28.7,16.6,9.0,6.04,4,4,0,4,4.7,2.0,12.6,4.6,5.5,2.0,0.62,1.0
STU_03694,above_avg,3,2.08,3.05,0.74,2.31,77.5,58.9,70.5,47.7,41.6,6.38,6,2,0,3,43.1,20.8,56.5,12.1,52.0,38.7,0.25,5.64
STU_03695,below_avg,4,0.01,0.18,0.0,0.18,64.4,29.0,41.7,26.5,16.7,6.73,7,6,0,7,14.6,2.0,44.1,15.4,23.1,11.2,0.38,0.67
STU_03696,below_avg,5,0.0,0.0,0.18,-0.18,62.5,16.6,37.9,32.1,21.0,8.4,4,4,0,4,14.5,6.2,20.5,5.2,18.2,10.8,0.5,2.5
STU_03697,failing,5,0.0,0.0,0.0,0.0,25.0,8.6,41.1,40.3,0.0,6.03,4,4,0,4,2.0,2.0,2.0,0.0,2.0,2.0,0.5,0.0
STU_03698,above_avg,7,5.24,6.67,3.38,3.29,82.7,58.0,69.2,71.3,34.2,6.55,3,0,0,1,58.8,49.8,63.9,6.4,56.8,62.6,0.75,7.67
STU_03699,average,5,3.37,2.89,4.5,-1.61,79.7,63.4,63.6,40.5,32.8,6.17,4,1,0,3,46.6,29.8,58.5,10.4,53.6,39.5,0.5,4.0
STU_03700,average,5,0.15,1.33,0.0,1.33,80.8,62.0,23.0,37.9,38.6,6.36,4,2,0,2,39.3,19.1,55.9,14.9,53.5,25.1,0.5,2.88
STU_03701,average,6,3.96,2.88,5.22,-2.34,72.8,52.9,56.4,61.3,29.9,7.68,4,1,0,2,47.5,34.9,61.3,10.1,51.7,34.9,0.62,5.17
STU_03702,inconsistent,3,7.72,7.89,7.58,0.31,68.4,94.3,70.2,82.2,31.1,7.15,6,0,4,0,74.2,54.3,88.9,10.9,84.5,69.1,0.25,8.18
STU_03703,average,4,2.67,1.41,3.11,-1.7,73.6,65.0,49.8,38.5,9.7,6.75,7,5,0,5,37.1,13.5,67.3,17.9,45.8,33.7,0.38,1.78
STU_03704,topper,5,9.05,8.78,9.64,-0.86,89.1,97.5,83.3,99.6,60.0,6.43,4,0,4,0,82.2,71.7,90.3,8.2,90.2,74.2,0.5,9.5
STU_03705,above_avg,5,5.12,5.33,4.5,0.83,76.5,91.4,56.6,36.1,21.7,6.44,4,1,3,1,63.7,31.5,74.8,18.6,74.4,53.0,0.5,5.5
STU_03706,topper,3,8.83,9.16,8.16,1.0,95.4,91.9,69.0,62.2,46.8,4.9,6,0,6,0,83.0,73.3,97.3,8.2,90.7,79.2,0.25,9.82
STU_03707,above_avg,7,6.37,6.17,6.25,-0.08,66.4,63.2,44.7,63.8,21.3,5.91,3,0,0,0,56.7,50.0,66.2,6.9,60.0,50.0,0.75,5.67
STU_03708,below_avg,4,0.18,0.5,0.42,0.08,72.0,70.8,18.6,68.9,32.1,5.52,7,5,0,6,32.0,15.6,54.6,13.2,51.6,24.2,0.38,0.78
STU_03709,topper,7,9.64,8.67,10.0,-1.33,89.4,80.4,79.8,69.0,33.3,4.97,3,0,3,0,80.6,74.2,86.8,5.1,83.8,74.2,0.75,10.0
STU_03710,strong,4,6.97,7.36,7.05,0.31,85.5,76.4,80.3,87.7,16.7,7.0,7,0,3,0,69.3,60.1,78.9,6.4,77.9,65.8,0.38,9.11
STU_03711,below_avg,6,1.36,1.88,1.0,0.88,61.5,54.1,51.2,23.6,48.2,5.1,4,2,0,4,36.7,17.5,48.3,12.0,43.1,17.5,0.62,2.17
STU_03712,struggling,6,0.06,0.0,0.0,0.0,37.4,29.6,19.7,37.5,0.0,6.41,4,4,0,4,19.1,6.9,30.0,8.2,23.1,6.9,0.62,0.0
STU_03713,average,3,3.17,3.0,4.11,-1.11,67.8,67.2,31.5,52.9,32.9,6.7,6,2,0,4,42.2,22.2,64.6,15.6,57.0,34.8,0.25,1.82
STU_03714,average,4,1.7,1.36,0.95,0.41,80.1,62.0,67.6,36.9,33.4,6.5,7,4,0,6,40.3,28.6,54.5,8.5,49.2,36.7,0.38,3.78
STU_03715,below_avg,3,1.21,0.74,0.89,-0.15,71.5,49.1,64.9,46.6,5.2,5.24,6,5,0,5,27.5,12.0,61.6,17.3,36.8,22.8,0.25,1.27
STU_03716,below_avg,3,1.13,1.58,1.89,-0.31,62.9,60.7,48.2,39.2,21.7,5.81,6,4,0,5,34.2,15.6,61.8,14.9,43.5,29.5,0.25,1.64
STU_03717,below_avg,3,1.08,1.89,1.05,0.84,62.6,44.6,37.7,41.8,6.5,4.53,6,4,0,4,28.7,9.0,50.9,17.2,40.8,22.6,0.25,0.0
STU_03718,improving,4,3.76,5.45,1.47,3.98,68.9,88.5,67.3,61.3,34.9,5.48,7,1,1,1,60.3,38.7,90.8,14.7,74.7,54.6,0.38,6.0
STU_03719,below_avg,6,0.18,0.0,0.0,0.0,63.0,52.9,50.1,39.5,14.8,5.55,4,4,0,4,23.0,3.8,33.2,11.3,29.3,3.8,0.62,0.67
STU_03720,improving,6,1.66,3.0,0.56,2.44,76.8,66.6,49.0,23.6,16.1,6.27,4,1,0,3,47.3,28.4,64.3,12.8,53.6,28.4,0.62,1.83
STU_03721,above_avg,4,5.89,6.68,6.0,0.68,79.1,84.3,54.1,61.6,44.5,4.87,7,0,2,1,61.8,45.0,71.7,9.1,67.7,59.4,0.38,6.44
STU_03722,strong,3,6.74,6.32,6.84,-0.52,80.4,74.4,58.0,50.2,70.0,5.48,6,0,1,1,60.6,41.6,82.3,12.4,72.5,54.6,0.25,7.23
STU_03723,strong,3,6.74,7.47,6.74,0.73,88.4,95.8,59.5,71.7,47.8,5.98,6,0,3,0,71.7,59.6,88.6,11.7,87.4,63.9,0.25,7.77
STU_03724,above_avg,5,3.07,3.11,3.09,0.02,65.4,51.1,55.0,79.4,35.9,4.59,4,2,1,3,48.4,35.7,73.1,15.1,54.8,42.0,0.5,4.75
STU_03725,below_avg,5,0.62,0.44,0.0,0.44,65.2,36.3,33.5,26.8,7.6,6.43,4,3,0,4,22.0,8.2,43.5,13.1,30.6,13.3,0.5,0.0
STU_03726,topper,5,9.47,9.11,10.0,-0.89,95.2,87.0,69.8,76.1,73.0,4.97,4,0,4,0,81.2,70.7,87.1,6.3,86.1,76.3,0.5,10.0
STU_03727,below_avg,4,0.65,0.23,0.53,-0.3,49.8,57.1,28.2,41.6,0.0,5.61,7,6,0,7,20.5,2.0,47.1,12.6,33.3,15.4,0.38,0.44
STU_03728,average,3,1.94,2.21,1.89,0.32,66.9,38.8,54.1,44.2,37.4,6.47,6,3,0,3,37.8,12.9,52.6,15.1,52.2,30.6,0.25,3.82
STU_03729,above_avg,4,7.51,7.64,6.47,1.17,71.6,64.1,47.9,59.2,49.7,5.3,7,0,3,0,67.8,50.4,78.7,10.1,69.7,67.0,0.38,7.67
STU_03730,average,3,2.52,2.95,1.89,1.06,80.5,56.8,54.5,22.1,0.0,5.54,6,2,0,4,43.4,31.7,54.9,8.8,48.6,40.8,0.25,4.0
STU_03731,topper,6,8.72,9.0,8.89,0.11,93.5,96.1,56.5,73.1,17.3,7.27,4,0,4,0,86.5,71.6,100.0,10.5,91.4,71.6,0.62,10.0
STU_03732,strong,4,5.72,5.5,6.21,-0.71,93.5,70.1,77.3,38.2,36.3,6.01,7,1,1,1,60.8,37.7,81.1,12.9,75.4,55.0,0.38,7.22
STU_03733,topper,7,9.73,10.0,10.0,0.0,95.4,100.0,80.3,100.0,42.3,5.18,3,0,3,0,94.9,84.6,100.0,7.3,100.0,84.6,0.75,10.0
STU_03734,strong,6,7.81,7.12,8.22,-1.1,91.9,78.2,78.5,89.8,27.6,5.31,4,0,2,0,71.7,55.1,83.8,10.8,77.2,55.1,0.62,9.83
STU_03735,struggling,4,0.0,0.0,0.0,0.0,56.0,9.5,0.0,0.0,44.8,4.81,7,7,0,7,4.0,2.0,11.2,3.4,4.5,3.8,0.38,0.0
STU_03736,below_avg,6,0.0,0.0,0.0,0.0,63.4,30.5,36.3,39.8,25.1,4.49,4,4,0,4,34.2,26.0,38.8,5.0,32.7,38.8,0.62,0.67
STU_03737,below_avg,4,0.5,0.0,0.0,0.0,47.5,35.6,46.6,19.2,44.6,6.82,7,7,0,7,23.7,10.7,34.5,8.4,14.0,27.6,0.38,0.44
STU_03738,struggling,6,0.4,0.0,0.0,0.0,27.6,30.9,41.4,62.1,35.6,5.59,4,4,0,4,8.5,2.0,23.7,8.9,10.7,2.0,0.62,0.0
STU_03739,below_avg,3,1.01,0.84,0.63,0.21,75.3,31.8,47.0,40.6,26.1,7.26,6,5,0,6,29.0,19.4,44.0,7.9,28.8,29.1,0.25,1.09
STU_03740,strong,3,6.91,5.68,7.79,-2.11,91.7,68.4,50.4,61.6,22.8,6.28,6,1,2,1,62.1,39.9,82.6,13.2,72.8,56.8,0.25,6.27
STU_03741,failing,5,0.0,0.0,0.0,0.0,10.4,22.6,21.1,35.2,38.8,6.1,4,4,0,4,6.8,2.0,10.1,3.1,6.0,7.6,0.5,0.0
STU_03742,above_avg,4,5.83,5.36,6.58,-1.22,81.9,69.3,38.5,59.6,58.0,6.81,7,0,1,4,54.8,41.4,85.8,14.8,64.8,50.8,0.38,1.44
STU_03743,improving,6,1.47,2.38,0.0,2.38,96.6,47.8,63.1,64.1,30.7,6.78,4,1,0,3,44.5,35.6,52.6,6.9,47.5,35.6,0.62,5.5
STU_03744,strong,4,6.8,7.95,5.26,2.69,80.8,93.9,58.3,76.4,35.3,6.42,7,0,4,0,69.2,50.9,84.1,11.2,65.3,70.8,0.38,9.33
STU_03745,below_avg,3,0.83,0.95,0.74,0.21,62.5,70.6,58.9,22.8,51.1,5.7,6,4,0,4,28.1,2.0,58.5,21.6,56.0,14.2,0.25,0.0
STU_03746,average,5,0.44,0.89,0.73,0.16,77.9,47.9,18.9,54.6,14.7,6.15,4,2,0,4,33.6,17.8,44.7,10.8,43.6,23.6,0.5,1.75
STU_03747,average,4,4.18,1.91,5.21,-3.3,65.8,75.3,53.6,74.1,12.9,7.97,7,4,1,5,44.8,18.7,84.3,20.7,64.6,36.9,0.38,2.67
STU_03748,strong,4,6.43,6.64,6.32,0.32,94.9,74.2,56.8,70.0,42.1,6.6,7,0,0,0,61.9,53.0,68.2,4.9,67.5,59.6,0.38,7.0
STU_03749,struggling,3,0.0,0.0,0.0,0.0,35.0,38.8,23.6,37.5,37.2,7.25,6,6,0,6,23.8,8.9,35.5,8.7,32.5,19.4,0.25,0.0
STU_03750,struggling,4,0.0,0.0,0.42,-0.42,59.8,56.7,22.1,52.2,52.5,5.73,7,7,0,7,18.7,2.0,39.7,13.1,27.5,15.1,0.38,0.67
STU_03751,below_avg,5,0.76,1.11,0.27,0.84,73.0,49.1,35.0,23.4,16.2,6.35,4,3,1,3,36.7,12.6,84.2,27.9,55.7,17.8,0.5,1.75
STU_03752,strong,3,7.97,8.0,8.53,-0.53,83.9,89.1,71.3,87.6,38.6,6.27,6,0,4,0,73.7,65.2,82.9,5.9,79.5,70.8,0.25,8.0
STU_03753,average,6,1.5,0.5,2.89,-2.39,80.1,23.5,48.4,28.5,0.0,6.19,4,3,0,4,35.5,21.6,43.0,8.3,40.1,21.6,0.62,1.83
STU_03754,average,3,0.35,0.68,0.42,0.26,64.9,56.1,35.2,53.2,50.2,5.84,6,4,0,6,36.1,29.2,48.3,7.5,46.4,30.9,0.25,0.5
STU_03755,above_avg,3,6.12,4.89,6.84,-1.95,74.7,88.7,69.3,67.4,37.7,5.99,6,1,2,2,56.9,32.6,76.2,15.1,73.2,48.7,0.25,4.86
STU_03756,average,4,4.1,4.18,4.32,-0.14,67.2,56.5,61.1,50.5,77.5,4.91,7,2,0,2,49.2,19.7,63.3,14.5,54.8,46.9,0.38,4.0
STU_03757,below_avg,4,0.3,0.0,0.37,-0.37,52.5,32.5,48.2,57.5,0.0,6.11,7,7,0,7,22.5,2.0,34.1,10.3,26.7,20.9,0.38,1.33
STU_03758,below_avg,6,0.16,0.0,0.67,-0.67,51.8,26.7,25.1,56.8,0.0,6.26,4,4,0,4,21.5,17.6,26.7,3.3,22.0,19.9,0.62,0.83
STU_03759,average,4,4.65,3.68,5.47,-1.79,71.2,67.6,79.8,31.3,27.9,6.68,7,2,1,4,50.2,34.9,74.6,12.6,60.3,46.1,0.38,3.78
STU_03760,below_avg,5,1.3,0.0,1.82,-1.82,68.3,46.9,30.5,41.6,34.2,6.92,4,4,0,4,18.8,16.3,24.9,3.5,20.6,16.9,0.5,0.62
STU_03761,above_avg,3,4.24,2.37,6.16,-3.79,74.1,44.0,66.8,40.5,13.0,7.48,6,3,0,5,42.3,27.2,58.1,9.6,43.5,41.6,0.25,3.0
STU_03762,average,4,2.59,1.5,3.32,-1.82,85.5,42.7,57.0,54.8,47.3,5.22,7,4,0,5,38.1,18.1,60.5,14.5,55.9,30.9,0.38,3.11
STU_03763,strong,4,6.99,7.45,7.0,0.45,83.6,97.0,78.4,82.7,46.0,6.05,7,0,3,0,71.3,51.6,99.0,14.9,91.2,63.4,0.38,9.56
STU_03764,failing,3,0.0,0.0,0.0,0.0,35.8,5.5,19.8,9.3,37.7,6.37,6,6,0,6,4.5,2.0,14.3,4.5,9.4,2.0,0.25,0.0
STU_03765,strong,5,7.62,7.22,8.32,-1.1,95.2,100.0,93.2,42.9,48.2,5.7,4,0,2,0,75.2,56.0,92.0,16.0,91.0,59.5,0.5,9.25
STU_03766,average,5,2.49,0.78,4.41,-3.63,67.5,47.9,63.2,33.7,3.9,5.64,4,3,0,3,38.5,23.7,63.2,15.3,51.2,25.9,0.5,1.75
STU_03767,strong,4,6.86,6.82,7.11,-0.29,89.2,82.8,71.5,55.2,37.9,5.56,7,0,3,1,65.6,46.2,88.8,12.8,81.4,59.2,0.38,7.89
STU_03768,average,3,2.4,4.11,1.79,2.32,77.2,55.7,50.5,47.0,7.6,6.98,6,1,0,3,48.7,39.4,56.9,6.1,52.6,46.7,0.25,3.36
STU_03769,average,4,3.29,3.36,2.68,0.68,74.9,51.9,42.8,51.5,28.0,7.47,7,3,0,4,42.1,20.6,54.1,12.1,37.2,44.1,0.38,6.33
STU_03770,struggling,6,0.11,0.0,0.44,-0.44,42.8,4.6,36.5,7.2,24.1,4.72,4,4,0,4,11.0,2.0,31.0,11.7,4.4,31.0,0.62,0.67
STU_03771,strong,4,6.02,6.36,6.89,-0.53,82.1,74.0,95.5,55.4,53.6,6.01,7,0,1,2,62.2,48.3,78.8,9.8,70.0,59.0,0.38,7.78
STU_03772,average,3,3.11,2.79,2.95,-0.16,74.6,46.1,49.5,27.4,33.1,5.46,6,2,0,5,44.4,36.5,57.8,7.3,46.5,43.4,0.25,2.05
STU_03773,topper,4,9.88,10.0,10.0,0.0,91.1,75.8,60.6,74.3,81.7,5.58,7,0,7,0,84.9,80.5,89.7,3.3,81.5,86.3,0.38,10.0
STU_03774,struggling,3,0.24,0.0,0.0,0.0,32.7,29.7,21.6,17.0,11.3,5.21,6,6,0,6,9.5,2.0,39.0,13.3,22.6,2.9,0.25,0.0
STU_03775,below_avg,7,1.53,0.0,3.5,-3.5,66.9,38.8,29.8,52.5,11.9,6.19,3,3,0,3,26.4,3.4,38.6,16.3,38.0,3.4,0.75,0.0
STU_03776,above_avg,4,4.17,3.27,3.89,-0.62,79.3,57.3,40.5,55.5,54.3,4.94,7,2,0,5,45.7,29.5,55.4,8.6,54.8,42.1,0.38,5.67
STU_03777,average,6,1.52,2.12,1.78,0.34,62.1,57.3,66.6,59.8,27.3,7.26,4,1,0,4,41.0,28.6,49.1,7.6,45.2,28.6,0.62,0.0
STU_03778,above_avg,5,5.2,4.33,5.73,-1.4,76.7,55.5,77.0,82.4,9.5,6.85,4,1,1,1,55.8,36.7,71.1,13.4,68.2,43.4,0.5,7.38
STU_03779,average,4,4.28,3.09,4.89,-1.8,65.2,48.9,58.3,45.5,8.8,7.45,7,2,0,5,45.4,32.9,60.7,10.4,54.4,41.8,0.38,5.44
STU_03780,average,4,1.75,1.95,0.84,1.11,75.3,83.8,45.7,64.3,24.5,6.66,7,3,0,6,39.9,23.5,56.7,10.4,53.0,34.6,0.38,7.33
STU_03781,struggling,7,0.0,0.0,0.0,0.0,42.9,24.4,0.0,16.5,56.0,4.0,3,3,0,3,16.9,3.7,34.6,13.0,23.6,3.7,0.75,0.67
STU_03782,average,3,3.45,2.53,3.89,-1.36,70.1,54.5,55.5,15.0,34.7,5.36,6,2,0,5,36.6,20.8,51.0,11.3,48.1,30.8,0.25,1.32
STU_03783,average,7,2.04,3.33,1.12,2.21,71.0,33.7,52.1,43.8,62.8,5.82,3,1,0,3,40.3,39.8,41.1,0.6,40.5,40.1,0.75,1.83
STU_03784,above_avg,7,5.67,5.5,6.5,-1.0,83.0,81.0,58.6,65.3,65.0,5.67,3,0,0,1,56.6,49.7,67.2,7.6,60.0,49.7,0.75,9.0
STU_03785,struggling,3,1.05,1.05,0.95,0.1,49.9,13.1,29.0,45.0,0.0,5.05,6,5,0,6,18.9,2.0,48.1,14.5,18.1,19.2,0.25,0.0
STU_03786,above_avg,7,4.47,5.5,3.38,2.12,86.8,51.2,34.2,70.2,14.1,6.95,3,0,0,2,49.5,42.5,59.0,7.0,44.8,59.0,0.75,6.17
STU_03787,average,3,3.78,2.58,4.79,-2.21,63.8,35.3,57.1,68.8,3.8,6.12,6,3,0,5,40.1,18.1,55.4,12.4,42.0,39.2,0.25,3.59
STU_03788,topper,4,8.27,9.27,8.74,0.53,93.2,81.2,69.7,80.5,30.1,6.24,7,0,7,0,81.0,74.0,92.2,5.5,88.3,78.1,0.38,10.0
STU_03789,below_avg,4,0.61,0.32,1.37,-1.05,49.8,52.9,41.8,77.3,35.3,5.29,7,6,0,6,23.4,2.0,66.5,21.2,48.6,13.3,0.38,0.0
STU_03790,above_avg,7,6.16,6.0,6.25,-0.25,73.0,60.6,45.8,43.3,11.3,6.13,3,0,0,1,55.7,49.8,60.3,4.4,55.0,57.1,0.75,1.33
STU_03791,above_avg,5,4.85,3.67,6.64,-2.97,76.7,73.5,68.0,78.9,1.3,6.69,4,1,1,1,55.1,33.9,73.5,14.7,68.0,42.2,0.5,3.38
STU_03792,strong,3,7.92,7.53,8.16,-0.63,93.2,88.0,75.8,65.3,53.0,6.7,6,0,2,0,69.6,57.2,91.3,12.6,79.3,64.7,0.25,7.45
STU_03793,strong,5,6.89,6.33,7.0,-0.67,76.5,81.4,75.6,67.9,22.1,6.34,4,0,1,0,61.0,54.1,70.5,6.9,67.5,54.4,0.5,8.88
STU_03794,strong,7,7.87,7.33,9.5,-2.17,100.0,100.0,60.4,75.1,55.7,5.2,3,0,2,0,77.1,54.6,88.4,15.9,88.3,54.6,0.75,7.5
STU_03795,strong,3,6.33,5.95,6.79,-0.84,88.5,70.9,61.0,56.8,36.2,5.09,6,0,0,2,56.8,45.5,66.5,7.8,62.8,53.8,0.25,6.41
STU_03796,improving,6,0.75,1.75,0.0,1.75,78.5,35.3,52.7,66.3,64.7,5.54,4,2,0,3,37.1,13.7,59.3,16.2,44.9,13.7,0.62,6.0
STU_03797,strong,5,7.21,6.22,7.91,-1.69,94.0,69.5,66.0,55.7,72.4,5.41,4,0,1,1,62.7,48.8,72.5,8.8,69.8,55.5,0.5,8.0
STU_03798,improving,7,4.82,6.5,2.0,4.5,77.5,73.6,58.6,66.1,54.0,7.48,3,0,1,1,64.0,47.2,86.4,16.5,66.8,58.4,0.75,6.83
STU_03799,above_avg,4,4.8,6.23,3.21,3.02,71.2,47.5,75.4,72.7,24.5,6.36,7,0,2,2,59.1,40.3,78.5,13.2,61.0,58.4,0.38,6.67
STU_03800,strong,5,6.34,6.22,5.91,0.31,82.6,76.4,42.8,54.8,0.0,5.55,4,0,1,1,62.1,48.3,73.8,9.1,68.7,55.6,0.5,7.38
STU_03801,struggling,3,0.0,0.0,0.0,0.0,58.0,20.0,18.1,8.5,11.5,6.29,6,6,0,6,14.8,2.0,27.4,10.2,26.9,8.8,0.25,0.18
STU_03802,struggling,3,0.59,0.63,0.0,0.63,40.1,59.2,9.0,38.1,13.9,5.95,6,5,0,5,19.2,2.0,57.3,18.0,34.5,11.6,0.25,0.0
STU_03803,average,6,1.82,2.75,0.44,2.31,64.9,32.9,45.7,21.1,27.1,7.24,4,2,0,3,42.3,37.5,52.2,5.9,42.6,41.5,0.62,0.83
STU_03804,below_avg,5,0.16,0.0,0.23,-0.23,57.6,16.3,52.6,59.4,22.4,5.53,4,4,0,4,17.4,6.6,30.4,10.4,15.8,19.1,0.5,0.62
STU_03805,below_avg,5,0.29,0.67,0.0,0.67,60.9,48.8,31.9,48.5,5.9,6.32,4,3,0,3,26.9,11.0,57.3,18.2,36.0,17.9,0.5,0.5
STU_03806,strong,3,8.48,7.47,9.79,-2.32,92.7,100.0,82.0,87.7,26.7,4.78,6,0,2,0,73.1,60.5,89.4,10.6,87.5,66.0,0.25,7.64
STU_03807,struggling,5,0.36,0.0,0.0,0.0,56.3,41.5,0.0,8.0,26.5,6.73,4,4,0,4,18.2,2.0,39.9,16.7,34.5,2.0,0.5,0.0
STU_03808,below_avg,5,1.37,0.44,1.09,-0.65,65.4,45.9,33.8,4.3,11.6,5.07,4,3,0,4,25.0,7.5,42.6,13.8,38.0,11.9,0.5,1.0
STU_03809,above_avg,6,4.76,7.88,2.33,5.55,76.1,75.3,65.3,28.0,16.6,5.28,4,0,2,0,71.8,65.3,82.8,6.7,74.0,65.3,0.62,7.5
STU_03810,struggling,3,0.0,0.0,0.0,0.0,52.6,22.3,20.1,32.0,37.5,6.74,6,6,0,6,8.9,2.0,31.6,11.0,16.8,4.9,0.25,0.0
STU_03811,above_avg,3,4.81,5.37,4.42,0.95,76.7,72.8,55.3,52.9,14.4,7.19,6,0,1,3,53.6,41.4,72.5,9.6,64.2,48.2,0.25,6.95
STU_03812,struggling,6,0.0,0.0,0.0,0.0,42.9,30.6,31.6,42.1,12.6,6.67,4,4,0,4,9.4,2.0,21.6,8.1,11.8,2.0,0.62,0.67
STU_03813,average,3,1.18,1.16,1.58,-0.42,72.5,66.0,41.0,44.0,39.2,5.82,6,4,1,5,37.3,8.3,75.5,20.7,58.5,26.7,0.25,1.45
STU_03814,struggling,7,0.09,0.0,0.5,-0.5,57.1,20.0,38.4,39.7,17.4,6.35,3,3,0,3,25.1,18.2,30.1,5.0,22.6,30.1,0.75,0.0
STU_03815,strong,4,7.36,7.27,7.05,0.22,94.7,98.8,74.6,58.5,52.7,5.93,7,0,3,0,71.7,51.9,91.7,12.3,88.4,65.0,0.38,10.0
STU_03816,strong,3,6.24,5.84,6.37,-0.53,83.5,64.0,58.4,74.7,8.3,6.12,6,0,1,3,57.2,41.9,80.2,13.1,72.5,49.5,0.25,5.77
STU_03817,below_avg,4,1.75,0.91,1.89,-0.98,59.6,28.6,61.8,50.0,14.3,6.2,7,6,0,7,34.7,21.3,47.5,7.3,36.4,34.0,0.38,1.33
STU_03818,average,4,2.58,1.14,3.37,-2.23,67.0,54.9,60.3,62.0,58.0,5.22,7,5,1,6,35.1,2.0,79.2,21.9,56.9,26.4,0.38,5.78
STU_03819,above_avg,4,3.37,3.73,3.42,0.31,73.2,45.0,59.8,69.0,25.5,6.17,7,2,0,4,45.8,27.2,60.1,9.8,47.2,45.2,0.38,1.56
STU_03820,strong,3,7.96,9.0,7.63,1.37,79.7,71.7,92.9,43.8,52.9,5.61,6,0,4,0,75.3,63.6,83.2,8.0,73.4,76.2,0.25,8.73
STU_03821,below_avg,4,0.0,0.91,0.0,0.91,52.0,28.6,41.4,34.0,7.2,6.77,7,6,0,7,23.8,9.1,49.1,12.8,18.1,26.1,0.38,0.44
STU_03822,average,4,2.88,3.5,1.47,2.03,66.8,74.5,41.6,39.9,20.9,5.36,7,2,0,3,49.0,36.4,63.7,9.7,57.5,45.6,0.38,1.11
STU_03823,below_avg,4,1.28,1.09,1.05,0.04,54.6,40.2,47.6,27.1,38.0,7.44,7,5,0,7,35.5,24.1,49.8,8.4,39.7,33.8,0.38,0.67
STU_03824,average,3,3.13,3.84,2.0,1.84,65.9,69.9,43.7,75.2,19.8,5.58,6,2,0,2,52.2,32.2,67.0,13.1,60.9,47.9,0.25,5.05
STU_03825,average,4,4.93,3.68,5.32,-1.64,60.9,68.9,74.8,56.6,34.4,6.55,7,2,0,3,49.2,30.1,68.6,14.0,57.7,45.7,0.38,6.22
STU_03826,average,7,2.15,1.5,2.25,-0.75,83.5,52.1,46.3,26.7,15.1,6.06,3,1,0,3,38.5,23.6,49.3,10.9,46.0,23.6,0.75,2.67
STU_03827,above_avg,5,4.22,6.44,2.0,4.44,74.1,60.5,71.3,61.1,37.3,6.13,4,0,0,1,58.0,49.4,65.7,6.0,57.5,58.4,0.5,7.75
STU_03828,topper,5,6.72,8.56,6.27,2.29,91.7,93.9,90.4,72.7,43.1,4.99,4,0,3,0,78.9,63.5,89.5,9.9,87.2,70.6,0.5,10.0
STU_03829,topper,5,10.0,10.0,10.0,0.0,93.7,88.3,92.7,53.7,26.2,8.5,4,0,4,0,94.4,91.6,99.5,3.2,93.2,95.5,0.5,10.0
STU_03830,topper,4,9.81,10.0,9.53,0.47,90.0,100.0,100.0,74.9,59.7,6.09,7,0,7,0,90.4,80.4,98.1,6.4,91.5,90.0,0.38,10.0
STU_03831,average,5,1.81,0.56,3.0,-2.44,65.1,44.6,55.0,41.8,32.8,5.16,4,3,0,4,30.5,19.6,45.3,9.4,37.8,23.2,0.5,1.75
STU_03832,above_avg,3,6.54,6.05,6.74,-0.69,74.8,66.7,57.6,100.0,11.8,6.12,6,0,1,2,61.0,47.6,79.4,11.0,73.6,54.7,0.25,6.27
STU_03833,below_avg,5,0.21,0.0,0.27,-0.27,56.9,52.3,44.3,15.7,21.7,8.02,4,4,0,4,21.5,14.2,28.1,6.5,21.8,21.1,0.5,0.0
STU_03834,above_avg,4,4.78,6.09,3.16,2.93,91.0,65.4,60.5,76.4,61.2,5.58,7,0,0,2,59.6,47.0,68.4,9.1,66.8,56.7,0.38,8.11
STU_03835,strong,3,7.31,7.0,7.89,-0.89,78.6,79.1,69.8,61.2,50.0,7.32,6,0,1,0,66.4,58.8,75.2,5.0,71.9,63.6,0.25,6.14
STU_03836,above_avg,6,7.37,8.0,7.0,1.0,78.7,65.7,96.0,60.7,41.5,5.02,4,0,2,0,67.8,57.2,75.8,6.8,65.1,75.8,0.62,5.17
STU_03837,struggling,6,0.0,0.0,0.0,0.0,27.9,40.4,33.4,38.3,13.5,6.79,4,4,0,4,21.3,12.0,32.9,7.5,21.2,21.6,0.62,2.0
STU_03838,failing,4,0.4,0.0,0.0,0.0,34.8,9.5,28.2,29.9,0.0,5.06,7,7,0,7,3.1,2.0,5.4,1.5,2.5,3.3,0.38,0.0
STU_03839,struggling,3,0.0,0.0,0.0,0.0,48.1,24.1,12.4,0.0,20.1,5.85,6,6,0,6,7.2,2.0,21.9,7.7,11.9,4.8,0.25,0.0
STU_03840,strong,4,6.78,5.82,7.84,-2.02,80.2,89.5,74.7,46.8,36.8,7.13,7,0,1,2,59.2,44.3,78.9,10.4,71.1,54.4,0.38,6.11
STU_03841,above_avg,4,4.01,3.36,4.32,-0.96,80.3,42.3,54.0,82.1,37.6,6.39,7,2,0,5,43.7,24.1,55.4,9.5,48.5,41.8,0.38,3.0
STU_03842,below_avg,5,0.36,0.0,0.91,-0.91,74.9,38.3,28.2,41.0,0.0,5.85,4,4,0,4,16.5,2.0,32.3,11.0,25.9,7.1,0.5,1.0
STU_03843,above_avg,3,4.16,4.42,4.0,0.42,78.1,87.0,62.3,80.2,10.0,6.47,6,1,1,3,55.1,31.6,82.3,16.9,76.0,44.6,0.25,2.86
STU_03844,strong,3,7.62,7.32,6.79,0.53,88.8,64.0,68.9,33.8,37.7,5.78,6,0,1,0,65.7,58.5,76.4,5.9,63.4,66.8,0.25,8.77
STU_03845,failing,6,0.59,1.25,0.0,1.25,13.7,34.5,28.9,12.9,0.0,6.39,4,3,0,4,19.7,2.0,45.4,16.8,25.6,2.0,0.62,0.0
STU_03846,above_avg,3,5.26,7.37,4.21,3.16,82.3,69.9,67.3,37.5,42.0,4.35,6,0,3,1,67.0,46.5,80.0,11.3,63.2,68.8,0.25,7.77
STU_03847,average,4,0.92,2.55,0.0,2.55,73.9,30.6,54.0,38.6,62.2,6.68,7,3,0,7,38.9,26.9,46.8,6.4,39.7,38.6,0.38,3.11
STU_03848,above_avg,4,4.94,4.86,4.74,0.12,85.1,70.1,46.6,45.1,38.5,5.44,7,1,2,3,56.8,38.6,71.3,13.7,69.6,51.7,0.38,3.33
STU_03849,strong,4,7.29,6.77,8.05,-1.28,83.6,63.4,72.3,62.2,42.0,5.63,7,0,2,0,64.6,52.5,84.8,10.2,74.6,60.6,0.38,6.67
STU_03850,improving,5,2.85,4.78,0.0,4.78,81.5,39.0,41.3,50.7,31.2,6.85,4,1,0,3,46.6,36.0,55.1,6.8,42.0,51.2,0.5,4.75
STU_03851,above_avg,4,3.58,4.86,1.95,2.91,75.2,51.8,33.3,64.7,47.8,5.65,7,2,1,3,51.9,35.1,72.8,12.1,48.1,53.5,0.38,7.11
STU_03852,average,3,1.61,0.53,3.32,-2.79,80.5,43.3,50.4,52.3,40.0,5.43,6,5,0,6,29.2,15.8,45.7,10.9,41.6,23.0,0.25,0.0
STU_03853,average,6,3.57,5.0,3.22,1.78,62.2,54.5,43.5,52.8,20.8,6.12,4,1,1,1,56.1,32.6,76.3,15.8,57.0,53.3,0.62,1.0
STU_03854,average,3,2.24,3.0,1.32,1.68,73.3,70.8,59.9,55.9,15.2,5.53,6,2,0,4,37.4,2.0,55.5,19.0,51.3,30.4,0.25,3.45
STU_03855,struggling,3,0.11,0.0,0.0,0.0,41.9,65.4,22.6,23.9,0.0,5.18,6,6,0,6,17.2,2.0,37.7,13.7,33.2,9.2,0.25,0.0
STU_03856,average,5,1.44,3.0,0.0,3.0,79.4,45.6,45.3,16.1,48.1,6.2,4,1,0,3,43.4,33.4,50.9,7.0,50.0,36.9,0.5,4.5
STU_03857,strong,4,8.98,9.09,8.32,0.77,80.8,100.0,68.2,60.4,63.5,6.02,7,0,6,0,81.9,65.6,89.9,8.3,87.3,79.7,0.38,10.0
STU_03858,average,3,2.79,4.84,0.74,4.1,75.6,55.2,67.7,54.6,32.7,6.28,6,0,0,4,47.8,40.6,58.4,5.6,48.9,47.3,0.25,6.95
STU_03859,average,3,3.2,4.74,2.16,2.58,62.3,42.9,66.1,49.5,38.5,5.99,6,1,1,4,47.1,18.3,73.2,16.2,44.6,48.4,0.25,5.05
STU_03860,strong,4,8.34,8.14,8.32,-0.18,79.7,92.0,71.0,60.7,42.8,6.49,7,0,5,1,73.7,47.9,86.7,12.3,79.5,71.4,0.38,9.67
STU_03861,below_avg,3,0.48,0.0,0.37,-0.37,54.9,26.7,34.2,30.7,33.7,5.45,6,6,0,6,14.8,2.0,28.0,9.7,23.6,10.4,0.25,0.18
STU_03862,struggling,5,0.13,0.0,0.0,0.0,34.6,20.5,2.7,11.3,34.6,5.76,4,4,0,4,7.5,2.0,23.9,9.5,12.9,2.0,0.5,0.0
STU_03863,struggling,5,0.79,0.67,0.0,0.67,53.6,36.1,33.3,27.6,0.0,5.27,4,3,0,3,27.3,2.0,53.2,19.8,45.8,8.8,0.5,0.0
STU_03864,topper,5,9.66,9.89,9.45,0.44,98.1,99.4,81.3,86.4,27.5,5.4,4,0,4,0,84.8,75.2,93.2,6.4,84.2,85.3,0.5,10.0
STU_03865,average,4,1.59,2.5,0.32,2.18,76.5,63.7,30.8,28.1,47.0,6.04,7,3,0,5,39.5,18.8,57.7,13.7,49.3,35.6,0.38,4.22
STU_03866,strong,7,7.47,7.17,8.12,-0.95,89.9,70.5,74.3,58.1,40.9,5.05,3,0,1,0,68.5,63.5,72.0,3.6,71.0,63.5,0.75,9.0
STU_03867,struggling,5,0.0,0.0,0.0,0.0,58.7,14.3,9.4,67.5,10.8,6.84,4,4,0,4,3.5,2.0,7.9,2.6,5.0,2.0,0.5,0.0
STU_03868,topper,5,8.46,9.56,7.64,1.92,94.5,81.8,80.7,59.7,31.5,5.01,4,0,4,0,85.4,75.9,94.9,6.7,89.7,81.1,0.5,10.0
STU_03869,below_avg,4,1.76,0.73,1.47,-0.74,63.8,21.2,49.0,29.9,17.1,6.91,7,6,0,7,28.6,12.5,43.7,11.7,26.5,29.5,0.38,0.0
STU_03870,below_avg,4,0.29,0.0,0.53,-0.53,60.9,6.1,23.2,53.0,61.0,6.76,7,7,0,7,10.5,2.0,35.3,11.6,18.6,7.3,0.38,0.0
STU_03871,below_avg,6,1.09,0.5,1.11,-0.61,55.2,49.1,45.6,66.6,8.8,7.46,4,3,0,4,34.6,28.2,43.6,5.7,34.6,34.6,0.62,0.0
STU_03872,inconsistent,3,0.38,1.26,0.42,0.84,74.3,0.0,25.9,23.7,53.7,6.56,6,5,0,5,21.1,2.0,52.9,19.0,15.3,24.0,0.25,0.41
STU_03873,below_avg,4,0.65,0.0,0.84,-0.84,58.7,10.5,37.7,45.2,11.5,7.05,7,7,0,7,16.0,5.2,33.5,10.0,19.4,14.6,0.38,0.0
STU_03874,average,5,1.95,2.44,1.27,1.17,70.7,23.0,26.8,30.2,20.2,5.44,4,2,0,3,33.2,5.9,52.4,17.1,37.2,29.1,0.5,0.75
STU_03875,average,3,3.99,3.11,4.63,-1.52,67.6,54.8,37.2,83.6,44.7,7.61,6,3,0,3,43.9,27.2,63.3,15.3,43.8,44.0,0.25,3.32
STU_03876,above_avg,4,4.76,3.77,6.42,-2.65,81.3,40.7,45.0,69.0,3.8,5.86,7,2,0,3,47.5,33.3,58.4,9.0,53.3,45.2,0.38,6.11
STU_03877,strong,6,8.06,7.88,7.78,0.1,83.4,81.0,93.0,30.7,48.6,7.23,4,0,3,0,72.1,69.8,77.3,3.1,72.4,71.2,0.62,7.67
STU_03878,struggling,7,0.27,0.0,0.0,0.0,56.3,22.4,38.1,39.2,19.6,4.77,3,3,0,3,19.3,13.3,24.7,4.7,22.2,13.3,0.75,0.0
STU_03879,above_avg,6,6.21,5.62,6.22,-0.6,74.0,48.4,61.5,71.6,35.8,6.21,4,0,0,2,54.1,40.5,65.4,10.5,56.4,47.3,0.62,2.0
STU_03880,below_avg,5,0.78,0.56,0.73,-0.17,50.0,52.6,43.2,23.9,0.0,6.16,4,3,0,4,31.5,18.0,49.4,11.3,33.7,29.2,0.5,2.12
STU_03881,average,4,2.17,3.0,0.84,2.16,75.7,45.8,62.5,16.3,7.2,6.05,7,3,0,5,41.1,24.6,59.0,13.3,44.0,40.0,0.38,6.22
STU_03882,above_avg,6,4.68,4.25,4.33,-0.08,85.0,51.1,68.7,43.4,57.1,7.56,4,1,1,2,52.7,37.6,71.3,12.7,55.2,45.3,0.62,8.0
STU_03883,strong,6,7.0,7.0,6.67,0.33,95.8,72.0,94.2,52.7,11.9,6.1,4,0,2,0,69.9,54.3,87.0,11.9,75.1,54.3,0.62,10.0
STU_03884,below_avg,4,0.26,0.18,0.37,-0.19,56.8,47.0,14.4,40.0,7.0,5.83,7,6,0,7,22.1,2.0,44.0,14.4,38.6,15.5,0.38,0.0
STU_03885,above_avg,7,3.28,2.17,4.75,-2.58,65.6,67.5,51.9,88.9,63.1,5.86,3,1,0,1,50.1,37.8,62.0,9.9,56.2,37.8,0.75,6.33
STU_03886,average,3,1.44,1.79,1.68,0.11,70.6,57.8,65.9,61.8,51.8,6.14,6,3,0,4,38.9,25.8,53.8,10.9,53.0,31.9,0.25,1.45
STU_03887,strong,4,7.32,7.41,6.84,0.57,80.0,61.0,61.7,65.0,44.4,6.22,7,0,3,0,67.6,61.6,74.2,4.7,66.1,68.2,0.38,9.22
STU_03888,above_avg,6,7.57,6.88,8.56,-1.68,79.0,72.7,73.7,65.0,34.5,6.38,4,0,2,0,68.1,56.2,75.9,7.6,72.0,56.2,0.62,2.67
STU_03889,below_avg,3,0.0,0.0,0.32,-0.32,50.7,38.6,45.5,19.1,0.0,6.19,6,6,0,6,17.8,2.0,31.3,10.2,29.7,11.8,0.25,0.18
STU_03890,improving,5,2.73,3.44,1.41,2.03,88.5,73.4,63.6,29.6,37.9,5.6,4,1,0,2,47.4,31.1,60.5,10.9,49.0,45.8,0.5,7.88
STU_03891,average,3,2.39,1.58,3.74,-2.16,64.6,27.5,39.6,54.6,40.8,5.32,6,4,0,5,33.0,4.3,60.9,18.8,32.6,33.2,0.25,0.0
STU_03892,average,5,4.34,5.22,3.41,1.81,60.5,29.2,57.4,69.1,18.1,6.49,4,1,0,3,47.0,38.8,61.6,8.9,40.0,54.0,0.5,6.25
STU_03893,above_avg,5,2.19,2.89,1.64,1.25,82.6,66.0,80.1,49.1,26.0,5.98,4,1,0,2,50.6,33.1,64.6,14.0,64.3,36.9,0.5,5.5
STU_03894,above_avg,4,3.81,3.95,3.63,0.32,76.3,55.1,64.3,78.8,32.7,5.56,7,1,1,4,48.5,32.0,77.3,13.5,65.0,41.9,0.38,7.0
STU_03895,below_avg,3,0.93,0.42,0.79,-0.37,76.1,37.2,40.4,28.8,23.8,6.39,6,5,0,6,13.8,2.0,41.9,13.8,30.1,5.6,0.25,0.91
STU_03896,below_avg,3,2.01,1.89,1.26,0.63,56.7,22.4,39.0,43.0,38.5,6.45,6,4,0,6,27.0,2.0,48.7,16.1,18.0,31.6,0.25,1.36
STU_03897,below_avg,6,1.3,1.5,1.22,0.28,68.8,45.0,52.9,52.1,19.4,6.88,4,3,0,3,36.5,18.2,57.0,13.9,42.6,18.2,0.62,1.5
STU_03898,struggling,4,0.08,0.0,0.0,0.0,51.2,23.5,9.0,36.8,45.6,6.99,7,7,0,7,8.5,2.0,22.9,6.8,15.3,5.8,0.38,0.0
STU_03899,average,7,5.82,6.17,5.0,1.17,77.7,69.4,71.0,39.2,41.7,5.67,3,1,1,1,60.4,39.2,79.2,16.4,59.2,62.9,0.75,6.17
STU_03900,topper,3,9.42,9.37,10.0,-0.63,92.5,100.0,67.6,82.2,66.3,7.71,6,0,5,0,91.6,68.0,100.0,10.9,100.0,87.5,0.25,10.0
STU_03901,below_avg,4,0.54,0.0,1.0,-1.0,62.1,40.9,31.6,14.0,14.2,6.5,7,7,0,7,16.3,2.6,36.2,12.4,34.5,9.0,0.38,0.0
STU_03902,below_avg,5,2.87,3.22,2.27,0.95,61.9,75.0,78.1,19.0,42.2,6.47,4,1,0,2,42.5,8.0,62.1,21.2,59.7,25.3,0.5,1.38
STU_03903,failing,4,0.0,0.0,0.0,0.0,36.7,14.2,7.8,27.3,5.2,6.54,7,7,0,7,2.0,2.0,2.0,0.0,2.0,2.0,0.38,0.0
STU_03904,strong,5,7.55,7.22,6.77,0.45,90.3,85.7,80.2,53.8,13.3,5.85,4,0,2,0,69.5,53.5,80.4,11.1,79.8,59.1,0.5,6.62
STU_03905,above_avg,3,5.89,6.63,5.79,0.84,82.7,78.3,67.7,72.2,23.5,6.67,6,0,3,2,64.7,45.5,84.7,13.8,79.7,57.2,0.25,7.73
STU_03906,above_avg,4,5.69,4.18,7.0,-2.82,82.7,63.4,63.9,68.6,33.5,6.63,7,1,0,4,48.3,37.5,56.3,6.3,53.1,46.4,0.38,3.56
STU_03907,strong,6,7.95,8.38,6.89,1.49,79.6,81.2,66.6,82.5,75.4,6.46,4,0,2,0,72.4,62.7,82.6,7.4,71.4,75.3,0.62,8.67
STU_03908,topper,6,8.87,10.0,8.44,1.56,98.2,100.0,98.8,69.9,64.3,5.35,4,0,4,0,92.1,83.7,100.0,5.9,94.9,83.7,0.62,10.0
STU_03909,failing,5,0.0,0.0,0.0,0.0,28.5,21.6,24.7,15.6,0.0,6.09,4,4,0,4,12.5,2.0,27.0,10.9,22.9,2.0,0.5,0.0
STU_03910,average,3,4.42,3.26,6.79,-3.53,69.3,65.4,67.4,57.5,43.6,5.94,6,2,0,3,48.1,35.4,58.3,8.8,54.7,44.8,0.25,1.82
STU_03911,strong,6,7.45,8.25,6.89,1.36,76.5,78.5,46.2,64.8,50.3,7.13,4,0,3,0,75.7,62.5,89.0,10.0,80.0,62.5,0.62,7.67
STU_03912,below_avg,4,1.58,1.36,1.47,-0.11,64.3,53.0,62.6,29.1,27.9,6.73,7,4,0,7,25.8,2.0,48.7,19.1,46.8,17.4,0.38,5.44
STU_03913,average,6,2.53,3.5,1.33,2.17,61.0,52.9,53.9,35.5,52.3,5.91,4,1,0,3,45.4,28.1,61.4,11.8,45.6,44.7,0.62,4.5
STU_03914,struggling,3,0.01,0.0,0.0,0.0,37.1,24.2,29.9,26.9,39.7,6.17,6,6,0,6,9.2,2.0,27.9,10.2,23.1,2.2,0.25,0.0
STU_03915,above_avg,3,5.14,5.32,5.53,-0.21,86.6,69.1,73.2,62.9,45.2,6.52,6,1,1,1,59.0,34.4,79.0,13.8,74.1,51.5,0.25,7.27
STU_03916,average,4,2.85,3.82,2.53,1.29,72.7,76.6,53.3,57.8,50.2,8.5,7,3,1,4,48.5,23.3,74.1,16.6,56.5,45.2,0.38,2.33
STU_03917,average,3,2.71,2.16,3.16,-1.0,81.5,38.8,56.8,32.8,56.1,4.79,6,3,0,4,40.4,18.0,60.0,14.2,53.8,33.6,0.25,2.41
STU_03918,strong,6,7.49,7.62,7.44,0.18,95.0,70.5,49.2,41.9,66.6,5.19,4,0,2,0,71.3,63.5,83.0,7.3,72.6,67.4,0.62,8.67
STU_03919,average,6,3.93,3.75,3.56,0.19,71.4,58.9,44.0,48.7,55.9,6.43,4,1,0,3,45.4,34.8,56.7,7.8,45.0,46.3,0.62,6.67
STU_03920,strong,7,6.85,7.5,6.62,0.88,73.8,86.5,53.5,57.6,43.5,5.35,3,0,2,0,71.3,62.6,77.1,6.2,75.6,62.6,0.75,7.0
STU_03921,below_avg,7,0.35,0.0,0.5,-0.5,65.6,8.3,30.2,16.4,13.3,6.93,3,3,0,3,16.2,7.9,27.1,8.1,20.4,7.9,0.75,1.0
STU_03922,above_avg,4,2.9,4.73,0.95,3.78,74.2,82.4,37.2,60.3,11.1,5.44,7,1,0,2,49.1,20.2,59.9,12.5,55.1,46.7,0.38,6.11
STU_03923,strong,5,7.55,7.56,6.73,0.83,80.1,70.3,76.2,62.4,7.7,6.47,4,0,3,0,71.9,53.8,89.3,12.7,81.8,61.9,0.5,7.75
STU_03924,strong,3,8.06,7.26,9.16,-1.9,92.2,83.4,81.0,51.5,37.7,5.04,6,0,2,0,69.7,65.0,73.8,3.0,69.4,69.8,0.25,8.0
STU_03925,struggling,7,0.0,0.0,0.0,0.0,39.1,11.4,28.1,21.7,33.6,6.67,3,3,0,3,20.8,11.7,26.5,6.5,18.0,26.5,0.75,0.0
STU_03926,strong,7,8.1,7.17,9.0,-1.83,95.2,69.8,57.7,92.8,17.3,6.37,3,0,2,0,72.6,57.2,81.7,10.9,80.2,57.2,0.75,7.67
STU_03927,above_avg,4,4.65,3.95,5.26,-1.31,72.9,71.4,75.3,58.6,43.2,4.88,7,2,0,4,45.3,30.1,60.3,9.3,49.6,43.6,0.38,7.56
STU_03928,average,4,5.29,4.86,4.84,0.02,75.1,59.1,51.0,66.1,12.0,6.0,7,0,1,4,50.1,40.4,79.0,12.5,65.5,43.9,0.38,2.56
STU_03929,strong,3,6.91,6.58,7.16,-0.58,79.7,79.2,49.7,37.9,14.3,6.52,6,0,1,0,61.1,50.8,72.1,7.5,65.8,58.8,0.25,6.41
STU_03930,average,3,0.25,0.37,0.42,-0.05,77.9,64.6,38.3,54.0,45.8,6.56,6,5,0,5,33.5,18.8,67.0,16.1,52.5,23.9,0.25,5.73
STU_03931,above_avg,5,3.58,4.78,2.18,2.6,68.0,74.5,47.7,57.3,49.7,5.54,4,0,1,2,55.5,43.5,75.6,12.9,66.8,44.2,0.5,6.0
STU_03932,below_avg,4,0.5,0.27,0.0,0.27,49.1,61.9,26.2,59.9,13.6,5.86,7,6,0,6,18.1,2.0,50.9,15.7,40.0,9.3,0.38,0.44
STU_03933,strong,6,8.26,7.0,9.11,-2.11,86.1,81.4,80.6,71.6,50.8,7.08,4,0,2,0,70.0,53.8,83.6,10.7,75.4,53.8,0.62,8.67
STU_03934,above_avg,5,5.5,6.56,3.82,2.74,79.2,89.4,58.7,69.4,24.5,4.91,4,0,1,0,62.4,53.9,80.8,11.0,70.7,54.1,0.5,9.25
STU_03935,below_avg,4,0.09,1.09,0.0,1.09,49.1,48.3,17.9,29.4,38.1,6.62,7,5,0,7,27.7,6.1,46.2,13.8,39.4,23.1,0.38,0.0
STU_03936,above_avg,3,3.85,4.05,4.58,-0.53,91.8,50.3,54.1,37.5,40.4,5.18,6,1,0,5,46.2,34.6,52.1,5.5,50.5,44.1,0.25,3.45
STU_03937,strong,3,7.34,8.05,6.26,1.79,80.2,75.9,73.9,48.8,64.3,5.33,6,0,4,0,72.6,55.7,82.9,9.5,79.6,69.1,0.25,8.68
STU_03938,improving,5,3.22,5.33,0.27,5.06,71.4,72.9,43.1,64.6,35.6,7.89,4,0,0,2,54.1,44.0,69.6,10.1,57.9,50.4,0.5,6.62
STU_03939,average,3,3.19,1.79,4.11,-2.32,72.4,38.0,55.0,45.1,37.3,7.58,6,3,0,5,38.0,16.3,51.1,11.1,45.8,34.1,0.25,0.18
STU_03940,average,7,3.74,2.33,4.75,-2.42,73.1,73.2,54.5,69.2,42.8,4.86,3,1,0,1,52.9,30.1,65.9,16.2,64.2,30.1,0.75,2.0
STU_03941,above_avg,3,6.91,6.21,6.95,-0.74,80.3,72.3,82.4,40.0,39.3,5.32,6,0,0,0,55.6,50.5,67.5,5.9,56.3,55.2,0.25,7.91
STU_03942,strong,4,8.26,9.09,7.53,1.56,95.3,92.7,74.2,87.8,52.6,6.64,7,0,7,0,81.3,72.6,92.4,7.4,88.5,78.5,0.38,10.0
STU_03943,strong,7,8.41,10.0,6.88,3.12,82.9,91.2,72.8,85.9,86.3,6.21,3,0,3,0,81.9,81.0,83.5,1.2,82.3,81.0,0.75,7.33
STU_03944,average,4,1.17,1.09,0.95,0.14,76.6,26.4,46.2,51.8,44.3,7.16,7,5,0,7,33.5,18.7,45.1,8.5,37.7,31.8,0.38,1.44
STU_03945,above_avg,5,4.64,6.11,3.14,2.97,83.6,68.8,61.2,67.0,36.1,6.11,4,0,0,2,56.5,45.1,67.7,9.4,58.7,54.5,0.5,7.88
STU_03946,average,4,0.95,1.59,0.95,0.64,63.3,65.4,50.2,55.2,0.0,6.56,7,4,0,5,34.2,12.5,53.6,15.6,50.2,27.9,0.38,0.89
STU_03947,below_avg,3,2.59,1.89,2.0,-0.11,54.9,64.1,27.5,26.3,29.2,6.17,6,4,1,5,37.2,14.7,73.8,18.2,36.8,37.4,0.25,3.0
STU_03948,average,4,3.68,2.14,4.63,-2.49,73.6,73.4,64.0,32.4,46.8,6.47,7,3,0,6,45.0,35.8,69.4,11.0,57.0,40.2,0.38,2.67
STU_03949,average,3,1.26,1.68,1.74,-0.06,77.8,79.2,56.4,55.3,7.2,6.1,6,3,0,5,41.6,32.3,59.7,9.7,52.5,36.2,0.25,0.27
STU_03950,above_avg,4,5.09,5.05,4.89,0.16,84.1,47.6,46.5,42.3,17.6,6.62,7,1,0,3,51.9,36.6,60.4,8.6,52.1,51.8,0.38,6.11
STU_03951,strong,6,8.12,8.25,7.56,0.69,90.8,88.0,53.1,62.6,27.0,7.12,4,0,3,0,75.5,66.7,80.2,5.2,78.5,66.7,0.62,8.67
STU_03952,average,7,1.7,1.83,3.0,-1.17,62.4,41.8,50.2,51.8,50.3,5.78,3,1,0,2,40.9,20.0,55.7,15.2,51.4,20.0,0.75,1.67
STU_03953,struggling,3,0.05,0.84,0.0,0.84,26.6,11.6,32.4,21.5,24.5,5.59,6,5,0,6,9.0,2.0,40.4,14.1,3.9,11.6,0.25,0.0
STU_03954,above_avg,5,3.51,5.56,2.14,3.42,83.8,62.5,67.6,73.1,24.2,5.73,4,0,0,1,53.2,41.2,61.6,8.3,60.9,45.6,0.5,6.75
STU_03955,average,5,1.03,0.56,0.27,0.29,68.1,30.3,48.8,33.2,43.3,4.88,4,3,0,4,28.7,11.6,48.6,14.5,30.1,27.2,0.5,5.75
STU_03956,below_avg,6,1.97,4.0,0.0,4.0,57.1,27.7,16.9,71.0,14.7,4.8,4,1,0,4,35.8,7.4,48.6,16.5,31.5,48.6,0.62,1.67
STU_03957,above_avg,4,5.42,4.32,5.37,-1.05,76.4,73.7,51.9,54.3,52.5,6.06,7,2,2,2,54.5,31.4,72.5,15.3,67.8,49.2,0.38,4.89
STU_03958,average,7,1.36,2.0,0.75,1.25,77.0,52.4,38.7,56.0,23.7,6.54,3,1,0,2,41.5,17.6,60.7,17.9,53.5,17.6,0.75,1.0
STU_03959,below_avg,3,0.32,0.84,0.0,0.84,57.9,57.3,53.7,51.8,25.5,6.21,6,4,0,5,26.6,6.1,58.6,19.1,52.7,13.6,0.25,0.73
STU_03960,struggling,4,0.43,0.73,0.63,0.1,42.1,17.9,25.7,25.1,22.3,5.96,7,6,0,7,18.2,2.0,40.8,14.4,21.0,17.1,0.38,0.0
STU_03961,strong,3,6.71,6.0,7.32,-1.32,78.5,70.2,67.6,67.3,25.8,6.79,6,0,1,2,56.2,46.9,70.1,8.5,65.2,51.7,0.25,6.82
STU_03962,below_avg,5,1.37,1.78,0.0,1.78,50.0,39.8,47.8,37.6,0.0,5.0,4,2,0,4,29.0,13.6,41.6,12.2,26.9,31.1,0.5,1.12
STU_03963,inconsistent,5,4.1,1.89,6.45,-4.56,69.9,79.7,69.3,64.2,58.3,7.19,4,2,1,2,53.8,31.0,84.8,22.3,75.0,32.6,0.5,4.38
STU_03964,above_avg,4,4.97,5.95,3.58,2.37,79.1,86.7,64.0,68.5,21.2,5.43,7,0,1,2,58.7,40.8,74.0,10.4,69.3,54.5,0.38,6.22
STU_03965,average,4,1.05,2.36,0.42,1.94,69.3,52.0,61.2,59.9,8.4,4.01,7,3,0,4,41.0,15.6,58.4,16.5,56.5,34.8,0.38,1.22
STU_03966,below_avg,4,1.29,0.95,1.58,-0.63,65.8,33.6,21.0,58.5,16.0,6.23,7,5,0,7,26.0,2.0,48.9,15.1,34.6,22.5,0.38,0.0
STU_03967,topper,3,7.89,9.16,6.89,2.27,96.7,94.8,75.8,88.7,56.4,6.33,6,0,5,0,78.4,62.8,84.4,7.2,80.5,77.4,0.25,10.0
STU_03968,strong,5,8.15,7.67,8.18,-0.51,81.6,74.6,72.9,75.9,17.0,6.96,4,0,2,0,73.7,61.7,84.4,10.7,84.3,63.1,0.5,9.38
STU_03969,topper,4,9.04,8.73,9.37,-0.64,95.9,100.0,71.8,92.0,48.1,6.16,7,0,7,0,79.8,71.4,95.2,8.6,92.0,75.0,0.38,10.0
STU_03970,above_avg,6,6.5,5.62,6.67,-1.05,67.1,79.0,64.9,85.1,47.5,5.61,4,0,1,1,62.2,44.1,71.0,10.6,68.2,44.1,0.62,7.33
STU_03971,average,5,1.34,0.67,2.23,-1.56,68.2,55.3,49.7,54.4,24.5,5.69,4,3,0,3,35.4,23.5,56.3,12.7,39.9,30.9,0.5,2.0
STU_03972,average,4,2.69,3.95,2.21,1.74,63.3,54.9,47.2,38.9,20.6,5.83,7,2,0,5,43.5,4.9,62.9,17.7,50.1,40.8,0.38,4.0
STU_03973,below_avg,3,0.32,0.0,1.26,-1.26,61.4,40.3,28.2,31.5,1.8,6.03,6,6,0,6,19.9,2.0,35.7,13.8,30.6,14.6,0.25,0.18
STU_03974,average,7,0.56,1.67,0.75,0.92,82.2,48.9,31.2,84.6,52.7,5.95,3,1,0,2,36.7,15.0,50.7,15.6,47.6,15.0,0.75,1.5
STU_03975,topper,4,10.0,9.82,9.58,0.24,94.5,100.0,76.6,71.9,40.3,6.25,7,0,7,0,89.3,76.1,100.0,8.6,98.5,85.5,0.38,10.0
STU_03976,above_avg,3,5.32,5.21,4.89,0.32,76.8,75.4,41.1,73.7,21.9,5.44,6,1,1,2,58.0,39.1,82.3,14.2,72.8,50.6,0.25,5.68
STU_03977,above_avg,5,5.61,5.67,6.05,-0.38,78.1,74.4,49.6,35.1,59.0,7.0,4,0,1,2,61.7,47.9,79.8,13.6,74.8,48.5,0.5,6.38
STU_03978,below_avg,5,1.28,0.0,1.45,-1.45,74.7,0.0,21.2,32.9,9.2,5.58,4,4,0,4,11.1,2.0,19.7,6.3,11.4,10.8,0.5,0.62
STU_03979,below_avg,5,0.03,0.0,0.27,-0.27,58.1,39.5,47.1,17.1,14.5,6.99,4,4,0,4,24.9,17.7,33.9,7.1,31.8,17.9,0.5,0.75
STU_03980,average,4,0.0,0.18,0.0,0.18,70.8,42.0,57.4,20.4,17.5,6.86,7,6,0,7,29.6,17.6,42.9,8.2,36.5,26.9,0.38,1.33
STU_03981,average,5,2.03,1.78,2.18,-0.4,60.2,54.2,65.2,40.3,33.7,5.33,4,3,0,4,33.5,25.8,41.4,5.8,30.8,36.2,0.5,4.75
STU_03982,above_avg,6,5.4,5.25,6.11,-0.86,82.8,53.6,73.2,32.4,4.0,5.74,4,0,0,2,51.5,45.0,58.1,5.6,53.0,47.0,0.62,5.83
STU_03983,above_avg,4,5.45,5.18,5.42,-0.24,86.5,65.4,43.3,54.4,33.2,7.29,7,1,1,1,52.1,17.1,72.8,16.1,63.8,47.4,0.38,5.78
STU_03984,topper,3,9.01,9.89,8.26,1.63,92.0,91.0,91.0,100.0,42.6,4.76,6,0,6,0,85.0,78.3,92.2,4.6,80.5,87.2,0.25,10.0
STU_03985,struggling,4,0.0,0.0,0.0,0.0,47.3,33.8,36.0,42.4,0.0,5.9,7,7,0,7,19.9,2.0,38.1,12.5,34.3,14.2,0.38,0.0
STU_03986,below_avg,3,0.48,0.26,0.26,0.0,48.3,43.8,61.5,12.2,35.8,4.87,6,5,0,6,23.7,11.4,45.5,10.9,34.7,18.1,0.25,0.0
STU_03987,below_avg,5,1.16,1.33,1.82,-0.49,50.3,40.7,66.0,41.0,13.1,6.86,4,3,0,4,30.1,15.7,41.3,9.2,31.8,28.5,0.5,0.0
STU_03988,below_avg,3,0.76,1.79,0.0,1.79,71.8,61.0,48.4,68.1,12.3,6.55,6,4,0,5,40.5,29.6,64.6,12.0,51.3,35.1,0.25,2.59
STU_03989,below_avg,5,1.0,0.44,1.0,-0.56,59.6,15.4,47.3,46.5,5.1,5.53,4,3,0,4,25.7,2.0,41.6,14.5,36.0,15.5,0.5,2.25
STU_03990,above_avg,4,4.62,4.18,5.53,-1.35,83.7,79.8,70.7,51.2,17.3,8.12,7,2,2,3,53.7,25.8,75.2,17.0,68.7,47.7,0.38,5.44
STU_03991,struggling,5,0.23,0.56,0.0,0.56,39.7,55.3,40.8,38.2,36.3,8.5,4,3,0,4,25.1,2.0,47.1,16.0,37.0,13.3,0.5,2.12
STU_03992,strong,5,8.68,8.22,9.27,-1.05,76.8,97.8,86.4,94.8,40.6,5.52,4,0,3,0,76.6,54.9,92.8,13.7,87.0,66.2,0.5,8.12
STU_03993,topper,7,8.68,9.83,8.12,1.71,100.0,86.8,93.2,79.6,62.9,5.18,3,0,3,0,82.3,76.3,86.0,4.3,80.5,86.0,0.75,10.0
STU_03994,below_avg,3,1.4,0.0,1.63,-1.63,67.9,23.5,34.4,31.2,21.8,5.59,6,6,0,6,22.6,15.6,30.8,6.0,30.7,18.5,0.25,0.27
STU_03995,average,5,3.29,2.89,3.59,-0.7,67.0,63.3,55.3,59.5,32.6,6.31,4,1,0,3,46.9,30.6,58.1,10.0,53.7,40.1,0.5,3.25
STU_03996,failing,4,0.3,0.0,0.0,0.0,16.8,14.1,9.0,44.8,32.4,5.63,7,7,0,7,2.0,2.0,2.0,0.0,2.0,2.0,0.38,0.44
STU_03997,above_avg,3,6.96,7.16,5.68,1.48,77.2,84.3,54.1,40.9,55.7,5.67,6,0,2,0,67.9,52.4,84.7,9.8,77.1,63.3,0.25,7.73
STU_03998,topper,3,9.54,10.0,10.0,0.0,87.5,100.0,83.3,98.2,53.5,5.51,6,0,6,0,96.4,81.8,100.0,6.6,99.8,94.7,0.25,10.0
STU_03999,average,4,2.88,2.59,3.21,-0.62,68.9,52.8,35.2,60.5,36.9,5.41,7,3,0,4,46.7,31.0,63.2,11.7,56.9,42.7,0.38,4.78
STU_04000,average,6,2.12,2.88,0.56,2.32,84.2,54.3,44.6,50.1,12.2,5.34,4,1,0,2,48.4,34.4,59.3,9.2,53.0,34.4,0.62,1.0
STU_04001,average,3,2.24,1.58,3.95,-2.37,60.8,51.6,53.5,34.0,34.6,5.76,6,3,0,6,30.9,7.0,48.7,15.8,44.6,24.1,0.25,0.5
STU_04002,strong,3,8.66,8.42,8.95,-0.53,93.0,94.2,85.8,65.3,31.7,5.55,6,0,6,0,75.7,70.5,86.1,5.5,82.5,72.2,0.25,8.73
STU_04003,topper,4,9.67,10.0,10.0,0.0,95.4,100.0,84.1,72.7,41.1,6.95,7,0,7,0,91.3,82.1,100.0,6.5,100.0,87.9,0.38,10.0
STU_04004,improving,3,1.11,1.84,0.0,1.84,83.1,62.6,50.3,50.3,0.0,7.54,6,3,0,5,39.7,26.2,65.2,13.3,52.7,33.2,0.25,4.41
STU_04005,strong,5,9.26,8.44,10.0,-1.56,90.7,99.0,61.2,74.0,55.4,6.25,4,0,3,0,76.2,66.6,86.7,7.5,76.7,75.7,0.5,10.0
STU_04006,failing,3,1.15,1.05,0.0,1.05,32.3,7.8,0.0,26.0,0.0,7.38,6,5,0,6,12.4,2.0,45.3,16.3,11.7,12.8,0.25,0.0
STU_04007,average,3,1.65,2.53,0.53,2.0,82.2,44.1,33.4,50.1,18.6,7.03,6,3,0,5,40.1,17.4,59.9,12.7,39.5,40.3,0.25,3.0
STU_04008,struggling,4,0.88,0.73,0.0,0.73,34.8,36.1,45.7,40.4,27.0,5.21,7,6,0,7,18.4,2.0,41.0,12.4,20.6,17.5,0.38,1.0
STU_04009,topper,3,8.87,8.42,9.58,-1.16,94.9,93.5,58.2,66.9,46.2,5.16,6,0,4,0,79.1,68.8,98.5,11.1,83.7,76.8,0.25,9.05
STU_04010,failing,5,0.0,0.0,0.0,0.0,23.1,10.1,17.7,15.3,23.9,5.64,4,4,0,4,2.8,2.0,5.3,1.4,3.6,2.0,0.5,0.0
STU_04011,below_avg,3,0.45,1.05,0.0,1.05,56.6,23.9,38.7,74.5,21.2,5.61,6,5,0,6,22.4,6.5,46.4,13.9,20.9,23.1,0.25,0.32
STU_04012,below_avg,3,0.85,0.42,0.63,-0.21,69.8,18.0,37.7,29.0,31.1,5.72,6,5,0,6,17.2,2.0,43.0,14.0,32.4,9.6,0.25,0.91
STU_04013,struggling,6,0.78,1.0,0.0,1.0,57.3,43.9,14.1,35.6,20.0,6.94,4,3,0,4,26.4,2.0,40.7,14.6,34.5,2.0,0.62,0.0
STU_04014,topper,5,9.07,8.56,9.09,-0.53,96.1,66.9,92.1,38.4,44.9,5.35,4,0,4,0,78.1,72.7,90.1,7.1,81.4,74.8,0.5,10.0
STU_04015,average,3,0.83,1.58,0.95,0.63,63.7,31.2,59.1,55.9,41.1,5.44,6,4,0,4,37.2,23.1,54.7,12.3,42.1,34.8,0.25,2.86
STU_04016,below_avg,6,0.24,0.62,0.0,0.62,53.7,22.8,43.1,29.4,0.0,5.97,4,3,0,4,28.2,14.2,45.5,12.0,26.8,32.6,0.62,0.0
STU_04017,average,6,1.57,0.62,3.0,-2.38,61.6,58.6,39.3,57.9,38.5,5.73,4,3,0,4,31.2,2.1,49.4,17.6,40.9,2.1,0.62,0.0
STU_04018,average,6,1.25,2.75,0.44,2.31,64.7,59.4,43.1,54.7,49.2,6.3,4,1,0,2,41.2,14.8,54.7,15.8,50.1,14.8,0.62,5.33
STU_04019,failing,5,0.39,0.56,0.0,0.56,28.9,13.4,13.5,42.9,13.5,7.17,4,3,0,4,12.9,2.0,45.6,18.9,23.8,2.0,0.5,0.0
STU_04020,average,3,0.97,0.84,1.05,-0.21,83.6,33.4,44.9,64.9,9.5,7.16,6,5,0,6,28.2,15.5,43.1,8.2,29.9,27.3,0.25,0.27
STU_04021,average,3,2.99,3.26,2.11,1.15,60.4,53.4,52.1,69.5,10.5,5.7,6,2,0,4,38.5,9.8,57.2,15.4,44.0,35.8,0.25,4.09
STU_04022,topper,4,9.73,10.0,10.0,0.0,97.5,100.0,89.8,91.0,50.9,6.49,7,0,7,0,90.5,84.0,100.0,6.1,94.4,88.9,0.38,9.67
STU_04023,failing,7,0.13,0.0,0.0,0.0,19.4,7.6,0.0,25.7,0.0,6.95,3,3,0,3,3.2,2.0,5.6,1.7,3.8,2.0,0.75,0.0
STU_04024,strong,4,7.16,7.86,6.63,1.23,86.3,87.6,75.5,95.7,26.7,6.13,7,0,3,0,72.8,61.5,96.2,10.9,81.6,69.2,0.38,9.11
STU_04025,struggling,4,0.0,0.0,0.0,0.0,31.1,42.6,11.6,44.7,53.1,6.24,7,7,0,7,23.7,12.7,39.8,10.0,39.0,17.5,0.38,0.0
STU_04026,average,4,2.95,2.45,2.16,0.29,79.3,73.1,28.5,73.9,30.8,6.54,7,3,0,4,48.2,31.4,67.6,14.9,67.4,40.5,0.38,3.0
STU_04027,above_avg,4,3.17,3.41,3.0,0.41,83.9,64.2,51.2,48.0,11.7,6.21,7,2,1,5,48.3,24.2,78.1,15.2,66.8,40.9,0.38,6.33
STU_04028,struggling,4,0.0,0.0,0.0,0.0,40.4,30.2,45.2,27.0,11.4,6.42,7,7,0,7,11.6,2.0,30.8,11.6,27.8,5.1,0.38,0.0
STU_04029,failing,5,0.54,0.0,0.23,-0.23,14.8,36.2,26.6,37.6,30.9,6.53,4,4,0,4,11.9,2.0,18.2,6.4,13.6,10.1,0.5,0.0
STU_04030,below_avg,5,0.08,0.0,0.0,0.0,50.0,25.5,46.0,54.2,38.9,4.08,4,4,0,4,15.1,7.4,21.2,5.0,19.0,11.2,0.5,0.88
STU_04031,failing,3,0.0,0.0,0.0,0.0,22.1,23.5,0.0,46.3,20.7,7.4,6,6,0,6,2.8,2.0,7.0,1.9,2.0,3.2,0.25,0.0
STU_04032,average,5,4.32,3.11,5.05,-1.94,64.4,42.1,56.8,51.3,16.5,6.8,4,1,0,3,47.1,37.8,53.9,5.8,48.5,45.8,0.5,3.88
STU_04033,below_avg,5,0.12,0.56,0.0,0.56,67.4,56.0,45.5,23.7,62.5,6.98,4,3,0,4,31.4,17.9,45.6,11.6,42.7,20.1,0.5,0.0
STU_04034,struggling,4,0.0,0.0,0.0,0.0,50.3,0.0,0.0,38.5,7.9,5.6,7,7,0,7,13.3,2.0,29.7,8.9,6.3,16.1,0.38,0.0
STU_04035,topper,4,10.0,10.0,9.79,0.21,92.3,98.7,83.5,63.3,89.5,6.13,7,0,7,0,94.6,85.2,100.0,6.4,95.6,94.2,0.38,10.0
STU_04036,topper,6,10.0,10.0,10.0,0.0,89.6,97.6,89.8,67.4,31.0,7.24,4,0,4,0,92.8,87.6,99.8,4.9,94.1,88.9,0.62,10.0
STU_04037,average,3,2.61,0.95,4.42,-3.47,73.4,61.4,54.1,23.8,10.9,6.65,6,4,0,4,37.2,18.0,57.1,14.6,56.7,27.4,0.25,1.32
STU_04038,below_avg,3,0.51,0.0,0.68,-0.68,65.1,12.0,33.2,49.8,22.3,4.97,6,6,0,6,17.3,6.4,27.6,7.6,16.0,18.0,0.25,0.0
STU_04039,average,5,1.5,0.78,1.68,-0.9,63.1,43.4,50.7,21.5,41.7,6.76,4,3,0,3,32.1,12.9,61.0,18.7,48.5,15.8,0.5,0.75
STU_04040,strong,3,7.96,7.26,8.16,-0.9,91.0,98.5,75.8,100.0,23.4,6.11,6,0,2,0,73.0,54.2,100.0,14.7,91.5,63.8,0.25,8.73
STU_04041,above_avg,7,6.49,6.5,6.62,-0.12,77.3,95.6,68.8,40.9,37.3,6.61,3,0,1,0,66.5,56.9,74.0,7.1,71.3,56.9,0.75,6.17
STU_04042,above_avg,4,4.41,3.64,4.79,-1.15,82.4,64.4,43.5,43.2,19.7,6.3,7,2,1,4,50.4,38.4,71.5,11.3,56.9,47.9,0.38,3.22
STU_04043,below_avg,3,0.2,0.0,0.63,-0.63,67.8,34.1,45.1,30.1,31.3,5.76,6,6,0,6,21.8,2.0,38.2,13.3,31.6,16.9,0.25,0.5
STU_04044,struggling,3,0.0,0.0,0.0,0.0,31.4,16.0,28.4,42.6,6.3,5.4,6,6,0,6,10.5,2.0,25.8,8.7,18.0,6.8,0.25,0.18
STU_04045,strong,3,7.52,7.05,7.68,-0.63,89.9,69.0,79.9,100.0,22.9,5.06,6,0,2,0,66.9,56.2,72.3,5.2,68.7,66.0,0.25,8.5
STU_04046,below_avg,4,0.0,0.0,0.68,-0.68,70.6,29.1,31.9,41.4,46.0,6.33,7,7,0,7,21.0,9.1,35.5,9.9,26.0,18.9,0.38,0.0
STU_04047,below_avg,3,0.4,0.84,0.95,-0.11,47.0,43.8,46.0,45.7,13.8,7.82,6,4,0,5,31.1,12.5,56.2,14.9,48.5,22.4,0.25,1.82
STU_04048,improving,6,5.03,5.0,5.22,-0.22,78.6,47.2,59.3,40.8,90.0,5.83,4,1,2,1,57.9,37.2,73.9,15.1,60.6,50.0,0.62,7.5
STU_04049,average,4,1.68,4.0,0.0,4.0,77.1,66.0,30.7,58.5,30.4,6.94,7,2,0,2,46.5,24.0,61.0,13.6,52.5,44.2,0.38,5.0
STU_04050,improving,3,3.73,5.79,0.26,5.53,73.9,77.7,59.3,71.1,35.2,5.37,6,0,0,2,51.9,45.7,60.1,4.4,52.0,51.9,0.25,7.14
STU_04051,strong,6,6.44,6.38,6.89,-0.51,82.4,63.3,68.0,50.3,19.7,6.1,4,0,1,1,66.8,48.5,84.0,12.6,72.8,48.5,0.62,8.67
STU_04052,struggling,4,0.68,0.0,0.0,0.0,58.4,12.4,42.1,24.4,11.4,6.43,7,7,0,7,6.7,2.0,28.4,9.1,5.4,7.3,0.38,0.0
STU_04053,above_avg,5,5.43,4.0,6.91,-2.91,85.7,61.0,70.2,69.1,49.6,5.24,4,1,1,1,61.5,35.3,74.9,15.4,71.1,52.0,0.5,6.0
STU_04054,struggling,5,0.12,0.0,0.73,-0.73,35.2,31.8,27.9,21.2,45.0,6.51,4,4,0,4,13.9,2.0,19.3,7.1,19.2,8.6,0.5,0.62
STU_04055,strong,5,7.66,7.67,7.14,0.53,90.7,98.3,68.6,47.7,51.7,5.62,4,0,3,0,73.3,66.5,78.7,4.4,76.2,70.3,0.5,9.5
STU_04056,struggling,4,0.08,0.0,0.0,0.0,38.2,14.9,46.6,40.0,78.6,6.85,7,7,0,7,8.4,2.0,18.4,5.4,14.4,6.0,0.38,0.0
STU_04057,above_avg,3,5.56,6.58,4.68,1.9,77.1,69.1,76.3,46.2,51.2,7.55,6,0,0,0,60.2,50.8,66.8,5.3,61.9,59.3,0.25,7.27
STU_04058,topper,3,9.91,9.79,9.58,0.21,92.0,100.0,65.8,91.9,66.2,5.47,6,0,6,0,84.3,78.7,89.6,4.1,87.8,82.6,0.25,10.0
STU_04059,average,6,0.66,1.0,0.56,0.44,59.4,43.7,78.2,45.9,39.9,6.02,4,3,0,4,33.3,29.1,40.7,4.5,34.3,30.3,0.62,1.0
STU_04060,below_avg,3,0.98,1.11,0.84,0.27,52.2,32.0,36.5,40.6,9.3,5.09,6,4,0,6,30.3,13.8,45.9,11.7,40.6,25.2,0.25,0.55
STU_04061,struggling,4,0.0,0.0,0.0,0.0,46.9,43.4,40.1,39.6,22.1,5.16,7,7,0,7,24.3,2.0,38.1,14.7,32.5,21.0,0.38,0.0
STU_04062,strong,5,9.24,9.33,8.32,1.01,83.7,88.1,66.5,68.8,41.4,6.37,4,0,4,0,76.4,72.5,80.3,2.9,75.2,77.7,0.5,10.0
STU_04063,below_avg,5,0.44,0.0,1.36,-1.36,47.0,41.7,30.3,46.6,0.0,4.52,4,4,0,4,23.1,9.0,34.5,11.4,34.3,12.0,0.5,0.0
STU_04064,strong,7,6.95,5.67,7.25,-1.58,86.3,87.1,76.2,47.7,21.2,6.18,3,0,1,1,59.4,46.8,73.3,10.9,65.7,46.8,0.75,6.33
STU_04065,below_avg,7,1.69,3.33,0.0,3.33,52.4,35.3,34.7,49.5,36.3,4.37,3,1,0,3,36.6,26.1,42.5,7.4,34.3,41.2,0.75,0.67
STU_04066,struggling,3,0.0,0.0,0.0,0.0,41.7,24.7,30.5,38.5,26.1,6.29,6,6,0,6,2.9,2.0,5.1,1.3,3.0,2.8,0.25,0.0
STU_04067,average,4,1.95,2.0,3.47,-1.47,66.0,45.6,27.2,46.0,21.6,6.6,7,4,0,7,35.3,21.6,46.2,9.9,38.5,34.0,0.38,1.44
STU_04068,topper,3,9.48,9.79,10.0,-0.21,96.9,100.0,83.6,79.2,62.4,5.84,6,0,6,0,89.8,79.9,98.2,7.4,97.9,85.7,0.25,10.0
STU_04069,average,3,2.57,4.68,0.21,4.47,67.1,70.6,35.1,56.5,66.4,4.53,6,1,0,2,51.9,35.2,61.0,9.1,60.8,47.4,0.25,6.73
STU_04070,average,5,2.97,3.44,3.09,0.35,73.5,57.5,64.3,56.6,29.6,5.52,4,1,0,1,53.6,38.8,62.5,8.9,59.5,47.6,0.5,2.0
STU_04071,below_avg,3,0.0,0.32,0.0,0.32,51.3,48.8,23.4,52.5,20.5,5.77,6,5,0,5,23.7,6.4,52.4,14.6,37.8,16.7,0.25,1.0
STU_04072,topper,7,9.13,9.33,9.38,-0.05,89.5,100.0,70.6,65.8,14.2,6.47,3,0,3,0,85.9,75.9,95.1,7.9,90.9,75.9,0.75,10.0
STU_04073,average,6,1.56,2.88,0.89,1.99,74.0,42.0,37.4,54.8,21.9,6.6,4,1,0,2,44.4,25.4,52.8,11.1,50.8,25.4,0.62,3.67
STU_04074,above_avg,3,5.98,5.95,6.84,-0.89,84.1,59.3,71.6,35.0,43.5,6.27,6,0,0,1,57.2,49.1,67.6,6.0,64.8,53.4,0.25,4.77
STU_04075,below_avg,6,0.0,0.0,0.56,-0.56,66.0,28.2,31.7,14.7,37.2,5.54,4,4,0,4,20.1,2.0,36.9,12.6,26.1,2.0,0.62,0.0
STU_04076,average,4,1.58,3.0,0.95,2.05,64.1,32.0,35.0,67.2,62.1,6.03,7,3,0,5,41.1,15.9,55.4,11.7,35.6,43.3,0.38,4.78
STU_04077,below_avg,4,1.44,0.91,1.95,-1.04,61.0,47.4,33.7,39.2,15.2,7.01,7,5,0,7,25.8,5.0,42.1,14.2,37.4,21.2,0.38,2.33
STU_04078,above_avg,3,3.04,4.63,2.0,2.63,85.8,70.8,82.7,56.0,0.0,6.8,6,1,0,3,50.6,28.4,62.1,11.2,59.0,46.3,0.25,5.09
STU_04079,struggling,4,0.0,0.0,0.0,0.0,34.9,25.7,14.4,28.6,6.5,7.22,7,7,0,7,11.2,2.0,28.4,9.6,15.2,9.6,0.38,0.0
STU_04080,strong,5,7.88,8.56,7.95,0.61,90.9,67.6,65.7,56.5,24.1,6.93,4,0,3,0,73.8,66.9,80.4,5.1,73.7,73.9,0.5,10.0
STU_04081,struggling,4,0.0,0.0,0.0,0.0,55.0,20.7,12.6,48.9,0.0,7.31,7,7,0,7,13.8,2.0,34.8,12.4,15.1,13.3,0.38,0.0
STU_04082,average,4,4.73,2.86,5.95,-3.09,82.8,62.7,77.8,63.1,58.3,6.07,7,3,0,4,48.0,36.0,65.2,11.0,54.8,45.3,0.38,3.0
STU_04083,average,5,4.69,3.89,6.55,-2.66,59.8,39.7,61.0,70.0,2.1,6.22,4,1,0,2,47.3,38.8,54.3,5.7,50.1,44.5,0.5,2.88
STU_04084,below_avg,5,1.04,0.67,0.0,0.67,58.7,47.1,49.1,43.1,26.3,5.98,4,3,0,3,24.9,2.0,53.0,18.6,40.4,9.6,0.5,0.0
STU_04085,failing,4,0.0,0.0,0.0,0.0,25.9,2.8,22.1,17.0,9.2,6.32,7,7,0,7,3.7,2.0,13.2,3.9,2.2,4.2,0.38,0.0
STU_04086,below_avg,4,0.0,0.0,0.21,-0.21,45.1,41.9,27.5,51.6,23.2,6.46,7,7,0,7,22.0,2.0,35.6,11.1,24.9,20.8,0.38,0.0
STU_04087,strong,4,7.42,7.18,6.47,0.71,83.7,90.9,91.0,78.5,61.0,6.45,7,0,3,0,71.1,59.4,96.0,11.1,83.2,66.3,0.38,8.11
STU_04088,average,4,2.73,4.0,1.79,2.21,69.5,65.2,75.1,41.5,24.4,6.43,7,1,0,5,46.6,32.9,69.4,10.8,57.7,42.1,0.38,1.22
STU_04089,inconsistent,4,3.73,1.82,5.37,-3.55,63.1,48.3,44.2,55.0,86.7,5.75,7,5,0,6,30.6,8.7,51.2,14.1,23.9,33.3,0.38,0.0
STU_04090,below_avg,5,0.97,0.0,1.32,-1.32,70.6,22.9,44.4,37.2,0.0,6.58,4,4,0,4,18.3,2.0,30.7,10.3,25.1,11.4,0.5,0.0
STU_04091,above_avg,4,5.78,5.64,6.0,-0.36,76.3,78.7,54.5,30.5,28.8,6.83,7,1,2,2,60.1,34.9,77.6,13.8,70.4,56.0,0.38,3.0
STU_04092,below_avg,3,0.46,0.0,0.0,0.0,67.7,42.2,38.7,24.9,33.7,6.26,6,6,0,6,20.5,8.5,32.9,9.5,32.6,14.4,0.25,0.23
STU_04093,above_avg,4,5.07,4.09,5.53,-1.44,86.2,46.2,43.5,65.2,40.2,4.74,7,1,0,4,48.7,29.3,64.3,11.3,63.0,43.0,0.38,4.89
STU_04094,strong,6,7.22,7.62,6.78,0.84,86.4,72.3,32.6,100.0,34.5,6.89,4,0,2,0,69.4,57.6,77.1,7.4,67.9,74.0,0.62,7.5
STU_04095,improving,7,2.63,3.67,0.88,2.79,96.9,43.5,49.6,61.4,35.9,5.17,3,1,0,2,43.0,32.1,54.7,9.2,43.4,42.3,0.75,6.67
STU_04096,average,3,0.77,0.63,0.84,-0.21,66.2,45.7,42.1,39.7,22.8,6.18,6,5,0,5,32.7,17.7,52.5,10.8,44.6,26.7,0.25,0.18
STU_04097,average,3,2.32,1.95,2.21,-0.26,74.4,48.1,29.3,38.5,17.1,5.93,6,3,0,6,37.0,16.1,46.6,9.9,41.5,34.8,0.25,0.32
STU_04098,average,6,4.75,5.38,3.44,1.94,69.5,77.4,63.9,60.8,29.1,7.0,4,1,0,1,53.5,38.5,61.1,8.9,52.8,55.4,0.62,2.33
STU_04099,average,3,3.16,2.58,4.11,-1.53,77.1,57.0,59.3,44.3,39.7,4.85,6,3,0,5,37.2,16.1,53.0,12.8,40.3,35.7,0.25,0.27
STU_04100,above_avg,5,4.54,5.44,3.82,1.62,83.0,53.4,53.1,68.9,21.6,7.55,4,1,0,2,51.0,39.3,63.4,8.8,46.6,55.5,0.5,5.75
STU_04101,above_avg,4,5.01,5.59,4.53,1.06,84.4,61.4,40.5,50.9,32.1,6.68,7,0,0,4,51.9,46.2,62.5,5.6,53.3,51.4,0.38,3.11
STU_04102,average,5,1.63,1.11,1.55,-0.44,67.9,49.2,25.4,52.5,1.2,6.35,4,2,0,4,33.1,12.4,47.9,14.8,47.0,19.1,0.5,2.62
STU_04103,average,7,1.84,1.83,2.38,-0.55,61.7,42.3,41.4,45.2,17.6,5.85,3,1,0,2,40.7,20.3,53.1,14.5,50.9,20.3,0.75,3.33
STU_04104,average,6,2.54,4.75,1.33,3.42,83.6,62.7,53.7,50.6,32.3,5.99,4,0,0,2,49.4,41.2,58.5,7.2,52.1,41.2,0.62,6.33
STU_04105,average,3,3.59,2.95,3.95,-1.0,61.0,49.1,30.6,67.2,30.3,6.79,6,2,0,5,43.4,35.9,54.1,6.4,43.2,43.5,0.25,1.14
STU_04106,average,3,3.96,5.26,2.0,3.26,74.3,53.7,45.9,67.1,10.7,7.52,6,0,0,3,48.9,43.1,53.8,4.4,48.8,49.0,0.25,5.32
STU_04107,strong,4,7.03,6.05,8.11,-2.06,87.5,76.6,66.7,64.7,45.8,6.11,7,0,1,2,58.7,44.3,85.1,12.7,72.6,53.2,0.38,4.22
STU_04108,strong,6,8.01,8.12,7.0,1.12,93.9,84.3,65.8,71.4,56.4,7.05,4,0,2,0,77.0,63.5,96.5,12.8,80.1,67.8,0.62,9.67
STU_04109,above_avg,4,3.59,2.95,4.37,-1.42,86.8,66.4,66.9,46.9,31.7,5.97,7,2,0,5,45.1,23.5,69.9,13.4,61.4,38.5,0.38,0.78
STU_04110,below_avg,3,0.71,0.53,0.0,0.53,62.7,47.5,41.6,21.7,2.4,7.16,6,5,0,6,25.4,2.0,45.0,15.3,38.9,18.7,0.25,0.73
STU_04111,above_avg,4,4.68,3.05,6.21,-3.16,75.1,52.0,58.7,78.8,16.5,5.73,7,3,0,4,42.6,16.3,62.0,16.5,50.5,39.5,0.38,3.89
STU_04112,below_avg,4,1.09,0.73,1.26,-0.53,47.1,39.7,33.7,34.2,25.4,6.83,7,6,0,7,25.7,2.0,42.1,12.5,33.5,22.6,0.38,0.0
STU_04113,struggling,5,0.71,0.44,0.18,0.26,56.9,36.7,30.8,13.7,8.0,8.15,4,3,0,4,11.5,2.0,40.0,16.5,21.0,2.0,0.5,0.0
STU_04114,struggling,5,0.0,0.0,0.0,0.0,54.7,41.0,50.6,18.1,10.1,6.46,4,4,0,4,13.7,2.0,32.2,12.6,25.3,2.0,0.5,0.0
STU_04115,average,4,1.8,1.09,1.95,-0.86,57.3,48.8,45.8,33.5,46.1,5.28,7,5,0,7,29.4,11.9,48.7,13.9,39.0,25.6,0.38,1.11
STU_04116,struggling,4,0.0,0.0,0.0,0.0,38.9,20.4,14.2,7.0,21.9,6.51,7,7,0,7,14.2,2.0,27.7,10.3,14.4,14.1,0.38,0.0
STU_04117,inconsistent,3,2.73,2.53,2.53,0.0,56.2,44.6,64.8,66.1,31.5,6.64,6,3,0,5,43.1,33.1,66.2,11.0,41.3,43.9,0.25,4.77
STU_04118,average,4,5.22,5.64,4.53,1.11,74.0,68.6,71.9,41.1,64.8,5.17,7,0,1,3,56.2,43.0,78.3,11.3,70.1,50.6,0.38,5.33
STU_04119,below_avg,3,0.4,0.63,0.0,0.63,58.7,59.3,58.0,53.7,28.6,6.34,6,5,0,5,29.7,6.7,54.7,15.9,46.8,21.2,0.25,0.18
STU_04120,struggling,5,0.29,0.0,0.73,-0.73,50.8,25.6,42.8,43.6,3.6,5.42,4,4,0,4,8.8,2.0,14.4,4.4,6.0,11.6,0.5,0.0
STU_04121,topper,4,8.37,8.82,8.32,0.5,96.7,87.3,77.0,41.7,23.3,6.17,7,0,7,0,77.9,70.8,86.8,5.2,76.5,78.4,0.38,10.0
STU_04122,below_avg,3,0.44,0.53,0.53,0.0,51.6,64.6,45.9,53.5,52.4,6.14,6,5,0,6,28.0,15.9,46.2,10.6,41.0,21.5,0.25,0.23
STU_04123,average,7,0.86,1.0,1.25,-0.25,64.8,61.8,59.5,27.3,15.1,6.34,3,2,0,2,40.4,33.0,50.2,7.2,44.1,33.0,0.75,3.5
STU_04124,above_avg,5,6.08,6.11,5.5,0.61,78.3,53.1,67.2,68.7,64.3,4.15,4,0,0,0,56.5,52.3,67.0,6.1,59.6,53.5,0.5,6.62
STU_04125,below_avg,3,0.71,0.79,0.0,0.79,67.1,53.5,10.5,47.4,0.0,6.34,6,4,0,5,27.7,2.0,62.1,21.6,53.2,15.0,0.25,0.0
STU_04126,below_avg,7,2.45,2.17,2.38,-0.21,49.5,53.6,14.4,33.4,35.1,5.97,3,1,0,1,48.7,25.7,69.2,17.8,60.2,25.7,0.75,7.5
STU_04127,above_avg,4,6.98,7.32,6.58,0.74,73.6,96.6,75.5,54.0,29.0,6.87,7,0,3,0,68.6,54.1,87.8,9.7,75.8,65.7,0.38,6.56
STU_04128,below_avg,4,0.65,0.0,0.53,-0.53,72.1,37.5,47.9,27.1,46.1,6.02,7,7,0,7,21.7,2.0,36.6,12.7,35.5,16.2,0.38,0.0
STU_04129,topper,3,8.58,8.53,9.53,-1.0,89.5,82.0,83.0,72.2,73.4,6.0,6,0,5,0,76.4,68.9,86.7,5.9,83.6,72.8,0.25,9.82
STU_04130,strong,3,5.28,6.53,5.05,1.48,92.7,73.4,45.7,54.6,16.8,6.8,6,0,3,1,63.3,44.6,72.6,10.1,72.4,58.8,0.25,9.27
STU_04131,strong,4,8.37,7.45,8.95,-1.5,88.3,80.2,84.0,63.6,13.7,5.41,7,0,4,1,69.8,49.3,91.8,12.4,75.7,67.4,0.38,9.56
STU_04132,below_avg,4,0.48,0.91,0.53,0.38,53.2,45.1,36.4,52.2,9.4,6.17,7,6,0,7,20.3,2.0,45.9,15.6,28.2,17.2,0.38,0.0
STU_04133,above_avg,3,4.79,5.42,3.37,2.05,84.0,69.5,54.3,80.3,40.6,7.93,6,0,1,3,54.4,43.0,73.3,11.2,69.4,46.9,0.25,4.18
STU_04134,above_avg,5,6.12,5.89,6.64,-0.75,89.0,69.0,62.7,50.9,22.6,6.62,4,0,0,1,57.0,45.7,64.5,7.6,64.0,50.0,0.5,5.12
STU_04135,below_avg,4,0.0,0.0,0.0,0.0,59.5,26.2,51.7,22.3,39.3,6.77,7,7,0,7,19.4,2.0,33.4,10.8,33.0,14.0,0.38,0.0
STU_04136,average,3,1.81,2.16,3.21,-1.05,69.0,60.4,54.4,43.7,11.1,5.22,6,3,0,4,45.3,26.9,63.3,13.3,61.6,37.1,0.25,4.14
STU_04137,above_avg,3,3.33,2.74,4.63,-1.89,75.1,71.3,52.5,54.6,56.5,5.82,6,2,1,5,47.4,36.9,73.1,12.1,58.9,41.6,0.25,5.0
STU_04138,struggling,3,0.11,0.0,0.0,0.0,46.0,23.2,34.7,22.0,45.5,4.94,6,6,0,6,11.7,2.0,25.9,9.9,24.0,5.6,0.25,0.0
STU_04139,average,6,4.56,3.5,5.11,-1.61,73.1,66.8,36.8,49.8,55.8,5.35,4,1,0,2,46.1,26.1,59.8,12.8,46.7,44.4,0.62,2.17
STU_04140,average,4,2.27,3.14,1.05,2.09,75.7,64.3,47.5,54.2,6.3,7.73,7,2,0,5,43.0,16.0,63.5,14.6,58.8,36.6,0.38,6.11
STU_04141,average,4,2.79,3.91,1.47,2.44,82.0,58.3,57.9,42.7,28.1,6.39,7,1,0,5,45.4,35.5,55.6,6.3,50.0,43.6,0.38,6.0
STU_04142,strong,3,6.48,7.0,6.63,0.37,82.0,88.7,46.2,53.6,19.3,5.96,6,0,2,0,67.4,59.4,77.1,6.0,74.9,63.6,0.25,7.0
STU_04143,average,5,0.95,2.0,1.09,0.91,64.6,35.5,45.8,37.8,11.5,5.09,4,2,0,3,33.6,16.8,50.6,13.8,33.7,33.5,0.5,0.0
STU_04144,above_avg,5,3.61,3.44,3.36,0.08,85.1,45.0,68.6,35.2,29.1,6.85,4,1,0,3,45.8,26.8,62.5,12.8,53.5,38.0,0.5,6.62
STU_04145,average,3,3.08,2.79,3.42,-0.63,73.8,39.5,48.4,47.6,44.1,5.98,6,2,0,5,42.1,27.5,50.5,7.8,49.8,38.2,0.25,3.59
STU_04146,average,7,2.6,2.67,2.0,0.67,88.6,37.6,38.6,52.3,12.3,6.75,3,2,0,3,35.4,24.9,42.4,7.5,31.8,42.4,0.75,5.5
STU_04147,average,7,1.52,1.33,0.62,0.71,74.0,57.2,35.8,43.9,18.8,7.76,3,1,0,3,37.5,25.5,44.5,8.5,43.5,25.5,0.75,1.0
STU_04148,topper,6,9.85,9.0,10.0,-1.0,98.7,100.0,84.1,79.1,58.4,6.8,4,0,4,0,92.6,72.4,100.0,11.7,99.3,72.4,0.62,10.0
STU_04149,strong,6,8.36,8.88,7.78,1.1,92.8,45.9,63.0,78.7,46.9,6.88,4,0,3,0,71.4,51.6,85.1,12.4,66.9,85.1,0.62,9.33
STU_04150,below_avg,3,1.54,2.74,0.32,2.42,61.6,34.1,48.4,54.6,26.5,6.61,6,2,0,5,43.2,36.3,53.5,6.0,47.3,41.2,0.25,1.64
STU_04151,struggling,3,0.0,0.0,0.0,0.0,36.7,31.4,46.1,20.9,4.7,7.31,6,6,0,6,13.0,2.0,31.4,11.7,25.2,6.9,0.25,0.0
STU_04152,struggling,5,0.0,0.0,0.0,0.0,33.4,0.0,51.8,31.6,23.6,6.1,4,4,0,4,2.0,2.0,2.0,0.0,2.0,2.0,0.5,0.0
STU_04153,average,7,1.47,1.17,2.0,-0.83,71.5,40.2,62.2,69.2,9.3,6.9,3,2,0,2,36.9,11.0,63.5,21.4,37.2,36.3,0.75,1.83
STU_04154,above_avg,5,5.48,5.22,5.59,-0.37,75.0,66.6,72.6,83.1,76.1,4.77,4,0,0,1,52.3,41.8,64.1,7.9,57.6,47.0,0.5,5.75
STU_04155,below_avg,5,0.0,0.0,0.0,0.0,59.0,15.1,49.6,43.3,6.4,5.45,4,4,0,4,16.4,3.5,30.3,10.1,20.6,12.3,0.5,0.0
STU_04156,average,6,0.37,0.5,0.56,-0.06,73.6,42.4,43.1,18.0,24.1,6.76,4,3,0,4,31.6,19.0,40.3,8.6,35.8,19.0,0.62,1.83
STU_04157,average,4,3.22,2.09,3.68,-1.59,68.0,56.1,38.5,46.1,29.1,7.15,7,3,0,7,32.7,3.1,48.5,17.3,47.5,26.7,0.38,4.33
STU_04158,average,4,5.27,3.5,6.84,-3.34,72.5,60.5,66.5,33.3,24.3,5.75,7,2,1,5,47.7,26.1,70.6,15.0,58.3,43.4,0.38,1.33
STU_04159,average,5,4.72,3.0,6.95,-3.95,65.2,69.6,77.9,82.8,28.9,5.41,4,1,0,3,42.5,27.9,53.0,9.1,49.0,36.1,0.5,2.12
STU_04160,strong,4,7.04,6.68,6.47,0.21,93.6,64.5,75.2,67.4,27.5,5.81,7,0,1,0,64.2,54.4,72.9,5.9,69.4,62.1,0.38,7.44
STU_04161,topper,7,9.78,9.33,10.0,-0.67,95.8,100.0,91.6,79.7,46.1,6.21,3,0,3,0,86.8,77.6,91.8,6.5,91.4,77.6,0.75,10.0
STU_04162,above_avg,4,3.73,5.82,1.95,3.87,75.9,40.8,53.4,37.1,19.3,6.21,7,0,0,2,53.9,42.3,62.3,6.5,54.0,53.9,0.38,6.33
STU_04163,average,4,1.82,1.41,1.68,-0.27,79.1,57.6,37.2,36.2,8.1,6.88,7,5,0,5,40.2,21.7,67.2,13.6,49.9,36.3,0.38,0.56
STU_04164,below_avg,4,0.19,0.0,0.21,-0.21,70.1,25.6,16.4,56.6,26.1,5.0,7,7,0,7,14.3,2.0,29.6,10.1,24.9,10.1,0.38,0.0
STU_04165,above_avg,5,2.35,3.0,1.73,1.27,81.2,59.4,48.8,66.1,32.0,7.14,4,1,0,3,47.9,31.3,66.3,12.4,56.0,39.9,0.5,3.62
STU_04166,average,3,2.91,5.16,0.84,4.32,69.3,73.1,62.4,31.4,38.1,6.19,6,0,0,3,49.8,42.0,57.9,5.5,53.5,48.0,0.25,4.64
STU_04167,below_avg,3,0.13,0.63,0.42,0.21,54.0,48.1,54.6,31.1,59.5,5.19,6,4,0,6,24.0,6.6,43.4,14.9,43.4,14.3,0.25,0.27
STU_04168,topper,7,10.0,10.0,10.0,0.0,88.9,100.0,91.5,59.2,53.4,4.05,3,0,3,0,93.0,87.6,100.0,5.2,95.7,87.6,0.75,10.0
STU_04169,below_avg,6,0.02,0.0,0.0,0.0,63.7,38.4,29.9,32.9,0.0,6.59,4,4,0,4,29.6,21.7,33.3,4.6,29.1,31.1,0.62,0.83
STU_04170,strong,6,8.82,8.0,9.44,-1.44,77.8,74.3,91.4,86.4,40.0,6.08,4,0,3,0,75.9,65.4,91.4,9.5,79.4,65.4,0.62,8.67
STU_04171,average,3,1.27,2.32,0.0,2.32,70.1,67.9,63.9,40.0,25.0,5.27,6,3,0,3,41.5,13.8,61.2,16.0,57.2,33.7,0.25,1.82
STU_04172,topper,3,9.85,9.79,10.0,-0.21,95.7,91.5,85.9,79.4,39.0,5.02,6,0,6,0,87.1,78.0,95.5,5.7,94.0,83.7,0.25,10.0
STU_04173,above_avg,3,5.47,5.05,6.32,-1.27,86.6,72.0,40.3,56.0,27.6,5.61,6,1,0,1,57.1,37.9,69.0,9.9,63.8,53.7,0.25,6.91
STU_04174,improving,5,2.13,3.33,0.0,3.33,78.8,53.7,67.4,56.8,30.3,5.95,4,1,0,3,41.1,22.7,51.5,10.9,48.0,34.2,0.5,5.62
STU_04175,strong,3,6.97,7.16,7.26,-0.1,87.5,77.7,83.9,84.2,40.9,5.25,6,0,3,0,68.4,58.0,80.1,8.9,79.2,63.0,0.25,8.73
STU_04176,above_avg,3,6.52,6.05,7.21,-1.16,91.0,64.6,41.0,81.1,71.4,4.93,6,0,1,1,59.1,43.3,75.1,9.8,68.9,54.2,0.25,6.05
STU_04177,average,4,2.45,2.95,2.16,0.79,74.3,49.2,49.6,42.9,51.4,6.54,7,2,0,5,45.7,23.4,65.9,12.6,61.4,39.4,0.38,5.0
STU_04178,below_avg,6,1.16,1.12,0.0,1.12,60.6,50.7,15.4,43.0,25.0,6.17,4,2,0,4,38.9,29.2,46.9,7.0,40.1,35.5,0.62,4.17
STU_04179,topper,4,9.45,9.82,9.37,0.45,94.9,100.0,99.1,63.4,49.3,6.1,7,0,7,0,85.8,76.0,100.0,7.7,95.8,81.8,0.38,10.0
STU_04180,inconsistent,7,5.6,7.5,4.38,3.12,88.4,75.0,75.1,66.2,50.7,6.43,3,0,2,0,70.3,60.8,79.7,7.7,75.1,60.8,0.75,9.5
STU_04181,struggling,5,0.32,0.0,0.0,0.0,50.2,1.3,22.4,34.4,10.9,5.85,4,4,0,4,4.9,2.0,13.7,5.1,7.8,2.0,0.5,0.0
STU_04182,topper,3,9.92,9.16,10.0,-0.84,91.8,92.2,80.5,87.1,59.5,5.97,6,0,6,0,84.0,74.7,100.0,8.6,93.9,79.1,0.25,9.64
STU_04183,struggling,3,0.78,0.32,0.0,0.32,35.4,41.3,46.6,34.6,34.0,7.24,6,5,0,5,22.7,2.0,58.7,19.1,40.0,14.1,0.25,0.55
STU_04184,topper,5,10.0,10.0,9.82,0.18,98.0,84.4,67.3,89.7,55.5,6.63,4,0,4,0,87.0,80.4,93.5,4.8,89.5,84.5,0.5,10.0
STU_04185,average,6,3.99,6.62,1.22,5.4,74.0,76.3,45.8,73.0,34.7,5.58,4,0,1,1,62.4,45.6,72.6,10.1,60.8,67.1,0.62,7.33
STU_04186,strong,4,6.62,6.86,6.84,0.02,85.7,78.3,69.0,53.9,40.8,6.11,7,0,2,1,60.7,45.4,80.3,12.7,64.9,59.0,0.38,6.78
STU_04187,topper,7,9.42,9.33,9.0,0.33,93.5,73.8,72.1,98.0,64.0,7.83,3,0,3,0,83.6,75.0,88.5,6.1,88.0,75.0,0.75,10.0
STU_04188,topper,4,8.4,9.82,8.11,1.71,94.5,100.0,99.5,81.7,50.9,7.06,7,0,7,0,91.3,78.1,100.0,6.8,91.8,91.2,0.38,10.0
STU_04189,below_avg,3,0.56,1.26,0.42,0.84,71.9,73.2,45.6,42.8,4.3,5.04,6,4,1,4,39.4,15.5,76.0,20.1,64.0,27.2,0.25,2.73
STU_04190,average,3,4.62,4.26,5.37,-1.11,68.6,68.6,58.9,37.1,22.8,5.61,6,1,0,3,49.3,29.2,68.2,12.7,64.2,41.9,0.25,3.45
STU_04191,struggling,5,0.0,0.0,0.0,0.0,60.7,1.4,10.1,33.9,40.5,5.66,4,4,0,4,3.1,2.0,6.4,1.9,4.2,2.0,0.5,0.0
STU_04192,average,3,3.62,3.89,3.05,0.84,66.4,69.2,65.8,62.5,23.1,6.22,6,2,2,3,51.8,21.6,74.3,19.7,68.2,43.5,0.25,1.27
STU_04193,topper,6,8.8,9.5,8.11,1.39,95.7,100.0,84.8,81.2,75.0,7.34,4,0,4,0,87.3,78.3,100.0,8.0,90.3,78.3,0.62,10.0
STU_04194,topper,3,10.0,9.79,10.0,-0.21,95.1,92.8,60.8,60.9,55.8,6.8,6,0,6,0,87.8,79.2,93.3,4.7,93.0,85.1,0.25,10.0
STU_04195,topper,6,8.42,9.0,7.67,1.33,94.7,100.0,80.8,55.8,24.6,6.13,4,0,4,0,86.7,74.5,93.1,7.2,90.7,74.5,0.62,8.0
STU_04196,average,3,1.56,2.63,0.95,1.68,80.2,40.7,41.9,43.9,8.4,6.24,6,3,0,4,36.4,4.1,62.0,18.9,40.1,34.6,0.25,1.82
STU_04197,above_avg,6,3.13,5.0,1.22,3.78,88.2,72.6,66.2,43.5,39.8,6.75,4,0,1,2,53.8,41.9,74.1,13.0,57.8,41.9,0.62,7.5
STU_04198,strong,3,6.46,6.16,6.79,-0.63,87.2,73.1,56.4,47.6,35.0,5.01,6,0,2,2,62.3,40.7,89.7,16.6,83.0,52.0,0.25,4.77
STU_04199,topper,4,9.68,9.45,8.68,0.77,91.4,100.0,70.3,62.9,36.5,5.25,7,0,6,0,85.8,67.6,98.6,9.4,92.7,83.1,0.38,10.0
STU_04200,topper,3,9.43,9.58,9.16,0.42,93.3,95.8,78.2,100.0,71.9,6.39,6,0,6,0,85.3,77.7,93.8,6.3,93.3,81.3,0.25,8.91
STU_04201,above_avg,4,6.76,6.82,7.05,-0.23,78.4,61.8,67.9,76.1,46.5,6.87,7,0,0,0,62.7,54.5,69.8,4.8,65.9,61.5,0.38,6.44
STU_04202,strong,7,9.24,9.0,9.38,-0.38,94.7,80.2,81.7,92.0,42.9,6.31,3,0,3,0,76.5,70.1,82.4,5.0,76.2,77.0,0.75,10.0
STU_04203,struggling,5,0.0,0.0,0.0,0.0,51.4,42.1,33.0,42.6,24.5,6.89,4,4,0,4,19.1,3.7,37.7,15.4,34.4,3.9,0.5,0.0
STU_04204,strong,4,7.49,6.86,8.32,-1.46,91.3,74.6,63.2,45.5,34.8,5.69,7,0,3,1,64.8,46.2,74.2,9.0,70.5,62.6,0.38,8.67
STU_04205,below_avg,4,0.16,0.0,0.95,-0.95,57.7,24.5,52.4,27.2,32.3,4.64,7,7,0,7,17.4,2.0,31.2,10.6,28.9,12.8,0.38,0.0
STU_04206,average,5,5.19,5.56,5.05,0.51,75.0,65.8,51.1,38.3,3.0,7.36,4,0,1,3,57.9,45.4,93.5,20.6,70.2,45.5,0.5,5.38
STU_04207,failing,5,0.5,0.0,1.18,-1.18,31.3,20.3,34.7,34.5,28.5,6.97,4,4,0,4,8.7,2.0,19.6,7.2,15.1,2.3,0.5,0.0
STU_04208,improving,5,1.32,1.56,1.64,-0.08,83.6,69.6,47.3,58.7,16.6,6.2,4,2,0,2,52.0,37.0,68.5,14.4,66.3,37.6,0.5,5.0
STU_04209,struggling,5,0.51,0.0,0.23,-0.23,37.5,27.1,26.7,48.2,18.1,6.1,4,4,0,4,13.7,2.0,27.5,10.1,12.7,14.8,0.5,1.25
STU_04210,average,5,0.65,1.33,0.0,1.33,83.9,61.1,40.1,44.2,8.1,6.08,4,2,0,2,39.2,21.0,55.6,15.8,54.9,23.6,0.5,2.5
STU_04211,above_avg,5,6.19,5.56,7.14,-1.58,91.6,81.3,68.1,51.0,70.2,6.03,4,0,0,1,56.9,40.6,67.7,11.0,67.0,46.7,0.5,7.12
STU_04212,topper,5,8.7,9.56,7.73,1.83,99.2,72.8,76.9,100.0,0.0,5.92,4,0,4,0,83.2,77.2,86.7,3.9,86.6,79.8,0.5,8.75
STU_04213,failing,5,0.0,0.0,0.0,0.0,33.3,14.8,32.6,31.1,0.0,7.24,4,4,0,4,4.5,2.0,11.9,4.3,7.0,2.0,0.5,0.0
STU_04214,failing,3,0.19,0.0,0.0,0.0,27.9,33.3,26.1,1.7,3.3,6.75,6,6,0,6,7.2,2.0,26.7,9.0,17.4,2.0,0.25,0.0
STU_04215,strong,5,8.43,8.78,7.82,0.96,78.2,98.0,53.9,59.6,38.2,6.24,4,0,4,0,78.9,74.2,85.7,4.4,82.7,75.2,0.5,9.0
STU_04216,struggling,6,0.0,0.0,0.0,0.0,32.7,34.4,33.5,12.5,43.4,6.29,4,4,0,4,7.5,2.0,17.2,6.1,9.3,2.0,0.62,0.0
STU_04217,average,7,3.47,1.0,4.75,-3.75,68.9,52.4,64.1,74.4,47.0,6.46,3,2,0,2,42.9,36.5,54.1,7.9,45.3,38.1,0.75,1.83
STU_04218,below_avg,6,0.33,0.0,0.67,-0.67,50.0,34.2,16.9,57.9,45.0,5.73,4,4,0,4,29.2,21.7,32.5,4.3,28.6,30.7,0.62,0.67
STU_04219,strong,5,7.5,7.22,8.0,-0.78,94.8,81.4,82.8,77.2,12.8,5.87,4,0,2,0,72.0,57.0,87.3,11.9,83.2,60.8,0.5,7.5
STU_04220,average,6,2.81,4.12,2.33,1.79,72.6,42.7,52.5,58.0,33.7,6.44,4,1,0,2,48.2,22.8,68.8,16.6,48.5,47.0,0.62,2.17
STU_04221,above_avg,3,6.01,5.21,7.58,-2.37,80.3,91.3,57.1,65.5,51.9,6.04,6,1,1,2,56.9,38.4,75.5,11.5,60.0,55.4,0.25,7.18
STU_04222,struggling,5,0.0,0.0,0.23,-0.23,42.6,17.8,35.5,38.3,7.7,5.92,4,4,0,4,6.5,2.1,10.3,3.1,8.0,5.1,0.5,0.0
STU_04223,average,5,3.78,3.33,4.09,-0.76,70.0,50.2,66.9,89.0,15.6,5.43,4,2,0,2,41.9,32.1,50.5,8.5,41.3,42.5,0.5,2.62
STU_04224,below_avg,3,1.06,0.0,0.74,-0.74,63.3,14.9,35.7,18.1,30.8,6.64,6,6,0,6,14.9,9.6,24.8,5.5,20.1,12.3,0.25,0.0
STU_04225,strong,3,7.75,8.32,7.26,1.06,84.5,73.6,77.4,75.6,43.7,5.55,6,0,5,0,74.1,60.5,84.5,7.7,82.8,69.7,0.25,7.23
STU_04226,average,7,4.63,2.17,6.75,-4.58,82.1,63.8,58.9,40.5,32.6,6.32,3,1,1,2,52.2,39.3,71.1,13.7,58.6,39.3,0.75,3.33
STU_04227,failing,4,0.0,0.18,0.0,0.18,19.3,14.3,29.7,28.9,26.8,5.87,7,6,0,7,10.1,2.0,42.0,13.9,23.4,4.8,0.38,0.0
STU_04228,below_avg,6,2.33,1.5,2.44,-0.94,63.9,64.0,45.5,26.3,48.5,8.5,4,3,0,3,37.3,23.4,57.9,12.9,39.6,30.6,0.62,1.17
STU_04229,below_avg,5,0.66,0.56,0.0,0.56,62.6,30.3,34.7,52.0,16.4,5.41,4,3,0,4,26.4,11.2,46.1,12.6,35.9,16.9,0.5,0.88
STU_04230,average,6,1.37,1.75,0.44,1.31,73.2,43.4,64.1,55.8,32.3,6.12,4,2,0,4,38.4,27.7,46.5,7.6,42.0,27.7,0.62,7.0
STU_04231,below_avg,5,1.48,2.44,0.36,2.08,64.0,64.1,28.0,27.9,28.7,6.57,4,2,0,3,35.5,5.9,53.5,17.9,46.0,24.9,0.5,2.88
STU_04232,below_avg,4,0.06,0.23,0.0,0.23,60.2,63.7,46.0,37.1,22.3,6.44,7,6,0,7,27.9,8.8,45.7,10.2,37.5,24.1,0.38,0.67
STU_04233,strong,7,7.45,7.0,8.12,-1.12,77.1,58.1,77.0,72.1,49.7,5.74,3,0,0,0,66.9,65.8,68.4,1.1,67.5,65.8,0.75,6.33
STU_04234,average,5,1.63,3.56,0.23,3.33,75.5,62.0,35.2,59.3,34.1,5.38,4,1,0,2,48.2,35.2,59.2,8.8,55.8,40.7,0.5,5.88
STU_04235,average,4,2.67,1.45,3.95,-2.5,81.2,60.4,47.5,25.1,47.5,7.5,7,4,0,6,41.4,26.9,65.0,12.1,55.7,35.7,0.38,1.33
STU_04236,below_avg,4,0.73,0.27,0.63,-0.36,48.7,52.8,58.1,52.1,25.3,5.76,7,6,0,6,23.6,2.0,53.1,16.2,42.4,16.1,0.38,0.0
STU_04237,topper,7,9.91,10.0,10.0,0.0,98.7,100.0,72.4,92.3,51.8,7.14,3,0,3,0,95.8,91.3,100.0,3.6,98.1,91.3,0.75,10.0
STU_04238,above_avg,4,5.61,6.36,5.26,1.1,77.9,83.0,68.9,54.9,38.8,5.81,7,0,1,1,61.1,49.3,78.0,9.5,73.1,56.3,0.38,6.67
STU_04239,average,3,1.43,0.53,1.32,-0.79,65.8,43.9,36.3,29.0,57.6,6.06,6,5,0,6,30.8,21.4,48.2,8.7,36.2,28.2,0.25,1.45
STU_04240,topper,4,10.0,9.77,10.0,-0.23,85.4,95.7,81.8,72.5,61.0,6.19,7,0,7,0,91.0,76.8,100.0,9.9,89.5,91.6,0.38,10.0
STU_04241,struggling,3,1.13,1.37,0.0,1.37,40.1,36.7,42.4,15.4,26.8,7.15,6,4,0,6,23.2,5.5,48.1,16.5,36.0,16.9,0.25,0.0
STU_04242,average,4,1.69,0.55,4.11,-3.56,78.8,59.7,63.5,56.0,6.9,5.67,7,5,0,5,36.0,26.4,51.6,10.0,51.0,30.0,0.38,1.44
STU_04243,average,5,4.11,5.67,2.27,3.4,55.9,62.6,59.4,36.1,32.2,6.57,4,0,0,1,55.1,48.0,59.0,4.2,56.8,53.5,0.5,5.38
STU_04244,below_avg,7,0.82,0.83,0.5,0.33,47.1,59.1,40.7,59.4,8.4,5.42,3,2,0,3,36.7,29.9,46.9,7.3,40.1,29.9,0.75,0.0
STU_04245,above_avg,5,7.02,6.56,7.95,-1.39,73.3,60.0,71.2,66.4,56.7,6.35,4,0,1,0,61.1,53.1,74.8,8.3,64.0,58.3,0.5,6.5
STU_04246,strong,5,8.65,7.89,10.0,-2.11,86.7,60.5,56.1,59.1,31.2,4.55,4,0,3,0,69.6,57.1,76.5,7.4,66.8,72.3,0.5,6.88
STU_04247,average,3,2.06,2.53,0.0,2.53,81.3,39.3,53.0,62.0,0.0,6.28,6,2,0,6,37.9,20.2,47.2,8.7,42.3,35.7,0.25,5.68
STU_04248,topper,4,9.8,9.82,8.95,0.87,96.3,94.5,80.5,63.1,54.3,4.26,7,0,7,0,85.6,75.3,94.1,6.0,89.0,84.2,0.38,9.11
STU_04249,improving,4,1.97,3.23,0.26,2.97,78.5,75.5,33.1,56.5,28.3,7.2,7,3,1,3,51.1,21.1,72.4,18.6,66.8,44.8,0.38,3.56
STU_04250,strong,4,7.38,6.45,9.37,-2.92,82.1,60.7,77.4,57.8,60.4,6.86,7,0,1,1,58.6,45.7,74.2,8.6,62.5,57.1,0.38,7.0
STU_04251,struggling,3,0.0,0.0,0.0,0.0,43.5,12.6,11.0,35.8,9.5,6.15,6,6,0,6,2.7,2.0,6.3,1.6,4.2,2.0,0.25,0.0
STU_04252,average,3,3.06,3.32,3.63,-0.31,63.0,54.6,46.1,41.5,18.9,5.39,6,2,0,3,50.3,36.1,64.4,10.8,60.1,45.4,0.25,5.5
STU_04253,above_avg,3,6.96,6.16,7.05,-0.89,74.7,80.5,40.6,50.2,48.5,7.16,6,0,0,2,58.1,45.0,68.3,8.5,61.4,56.4,0.25,6.5
STU_04254,above_avg,3,2.68,4.42,0.53,3.89,89.9,63.0,65.2,65.0,40.1,7.39,6,1,0,2,50.9,35.0,69.6,10.9,60.4,46.1,0.25,7.68
STU_04255,average,6,4.08,5.75,2.11,3.64,71.4,62.0,52.9,36.9,39.1,6.48,4,0,0,2,55.7,45.5,69.7,10.0,58.5,47.0,0.62,6.17
STU_04256,struggling,4,0.05,0.0,0.42,-0.42,36.6,1.2,27.0,60.5,13.7,6.33,7,7,0,7,7.8,2.0,21.6,6.4,12.2,6.1,0.38,0.0
STU_04257,below_avg,5,1.32,0.78,1.64,-0.86,58.0,50.7,51.9,34.6,76.6,6.21,4,3,0,3,40.7,31.5,60.2,11.4,48.1,33.3,0.5,2.0
STU_04258,below_avg,4,0.56,0.91,0.0,0.91,58.7,44.6,36.8,56.0,12.8,7.1,7,6,0,7,25.2,2.0,47.1,15.3,34.6,21.4,0.38,2.33
STU_04259,average,4,5.09,6.14,3.32,2.82,78.0,65.4,48.1,42.2,38.5,7.16,7,0,0,2,55.9,40.5,67.8,9.0,54.1,56.6,0.38,7.22
STU_04260,above_avg,5,4.6,4.33,5.09,-0.76,81.6,81.4,81.1,73.4,14.8,6.8,4,1,0,3,47.5,36.3,61.7,9.2,49.0,46.1,0.5,5.75
STU_04261,average,3,2.36,2.63,1.58,1.05,81.0,48.0,54.1,29.1,25.7,5.7,6,2,0,4,43.1,26.8,59.0,11.1,56.9,36.3,0.25,0.27
STU_04262,average,3,5.63,4.42,6.37,-1.95,78.2,58.3,48.7,80.3,31.0,6.41,6,1,0,3,49.4,33.4,63.8,9.0,56.9,45.6,0.25,3.73
STU_04263,below_avg,3,0.49,1.26,0.79,0.47,63.8,43.9,48.5,35.5,9.1,6.93,6,4,0,6,27.2,2.0,41.9,13.4,32.2,24.7,0.25,0.0
STU_04264,strong,3,7.4,7.11,8.63,-1.52,80.7,72.9,68.0,66.2,48.3,5.41,6,0,2,1,63.7,46.8,75.6,9.6,63.5,63.8,0.25,8.05
STU_04265,average,3,3.02,4.37,2.0,2.37,79.5,72.6,63.6,20.9,7.3,7.56,6,1,1,4,49.2,27.6,76.7,14.9,61.9,42.9,0.25,5.41
STU_04266,struggling,5,0.73,0.67,0.91,-0.24,40.4,39.0,0.0,29.4,39.4,5.84,4,3,0,3,22.1,3.1,50.9,18.3,37.8,6.5,0.5,1.25
STU_04267,average,4,3.72,2.73,4.95,-2.22,67.6,59.9,28.5,36.1,21.3,4.95,7,3,0,3,44.5,18.8,55.8,12.3,53.6,40.8,0.38,2.56
STU_04268,above_avg,4,5.25,5.18,6.26,-1.08,82.1,73.3,60.1,52.9,49.9,6.43,7,1,1,1,56.6,37.9,72.9,10.3,65.3,53.2,0.38,6.0
STU_04269,topper,4,8.81,10.0,8.95,1.05,91.9,100.0,71.7,82.6,33.8,6.4,7,0,7,0,95.7,87.1,100.0,4.3,96.2,95.5,0.38,9.67
STU_04270,inconsistent,6,1.44,2.12,0.44,1.68,93.7,36.5,33.7,18.5,23.3,6.4,4,2,0,3,30.6,2.0,60.1,24.0,40.1,2.0,0.62,1.5
STU_04271,below_avg,3,2.17,1.47,2.42,-0.95,49.7,34.0,44.8,7.5,2.3,6.28,6,4,0,6,29.3,12.9,49.2,13.0,26.8,30.5,0.25,0.36
STU_04272,struggling,5,0.22,0.67,0.0,0.67,54.5,53.4,49.0,38.5,15.1,6.61,4,3,0,3,24.0,2.0,50.6,19.7,42.8,5.2,0.5,0.5
STU_04273,average,7,3.55,1.67,6.0,-4.33,66.1,54.5,52.9,44.2,31.5,5.83,3,1,0,2,44.9,36.9,54.0,7.0,48.9,36.9,0.75,6.5
STU_04274,topper,3,9.2,9.37,9.63,-0.26,93.0,100.0,78.4,81.0,64.1,5.71,6,0,5,0,85.2,69.7,98.4,9.2,96.2,79.7,0.25,9.82
STU_04275,above_avg,4,6.14,5.86,7.47,-1.61,78.6,86.2,55.3,78.3,37.5,7.48,7,0,0,1,56.7,44.3,68.4,8.1,60.9,55.1,0.38,7.78
STU_04276,below_avg,3,2.44,1.58,4.37,-2.79,64.3,49.1,44.4,57.0,11.5,6.9,6,4,0,6,32.6,8.7,49.1,15.1,43.3,27.3,0.25,0.0
STU_04277,struggling,4,0.0,0.0,0.0,0.0,51.8,16.1,25.0,39.8,47.9,6.28,7,7,0,7,5.8,2.0,17.2,6.0,15.1,2.0,0.38,0.0
STU_04278,below_avg,3,0.23,0.53,0.0,0.53,55.6,38.1,5.6,68.2,52.2,5.98,6,5,0,6,31.5,21.1,45.2,7.2,37.8,28.3,0.25,0.0
STU_04279,strong,3,7.86,9.05,6.58,2.47,80.6,79.4,59.2,88.5,63.7,7.09,6,0,5,0,77.0,62.6,82.1,6.8,78.2,76.4,0.25,7.91
STU_04280,below_avg,3,0.0,0.0,0.63,-0.63,59.8,37.2,51.7,61.0,0.0,6.38,6,6,0,6,19.3,7.6,38.8,12.7,36.9,10.5,0.25,0.18
STU_04281,above_avg,4,5.95,6.0,4.84,1.16,86.5,95.9,61.8,36.2,26.3,7.78,7,0,2,2,58.5,40.3,78.9,12.1,69.8,53.9,0.38,7.56
STU_04282,average,4,2.96,0.73,5.37,-4.64,67.7,54.3,35.6,46.0,10.5,7.1,7,6,0,7,35.5,27.0,43.3,5.0,38.5,34.2,0.38,0.0
STU_04283,inconsistent,4,0.42,0.73,0.84,-0.11,61.6,48.1,35.0,62.6,40.7,5.78,7,6,0,7,28.4,13.3,40.1,7.5,29.1,28.2,0.38,0.67
STU_04284,below_avg,6,4.27,5.25,2.78,2.47,67.9,42.4,36.4,39.5,36.8,4.67,4,0,0,3,50.3,45.5,61.6,6.6,51.9,45.5,0.62,1.83
STU_04285,average,5,2.56,3.22,2.09,1.13,75.0,79.7,47.0,42.2,23.9,6.36,4,1,0,2,48.9,30.6,64.8,13.8,62.0,35.7,0.5,3.0
STU_04286,topper,4,9.69,10.0,9.58,0.42,95.3,97.6,93.0,81.1,43.0,5.84,7,0,7,0,94.3,81.1,100.0,6.4,99.7,92.2,0.38,10.0
STU_04287,struggling,3,0.0,0.0,0.0,0.0,46.4,27.5,32.2,46.2,11.3,6.86,6,6,0,6,7.5,2.0,17.5,6.5,16.4,3.1,0.25,0.0
STU_04288,strong,5,7.04,5.67,8.45,-2.78,80.5,50.5,58.7,72.3,20.8,6.85,4,0,0,2,52.2,42.3,62.6,7.8,52.0,52.5,0.5,3.75
STU_04289,struggling,4,0.12,0.0,0.53,-0.53,51.6,27.4,11.0,3.8,0.0,6.43,7,7,0,7,15.9,2.0,30.8,12.2,13.3,16.9,0.38,0.0
STU_04290,below_avg,7,0.66,1.0,0.75,0.25,54.6,45.6,44.3,44.0,20.4,5.88,3,2,0,2,31.5,3.2,53.4,21.0,45.6,3.2,0.75,1.0
STU_04291,below_avg,5,0.65,0.0,0.55,-0.55,68.9,7.3,38.5,33.6,0.0,5.19,4,4,0,4,13.7,2.0,23.7,8.0,12.8,14.6,0.5,0.0
STU_04292,average,7,1.56,1.5,2.25,-0.75,58.3,47.8,69.4,43.6,33.4,6.8,3,1,0,3,38.4,26.8,46.0,8.3,44.2,26.8,0.75,2.17
STU_04293,average,4,0.57,0.18,1.0,-0.82,72.8,28.2,36.7,73.6,8.1,6.24,7,6,0,7,21.6,8.0,42.0,11.1,33.4,16.9,0.38,0.0
STU_04294,average,5,3.46,4.56,2.91,1.65,79.1,69.3,53.0,39.1,59.6,6.36,4,0,0,3,46.3,40.1,53.8,5.3,48.3,44.2,0.5,4.0
STU_04295,topper,3,9.81,9.16,9.79,-0.63,92.2,93.3,48.5,76.3,47.2,6.02,6,0,6,0,81.7,73.7,94.4,7.6,84.1,80.5,0.25,9.82
STU_04296,failing,5,0.0,0.0,0.0,0.0,18.1,15.4,27.5,17.7,0.0,4.02,4,4,0,4,3.5,2.0,6.5,1.8,4.2,2.8,0.5,0.0
STU_04297,above_avg,3,4.47,5.05,5.05,0.0,87.1,54.1,65.0,60.6,28.7,5.74,6,1,0,1,53.3,31.1,69.5,12.5,58.5,50.7,0.25,4.14
STU_04298,below_avg,3,0.96,0.63,0.63,0.0,56.8,56.2,49.1,19.6,54.5,6.57,6,5,0,5,29.1,16.7,57.2,13.4,41.9,22.8,0.25,1.32
STU_04299,strong,4,8.82,8.09,9.37,-1.28,92.6,90.6,64.6,73.5,6.2,5.28,7,0,6,0,75.7,55.6,92.8,11.5,80.3,73.8,0.38,10.0
STU_04300,average,4,5.85,4.82,6.21,-1.39,68.2,59.3,49.6,55.4,24.6,5.94,7,1,0,2,54.1,34.9,62.1,9.1,61.7,51.0,0.38,2.44
STU_04301,improving,3,0.87,1.79,0.0,1.79,87.4,44.4,52.9,41.2,45.4,6.64,6,3,0,4,40.5,22.3,58.3,12.2,55.2,33.2,0.25,6.18
STU_04302,strong,3,6.64,5.95,6.42,-0.47,90.4,79.3,63.3,68.5,67.8,6.28,6,0,0,1,58.4,48.1,69.5,7.5,68.2,53.5,0.25,8.55
STU_04303,struggling,3,0.0,0.0,0.0,0.0,46.9,5.0,15.4,17.6,48.0,6.05,6,6,0,6,10.6,2.0,24.7,8.7,14.4,8.7,0.25,0.0
STU_04304,above_avg,3,4.11,4.84,4.11,0.73,79.6,73.5,54.9,53.7,34.3,6.77,6,1,1,1,56.4,38.5,73.2,10.3,66.5,51.4,0.25,4.73
STU_04305,failing,3,0.23,0.0,1.47,-1.47,39.9,38.1,33.4,4.6,17.5,5.23,6,6,0,6,7.9,2.0,23.0,8.0,18.6,2.5,0.25,0.0
STU_04306,below_avg,7,1.12,2.0,0.0,2.0,54.9,67.9,26.6,37.5,0.0,6.93,3,1,0,1,49.2,35.1,57.4,10.0,56.2,35.1,0.75,0.0
STU_04307,below_avg,5,0.52,0.0,0.95,-0.95,51.9,24.9,46.9,31.8,26.6,5.72,4,4,0,4,16.6,10.1,28.4,7.2,22.4,10.9,0.5,0.0
STU_04308,above_avg,4,4.58,3.36,5.26,-1.9,79.7,84.4,59.2,38.0,42.7,6.8,7,2,0,4,46.3,20.6,67.8,16.4,64.0,39.3,0.38,3.67
STU_04309,topper,4,10.0,10.0,10.0,0.0,93.6,100.0,99.6,77.3,43.5,6.68,7,0,7,0,89.5,84.0,100.0,4.7,94.0,87.7,0.38,10.0
STU_04310,above_avg,3,2.92,3.68,2.21,1.47,92.4,55.2,41.7,49.9,30.6,5.9,6,2,0,2,48.2,29.8,62.3,11.3,54.9,44.9,0.25,7.68
STU_04311,above_avg,5,3.97,3.33,4.09,-0.76,75.2,80.6,49.8,30.1,26.8,6.46,4,1,0,1,51.9,36.0,59.9,9.3,55.9,48.0,0.5,6.12
STU_04312,average,3,2.85,2.84,3.16,-0.32,67.7,27.3,75.2,42.7,9.9,6.92,6,3,0,5,43.5,27.2,64.6,11.4,37.6,46.5,0.25,2.27
STU_04313,below_avg,5,0.09,0.0,0.18,-0.18,64.8,26.3,34.0,30.2,25.6,5.83,4,4,0,4,23.8,2.0,32.6,12.7,31.0,16.7,0.5,0.0
STU_04314,average,4,1.24,0.73,1.58,-0.85,70.6,40.9,34.3,18.2,76.6,6.38,7,6,0,7,32.4,27.2,42.3,5.2,32.5,32.4,0.38,2.44
STU_04315,struggling,3,0.0,0.26,0.0,0.26,30.0,42.2,29.0,11.1,30.6,5.93,6,5,0,6,19.2,2.0,45.5,14.8,35.0,11.2,0.25,0.0
STU_04316,below_avg,5,0.03,0.0,0.18,-0.18,63.7,27.0,42.6,36.9,32.8,6.84,4,4,0,4,10.3,2.0,16.4,5.2,13.4,7.1,0.5,0.75
STU_04317,strong,7,6.93,6.5,7.62,-1.12,84.2,78.6,68.1,88.2,33.4,6.29,3,0,1,0,63.5,53.5,77.8,10.4,68.5,53.5,0.75,5.17
STU_04318,below_avg,4,0.56,0.0,0.0,0.0,53.6,39.6,31.1,45.5,7.8,5.0,7,7,0,7,18.5,9.8,30.9,7.8,30.2,13.8,0.38,0.44
STU_04319,failing,5,0.71,0.44,0.0,0.44,20.0,44.0,24.0,53.4,0.0,4.74,4,3,0,4,23.1,2.0,44.2,15.0,34.5,11.7,0.5,0.0
STU_04320,topper,5,9.63,9.33,9.45,-0.12,91.9,100.0,85.6,88.5,42.3,6.66,4,0,4,0,85.5,70.0,92.3,9.0,90.7,80.3,0.5,10.0
STU_04321,strong,3,7.97,8.47,7.89,0.58,97.2,88.5,67.5,61.2,46.1,6.51,6,0,4,0,77.2,66.4,89.4,8.4,83.9,73.8,0.25,9.18
STU_04322,below_avg,4,0.27,0.18,0.0,0.18,69.9,39.7,48.1,28.8,61.6,6.49,7,6,0,7,23.4,10.1,41.0,9.6,34.6,18.9,0.38,1.0
STU_04323,strong,4,7.94,8.05,7.58,0.47,85.7,75.0,63.6,67.4,87.5,5.34,7,0,4,0,73.1,64.3,89.7,8.4,77.3,71.4,0.38,5.89
STU_04324,above_avg,7,6.53,6.17,6.75,-0.58,76.8,75.3,64.7,51.1,17.7,5.97,3,0,0,0,60.7,52.9,69.5,6.8,64.7,52.9,0.75,5.17
STU_04325,average,5,2.97,4.67,0.95,3.72,68.6,29.9,53.7,64.6,15.9,5.82,4,1,0,3,44.9,33.4,55.5,8.4,37.1,52.6,0.5,6.38
STU_04326,strong,5,7.74,6.44,9.05,-2.61,87.2,75.7,79.8,64.2,26.8,7.27,4,0,0,0,62.5,57.9,67.7,4.4,62.1,62.8,0.5,8.0
STU_04327,strong,7,7.83,7.67,7.5,0.17,96.1,81.1,55.3,41.7,14.6,7.08,3,0,2,0,78.1,60.2,99.1,16.0,87.0,60.2,0.75,9.5
STU_04328,above_avg,3,4.44,3.53,6.42,-2.89,72.9,93.3,53.7,46.6,17.4,7.0,6,2,2,3,53.2,28.6,79.3,20.8,79.2,40.2,0.25,3.5
STU_04329,topper,4,9.63,9.64,10.0,-0.36,93.9,98.0,75.4,48.9,64.9,7.76,7,0,7,0,86.8,72.9,100.0,7.9,93.8,84.0,0.38,10.0
STU_04330,average,4,1.21,2.18,0.26,1.92,65.5,35.2,41.4,20.6,29.7,6.01,7,5,0,5,31.0,5.0,55.8,17.6,20.6,35.1,0.38,5.44
STU_04331,struggling,4,0.0,0.0,0.0,0.0,56.2,37.7,22.6,61.9,22.8,6.47,7,7,0,7,20.8,2.0,38.2,11.8,21.6,20.5,0.38,0.44
STU_04332,below_avg,4,0.0,0.32,0.21,0.11,57.3,25.8,29.6,34.4,51.5,5.98,7,6,0,6,27.3,11.9,63.8,16.5,37.9,23.1,0.38,0.0
STU_04333,struggling,7,0.08,0.0,0.5,-0.5,51.9,20.8,46.6,28.4,14.8,6.67,3,3,0,3,10.5,2.3,24.6,10.0,3.5,24.6,0.75,0.0
STU_04334,below_avg,4,0.2,0.23,0.0,0.23,57.8,29.5,34.6,38.3,0.0,6.04,7,6,0,7,19.5,2.0,45.3,14.6,26.4,16.7,0.38,0.0
STU_04335,average,4,0.26,0.73,0.42,0.31,81.2,52.9,53.4,54.5,21.7,6.65,7,6,0,7,31.0,12.4,40.3,10.2,36.8,28.6,0.38,1.0
STU_04336,failing,5,0.25,0.0,0.0,0.0,40.1,21.8,29.1,0.0,3.5,6.37,4,4,0,4,4.6,2.0,10.1,3.3,7.2,2.0,0.5,0.0
STU_04337,above_avg,3,4.13,3.95,5.79,-1.84,82.9,72.9,60.6,50.3,26.0,5.88,6,1,0,5,48.6,35.1,66.7,9.4,56.7,44.5,0.25,5.32
STU_04338,average,4,3.34,3.23,4.74,-1.51,71.3,66.8,36.5,50.9,12.0,5.38,7,2,0,5,43.6,28.2,55.6,9.5,50.8,40.7,0.38,4.56
STU_04339,above_avg,5,6.54,6.33,6.95,-0.62,85.8,66.4,76.4,71.8,14.1,7.61,4,0,1,0,61.7,52.5,72.1,9.0,70.6,52.8,0.5,7.0
STU_04340,average,4,4.53,2.5,6.53,-4.03,70.5,55.7,46.8,40.1,39.1,6.19,7,3,1,4,43.6,15.9,72.7,18.7,67.5,34.0,0.38,3.56
STU_04341,average,5,0.8,0.67,1.68,-1.01,67.5,64.6,50.9,13.7,29.5,6.88,4,3,0,3,34.8,15.0,55.1,14.5,47.0,22.4,0.5,1.0
STU_04342,struggling,5,0.57,0.0,0.0,0.0,61.0,31.4,0.0,14.1,0.0,5.26,4,4,0,4,8.9,2.0,16.8,5.6,14.0,3.9,0.5,0.0
STU_04343,struggling,7,0.82,0.0,1.75,-1.75,63.4,22.4,45.9,16.6,0.0,5.83,3,3,0,3,16.6,3.0,27.3,10.1,23.5,3.0,0.75,0.0
STU_04344,average,3,1.34,0.89,0.63,0.26,70.7,45.3,39.7,39.1,26.4,5.66,6,4,0,5,40.7,29.1,54.6,8.3,51.0,35.6,0.25,1.09
STU_04345,struggling,3,0.05,0.0,0.0,0.0,41.8,32.3,41.0,30.4,7.5,6.49,6,6,0,6,13.7,2.0,31.9,11.5,16.9,12.1,0.25,0.0
STU_04346,struggling,3,0.16,0.0,0.0,0.0,48.7,19.7,23.8,35.1,10.0,5.34,6,6,0,6,10.7,2.0,32.5,11.2,25.0,3.5,0.25,0.18
STU_04347,below_avg,4,0.0,0.0,0.0,0.0,65.9,32.4,55.8,41.2,7.8,4.64,7,7,0,7,13.5,2.0,25.1,7.9,24.9,9.0,0.38,0.0
STU_04348,strong,7,7.41,7.5,7.25,0.25,88.5,84.0,50.7,53.5,34.7,5.39,3,0,2,0,70.6,64.1,75.1,4.7,73.8,64.1,0.75,9.0
STU_04349,below_avg,3,0.37,0.0,0.63,-0.63,53.4,16.5,41.3,42.3,15.4,7.04,6,6,0,6,12.9,2.0,38.3,12.5,20.1,9.3,0.25,0.0
STU_04350,topper,4,7.83,8.18,7.89,0.29,98.5,100.0,82.0,91.2,23.4,5.06,7,0,5,0,76.7,61.0,96.7,11.1,90.9,71.0,0.38,9.56
STU_04351,failing,7,0.0,0.0,0.0,0.0,8.1,28.0,23.8,31.7,25.4,4.63,3,3,0,3,12.4,2.0,33.1,14.7,17.6,2.0,0.75,0.0
STU_04352,average,4,0.72,0.32,2.11,-1.79,78.1,68.9,58.0,53.3,25.8,6.12,7,6,0,6,31.1,10.6,60.3,14.7,48.8,24.0,0.38,0.89
STU_04353,below_avg,7,0.94,1.17,1.0,0.17,55.3,73.0,56.3,32.0,13.7,6.22,3,2,0,2,38.1,21.3,61.8,17.3,46.5,21.3,0.75,4.33
STU_04354,strong,3,7.68,7.21,8.32,-1.11,86.0,77.0,79.1,78.1,26.2,6.89,6,0,3,0,67.5,53.5,79.7,9.2,76.7,62.8,0.25,7.36
STU_04355,strong,7,6.47,6.67,6.75,-0.08,87.3,77.5,45.5,79.2,11.7,6.56,3,0,1,0,64.9,52.9,76.1,9.5,70.9,52.9,0.75,7.5
STU_04356,below_avg,5,0.04,0.0,0.59,-0.59,45.1,3.3,39.4,35.0,0.0,6.05,4,4,0,4,16.5,2.0,23.3,8.6,23.0,10.1,0.5,1.25
STU_04357,strong,3,6.27,6.11,6.37,-0.26,90.5,90.9,48.9,48.3,47.3,6.14,6,0,2,2,60.1,43.9,82.3,13.8,77.5,51.4,0.25,7.45
STU_04358,topper,4,9.77,10.0,9.79,0.21,95.3,84.9,81.7,79.8,43.2,5.65,7,0,7,0,96.6,93.6,100.0,2.2,97.2,96.4,0.38,10.0
STU_04359,strong,3,6.63,6.42,6.42,0.0,87.6,64.2,92.7,60.4,48.2,5.95,6,0,2,1,62.7,42.3,86.9,14.2,79.2,54.4,0.25,7.73
STU_04360,strong,3,6.72,6.74,7.05,-0.31,93.5,91.9,56.1,74.5,79.7,5.82,6,0,2,1,64.8,47.5,85.2,12.5,77.2,58.6,0.25,7.23
STU_04361,topper,6,10.0,10.0,9.56,0.44,90.0,83.8,85.2,82.4,50.0,6.81,4,0,4,0,92.4,87.2,96.1,3.8,93.1,90.3,0.62,10.0
STU_04362,below_avg,5,0.0,0.0,0.32,-0.32,64.4,13.2,52.4,23.0,8.0,5.42,4,4,0,4,17.3,6.9,26.1,8.3,9.2,25.4,0.5,0.0
STU_04363,below_avg,6,2.5,2.25,2.22,0.03,66.2,65.9,46.4,43.9,25.2,6.84,4,1,0,4,34.3,2.7,49.8,18.5,44.8,2.7,0.62,0.83
STU_04364,below_avg,6,0.16,0.5,0.0,0.5,64.6,40.5,50.9,38.6,33.9,4.16,4,3,0,4,24.1,16.6,40.0,9.4,24.9,21.6,0.62,0.0
STU_04365,below_avg,4,1.05,0.0,2.32,-2.32,62.2,18.4,33.4,45.0,0.0,5.73,7,7,0,7,20.1,5.3,39.4,11.3,18.6,20.7,0.38,0.44
STU_04366,average,4,3.03,2.59,3.16,-0.57,70.5,50.6,46.6,53.0,17.1,5.28,7,3,0,7,39.4,27.0,48.0,7.2,37.5,40.1,0.38,1.22
STU_04367,topper,5,9.71,10.0,10.0,0.0,95.8,94.9,86.2,60.7,27.7,5.44,4,0,4,0,97.3,91.0,100.0,3.7,100.0,94.7,0.5,10.0
STU_04368,above_avg,3,4.84,4.95,5.16,-0.21,71.1,52.0,47.9,75.8,67.4,6.0,6,1,0,1,53.9,33.2,62.3,9.5,56.5,52.6,0.25,2.73
STU_04369,below_avg,4,0.38,0.0,1.11,-1.11,63.1,12.7,59.1,14.1,29.0,7.57,7,7,0,7,10.3,2.0,20.7,7.5,16.6,7.7,0.38,0.0
STU_04370,below_avg,3,0.4,0.26,0.0,0.26,65.3,38.5,52.1,40.0,28.6,6.89,6,5,0,6,20.8,2.0,49.2,15.6,32.9,14.7,0.25,0.18
STU_04371,above_avg,4,6.92,5.82,7.68,-1.86,83.5,54.3,72.9,77.0,21.2,6.18,7,0,0,2,55.1,41.3,69.2,8.9,54.9,55.2,0.38,6.44
STU_04372,average,3,1.79,0.63,2.53,-1.9,71.7,65.2,60.6,59.7,59.1,6.51,6,5,0,5,33.9,19.1,53.2,11.3,46.3,27.8,0.25,2.73
STU_04373,above_avg,3,6.54,7.11,5.74,1.37,84.1,84.3,58.8,43.8,48.2,6.63,6,0,2,1,63.2,48.3,80.3,11.1,68.6,60.5,0.25,6.82
STU_04374,below_avg,3,1.92,2.68,1.26,1.42,47.4,46.8,48.6,64.1,0.0,7.73,6,3,1,5,38.6,15.3,76.5,21.2,47.7,34.0,0.25,0.23
STU_04375,average,6,4.89,4.12,6.11,-1.99,72.3,63.4,59.7,54.0,39.3,6.78,4,1,0,2,50.8,39.0,62.0,9.1,52.7,45.3,0.62,4.83
STU_04376,topper,4,10.0,10.0,10.0,0.0,94.6,90.9,91.0,99.7,52.6,5.39,7,0,7,0,95.9,87.9,100.0,3.9,98.0,95.1,0.38,10.0
STU_04377,struggling,5,2.09,2.0,1.82,0.18,47.5,35.7,23.5,29.3,61.6,6.35,4,3,0,3,22.2,2.0,51.6,18.5,17.6,26.8,0.5,1.75
STU_04378,below_avg,4,0.6,0.23,1.37,-1.14,49.2,59.5,51.6,36.7,33.8,8.29,7,6,0,7,25.4,12.2,49.6,12.8,44.2,17.9,0.38,1.0
STU_04379,below_avg,7,0.64,0.83,0.5,0.33,65.1,67.3,83.4,37.1,41.2,6.99,3,2,0,3,34.5,17.3,46.4,12.4,43.0,17.3,0.75,2.0
STU_04380,struggling,5,0.38,0.0,0.0,0.0,33.8,12.7,21.0,80.3,0.0,5.45,4,4,0,4,9.9,2.0,13.3,4.6,12.4,7.4,0.5,0.0
STU_04381,failing,4,0.92,0.18,0.53,-0.35,21.6,55.3,30.0,21.5,16.7,6.09,7,6,0,7,13.1,2.0,42.7,17.5,40.8,2.0,0.38,0.0
STU_04382,average,5,0.0,0.0,0.0,0.0,81.7,28.7,60.3,36.6,26.9,5.82,4,4,0,4,25.6,9.5,34.1,9.5,31.2,19.9,0.5,0.5
STU_04383,failing,4,0.0,0.0,0.0,0.0,34.0,33.1,31.2,28.2,0.0,7.86,7,7,0,7,6.8,2.0,24.1,8.0,13.3,4.2,0.38,0.0
STU_04384,below_avg,5,0.57,0.0,1.14,-1.14,56.7,25.7,33.6,31.8,36.3,4.85,4,4,0,4,26.6,16.8,35.0,6.7,29.9,23.2,0.5,0.0
STU_04385,average,5,3.96,3.78,4.59,-0.81,60.6,48.3,40.1,35.8,6.6,6.28,4,1,0,2,43.5,21.1,56.7,13.9,49.8,37.2,0.5,1.5
STU_04386,average,3,1.58,0.32,2.32,-2.0,76.6,58.4,56.9,55.9,45.5,5.98,6,5,0,5,36.4,27.0,54.0,8.8,46.7,31.2,0.25,0.27
STU_04387,struggling,3,0.0,0.0,0.0,0.0,51.5,34.0,31.8,17.2,0.0,6.13,6,6,0,6,18.6,2.0,35.4,10.0,27.9,13.9,0.25,0.0
STU_04388,strong,4,7.24,8.14,6.58,1.56,98.6,100.0,51.1,86.2,50.9,7.37,7,0,5,0,75.2,60.8,89.8,9.6,82.2,72.4,0.38,6.89
STU_04389,improving,3,3.63,6.05,0.0,6.05,79.6,75.2,60.1,44.5,21.1,6.68,6,0,1,2,60.1,45.3,77.8,11.8,73.3,53.5,0.25,7.14
STU_04390,below_avg,4,0.0,0.27,0.0,0.27,52.4,38.4,52.3,38.4,18.5,7.33,7,6,0,6,29.4,13.3,56.0,13.4,47.1,22.3,0.38,0.78
STU_04391,struggling,7,0.03,0.0,0.0,0.0,30.9,28.3,14.5,33.0,15.8,5.68,3,3,0,3,16.4,2.0,31.9,12.2,23.6,2.0,0.75,0.0
STU_04392,failing,6,0.45,0.62,0.0,0.62,19.0,9.0,34.7,34.4,23.6,6.13,4,3,0,4,16.7,2.0,46.1,17.7,17.2,15.1,0.62,0.67
STU_04393,below_avg,6,0.58,0.62,0.78,-0.16,65.4,50.1,28.8,37.4,15.3,5.73,4,3,0,4,31.9,9.2,46.7,13.9,39.5,9.2,0.62,0.0
STU_04394,above_avg,3,5.33,5.21,5.47,-0.26,77.5,63.2,74.9,63.0,47.8,6.34,6,0,0,2,51.4,41.0,60.6,7.4,57.4,48.5,0.25,7.36
STU_04395,above_avg,3,6.39,5.0,7.74,-2.74,91.0,81.4,51.2,47.3,58.6,4.57,6,1,1,2,57.8,30.9,77.1,15.1,71.9,50.6,0.25,6.32
STU_04396,struggling,7,0.23,0.0,0.0,0.0,45.1,36.1,38.3,41.8,59.7,4.84,3,3,0,3,16.3,2.0,27.2,10.6,23.5,2.0,0.75,0.0
STU_04397,average,4,0.77,0.45,1.11,-0.66,75.1,69.1,54.9,49.6,29.7,6.58,7,5,0,6,32.5,16.0,54.5,12.8,49.5,25.7,0.38,0.0
STU_04398,above_avg,6,6.95,6.5,7.11,-0.61,79.7,82.2,63.3,70.2,34.5,5.2,4,0,0,0,54.9,51.4,60.3,3.4,53.1,60.3,0.62,2.0
STU_04399,above_avg,3,5.04,6.05,4.68,1.37,83.5,62.9,40.0,43.5,57.3,5.45,6,0,0,1,57.2,43.8,62.3,6.4,58.5,56.6,0.25,4.59
STU_04400,above_avg,6,4.1,3.12,4.44,-1.32,74.1,56.5,74.7,50.0,41.0,6.53,4,1,0,2,48.6,20.1,69.3,19.8,58.1,20.1,0.62,2.17
STU_04401,struggling,4,0.5,0.27,0.63,-0.36,39.7,35.6,42.6,36.6,8.9,5.58,7,6,0,6,15.7,2.0,51.4,15.0,30.8,9.7,0.38,0.0
STU_04402,topper,3,9.4,10.0,9.37,0.63,97.3,100.0,84.1,60.4,56.2,7.63,6,0,6,0,91.7,85.9,100.0,4.9,97.2,89.0,0.25,10.0
STU_04403,above_avg,5,4.35,3.56,4.91,-1.35,83.4,72.4,78.1,49.9,75.0,6.59,4,1,0,1,54.8,34.6,67.3,13.6,67.2,42.5,0.5,3.75
STU_04404,average,3,4.62,3.63,6.68,-3.05,83.2,65.9,47.8,67.1,12.1,6.77,6,2,0,2,51.4,31.9,66.3,12.6,63.8,45.2,0.25,2.95
STU_04405,topper,5,9.7,9.56,10.0,-0.44,89.3,83.9,76.9,80.1,38.6,5.08,4,0,4,0,83.8,79.3,89.9,4.1,82.9,84.6,0.5,10.0
STU_04406,above_avg,3,7.69,7.21,7.21,0.0,83.8,91.1,76.3,73.9,64.9,6.02,6,0,3,0,67.5,56.8,79.3,8.7,73.8,64.3,0.25,7.27
STU_04407,below_avg,3,0.0,0.42,0.0,0.42,60.4,33.5,47.3,60.3,68.1,5.94,6,5,0,6,21.8,9.9,42.7,11.9,38.0,13.8,0.25,3.23
STU_04408,below_avg,3,0.22,0.21,0.0,0.21,65.5,45.4,45.0,65.0,36.3,4.83,6,5,0,6,25.3,2.0,42.0,12.3,36.7,19.7,0.25,0.91
STU_04409,average,7,5.17,5.33,6.0,-0.67,77.5,56.0,72.2,66.4,41.2,5.63,3,0,0,2,53.4,48.0,62.7,6.6,55.4,49.5,0.75,4.83
STU_04410,topper,3,9.61,8.32,10.0,-1.68,95.7,93.5,60.6,44.4,25.5,6.88,6,0,5,0,76.8,65.1,88.4,7.5,85.3,72.6,0.25,7.82
STU_04411,below_avg,4,0.7,0.5,0.0,0.5,72.6,54.3,55.6,65.9,0.0,7.43,7,5,0,6,29.3,2.0,57.4,17.5,52.0,20.3,0.38,0.56
STU_04412,struggling,4,0.0,0.0,0.0,0.0,35.2,35.0,26.8,9.1,6.5,7.14,7,7,0,7,11.5,2.0,38.1,15.0,35.1,2.0,0.38,0.0
STU_04413,below_avg,3,1.36,0.0,1.26,-1.26,59.0,46.8,35.5,26.5,20.4,5.14,6,6,0,6,17.1,2.0,32.3,10.7,29.1,11.0,0.25,0.0
STU_04414,below_avg,4,0.17,0.91,0.0,0.91,66.4,35.8,12.9,41.7,17.3,6.37,7,6,0,7,22.1,2.0,45.9,14.7,24.4,21.2,0.38,2.67
STU_04415,inconsistent,3,6.25,7.21,4.84,2.37,61.1,90.2,56.2,69.9,25.4,5.33,6,0,3,2,62.6,40.0,81.2,18.0,60.4,63.6,0.25,7.82
STU_04416,above_avg,3,6.68,5.47,7.0,-1.53,82.2,85.5,55.9,91.9,34.9,5.43,6,1,3,2,61.7,34.1,81.0,18.7,78.8,53.1,0.25,5.32
STU_04417,strong,3,6.89,6.05,6.68,-0.63,90.3,71.0,85.8,59.5,50.2,7.13,6,0,1,1,58.4,43.5,71.4,8.9,62.0,56.6,0.25,6.77
STU_04418,below_avg,3,0.97,0.32,0.84,-0.52,48.1,57.3,34.3,34.1,0.0,6.8,6,5,0,5,26.0,11.1,58.6,16.3,45.8,16.1,0.25,0.36
STU_04419,topper,7,9.33,10.0,9.0,1.0,93.7,83.3,72.3,80.4,38.1,5.42,3,0,3,0,87.6,84.4,91.7,3.1,88.1,86.6,0.75,10.0
STU_04420,above_avg,4,5.81,6.36,5.32,1.04,73.6,86.3,55.4,61.4,37.6,5.5,7,0,2,0,61.1,51.1,74.7,8.6,72.7,56.4,0.38,7.56
STU_04421,average,4,0.64,1.0,0.37,0.63,68.5,45.7,43.3,58.3,29.9,7.04,7,5,0,6,34.0,15.4,56.2,12.7,44.9,29.6,0.38,2.67
STU_04422,topper,5,10.0,9.56,9.27,0.29,95.6,100.0,69.2,78.7,80.3,6.98,4,0,4,0,88.6,78.8,100.0,7.9,95.6,81.7,0.5,10.0
STU_04423,average,7,4.22,4.83,3.0,1.83,74.0,61.4,53.0,43.4,54.6,6.34,3,0,0,1,57.1,44.4,67.2,9.5,63.5,44.4,0.75,5.67
STU_04424,average,3,4.27,3.42,5.16,-1.74,77.5,39.9,56.9,72.7,39.4,5.7,6,2,0,4,47.7,38.8,68.8,10.3,44.2,49.4,0.25,2.59
STU_04425,above_avg,7,4.33,6.33,2.75,3.58,83.0,82.0,79.7,43.5,37.3,7.58,3,0,0,0,62.3,50.1,68.9,8.6,68.3,50.1,0.75,7.33
STU_04426,average,3,3.52,3.21,3.37,-0.16,60.9,86.2,61.6,72.8,56.1,5.75,6,2,1,4,49.9,31.6,76.2,14.8,68.8,40.5,0.25,1.77
STU_04427,above_avg,4,5.41,5.41,5.42,-0.01,78.8,69.2,66.1,35.7,6.5,6.65,7,0,1,4,55.3,44.3,77.5,11.9,65.9,51.1,0.38,6.89
STU_04428,above_avg,7,5.08,6.17,5.0,1.17,76.8,49.2,58.8,83.8,24.7,5.07,3,0,0,0,57.4,53.5,65.1,5.5,59.3,53.5,0.75,6.83
STU_04429,strong,5,7.93,8.44,8.09,0.35,93.2,76.6,83.0,58.5,34.9,6.85,4,0,4,0,75.7,72.2,78.9,2.7,75.6,75.9,0.5,9.75
STU_04430,above_avg,4,6.12,6.5,6.37,0.13,79.2,74.3,64.1,71.8,12.2,6.27,7,0,1,0,61.4,50.2,71.4,7.2,70.2,58.0,0.38,7.22
STU_04431,average,4,2.69,3.27,2.42,0.85,68.8,71.9,59.3,55.9,46.7,6.56,7,2,0,4,46.6,33.3,59.4,9.1,54.5,43.4,0.38,2.11
STU_04432,average,5,1.29,1.11,1.95,-0.84,74.5,43.2,69.2,47.7,23.7,7.3,4,2,0,3,40.0,33.7,50.6,6.6,45.5,34.4,0.5,3.25
STU_04433,topper,3,9.42,9.58,10.0,-0.42,95.4,100.0,85.8,68.8,28.9,6.09,6,0,6,0,88.0,76.5,100.0,8.5,97.6,83.2,0.25,10.0
STU_04434,above_avg,5,5.69,4.67,6.45,-1.78,79.8,83.8,64.8,54.3,8.6,6.76,4,0,0,2,55.3,43.8,69.7,11.5,66.5,44.0,0.5,5.88
STU_04435,topper,3,8.83,9.79,7.89,1.9,96.4,100.0,77.5,63.1,48.8,5.87,6,0,6,0,88.2,75.0,95.2,6.3,89.5,87.6,0.25,10.0
STU_04436,struggling,5,0.52,0.0,0.27,-0.27,36.0,5.6,12.3,54.6,0.0,5.08,4,4,0,4,6.7,2.0,15.5,5.4,11.0,2.4,0.5,0.0
STU_04437,average,6,0.66,0.62,0.44,0.18,73.5,21.4,56.8,22.1,66.3,6.44,4,3,0,4,31.7,21.6,45.9,8.9,35.1,21.6,0.62,2.0
STU_04438,topper,3,8.96,9.16,8.95,0.21,95.7,100.0,74.9,47.9,73.2,5.83,6,0,6,0,83.3,73.5,94.2,7.6,88.7,80.6,0.25,9.82
STU_04439,average,4,0.41,0.41,0.84,-0.43,74.6,50.2,51.5,35.7,0.0,7.09,7,5,0,7,29.6,12.8,45.1,11.5,44.0,23.8,0.38,0.56
STU_04440,strong,3,6.48,6.11,7.11,-1.0,89.3,63.8,40.3,49.8,64.3,6.6,6,0,1,2,58.5,45.3,75.4,10.6,66.2,54.5,0.25,7.27
STU_04441,below_avg,4,1.02,1.18,1.05,0.13,65.1,54.6,64.7,60.8,8.2,6.42,7,5,0,6,36.7,20.6,50.6,9.7,44.7,33.5,0.38,0.67
STU_04442,strong,4,4.57,6.5,2.32,4.18,86.4,73.0,62.4,48.1,0.0,6.83,7,0,2,1,64.7,47.4,88.1,12.6,82.2,57.7,0.38,8.56
STU_04443,below_avg,4,1.27,1.64,0.53,1.11,57.8,61.9,44.2,71.4,32.2,4.58,7,4,0,5,29.3,2.0,66.3,23.0,55.8,18.7,0.38,0.44
STU_04444,average,5,3.51,3.22,4.73,-1.51,70.3,78.7,57.9,57.1,25.9,5.48,4,1,1,2,56.5,30.5,81.9,20.2,75.7,37.4,0.5,5.75
STU_04445,strong,3,8.88,9.0,8.74,0.26,89.5,85.0,76.0,52.7,18.2,6.53,6,0,5,0,81.0,67.9,100.0,10.7,84.0,79.5,0.25,9.82
STU_04446,above_avg,6,5.22,3.62,6.22,-2.6,88.6,77.9,59.4,70.6,16.0,6.13,4,1,1,1,60.0,37.1,71.1,13.7,67.7,37.1,0.62,7.17
STU_04447,average,3,3.75,4.32,2.95,1.37,67.7,42.6,44.9,41.2,53.3,6.02,6,1,0,3,50.0,32.4,60.6,9.8,57.3,46.3,0.25,5.14
STU_04448,below_avg,7,4.9,5.0,5.38,-0.38,54.1,47.1,41.4,74.9,29.0,6.39,3,0,0,3,47.3,45.8,48.8,1.2,47.3,47.3,0.75,5.83
STU_04449,above_avg,3,6.83,6.84,6.37,0.47,86.6,61.6,74.5,72.0,45.1,7.12,6,0,0,0,62.3,51.9,68.3,6.8,53.0,67.0,0.25,7.68
STU_04450,struggling,4,0.21,0.0,0.0,0.0,49.4,27.8,37.5,58.8,32.0,6.13,7,7,0,7,15.2,6.0,33.3,9.1,24.5,11.4,0.38,0.0
STU_04451,strong,7,8.34,8.0,9.5,-1.5,88.3,85.7,57.9,54.4,58.6,5.77,3,0,2,0,78.8,69.2,86.6,7.2,83.5,69.2,0.75,10.0
STU_04452,average,7,4.33,1.17,6.5,-5.33,72.5,39.6,48.3,56.0,43.6,6.21,3,2,0,2,43.4,30.4,60.0,12.3,49.9,30.4,0.75,1.0
STU_04453,improving,3,2.81,3.16,1.47,1.69,86.6,56.2,37.2,59.6,25.9,5.89,6,3,0,3,39.8,23.1,57.5,15.1,40.2,39.5,0.25,3.55
STU_04454,strong,4,6.95,7.09,7.32,-0.23,90.8,60.4,70.4,74.5,28.7,5.82,7,0,4,0,66.0,54.5,74.4,8.0,71.7,63.8,0.38,8.67
STU_04455,average,7,2.15,1.83,3.0,-1.17,72.2,59.2,64.6,38.9,29.5,6.85,3,1,0,2,47.4,37.8,55.2,7.2,52.2,37.8,0.75,5.5
STU_04456,topper,3,9.94,10.0,10.0,0.0,91.4,100.0,86.3,100.0,5.5,6.93,6,0,6,0,94.2,82.6,100.0,6.3,100.0,91.2,0.25,10.0
STU_04457,above_avg,4,5.97,7.09,4.68,2.41,74.6,69.6,75.4,56.5,13.4,6.18,7,0,3,0,68.0,51.3,81.8,10.4,81.5,62.6,0.38,8.22
STU_04458,topper,3,9.8,10.0,10.0,0.0,97.2,100.0,93.6,79.6,42.9,4.35,6,0,6,0,94.3,86.4,100.0,4.8,100.0,91.4,0.25,9.82
STU_04459,strong,4,7.95,8.27,7.37,0.9,81.5,99.1,83.1,58.1,35.2,6.05,7,0,5,0,74.6,64.0,91.6,8.8,81.0,72.1,0.38,6.78
STU_04460,failing,5,0.16,0.67,0.0,0.67,26.7,49.6,6.0,28.7,43.6,5.7,4,3,0,3,20.4,5.1,53.5,19.6,35.0,5.8,0.5,0.0
STU_04461,topper,7,10.0,10.0,10.0,0.0,93.8,96.8,77.1,94.1,50.2,5.63,3,0,3,0,95.9,87.8,100.0,5.7,100.0,87.8,0.75,10.0
STU_04462,average,4,3.03,2.82,3.89,-1.07,62.5,40.4,32.8,49.5,30.9,5.54,7,2,0,7,41.9,30.4,49.3,6.8,48.4,39.3,0.38,3.67
STU_04463,struggling,3,0.1,0.0,0.42,-0.42,48.1,25.2,23.0,41.3,27.7,5.63,6,6,0,6,10.4,2.0,36.3,12.5,25.6,2.8,0.25,0.0
STU_04464,topper,5,9.41,10.0,8.73,1.27,90.4,96.3,65.3,68.9,8.7,6.22,4,0,4,0,94.6,87.0,100.0,5.6,100.0,89.2,0.5,10.0
STU_04465,topper,6,9.71,10.0,9.33,0.67,95.8,84.5,85.5,63.3,28.5,6.65,4,0,4,0,89.2,83.9,91.3,3.1,88.7,90.8,0.62,10.0
STU_04466,improving,6,2.27,3.25,0.44,2.81,86.0,61.9,43.8,63.5,17.8,7.03,4,1,0,1,54.3,39.8,62.6,8.7,59.1,39.8,0.62,8.0
STU_04467,below_avg,4,0.58,0.91,0.63,0.28,49.9,9.6,39.0,18.0,15.7,6.7,7,6,0,7,27.9,2.4,45.9,13.5,29.8,27.2,0.38,0.0
STU_04468,failing,7,0.6,0.67,0.62,0.05,13.8,19.3,24.5,30.1,9.7,6.1,3,2,0,3,20.7,3.5,43.3,16.7,23.4,15.2,0.75,0.0
STU_04469,average,5,1.78,1.0,2.14,-1.14,82.3,52.9,50.8,64.7,0.0,6.22,4,2,0,4,38.4,28.9,48.0,7.5,45.5,31.3,0.5,2.88
STU_04470,inconsistent,4,2.16,1.27,3.58,-2.31,69.5,56.1,48.6,43.1,12.0,6.19,7,4,0,6,29.8,10.3,63.9,19.8,55.6,19.5,0.38,0.0
STU_04471,above_avg,5,3.49,5.0,2.36,2.64,74.4,53.2,41.7,56.8,2.6,6.07,4,0,0,2,51.3,43.8,56.5,5.1,53.1,49.6,0.5,5.5
STU_04472,above_avg,4,6.53,4.86,7.47,-2.61,72.6,54.8,63.4,68.6,14.8,5.44,7,1,1,4,51.1,29.4,74.9,12.4,52.4,50.5,0.38,4.11
STU_04473,below_avg,4,1.18,1.09,1.0,0.09,65.3,62.1,55.9,42.2,46.8,7.06,7,5,1,6,32.9,3.6,70.0,18.9,45.7,27.7,0.38,0.56
STU_04474,above_avg,4,7.08,7.18,7.37,-0.19,83.2,80.7,48.8,48.7,32.8,5.28,7,0,3,0,68.6,58.2,78.5,7.5,76.8,65.3,0.38,7.22
STU_04475,above_avg,5,3.18,3.11,3.32,-0.21,78.5,66.3,51.9,42.3,9.9,5.63,4,1,0,3,47.7,39.7,61.8,8.4,53.9,41.5,0.5,9.0
STU_04476,strong,3,8.14,7.58,8.74,-1.16,88.1,75.6,64.2,68.5,58.5,7.49,6,0,4,0,72.3,58.3,91.6,11.5,82.9,67.0,0.25,8.73
STU_04477,struggling,4,0.31,0.91,0.63,0.28,47.8,26.8,20.6,65.0,41.2,5.51,7,5,0,7,17.6,2.0,44.8,17.5,25.2,14.5,0.38,0.0
STU_04478,above_avg,5,5.73,6.44,4.82,1.62,83.7,72.6,51.6,62.4,31.4,6.4,4,0,0,0,59.8,53.5,69.4,6.0,62.8,56.8,0.5,7.12
STU_04479,average,4,0.08,0.23,0.0,0.23,74.7,46.7,37.0,37.9,20.1,5.17,7,6,0,7,24.5,5.7,46.2,13.6,37.2,19.4,0.38,1.11
STU_04480,struggling,3,0.83,1.05,0.0,1.05,34.7,0.0,28.7,49.0,10.5,6.4,6,5,0,6,10.2,2.0,48.5,17.1,3.5,13.6,0.25,0.73
STU_04481,topper,5,9.52,9.56,8.91,0.65,88.0,93.8,70.6,83.2,64.3,5.72,4,0,4,0,84.4,75.9,89.4,5.1,87.8,80.9,0.5,10.0
STU_04482,average,7,4.61,2.17,7.12,-4.95,77.7,73.4,37.9,51.0,6.6,8.17,3,1,1,2,48.7,28.6,71.4,17.6,58.7,28.6,0.75,5.83
STU_04483,above_avg,5,3.31,3.56,3.18,0.38,78.1,53.2,59.2,29.4,40.4,6.11,4,2,1,2,48.8,32.8,73.8,16.0,53.3,44.2,0.5,5.5
STU_04484,average,3,5.35,4.53,6.21,-1.68,75.2,70.1,49.9,59.5,26.2,7.13,6,1,0,2,47.2,24.2,62.0,12.0,52.0,44.9,0.25,3.59
STU_04485,below_avg,5,0.18,0.0,0.73,-0.73,71.7,11.3,52.3,53.9,9.2,5.37,4,4,0,4,10.5,3.5,17.4,6.1,11.4,9.5,0.5,0.0
STU_04486,above_avg,4,3.66,2.91,4.11,-1.2,77.1,84.5,69.7,52.2,36.2,5.15,7,3,2,4,49.0,18.9,73.5,19.4,73.2,39.3,0.38,4.78
STU_04487,average,3,3.14,2.05,4.16,-2.11,66.8,66.0,61.9,55.1,15.6,5.02,6,3,1,5,37.3,2.0,75.4,22.2,60.8,25.5,0.25,0.0
STU_04488,strong,4,6.36,6.95,5.58,1.37,94.5,55.1,61.8,53.9,51.3,6.38,7,0,2,0,62.3,51.7,74.0,7.7,58.3,63.9,0.38,7.67
STU_04489,average,5,4.52,4.89,4.14,0.75,69.5,60.1,36.5,45.3,71.5,7.14,4,0,0,2,48.7,42.3,53.5,4.2,52.4,45.0,0.5,1.88
STU_04490,topper,3,9.48,10.0,8.0,2.0,90.2,100.0,71.7,86.2,22.1,5.62,6,0,6,0,90.0,83.3,100.0,6.3,98.2,86.0,0.25,10.0
STU_04491,above_avg,5,5.01,3.44,7.18,-3.74,75.7,60.3,77.3,45.5,33.7,6.85,4,1,0,1,53.4,38.4,61.9,8.9,59.5,47.4,0.5,3.12
STU_04492,struggling,4,0.36,0.0,1.26,-1.26,50.6,12.4,34.2,30.4,18.1,7.1,7,7,0,7,13.8,2.0,31.5,8.5,13.2,14.1,0.38,0.0
STU_04493,average,3,3.39,1.95,3.47,-1.52,70.4,71.1,50.4,44.9,11.3,6.75,6,3,0,5,40.7,17.2,54.3,12.0,50.5,35.9,0.25,0.95
STU_04494,average,3,0.49,0.21,0.42,-0.21,64.4,38.5,47.5,36.4,34.2,7.18,6,5,0,6,32.9,19.5,44.8,8.1,40.3,29.1,0.25,2.09
STU_04495,below_avg,3,0.0,0.0,0.0,0.0,68.2,11.9,18.2,37.8,13.7,5.99,6,6,0,6,11.9,2.0,27.4,10.4,9.2,13.2,0.25,0.0
STU_04496,average,4,1.22,1.18,3.32,-2.14,82.0,42.5,45.9,19.7,18.4,4.82,7,4,0,6,36.7,23.4,52.9,9.4,47.6,32.4,0.38,0.0
STU_04497,average,4,1.12,0.23,1.68,-1.45,75.3,47.4,47.3,24.1,20.4,6.16,7,6,0,7,24.7,2.0,47.0,15.0,42.8,17.4,0.38,0.44
STU_04498,topper,3,9.53,9.58,10.0,-0.42,95.3,86.7,78.4,80.7,54.7,7.06,6,0,6,0,85.9,74.4,94.9,6.5,92.0,82.9,0.25,10.0
STU_04499,below_avg,3,0.18,0.0,0.0,0.0,64.7,36.7,60.3,21.8,33.5,5.75,6,6,0,6,18.1,2.0,39.6,13.2,24.4,14.9,0.25,0.18
STU_04500,below_avg,5,0.45,0.56,0.0,0.56,62.8,56.8,41.9,44.5,6.2,5.79,4,3,0,4,24.1,2.0,48.1,16.3,35.9,12.4,0.5,0.62
STU_04501,average,6,3.6,6.0,1.67,4.33,82.3,58.4,40.3,39.9,28.0,5.81,4,0,1,2,56.3,42.3,71.1,13.4,52.4,68.2,0.62,3.0
STU_04502,average,3,0.71,1.79,0.21,1.58,73.8,36.8,32.6,56.1,33.7,6.79,6,3,0,6,36.2,13.4,47.6,11.6,44.1,32.3,0.25,2.36
STU_04503,above_avg,3,6.94,7.0,7.11,-0.11,77.0,99.6,63.3,48.0,57.0,6.73,6,0,2,0,64.7,54.5,78.2,9.7,70.2,62.0,0.25,5.86
STU_04504,above_avg,3,5.11,4.79,5.16,-0.37,85.8,51.5,51.3,87.3,30.3,6.32,6,1,0,2,53.3,33.5,67.8,11.4,60.7,49.7,0.25,4.68
STU_04505,average,3,3.69,1.79,5.21,-3.42,74.6,75.7,39.4,56.5,38.1,8.12,6,3,0,4,42.7,29.8,58.0,11.8,57.9,35.1,0.25,4.68
STU_04506,strong,4,5.55,7.09,5.32,1.77,90.0,100.0,75.1,58.4,67.1,6.36,7,0,2,0,68.2,58.2,95.4,12.1,76.8,64.8,0.38,8.11
STU_04507,strong,7,8.46,9.33,8.62,0.71,96.2,91.8,74.3,90.3,39.5,6.93,3,0,3,0,83.9,76.9,89.3,5.2,87.4,76.9,0.75,7.83
STU_04508,struggling,7,1.69,0.0,4.0,-4.0,49.5,36.3,23.9,27.4,5.2,6.44,3,3,0,3,28.0,5.0,39.6,16.2,39.5,5.0,0.75,0.0
STU_04509,average,3,2.21,3.89,1.58,2.31,64.2,55.8,51.7,56.7,64.7,5.9,6,2,0,4,45.3,28.6,69.7,13.2,49.2,43.4,0.25,2.32
STU_04510,average,6,2.15,4.62,1.22,3.4,80.7,65.0,40.9,48.7,11.8,7.09,4,0,0,3,47.5,40.1,57.4,6.3,50.0,40.1,0.62,6.33
STU_04511,struggling,4,0.0,0.0,0.0,0.0,36.0,36.4,35.8,35.2,38.6,6.28,7,7,0,7,23.0,2.0,36.9,12.0,23.5,22.8,0.38,0.56
STU_04512,topper,4,8.33,9.27,7.37,1.9,90.7,78.3,78.4,96.9,48.1,6.57,7,0,7,0,81.6,73.7,90.3,5.7,85.2,80.1,0.38,10.0
STU_04513,above_avg,7,3.54,2.33,5.5,-3.17,79.2,76.1,69.5,27.6,17.7,6.72,3,1,0,1,56.7,37.3,66.4,13.7,66.3,37.3,0.75,7.0
STU_04514,above_avg,4,5.2,5.14,5.42,-0.28,86.9,61.4,37.0,51.3,49.9,7.46,7,1,0,2,55.9,34.3,68.9,11.3,57.6,55.3,0.38,6.56
STU_04515,strong,4,8.01,8.27,7.11,1.16,93.7,88.3,66.0,73.3,0.0,4.54,7,0,6,0,74.1,59.6,78.6,6.4,77.5,72.8,0.38,7.89
STU_04516,strong,3,9.16,8.95,9.89,-0.94,74.3,87.2,61.3,66.0,14.8,6.4,6,0,5,0,80.9,67.0,89.4,8.5,89.4,76.7,0.25,7.73
STU_04517,below_avg,4,1.48,1.18,1.05,0.13,56.0,47.2,37.2,43.6,56.2,5.49,7,4,0,7,33.1,17.0,47.2,11.4,46.1,27.9,0.38,0.44
STU_04518,strong,5,7.32,7.56,7.77,-0.21,89.5,80.2,61.2,83.2,49.5,7.2,4,0,2,0,71.3,61.5,82.0,8.9,80.2,62.5,0.5,8.38
STU_04519,above_avg,4,6.71,5.09,7.79,-2.7,74.6,62.1,72.7,59.8,30.8,7.21,7,1,2,2,58.2,38.0,74.6,12.5,73.3,52.1,0.38,6.89
STU_04520,above_avg,4,6.05,5.18,7.26,-2.08,84.6,59.3,61.5,65.3,29.5,7.55,7,0,1,4,52.2,41.1,79.1,12.2,62.3,48.2,0.38,4.11
STU_04521,below_avg,3,2.6,2.95,1.89,1.06,66.4,47.2,45.1,51.7,0.0,6.95,6,3,0,4,42.7,26.0,58.6,12.9,48.5,39.8,0.25,1.14
STU_04522,struggling,7,1.08,0.83,0.62,0.21,49.4,43.8,18.8,26.9,28.5,6.47,3,2,0,3,24.4,6.0,46.8,16.9,26.4,20.3,0.75,0.0
STU_04523,topper,7,10.0,10.0,10.0,0.0,97.8,100.0,92.0,53.8,56.4,7.2,3,0,3,0,93.4,82.6,99.7,7.7,98.8,82.6,0.75,10.0
STU_04524,average,3,1.99,2.84,1.16,1.68,74.0,45.1,58.0,59.0,0.0,4.34,6,2,0,5,42.0,27.8,61.5,11.7,52.3,36.9,0.25,3.05
STU_04525,above_avg,3,6.06,6.16,5.79,0.37,77.0,57.1,71.2,81.9,38.1,6.01,6,0,0,1,58.3,49.3,66.8,6.4,65.5,54.7,0.25,5.95
STU_04526,below_avg,4,1.44,1.09,0.95,0.14,53.3,51.8,45.8,33.9,30.7,6.05,7,6,0,6,29.2,10.1,57.7,14.1,29.8,29.0,0.38,2.89
STU_04527,above_avg,5,4.31,4.11,5.55,-1.44,71.5,71.7,66.9,65.6,28.1,6.52,4,1,1,1,59.9,25.3,79.5,20.6,74.5,45.3,0.5,6.5
STU_04528,below_avg,3,0.98,0.63,0.95,-0.32,72.9,39.0,29.6,42.8,34.0,6.26,6,5,0,5,24.4,4.4,50.3,15.6,44.8,14.2,0.25,0.41
STU_04529,strong,3,9.2,9.16,9.58,-0.42,86.4,86.0,74.5,53.5,20.6,5.88,6,0,5,0,83.8,69.9,91.6,7.4,89.5,80.9,0.25,9.09
STU_04530,strong,4,7.91,7.64,7.68,-0.04,86.8,87.8,60.3,68.0,35.0,5.32,7,0,4,0,71.9,58.1,90.0,10.6,85.2,66.5,0.38,7.89
STU_04531,struggling,4,0.0,0.0,0.0,0.0,37.0,41.1,38.1,47.7,0.5,6.86,7,7,0,7,24.8,10.5,38.4,11.8,37.0,19.9,0.38,0.0
STU_04532,average,5,1.28,3.0,0.27,2.73,78.2,54.6,54.0,42.8,66.8,6.26,4,1,0,3,43.9,30.2,53.6,8.8,51.5,36.4,0.5,2.75
STU_04533,failing,6,0.2,0.5,0.0,0.5,24.2,26.1,15.8,33.9,29.2,6.51,4,3,0,4,11.8,2.0,41.3,17.0,15.1,2.0,0.62,0.0
STU_04534,below_avg,6,0.81,0.0,2.0,-2.0,63.6,24.9,53.7,44.3,26.8,6.8,4,4,0,4,19.9,9.8,29.8,9.2,23.3,9.8,0.62,1.0
STU_04535,strong,3,6.13,7.68,4.74,2.94,92.5,100.0,50.1,73.0,49.0,6.15,6,0,4,0,69.9,58.2,79.3,8.2,75.8,66.9,0.25,9.09
STU_04536,above_avg,5,4.89,6.11,4.18,1.93,71.1,66.3,73.0,37.0,52.7,7.08,4,0,0,0,58.6,55.2,65.2,4.0,61.7,55.5,0.5,6.88
STU_04537,improving,6,2.02,2.75,0.0,2.75,82.8,43.8,35.2,60.3,6.9,6.99,4,2,0,3,43.8,38.4,57.7,8.1,45.0,40.1,0.62,6.5
STU_04538,above_avg,4,6.26,5.32,6.11,-0.79,73.6,75.5,68.7,71.4,38.0,6.61,7,1,1,1,57.6,29.9,83.9,15.1,73.1,51.4,0.38,2.89
STU_04539,strong,7,6.89,7.67,5.88,1.79,79.6,66.3,65.2,40.1,22.4,4.98,3,0,1,0,69.3,68.3,70.1,0.7,68.8,70.1,0.75,9.17
STU_04540,above_avg,6,3.8,3.0,4.78,-1.78,82.3,56.2,31.6,46.2,38.0,6.69,4,1,0,1,48.4,37.7,53.3,6.2,52.0,37.7,0.62,6.0
STU_04541,average,3,1.24,1.68,1.21,0.47,75.0,50.4,69.3,32.3,49.7,6.84,6,4,0,5,34.6,18.6,57.5,14.5,42.2,30.8,0.25,2.55
STU_04542,below_avg,3,1.2,0.0,1.58,-1.58,64.6,45.4,49.4,60.3,9.2,7.15,6,6,0,6,20.7,2.0,39.1,11.5,25.1,18.5,0.25,0.23
STU_04543,topper,3,9.75,10.0,10.0,0.0,95.0,79.1,72.8,81.3,47.7,7.0,6,0,6,0,96.1,90.2,100.0,4.1,100.0,94.1,0.25,10.0
STU_04544,average,3,1.43,1.47,1.89,-0.42,73.2,44.1,32.8,39.3,0.0,7.64,6,3,0,6,38.9,32.5,44.7,5.1,43.5,36.6,0.25,0.27
STU_04545,above_avg,3,5.75,5.47,6.26,-0.79,90.0,75.0,50.8,65.8,58.3,7.67,6,0,0,3,53.3,43.8,65.6,8.2,59.3,50.3,0.25,4.45
STU_04546,below_avg,4,0.92,1.14,0.63,0.51,60.7,33.1,30.5,33.9,37.5,5.58,7,5,0,7,28.4,2.0,49.0,16.3,40.1,23.8,0.38,1.44
STU_04547,average,4,1.81,3.5,0.0,3.5,80.7,77.0,38.8,32.9,56.9,7.37,7,1,0,5,43.7,15.2,66.3,15.0,62.4,36.2,0.38,2.44
STU_04548,below_avg,4,0.06,0.0,0.0,0.0,68.9,7.6,63.2,25.8,0.0,4.8,7,7,0,7,18.5,2.0,34.4,10.5,18.8,18.4,0.38,0.89
STU_04549,below_avg,5,0.13,0.0,0.0,0.0,61.2,27.7,25.6,54.6,47.5,6.61,4,4,0,4,28.0,17.1,37.6,9.1,37.0,19.0,0.5,2.75
STU_04550,below_avg,5,1.81,0.89,2.36,-1.47,55.3,39.8,31.6,38.7,21.1,4.93,4,2,0,4,29.8,9.3,44.6,14.0,42.6,17.0,0.5,1.5
STU_04551,below_avg,7,0.0,0.0,0.0,0.0,48.2,67.0,32.8,22.4,29.9,5.5,3,3,0,3,27.0,20.0,33.0,5.4,30.5,20.0,0.75,2.0
STU_04552,above_avg,4,3.07,3.5,3.11,0.39,76.6,57.4,49.0,45.5,30.1,5.68,7,2,0,4,49.6,37.8,65.8,10.8,58.8,46.0,0.38,6.78
STU_04553,strong,4,6.22,5.59,6.95,-1.36,89.0,75.7,67.1,56.7,37.0,5.45,7,1,1,2,55.5,33.9,77.2,12.1,54.7,55.8,0.38,7.56
STU_04554,average,6,4.65,5.0,5.22,-0.22,72.5,44.1,64.4,84.7,23.2,5.44,4,0,0,1,50.1,42.2,57.4,5.4,52.8,42.2,0.62,1.5
STU_04555,topper,4,9.56,10.0,10.0,0.0,93.8,100.0,68.9,78.6,22.1,7.07,7,0,7,0,89.3,81.3,100.0,6.9,98.5,85.6,0.38,10.0
STU_04556,strong,6,8.09,7.38,8.22,-0.84,85.2,97.0,75.0,42.1,11.6,6.57,4,0,3,0,69.9,53.9,77.4,9.4,75.2,53.9,0.62,6.67
STU_04557,average,5,0.73,0.67,1.32,-0.65,60.6,53.1,56.8,50.1,37.2,5.59,4,3,0,3,32.4,14.1,57.4,15.7,43.9,20.9,0.5,5.62
STU_04558,average,4,2.05,1.41,2.84,-1.43,70.4,59.2,24.9,34.1,43.5,5.6,7,4,0,6,37.4,20.9,50.9,10.6,49.9,32.3,0.38,0.56
STU_04559,below_avg,4,1.29,0.23,2.95,-2.72,45.7,46.9,32.0,34.6,51.8,5.78,7,6,0,7,24.5,2.0,47.7,15.1,43.2,17.1,0.38,2.22
STU_04560,below_avg,3,0.21,0.0,0.0,0.0,53.3,24.1,32.1,41.9,45.1,6.86,6,6,0,6,7.9,2.0,18.7,6.5,16.1,3.8,0.25,0.0
STU_04561,average,4,0.33,0.73,0.32,0.41,77.3,46.2,66.7,53.9,0.0,7.12,7,6,0,7,28.7,18.0,41.0,7.6,32.8,27.0,0.38,0.67
STU_04562,strong,3,7.47,8.63,6.58,2.05,86.4,100.0,84.5,90.2,54.5,6.32,6,0,4,0,75.3,64.9,85.7,7.4,79.5,73.3,0.25,8.64
STU_04563,struggling,4,0.5,0.18,0.74,-0.56,35.3,38.9,31.8,25.5,34.3,6.21,7,6,0,7,16.5,5.6,43.9,11.7,29.0,11.4,0.38,0.0
STU_04564,above_avg,7,4.44,6.33,3.25,3.08,71.9,86.9,63.2,64.0,63.8,7.38,3,0,0,0,63.7,59.1,68.5,3.8,66.0,59.1,0.75,7.33
STU_04565,struggling,5,0.71,0.44,0.0,0.44,61.3,15.5,55.5,28.2,35.7,6.66,4,3,0,4,14.3,2.0,41.2,15.7,24.0,4.7,0.5,0.0
STU_04566,average,4,5.04,5.0,4.11,0.89,61.6,56.2,31.3,41.6,22.9,6.09,7,1,1,2,55.3,39.6,73.3,10.3,65.4,51.3,0.38,2.78
STU_04567,above_avg,3,3.4,4.42,2.11,2.31,77.6,71.8,72.5,50.0,32.5,6.09,6,1,0,3,50.6,35.8,67.4,9.7,59.9,45.9,0.25,4.36
STU_04568,above_avg,6,5.04,6.75,3.78,2.97,87.0,87.6,90.9,53.9,39.6,6.62,4,0,2,0,66.0,54.9,77.1,10.4,69.6,54.9,0.62,8.67
STU_04569,average,4,2.63,2.68,2.21,0.47,74.7,64.3,30.4,39.1,29.9,7.09,7,3,0,4,45.8,34.4,55.5,7.9,52.0,43.4,0.38,6.22
STU_04570,above_avg,4,7.55,6.36,7.05,-0.69,87.7,60.4,58.4,57.8,18.2,4.67,7,0,0,1,55.9,46.1,62.0,5.4,54.3,56.5,0.38,4.22
STU_04571,average,3,5.73,6.63,4.79,1.84,68.7,76.1,50.7,68.6,64.4,5.06,6,0,3,1,64.6,44.5,79.8,12.1,76.7,58.5,0.25,5.95
STU_04572,above_avg,5,5.8,5.56,5.82,-0.26,87.9,91.6,55.0,75.1,4.9,5.77,4,0,1,2,57.6,46.1,74.0,11.3,68.1,47.0,0.5,1.62
STU_04573,struggling,4,0.0,0.0,0.0,0.0,37.7,37.3,28.9,16.6,7.5,6.18,7,7,0,7,11.7,2.0,24.7,8.8,24.5,6.5,0.38,0.0
STU_04574,strong,4,7.32,7.77,7.11,0.66,82.4,70.5,80.5,74.6,42.7,4.43,7,0,4,0,71.9,54.1,90.7,10.9,83.0,67.4,0.38,8.56
STU_04575,struggling,3,0.1,0.21,0.0,0.21,39.8,19.3,31.9,37.1,28.8,6.51,6,5,0,6,14.1,2.0,43.5,15.4,34.1,4.1,0.25,0.0
STU_04576,average,3,3.45,1.0,6.0,-5.0,60.2,62.1,39.8,46.1,15.4,6.65,6,4,0,4,42.6,28.6,60.1,12.2,59.1,34.4,0.25,1.18
STU_04577,strong,7,6.36,6.67,7.0,-0.33,83.3,78.7,50.0,63.3,54.1,6.42,3,0,2,0,66.9,55.7,73.2,7.9,72.5,55.7,0.75,7.67
STU_04578,average,3,1.98,2.16,1.79,0.37,66.0,42.8,34.6,59.4,27.4,6.14,6,3,0,4,41.3,31.4,53.3,9.9,50.3,36.8,0.25,0.91
STU_04579,above_avg,6,5.48,5.38,5.89,-0.51,68.1,74.4,53.1,35.3,30.8,6.99,4,0,0,1,55.9,40.1,66.3,11.1,61.1,40.1,0.62,2.33
STU_04580,above_avg,3,3.51,2.89,4.37,-1.48,75.5,66.5,41.0,48.9,27.1,5.97,6,2,0,5,44.9,31.4,60.7,9.0,54.7,40.0,0.25,5.18
STU_04581,strong,5,7.59,6.78,7.55,-0.77,92.5,69.4,37.3,77.3,44.1,6.38,4,0,1,0,64.5,56.3,75.0,6.9,68.0,61.0,0.5,8.38
STU_04582,average,7,3.98,5.17,2.75,2.42,74.1,75.7,30.2,38.2,29.6,6.55,3,0,1,1,59.1,43.9,72.6,11.8,66.8,43.9,0.75,6.5
STU_04583,above_avg,4,6.26,6.5,6.32,0.18,75.9,79.1,47.8,72.3,34.1,5.78,7,0,1,0,62.3,54.9,71.2,5.4,66.6,60.6,0.38,6.0
STU_04584,strong,5,5.0,5.33,6.05,-0.72,89.3,52.4,76.4,72.5,2.5,6.15,4,0,1,1,56.4,44.7,70.4,9.4,64.3,48.5,0.5,7.25
STU_04585,above_avg,4,6.16,6.55,6.58,-0.03,74.5,85.8,58.7,81.1,30.9,6.99,7,0,1,0,61.7,53.3,77.4,7.5,71.6,57.8,0.38,5.67
STU_04586,above_avg,4,2.98,4.59,2.26,2.33,82.2,60.7,45.8,74.2,33.5,6.01,7,1,0,3,51.8,24.5,67.5,12.7,62.7,47.5,0.38,6.89
STU_04587,average,3,4.97,4.58,5.05,-0.47,69.7,46.0,25.7,59.7,52.4,6.67,6,1,0,3,47.8,33.3,56.8,7.2,47.7,47.9,0.25,2.64
STU_04588,strong,3,4.41,5.84,2.79,3.05,78.5,73.8,67.7,80.6,31.1,5.09,6,0,1,2,57.1,40.1,70.1,11.3,69.0,51.1,0.25,7.0
STU_04589,average,3,3.91,3.74,3.84,-0.1,70.5,51.2,21.3,60.6,30.2,8.06,6,1,0,4,46.5,36.4,60.8,8.9,52.0,43.8,0.25,2.18
STU_04590,average,5,2.88,1.11,3.86,-2.75,67.0,61.6,41.9,38.6,53.2,6.65,4,2,0,3,43.5,36.4,59.5,9.5,50.5,36.5,0.5,3.12
STU_04591,average,3,4.22,3.47,4.89,-1.42,63.4,59.8,60.3,64.1,16.0,6.34,6,2,0,2,45.6,27.6,53.8,9.3,50.5,43.2,0.25,1.18
STU_04592,average,3,2.13,1.47,3.58,-2.11,74.8,38.6,41.5,56.5,3.2,5.77,6,4,0,5,34.1,23.3,50.9,9.3,40.1,31.1,0.25,2.18
STU_04593,average,4,2.26,1.41,2.42,-1.01,68.4,40.0,24.8,44.6,12.3,5.98,7,5,0,5,28.8,3.0,65.9,21.1,34.5,26.5,0.38,0.78
STU_04594,average,5,4.06,3.56,5.27,-1.71,72.1,55.2,35.6,55.3,46.6,5.12,4,1,0,2,47.9,23.1,64.1,15.2,52.2,43.6,0.5,2.62
STU_04595,below_avg,3,0.88,0.95,1.68,-0.73,51.7,54.0,44.7,34.2,19.0,5.48,6,4,0,4,28.2,2.0,51.8,18.1,50.9,16.9,0.25,0.41
STU_04596,above_avg,3,5.95,5.05,7.42,-2.37,84.2,77.0,65.8,68.0,35.4,5.83,6,1,1,1,55.3,31.7,77.3,13.2,65.7,50.1,0.25,6.32
STU_04597,failing,4,0.0,0.0,0.0,0.0,23.9,13.9,22.9,28.5,38.0,6.77,7,7,0,7,4.6,2.0,20.0,6.3,11.0,2.0,0.38,0.0
STU_04598,below_avg,5,0.08,0.44,0.0,0.44,71.6,42.0,33.6,10.9,57.4,6.67,4,3,0,4,21.3,2.0,41.3,14.2,33.1,9.6,0.5,0.0
STU_04599,struggling,3,0.54,0.0,0.0,0.0,44.4,29.1,26.6,52.8,1.8,8.5,6,6,0,6,17.9,6.9,26.8,8.7,19.4,17.2,0.25,0.0
STU_04600,struggling,4,0.15,0.0,0.0,0.0,40.4,34.9,21.7,31.1,66.1,7.37,7,7,0,7,15.4,2.0,32.8,10.6,21.2,13.1,0.38,0.0
STU_04601,average,3,2.18,2.11,2.47,-0.36,74.9,56.9,62.2,49.1,0.0,6.4,6,3,0,4,38.3,14.9,55.0,13.2,46.0,34.5,0.25,2.95
STU_04602,above_avg,4,3.76,3.73,5.11,-1.38,78.4,53.4,49.5,21.2,4.0,6.12,7,2,0,5,46.9,28.9,66.0,11.3,46.7,46.9,0.38,6.44
STU_04603,topper,4,8.95,8.36,9.26,-0.9,94.2,99.2,75.5,43.9,72.5,5.81,7,0,6,0,79.9,65.1,100.0,10.5,94.5,74.1,0.38,10.0
STU_04604,above_avg,5,4.4,3.67,4.09,-0.42,89.0,78.0,46.6,76.5,52.7,6.3,4,1,1,1,56.3,35.2,73.0,14.5,69.5,43.1,0.5,5.62
STU_04605,strong,4,5.45,5.27,5.63,-0.36,93.8,85.1,48.5,64.7,11.7,5.2,7,1,3,2,58.5,39.5,73.9,12.7,73.5,52.6,0.38,7.44
STU_04606,above_avg,6,4.29,5.25,3.33,1.92,76.9,69.9,69.5,49.5,41.3,6.61,4,0,0,1,56.7,41.2,67.0,9.5,61.9,41.2,0.62,9.17
STU_04607,average,6,0.72,0.0,0.0,0.0,68.2,39.4,44.0,40.9,24.5,6.59,4,4,0,4,30.2,26.4,35.8,3.6,31.0,27.8,0.62,2.0
STU_04608,average,6,1.49,2.25,1.11,1.14,75.4,62.3,54.4,15.8,25.9,5.52,4,2,0,2,41.8,27.3,59.6,14.2,46.6,27.3,0.62,1.67
STU_04609,average,7,4.33,6.33,2.5,3.83,75.0,63.8,27.7,54.2,16.1,5.81,3,0,1,0,59.2,51.2,74.1,10.5,62.6,52.4,0.75,6.5
STU_04610,topper,3,9.06,8.32,10.0,-1.68,94.1,82.7,75.1,82.3,21.9,6.24,6,0,5,0,78.7,69.2,92.2,8.5,90.1,73.0,0.25,10.0
STU_04611,average,3,0.7,0.0,1.37,-1.37,61.6,38.1,64.7,70.1,35.5,6.09,6,6,0,6,32.4,22.0,39.4,5.7,37.3,29.9,0.25,2.41
STU_04612,struggling,4,0.0,0.0,0.0,0.0,59.1,0.0,7.0,9.7,30.0,5.54,7,7,0,7,9.8,2.0,30.3,9.5,5.1,11.7,0.38,0.0
STU_04613,above_avg,5,6.38,6.0,6.82,-0.82,78.5,69.2,58.6,78.3,70.2,6.72,4,0,2,1,60.0,47.7,70.7,10.6,70.5,49.4,0.5,6.12
STU_04614,above_avg,4,4.63,3.32,6.11,-2.79,85.2,71.5,41.5,52.2,51.1,6.48,7,2,0,5,47.2,30.2,67.8,10.7,59.2,42.4,0.38,1.11
STU_04615,below_avg,3,1.13,1.79,0.0,1.79,62.4,56.5,46.4,49.6,28.0,6.24,6,3,0,4,36.5,21.8,52.8,13.0,52.5,28.4,0.25,0.91
STU_04616,below_avg,3,0.68,0.53,0.53,0.0,52.0,45.7,29.0,6.0,46.9,6.33,6,5,0,6,25.4,2.0,48.2,14.5,40.9,17.6,0.25,2.18
STU_04617,below_avg,3,1.36,0.68,1.68,-1.0,56.3,58.3,33.8,46.0,0.0,6.11,6,4,0,6,29.2,2.0,46.9,14.7,43.7,22.0,0.25,0.18
STU_04618,struggling,3,0.0,0.42,0.0,0.42,41.4,32.9,22.6,29.6,13.8,6.88,6,5,0,6,19.7,7.7,41.4,12.6,36.8,11.1,0.25,0.0
STU_04619,strong,4,7.51,7.73,8.21,-0.48,91.8,68.0,78.5,82.4,49.8,6.98,7,0,4,0,72.1,63.4,81.2,5.9,76.6,70.3,0.38,7.67
STU_04620,average,5,0.26,0.67,1.27,-0.6,80.5,59.3,32.2,58.3,28.9,4.59,4,3,0,3,37.4,17.8,58.3,14.3,47.5,27.4,0.5,3.0
STU_04621,below_avg,4,0.41,0.0,0.26,-0.26,51.5,5.3,48.2,58.1,30.2,6.48,7,7,0,7,24.3,15.6,37.1,7.0,15.9,27.7,0.38,0.0
STU_04622,strong,4,6.55,6.27,7.16,-0.89,96.2,66.5,68.6,46.3,39.0,6.36,7,0,1,2,60.1,41.4,79.0,12.2,64.4,58.3,0.38,5.78
STU_04623,strong,5,6.12,5.89,5.82,0.07,85.3,87.6,47.1,24.9,62.1,6.26,4,0,1,1,61.0,46.4,73.3,10.2,70.2,52.0,0.5,7.5
STU_04624,average,3,0.48,0.42,0.84,-0.42,62.5,40.9,43.9,59.8,0.0,5.52,6,5,0,6,33.0,24.6,42.4,6.0,35.8,31.7,0.25,2.09
STU_04625,average,3,0.96,1.37,1.0,0.37,66.1,37.7,38.9,41.9,45.7,5.91,6,4,0,6,36.4,23.8,45.3,6.7,41.5,33.9,0.25,2.45
STU_04626,topper,3,9.31,8.95,8.95,0.0,98.4,86.5,75.2,87.5,34.7,7.05,6,0,6,0,79.3,70.1,93.2,7.1,87.2,75.3,0.25,8.55
STU_04627,below_avg,6,0.97,1.5,0.0,1.5,60.4,40.8,40.5,42.8,55.9,6.26,4,3,0,3,32.7,12.1,52.8,14.9,39.6,12.1,0.62,0.0
STU_04628,failing,4,0.44,0.0,0.0,0.0,25.5,5.8,19.8,17.8,0.0,5.11,7,7,0,7,2.0,2.0,2.0,0.0,2.0,2.0,0.38,0.0
STU_04629,below_avg,3,0.0,0.0,0.0,0.0,53.9,20.7,30.7,23.9,24.3,6.93,6,6,0,6,13.1,2.0,23.5,8.4,21.2,9.1,0.25,0.0
STU_04630,above_avg,3,5.16,6.11,4.32,1.79,70.9,90.0,38.9,65.2,48.5,6.52,6,0,1,1,59.1,47.5,73.8,9.2,65.2,56.1,0.25,6.36
STU_04631,average,5,1.24,1.78,1.09,0.69,74.3,90.3,47.0,35.9,28.2,5.68,4,2,1,2,44.5,15.1,83.5,27.4,70.0,19.0,0.5,0.62
STU_04632,above_avg,3,3.33,4.58,2.84,1.74,74.5,64.4,66.9,57.1,35.0,5.5,6,1,0,2,50.1,36.1,61.4,7.8,58.1,46.0,0.25,6.18
STU_04633,below_avg,4,0.1,0.41,0.21,0.2,66.4,47.4,20.1,8.2,47.5,6.67,7,5,0,7,26.4,2.0,49.4,14.7,46.3,18.4,0.38,0.67
STU_04634,below_avg,5,0.49,0.0,0.0,0.0,62.3,23.3,32.9,42.2,60.5,7.2,4,4,0,4,17.6,8.9,26.5,6.3,17.4,17.7,0.5,3.5
STU_04635,topper,3,8.14,8.32,7.89,0.43,89.3,96.0,96.8,76.0,33.8,6.42,6,0,4,0,76.3,54.7,91.2,13.8,88.4,70.2,0.25,10.0
STU_04636,below_avg,4,0.27,0.18,0.26,-0.08,65.8,12.6,17.5,49.9,57.7,6.78,7,6,0,7,29.5,21.8,42.3,5.8,34.9,27.3,0.38,0.67
STU_04637,struggling,4,0.21,0.23,0.0,0.23,30.0,43.4,61.8,16.0,5.2,6.49,7,6,0,7,20.8,10.5,45.0,10.9,32.9,16.0,0.38,0.56
STU_04638,above_avg,5,5.74,5.22,6.05,-0.83,87.7,77.5,72.4,63.7,12.5,6.22,4,0,0,1,56.2,43.1,66.5,8.5,63.0,49.4,0.5,7.0
STU_04639,average,5,0.0,0.0,0.0,0.0,62.5,48.3,35.3,38.1,34.4,6.06,4,4,0,4,23.7,10.1,37.4,9.7,23.6,23.8,0.5,2.62
STU_04640,above_avg,4,6.19,5.82,6.37,-0.55,74.3,65.7,42.4,35.7,29.9,7.3,7,0,0,1,52.3,40.5,60.0,5.8,55.2,51.1,0.38,4.67
STU_04641,improving,6,0.35,0.0,0.56,-0.56,76.0,43.9,46.4,46.3,21.5,5.37,4,4,0,4,36.1,31.1,39.8,3.1,37.7,31.1,0.62,1.83
STU_04642,topper,5,9.29,9.56,8.55,1.01,98.1,95.4,76.9,84.5,12.0,6.94,4,0,4,0,84.3,79.2,87.4,3.1,86.5,82.1,0.5,10.0
STU_04643,failing,4,0.63,0.0,0.0,0.0,34.4,21.2,8.0,28.7,40.0,5.49,7,7,0,7,4.1,2.0,12.7,3.8,7.3,2.8,0.38,0.0
STU_04644,below_avg,5,0.44,0.56,0.0,0.56,54.5,37.5,26.1,33.2,45.0,6.1,4,3,0,4,28.8,12.5,45.4,12.6,28.9,28.6,0.5,0.0
STU_04645,struggling,5,0.33,0.0,0.0,0.0,24.1,5.2,27.8,29.4,26.2,4.51,4,4,0,4,6.9,2.0,21.7,8.5,11.8,2.0,0.5,0.0
STU_04646,below_avg,5,2.17,2.11,2.27,-0.16,49.9,43.4,60.1,31.9,40.7,7.27,4,2,0,3,37.1,2.0,64.8,22.6,51.0,23.1,0.5,0.5
STU_04647,strong,3,8.12,7.95,7.95,0.0,77.4,98.4,61.9,62.4,30.1,7.82,6,0,3,0,70.6,58.3,84.6,10.7,74.5,68.8,0.25,6.95
STU_04648,topper,6,9.89,9.88,10.0,-0.12,91.0,66.2,96.9,72.5,30.5,6.18,4,0,4,0,83.3,79.3,88.8,3.6,81.5,88.8,0.62,9.33
STU_04649,strong,4,5.81,7.18,4.26,2.92,86.0,77.3,74.8,70.9,44.2,5.55,7,0,2,0,65.4,57.3,71.1,4.9,68.0,64.4,0.38,6.33
STU_04650,below_avg,5,1.36,0.89,1.05,-0.16,58.6,36.4,41.6,42.1,27.5,5.45,4,2,0,4,30.3,12.4,43.1,13.0,42.7,17.9,0.5,4.5
STU_04651,average,7,5.47,5.83,5.5,0.33,69.1,76.3,59.6,35.3,21.9,6.35,3,0,1,1,60.6,48.6,70.7,9.1,66.5,48.6,0.75,1.83
STU_04652,below_avg,3,0.21,0.42,0.0,0.42,61.3,56.7,48.6,30.0,15.2,8.31,6,5,0,6,22.1,7.3,42.7,13.3,32.2,17.0,0.25,0.18
STU_04653,struggling,3,0.27,0.42,0.26,0.16,57.1,49.8,43.5,13.7,48.0,7.49,6,5,0,6,18.8,2.0,44.0,16.5,40.2,8.0,0.25,1.45
STU_04654,below_avg,5,0.0,0.0,0.0,0.0,58.0,25.6,41.8,48.4,47.7,6.18,4,4,0,4,23.8,20.6,28.3,3.3,24.5,23.2,0.5,1.5
STU_04655,above_avg,5,6.95,5.44,7.32,-1.88,77.4,65.6,39.6,28.6,73.8,7.08,4,0,0,1,53.6,41.5,60.6,7.2,56.1,51.0,0.5,6.75
STU_04656,average,7,0.81,0.67,1.62,-0.95,79.1,30.4,59.5,49.4,0.6,7.5,3,2,0,3,34.5,30.7,41.7,5.1,36.2,31.0,0.75,7.0
STU_04657,average,4,5.08,4.18,6.53,-2.35,74.3,50.9,48.8,68.6,44.5,6.88,7,2,2,3,53.3,39.2,73.7,13.4,55.9,52.3,0.38,1.0
STU_04658,struggling,3,0.09,0.63,0.0,0.63,51.5,65.2,29.7,53.2,45.2,5.7,6,5,0,5,18.6,2.0,51.1,19.0,43.8,6.0,0.25,0.0
STU_04659,strong,5,7.44,6.33,7.45,-1.12,86.1,63.6,73.7,51.3,26.2,7.01,4,0,1,0,61.8,54.2,71.6,7.7,69.4,54.3,0.5,6.12
STU_04660,average,7,3.44,4.67,2.5,2.17,63.1,51.4,58.0,47.9,20.8,7.56,3,0,0,1,49.1,42.9,53.3,4.5,52.2,42.9,0.75,5.0
STU_04661,struggling,4,0.17,0.0,0.0,0.0,45.8,19.5,3.9,34.1,2.0,4.85,7,7,0,7,16.6,2.0,36.5,10.7,12.8,18.1,0.38,0.0
STU_04662,average,3,3.5,2.63,3.53,-0.9,77.1,54.9,65.5,76.5,30.1,5.09,6,2,0,4,38.5,20.1,56.1,13.7,53.7,31.0,0.25,1.95
STU_04663,topper,4,8.49,9.82,7.74,2.08,88.4,82.0,73.5,80.2,48.5,6.51,7,0,7,0,84.3,76.0,88.6,4.1,85.6,83.8,0.38,10.0
STU_04664,average,6,2.25,1.5,2.89,-1.39,79.3,44.4,47.0,52.9,19.0,5.61,4,3,0,3,36.7,27.3,57.6,12.2,38.1,32.5,0.62,0.67
STU_04665,below_avg,5,0.15,0.0,0.0,0.0,66.9,24.3,22.6,22.0,27.4,6.76,4,4,0,4,21.6,11.9,25.8,5.7,17.6,25.6,0.5,1.0
STU_04666,strong,4,8.29,7.5,8.74,-1.24,87.1,80.9,72.0,62.6,28.8,7.83,7,0,2,0,71.6,66.0,81.8,5.3,75.2,70.1,0.38,7.0
STU_04667,strong,5,8.49,8.56,8.14,0.42,88.1,89.8,83.6,67.3,39.6,5.09,4,0,3,0,78.0,62.4,93.3,11.1,84.3,71.6,0.5,9.5
STU_04668,struggling,3,0.34,0.0,0.0,0.0,32.9,19.9,36.1,0.0,0.0,5.02,6,6,0,6,9.6,2.0,29.5,10.5,9.8,9.5,0.25,0.0
STU_04669,average,7,2.71,1.83,2.75,-0.92,72.3,67.1,36.9,85.3,23.8,5.47,3,1,0,2,40.4,20.5,54.8,14.5,50.4,20.5,0.75,1.67
STU_04670,average,3,3.81,5.63,1.79,3.84,78.8,50.2,64.7,78.2,63.8,6.23,6,0,0,1,53.6,43.7,62.2,5.6,57.6,51.6,0.25,4.91
STU_04671,average,5,1.43,0.44,3.18,-2.74,65.5,27.7,43.4,51.4,43.1,6.28,4,3,0,4,28.2,11.6,40.9,10.6,34.5,21.9,0.5,1.25
STU_04672,topper,5,9.98,10.0,9.82,0.18,99.7,96.4,64.4,61.5,50.4,5.76,4,0,4,0,91.3,85.6,100.0,5.6,96.1,86.5,0.5,10.0
STU_04673,strong,3,7.79,7.37,8.53,-1.16,88.1,64.8,80.4,78.0,77.3,7.2,6,0,3,0,67.3,60.8,71.7,4.4,71.1,65.4,0.25,8.73
STU_04674,strong,4,8.29,8.55,8.32,0.23,77.5,95.8,68.1,42.7,70.6,7.44,7,0,5,0,82.2,61.2,95.7,13.2,93.9,77.6,0.38,9.33
STU_04675,below_avg,3,0.99,0.0,1.58,-1.58,54.9,38.4,36.3,53.9,34.9,6.55,6,6,0,6,23.7,2.0,36.3,12.8,34.3,18.4,0.25,0.0
STU_04676,struggling,5,0.0,0.0,0.0,0.0,61.9,30.9,39.7,40.4,46.1,6.14,4,4,0,4,30.1,16.5,37.3,8.0,33.3,26.9,0.5,0.88
STU_04677,above_avg,4,5.73,4.36,6.37,-2.01,78.8,77.8,65.4,56.2,26.9,5.49,7,1,1,4,50.5,35.5,72.4,11.3,57.8,47.6,0.38,1.44
STU_04678,above_avg,3,4.63,3.47,5.84,-2.37,66.9,58.3,46.2,40.2,53.7,5.6,6,1,0,6,43.6,36.3,49.7,4.3,46.6,42.2,0.25,5.59
STU_04679,strong,3,6.41,8.05,3.84,4.21,88.2,93.3,68.4,59.1,42.4,5.18,6,0,3,0,74.1,66.0,85.8,7.6,79.0,71.7,0.25,10.0
STU_04680,average,7,1.47,1.83,1.12,0.71,65.4,41.8,35.5,59.6,54.1,5.35,3,1,0,2,44.7,37.0,51.5,5.9,48.5,37.0,0.75,1.67
STU_04681,above_avg,3,6.06,6.05,6.32,-0.27,78.9,74.1,40.2,58.3,0.0,5.7,6,0,2,1,61.3,41.1,79.7,14.0,79.2,52.3,0.25,6.05
STU_04682,strong,6,7.95,8.62,7.56,1.06,88.7,88.0,62.2,66.9,7.0,5.73,4,0,3,0,79.2,69.8,89.1,8.2,81.4,72.6,0.62,7.5
STU_04683,struggling,7,0.41,0.0,0.0,0.0,41.7,21.0,0.0,19.9,9.1,4.06,3,3,0,3,11.7,2.0,16.6,6.9,16.6,2.0,0.75,0.0
STU_04684,below_avg,3,0.44,0.63,0.0,0.63,60.2,48.9,37.5,40.0,40.3,6.6,6,5,0,5,23.8,14.5,50.3,12.4,34.5,18.4,0.25,0.0
STU_04685,below_avg,4,1.25,0.23,2.11,-1.88,62.9,53.5,38.6,61.8,10.2,5.43,7,6,0,7,25.0,3.6,48.2,13.9,42.4,18.1,0.38,0.0
STU_04686,below_avg,7,2.37,2.17,2.5,-0.33,55.9,75.5,36.7,52.7,22.7,6.09,3,1,1,2,42.4,10.0,75.4,26.7,58.6,10.0,0.75,3.83
STU_04687,above_avg,3,4.29,4.79,3.63,1.16,85.0,64.4,25.2,48.8,57.9,5.46,6,0,0,4,50.2,44.1,69.6,9.1,61.0,44.9,0.25,5.23
STU_04688,average,3,3.66,1.89,5.11,-3.22,69.4,49.0,56.2,39.3,56.1,6.06,6,4,0,6,33.4,14.1,49.1,11.1,33.3,33.5,0.25,1.77
STU_04689,struggling,5,0.61,1.78,0.23,1.55,49.2,21.3,17.3,10.4,32.2,6.61,4,3,0,4,21.1,2.0,42.1,14.9,14.3,27.9,0.5,0.0
STU_04690,average,3,0.15,0.21,0.74,-0.53,79.6,59.8,52.9,52.5,9.8,6.78,6,5,0,6,27.7,13.1,41.9,10.8,40.5,21.3,0.25,0.95
STU_04691,below_avg,6,0.37,0.0,0.44,-0.44,43.7,21.9,41.9,42.9,35.0,5.35,4,4,0,4,16.2,5.5,35.1,11.2,19.8,5.5,0.62,0.67
STU_04692,topper,3,9.94,10.0,9.79,0.21,92.2,96.6,100.0,69.2,40.6,7.78,6,0,6,0,93.5,85.7,100.0,5.4,100.0,90.2,0.25,10.0
STU_04693,struggling,4,0.67,0.0,1.16,-1.16,61.9,37.5,32.8,47.8,25.2,5.2,7,7,0,7,9.3,2.0,24.3,7.9,19.4,5.3,0.38,0.0
STU_04694,average,3,1.81,1.26,2.89,-1.63,68.8,32.7,46.9,48.9,37.6,5.0,6,4,0,6,37.0,30.8,49.9,6.6,38.4,36.3,0.25,0.23
STU_04695,strong,6,7.86,7.38,8.33,-0.95,87.0,60.2,50.5,59.6,39.9,5.85,4,0,1,0,64.0,53.7,76.9,8.5,63.6,65.3,0.62,7.83
STU_04696,average,7,3.7,4.17,2.88,1.29,68.2,56.6,73.9,73.7,53.9,6.52,3,0,0,3,44.0,41.0,48.8,3.4,44.9,42.3,0.75,5.67
STU_04697,strong,7,9.4,9.33,10.0,-0.67,79.9,63.7,69.6,100.0,48.2,6.5,3,0,3,0,81.1,78.1,83.6,2.3,82.6,78.1,0.75,10.0
STU_04698,average,4,4.64,4.23,4.47,-0.24,74.1,61.7,46.2,42.1,24.7,6.85,7,1,0,4,47.6,32.0,60.0,8.5,57.6,43.6,0.38,5.11
STU_04699,above_avg,7,7.18,7.5,6.5,1.0,80.7,94.5,52.3,69.3,39.9,7.21,3,0,2,0,72.6,64.1,79.2,6.3,76.8,64.1,0.75,7.83
STU_04700,above_avg,4,6.31,6.05,7.26,-1.21,71.7,75.2,72.8,44.8,41.1,5.73,7,0,3,2,60.5,40.1,77.6,12.8,75.1,54.7,0.38,6.33
STU_04701,below_avg,4,0.16,0.0,0.53,-0.53,62.9,28.5,21.5,41.9,21.3,6.41,7,7,0,7,12.9,2.0,29.3,12.7,26.5,7.5,0.38,0.0
STU_04702,strong,4,5.84,6.73,4.95,1.78,78.0,92.3,70.6,79.3,31.3,7.21,7,0,1,0,64.5,55.2,77.2,7.1,71.9,61.6,0.38,6.22
STU_04703,average,4,4.61,3.82,5.74,-1.92,67.1,69.2,63.8,53.9,53.0,7.43,7,1,1,5,46.9,25.9,80.2,15.5,65.4,39.4,0.38,0.67
STU_04704,topper,4,8.65,9.64,9.37,0.27,95.0,100.0,73.6,61.0,61.7,6.22,7,0,7,0,87.5,74.7,100.0,7.7,96.1,84.0,0.38,10.0
STU_04705,average,3,2.6,2.05,3.53,-1.48,71.9,59.1,64.8,24.7,69.7,4.62,6,3,0,4,43.0,30.4,61.4,10.9,56.2,36.4,0.25,1.14
STU_04706,above_avg,5,2.99,3.44,2.23,1.21,81.8,47.1,38.2,64.0,18.9,6.08,4,2,0,2,48.1,29.7,65.7,14.3,52.5,43.7,0.5,6.62
STU_04707,average,5,1.27,1.11,1.64,-0.53,79.0,68.1,41.3,76.5,18.6,6.23,4,2,0,3,38.0,17.2,58.2,14.9,50.8,25.3,0.5,3.12
STU_04708,above_avg,5,3.63,5.44,2.59,2.85,82.9,79.0,54.9,89.2,12.6,7.61,4,0,0,2,57.1,45.1,68.9,11.2,68.2,46.0,0.5,6.75
STU_04709,above_avg,3,5.12,5.16,5.47,-0.31,86.2,60.3,61.5,53.9,37.3,4.95,6,0,1,3,52.1,40.4,70.5,10.6,65.9,45.2,0.25,4.86
STU_04710,average,7,5.7,6.33,3.62,2.71,79.7,62.6,59.6,53.7,16.4,7.97,3,0,1,1,60.6,41.9,84.7,17.9,63.3,55.1,0.75,6.0
STU_04711,strong,3,8.96,8.32,8.95,-0.63,90.5,77.1,74.2,64.1,34.0,7.78,6,0,5,0,76.9,50.8,93.8,14.7,91.8,69.5,0.25,6.82
STU_04712,average,3,3.07,4.26,3.16,1.1,64.7,32.3,52.2,66.8,20.0,6.22,6,1,0,4,43.8,18.6,53.2,11.6,49.4,41.0,0.25,6.05
STU_04713,below_avg,4,0.28,0.59,0.0,0.59,62.2,61.8,53.5,24.6,37.2,7.01,7,5,0,5,25.7,2.0,61.1,22.7,58.9,12.4,0.38,0.44
STU_04714,average,3,3.5,5.16,2.53,2.63,66.8,63.3,44.4,30.3,31.6,6.6,6,0,0,3,50.9,44.7,57.7,5.3,55.2,48.7,0.25,2.05
STU_04715,inconsistent,5,5.02,6.11,3.41,2.7,86.4,63.3,58.8,52.9,21.9,7.7,4,0,0,0,54.5,51.1,60.7,3.8,56.3,52.7,0.5,0.0
STU_04716,average,3,1.26,2.0,1.05,0.95,75.2,37.7,44.1,76.3,35.6,4.37,6,4,0,4,35.6,18.9,61.1,16.1,40.6,33.1,0.25,5.14
STU_04717,struggling,5,3.08,4.67,0.36,4.31,56.0,42.5,1.0,28.9,9.8,5.41,4,2,0,2,38.5,23.1,52.1,13.5,25.1,51.9,0.5,2.75
STU_04718,below_avg,5,0.12,0.0,0.0,0.0,63.7,31.0,45.5,51.4,16.1,6.1,4,4,0,4,22.3,7.2,35.1,12.1,20.2,24.4,0.5,0.0
STU_04719,below_avg,4,0.0,0.0,0.0,0.0,67.6,36.3,41.3,40.4,10.8,6.48,7,7,0,7,15.8,2.0,26.7,7.1,15.4,16.0,0.38,1.33
STU_04720,above_avg,4,6.65,6.55,6.79,-0.24,85.2,58.1,55.2,61.9,10.9,4.88,7,0,2,1,62.6,49.4,80.4,10.5,66.5,61.0,0.38,6.33
STU_04721,topper,4,9.97,10.0,9.79,0.21,92.6,100.0,81.7,91.8,26.1,5.68,7,0,7,0,95.2,88.7,100.0,4.2,99.6,93.5,0.38,10.0
STU_04722,average,3,0.32,0.0,0.84,-0.84,74.8,57.1,52.9,41.3,46.2,6.94,6,6,0,6,26.5,12.7,32.1,7.2,32.1,23.7,0.25,0.36
STU_04723,topper,3,9.98,9.79,10.0,-0.21,90.0,96.6,96.3,91.0,70.4,7.0,6,0,6,0,87.0,78.2,100.0,7.2,96.4,82.3,0.25,10.0
STU_04724,below_avg,7,0.91,0.0,2.12,-2.12,66.7,45.9,43.6,51.9,18.2,6.45,3,3,0,3,30.7,26.1,33.3,3.3,29.4,33.3,0.75,0.0
STU_04725,strong,4,8.31,9.5,7.47,2.03,90.6,100.0,70.7,77.1,14.8,6.11,7,0,6,0,83.0,69.0,96.8,8.1,82.9,83.1,0.38,8.89
STU_04726,topper,5,8.89,9.56,8.0,1.56,91.1,96.8,63.0,68.8,27.6,6.2,4,0,4,0,89.5,79.7,100.0,8.2,97.2,81.7,0.5,9.5
STU_04727,below_avg,6,2.11,3.5,0.44,3.06,78.3,67.3,13.9,56.1,38.4,6.26,4,1,1,2,49.3,16.5,73.8,21.3,60.2,16.5,0.62,5.5
STU_04728,below_avg,4,3.55,0.5,6.16,-5.66,61.2,63.1,38.0,63.3,0.0,5.84,7,5,0,6,32.9,15.3,58.6,14.4,53.2,24.8,0.38,0.0
STU_04729,topper,3,8.7,9.16,8.95,0.21,86.8,85.5,85.0,53.4,38.3,5.98,6,0,6,0,78.2,70.7,84.0,4.4,82.5,76.0,0.25,9.82
STU_04730,improving,4,3.83,6.09,0.89,5.2,78.7,57.2,52.6,56.3,22.2,6.19,7,0,0,1,58.3,49.1,66.0,6.4,65.2,55.6,0.38,8.0
STU_04731,inconsistent,3,1.09,0.21,1.74,-1.53,75.6,28.5,44.2,25.1,0.0,5.36,6,5,0,6,16.8,4.8,42.8,12.9,25.4,12.5,0.25,0.0
STU_04732,strong,3,8.64,9.05,8.53,0.52,93.0,100.0,76.6,68.0,50.4,6.43,6,0,5,0,85.2,56.0,100.0,14.7,87.3,84.1,0.25,9.18
STU_04733,struggling,7,0.9,0.83,0.0,0.83,44.5,37.8,15.9,35.1,25.4,5.15,3,2,0,3,22.9,2.0,46.9,18.5,24.4,19.8,0.75,0.0
STU_04734,below_avg,5,1.4,1.44,0.23,1.21,55.0,67.8,47.4,38.7,55.6,5.68,4,2,0,2,34.9,6.9,68.6,27.0,61.3,8.4,0.5,2.5
STU_04735,above_avg,6,6.76,6.88,6.78,0.1,78.7,77.7,60.4,41.0,44.4,6.29,4,0,1,0,63.4,53.8,75.6,8.3,65.1,58.2,0.62,5.17
STU_04736,average,7,6.09,7.33,4.75,2.58,59.0,74.7,53.3,47.8,66.3,4.1,3,0,1,0,68.6,61.2,78.5,7.3,72.3,61.2,0.75,2.17
STU_04737,above_avg,5,5.44,5.89,5.91,-0.02,81.4,77.0,66.3,45.8,80.9,5.49,4,0,1,1,58.2,46.5,74.7,10.4,64.0,52.5,0.5,6.25
STU_04738,above_avg,4,1.89,2.27,2.05,0.22,78.1,61.8,52.3,59.1,38.5,6.88,7,3,1,6,44.5,30.0,78.5,15.1,61.8,37.5,0.38,5.0
STU_04739,above_avg,5,5.18,4.11,6.64,-2.53,80.9,61.8,48.6,68.1,26.5,6.83,4,1,0,1,53.2,37.5,60.7,9.4,60.3,46.1,0.5,7.88
STU_04740,strong,3,8.81,8.47,8.95,-0.48,87.0,93.1,58.6,61.3,35.6,6.53,6,0,4,0,73.8,54.0,85.3,11.3,81.1,70.2,0.25,7.82
STU_04741,below_avg,4,0.0,0.18,0.0,0.18,64.4,26.2,24.6,58.7,22.1,6.45,7,6,0,7,16.2,2.1,41.9,14.9,37.5,7.7,0.38,0.0
STU_04742,average,4,3.39,2.23,5.37,-3.14,82.2,39.8,39.3,49.5,2.7,6.77,7,4,0,6,37.2,21.0,65.9,15.0,40.6,35.8,0.38,5.44
STU_04743,average,4,1.05,2.5,0.63,1.87,69.4,60.8,45.5,69.0,52.5,6.48,7,3,0,5,41.3,16.3,65.1,16.1,54.8,35.9,0.38,3.56
STU_04744,struggling,7,0.5,0.0,0.0,0.0,40.7,27.5,60.8,24.8,1.2,5.62,3,3,0,3,29.8,25.4,37.9,5.8,31.9,25.4,0.75,3.33
STU_04745,average,4,0.0,0.5,0.74,-0.24,63.4,70.4,52.6,46.8,51.2,6.66,7,5,0,6,37.6,18.9,64.4,13.1,54.6,30.8,0.38,2.22
STU_04746,topper,4,9.7,9.45,9.16,0.29,90.9,95.6,65.6,89.8,46.5,8.06,7,0,7,0,83.3,75.1,100.0,8.1,94.0,79.0,0.38,10.0
STU_04747,above_avg,6,2.71,3.38,2.67,0.71,90.3,59.7,40.8,69.9,47.5,6.07,4,1,1,1,56.8,37.3,77.1,14.2,63.4,37.3,0.62,6.33
STU_04748,below_avg,3,0.73,0.0,1.0,-1.0,58.1,36.8,49.7,57.5,41.2,4.82,6,6,0,6,29.1,12.7,37.6,9.5,34.4,26.5,0.25,1.36
STU_04749,below_avg,4,0.78,1.41,0.84,0.57,65.9,61.9,58.7,76.7,24.2,6.47,7,5,0,5,36.4,21.4,61.3,15.3,45.1,32.9,0.38,1.0
STU_04750,strong,6,7.6,8.38,6.44,1.94,89.1,89.7,100.0,63.9,16.2,5.83,4,0,3,0,77.2,61.5,86.0,10.0,82.5,61.5,0.62,8.83
STU_04751,failing,4,0.0,0.0,0.0,0.0,32.8,10.6,25.1,35.3,8.1,5.65,7,7,0,7,6.7,2.0,20.8,7.0,17.2,2.5,0.38,0.0
STU_04752,above_avg,4,5.66,4.95,7.05,-2.1,79.3,88.9,49.1,61.5,80.9,5.6,7,1,1,3,57.0,26.9,87.6,17.4,77.0,48.9,0.38,3.33
STU_04753,average,7,3.93,5.83,2.75,3.08,67.5,55.2,70.7,16.3,27.9,5.54,3,0,0,1,53.2,42.2,66.6,10.1,54.4,50.7,0.75,6.5
STU_04754,average,3,4.13,4.47,3.79,0.68,83.1,47.7,79.8,78.8,39.1,4.43,6,1,0,4,48.2,26.4,62.4,11.3,52.6,45.9,0.25,6.09
STU_04755,strong,7,7.82,7.83,7.38,0.45,88.5,68.9,60.5,74.6,43.7,7.35,3,0,2,0,70.6,67.7,73.9,2.6,70.8,70.1,0.75,6.83
STU_04756,above_avg,4,6.4,5.64,7.53,-1.89,82.8,71.0,64.6,83.4,15.5,5.81,7,0,0,3,55.0,40.7,68.5,8.8,59.1,53.4,0.38,1.44
STU_04757,average,4,4.22,2.0,6.11,-4.11,74.1,45.9,51.6,61.1,68.8,6.36,7,4,1,6,37.6,22.4,71.7,16.2,50.5,32.5,0.38,5.0
STU_04758,below_avg,5,0.37,0.0,0.0,0.0,72.0,31.8,27.2,28.9,0.0,5.78,4,4,0,4,17.0,4.9,33.6,12.0,19.9,14.1,0.5,0.5
STU_04759,average,3,1.28,0.53,1.89,-1.36,66.6,35.7,29.0,29.2,47.0,6.76,6,5,0,6,33.2,21.9,49.8,9.1,43.2,28.1,0.25,0.0
STU_04760,below_avg,3,2.31,2.11,2.84,-0.73,57.4,45.4,34.3,61.1,21.8,5.1,6,4,0,6,33.1,9.5,48.8,13.6,33.9,32.7,0.25,1.14
STU_04761,average,4,2.05,1.09,2.53,-1.44,66.4,35.6,58.2,29.2,9.8,5.1,7,5,0,7,31.5,14.5,45.3,9.7,35.4,29.9,0.38,0.67
STU_04762,above_avg,5,5.24,5.33,5.14,0.19,80.3,60.1,74.7,66.6,31.4,5.52,4,0,1,1,54.8,40.5,70.7,10.8,63.5,46.1,0.5,7.62
STU_04763,above_avg,5,5.91,4.78,6.32,-1.54,77.9,56.1,67.9,56.5,26.8,6.7,4,0,0,3,49.2,40.9,61.3,7.5,55.1,43.3,0.5,3.5
STU_04764,average,5,1.65,0.67,2.55,-1.88,79.0,53.1,51.6,26.2,45.4,6.85,4,3,0,3,29.2,11.9,52.0,15.1,42.4,16.1,0.5,4.75
STU_04765,strong,7,8.41,7.83,8.0,-0.17,82.8,69.6,82.9,60.1,26.4,5.02,3,0,2,0,79.7,69.5,93.7,10.3,84.8,69.5,0.75,9.17
STU_04766,struggling,3,0.0,0.0,0.0,0.0,48.6,21.9,47.0,43.7,0.0,6.23,6,6,0,6,17.9,2.0,30.4,11.5,28.9,12.4,0.25,0.18
STU_04767,strong,3,6.35,6.84,5.95,0.89,92.4,87.4,30.7,45.5,59.1,6.07,6,0,2,0,63.6,51.0,72.4,8.5,70.3,60.3,0.25,5.95
STU_04768,above_avg,5,6.22,7.11,5.64,1.47,69.6,71.3,84.5,62.8,56.2,6.21,4,0,1,0,62.6,51.4,75.6,8.6,63.5,61.7,0.5,7.25
STU_04769,below_avg,3,0.79,0.63,0.63,0.0,59.9,46.5,19.1,38.2,19.3,5.77,6,5,0,5,26.5,11.8,52.1,14.0,40.5,19.4,0.25,1.0
STU_04770,average,3,2.46,5.84,0.79,5.05,75.5,57.1,65.6,58.4,55.1,6.86,6,0,0,2,53.1,47.7,62.2,5.0,55.3,52.0,0.25,6.95
STU_04771,topper,3,9.45,10.0,10.0,0.0,95.0,100.0,70.7,92.3,42.7,6.36,6,0,6,0,91.4,82.2,100.0,7.1,98.8,87.7,0.25,10.0
STU_04772,struggling,5,0.0,0.0,0.0,0.0,39.5,13.3,39.0,13.4,54.1,6.06,4,4,0,4,6.3,2.0,12.0,4.4,5.7,7.0,0.5,0.0
STU_04773,strong,7,7.39,7.5,7.62,-0.12,87.3,70.9,47.7,65.2,31.6,6.26,3,0,1,0,70.5,61.8,81.7,8.3,74.8,61.8,0.75,9.83
STU_04774,above_avg,4,2.89,5.77,0.68,5.09,75.0,47.0,54.8,81.2,25.0,6.64,7,0,0,2,54.6,43.4,66.5,7.9,47.7,57.4,0.38,6.33
STU_04775,above_avg,3,3.41,3.74,3.11,0.63,83.4,55.2,68.6,75.8,37.7,6.52,6,1,0,5,45.3,36.9,54.6,5.6,47.3,44.3,0.25,5.91
STU_04776,above_avg,4,4.84,4.73,4.32,0.41,76.5,79.3,46.2,46.3,21.9,6.47,7,1,0,3,50.7,28.2,65.5,11.9,55.4,48.8,0.38,1.44
STU_04777,topper,6,8.97,9.88,8.22,1.66,94.4,92.5,74.9,84.1,69.4,6.0,4,0,4,0,83.8,76.7,88.1,4.3,83.7,83.8,0.62,9.33
STU_04778,below_avg,3,0.0,0.0,0.0,0.0,59.1,25.2,39.7,43.6,0.0,5.6,6,6,0,6,19.2,8.7,39.5,10.3,30.6,13.5,0.25,0.0
STU_04779,average,4,1.88,0.45,2.95,-2.5,71.6,63.5,73.3,61.0,33.5,7.09,7,5,0,6,32.2,11.4,57.4,13.5,49.8,25.1,0.38,2.22
STU_04780,below_avg,7,0.61,0.0,1.0,-1.0,59.9,0.0,37.6,43.2,42.7,5.19,3,3,0,3,22.5,15.8,27.9,5.0,21.9,23.8,0.75,0.0
STU_04781,below_avg,5,0.0,0.0,0.0,0.0,66.4,32.3,36.9,40.4,6.2,7.19,4,4,0,4,18.9,12.9,22.7,3.7,21.3,16.6,0.5,0.0
STU_04782,below_avg,5,0.0,0.0,0.0,0.0,52.3,34.4,22.3,47.5,0.0,6.54,4,4,0,4,17.1,2.0,31.4,12.1,28.9,5.3,0.5,1.5
STU_04783,below_avg,3,2.61,2.74,1.68,1.06,47.3,55.7,45.8,47.4,21.0,5.86,6,3,0,5,41.0,29.9,59.1,10.6,46.6,38.2,0.25,2.55
STU_04784,above_avg,3,6.6,5.84,7.0,-1.16,83.1,79.2,62.7,58.2,1.8,6.0,6,0,2,2,58.1,40.1,74.4,13.9,70.2,52.1,0.25,5.95
STU_04785,average,5,3.12,4.44,1.77,2.67,84.3,57.6,40.4,56.1,31.8,6.72,4,0,0,2,48.0,44.3,52.5,3.7,51.6,44.3,0.5,6.75
STU_04786,below_avg,4,0.4,1.05,0.0,1.05,61.9,51.3,55.5,14.7,0.0,5.39,7,5,0,6,31.9,2.0,62.6,17.4,49.7,24.8,0.38,0.0
STU_04787,above_avg,7,5.32,5.83,5.62,0.21,87.7,57.8,67.5,37.4,49.3,6.97,3,0,0,1,51.0,49.7,52.6,1.2,50.2,52.6,0.75,6.0
STU_04788,struggling,6,0.51,0.75,0.0,0.75,55.6,40.8,35.7,17.1,57.2,6.49,4,3,0,3,28.5,10.0,55.5,19.2,34.6,10.0,0.62,0.0
STU_04789,struggling,6,2.81,2.0,3.44,-1.44,32.2,37.0,26.3,16.9,0.0,6.38,4,3,0,4,26.6,16.9,44.1,10.7,20.8,44.1,0.62,0.0
STU_04790,topper,7,10.0,9.33,10.0,-0.67,86.8,96.8,44.9,76.2,31.6,5.59,3,0,3,0,84.7,77.9,88.3,4.8,88.2,77.9,0.75,10.0
STU_04791,struggling,5,0.41,0.0,0.0,0.0,38.5,28.5,51.5,23.8,47.9,4.76,4,4,0,4,6.0,2.0,15.0,5.3,10.1,2.0,0.5,0.0
STU_04792,improving,4,3.76,3.91,2.95,0.96,86.1,66.0,89.6,38.4,0.0,6.14,7,2,1,3,48.0,15.5,70.4,17.8,64.7,41.3,0.38,6.33
STU_04793,average,4,2.26,1.36,2.84,-1.48,78.3,49.5,36.3,67.7,3.2,6.9,7,4,0,6,36.7,11.5,53.1,12.9,48.0,32.2,0.38,0.0
STU_04794,average,5,4.13,2.78,4.23,-1.45,72.7,85.0,65.8,53.2,46.3,6.26,4,1,0,2,48.5,30.7,63.3,13.0,60.8,36.1,0.5,3.25
STU_04795,struggling,3,0.39,0.74,0.0,0.74,37.9,57.7,27.2,39.3,15.6,5.46,6,4,0,5,21.7,2.0,55.4,19.7,48.3,8.4,0.25,0.0
STU_04796,below_avg,4,0.43,0.0,0.0,0.0,58.1,23.0,53.0,34.7,29.7,6.61,7,7,0,7,17.9,2.0,38.0,12.8,20.9,16.7,0.38,0.67
STU_04797,struggling,6,0.0,0.0,0.0,0.0,44.7,14.6,14.5,25.0,24.0,5.19,4,4,0,4,6.3,2.0,19.1,7.4,7.7,2.0,0.62,0.0
STU_04798,struggling,5,0.0,0.0,0.0,0.0,57.6,26.6,16.4,37.4,12.2,7.54,4,4,0,4,14.4,2.0,32.0,12.9,26.8,2.0,0.5,1.25
STU_04799,average,4,1.38,0.91,1.79,-0.88,71.6,42.0,29.1,64.6,41.7,4.92,7,5,0,7,31.3,19.0,40.9,7.5,35.8,29.6,0.38,0.56
STU_04800,below_avg,6,1.9,1.5,2.44,-0.94,55.0,65.6,36.6,17.7,0.0,5.74,4,2,0,2,40.8,17.7,58.7,17.0,48.4,17.7,0.62,0.0
STU_04801,average,5,1.09,0.67,2.09,-1.42,63.3,51.8,47.6,46.3,40.8,7.49,4,3,0,3,38.0,28.4,52.2,9.2,41.9,34.1,0.5,2.5
STU_04802,average,3,0.97,1.68,0.0,1.68,68.7,46.8,40.1,52.9,63.1,5.46,6,4,0,5,34.6,5.7,57.1,16.1,45.9,29.0,0.25,1.05
STU_04803,average,4,1.78,2.14,0.68,1.46,81.9,47.6,37.1,61.1,11.5,6.73,7,4,0,5,40.2,26.4,60.3,11.5,49.3,36.6,0.38,3.0
STU_04804,average,6,1.54,2.88,0.0,2.88,58.4,31.6,46.8,55.5,38.3,6.62,4,1,0,3,43.8,16.5,64.8,17.4,52.9,16.5,0.62,6.83
STU_04805,topper,3,9.94,10.0,10.0,0.0,95.7,98.3,100.0,60.9,35.5,5.92,6,0,6,0,89.3,82.1,97.4,5.9,95.8,86.0,0.25,10.0
STU_04806,below_avg,4,0.55,0.0,0.63,-0.63,69.7,41.0,43.7,50.8,45.6,5.76,7,7,0,7,13.9,2.0,35.1,11.9,28.9,7.9,0.38,0.0
STU_04807,above_avg,3,6.93,6.79,6.89,-0.1,71.2,78.6,72.8,50.4,25.0,6.7,6,0,2,0,65.0,52.1,75.0,8.4,73.4,60.8,0.25,6.82
STU_04808,below_avg,3,1.57,0.53,1.68,-1.15,71.0,50.3,19.3,40.8,42.0,6.22,6,5,0,6,28.3,11.2,49.7,11.9,36.5,24.2,0.25,0.45
STU_04809,below_avg,3,0.86,0.53,0.26,0.27,61.6,40.6,61.6,52.0,38.8,5.61,6,5,0,6,26.3,5.1,47.3,13.2,33.9,22.5,0.25,2.14
STU_04810,struggling,6,0.29,1.0,0.0,1.0,61.2,35.4,26.2,55.0,0.0,6.63,4,3,0,4,18.4,2.0,41.1,17.0,23.9,2.0,0.62,0.67
STU_04811,average,3,1.08,1.68,1.47,0.21,81.1,56.8,51.3,25.9,23.7,5.6,6,4,0,5,38.1,19.6,53.9,11.5,36.8,38.8,0.25,0.0
STU_04812,topper,4,8.74,9.45,8.74,0.71,97.2,100.0,77.4,87.5,41.1,6.89,7,0,7,0,88.0,74.0,97.4,8.3,95.3,85.1,0.38,10.0
STU_04813,average,7,2.59,1.83,3.12,-1.29,73.9,53.5,37.5,10.3,75.7,6.52,3,1,0,2,39.7,21.3,50.2,13.0,48.9,21.3,0.75,0.0
STU_04814,topper,6,9.41,10.0,8.89,1.11,94.7,96.8,58.2,78.1,25.3,6.65,4,0,4,0,93.1,81.2,100.0,7.3,97.0,81.2,0.62,10.0
STU_04815,struggling,4,0.29,0.73,0.0,0.73,35.7,37.1,17.9,52.3,42.9,6.38,7,6,0,7,18.7,2.0,43.9,14.5,29.4,14.4,0.38,0.0
STU_04816,above_avg,4,6.34,5.91,6.63,-0.72,79.1,86.6,78.0,51.9,43.2,7.29,7,0,0,1,57.4,43.9,66.8,8.0,66.1,54.0,0.38,5.56
STU_04817,above_avg,3,5.66,6.37,4.74,1.63,86.1,76.7,60.5,43.9,38.5,6.34,6,0,1,2,58.2,44.5,73.5,9.3,54.6,60.0,0.25,7.27
STU_04818,struggling,3,0.0,0.0,0.32,-0.32,38.3,19.5,17.2,30.8,30.8,5.61,6,6,0,6,4.9,2.0,15.2,4.8,8.6,3.0,0.25,0.0
STU_04819,strong,4,7.29,7.68,6.89,0.79,96.3,85.4,45.5,81.0,38.4,6.53,7,0,4,0,72.0,54.9,83.8,8.6,76.8,70.0,0.38,7.22
STU_04820,average,5,1.38,3.0,0.73,2.27,82.6,46.1,51.3,50.0,26.5,5.72,4,1,0,3,44.9,29.9,59.1,10.8,54.5,35.3,0.5,2.38
STU_04821,above_avg,3,5.58,4.89,6.95,-2.06,80.4,60.8,54.3,66.9,23.8,6.46,6,0,0,4,49.4,42.4,57.5,5.2,53.7,47.3,0.25,4.27
STU_04822,topper,3,8.66,8.58,9.37,-0.79,90.9,80.5,74.8,78.3,31.4,5.66,6,0,4,0,73.5,65.7,83.6,6.9,68.7,75.9,0.25,9.95
STU_04823,average,4,1.44,1.09,1.68,-0.59,65.2,39.6,38.9,54.7,22.1,5.83,7,4,0,7,37.0,28.1,44.6,6.0,42.6,34.7,0.38,1.44
STU_04824,strong,4,6.65,6.45,6.89,-0.44,87.4,91.0,54.0,85.4,46.7,4.79,7,0,1,1,60.5,43.9,70.4,8.3,63.5,59.3,0.38,7.78
STU_04825,above_avg,4,3.64,3.68,3.68,0.0,70.9,73.4,72.0,45.6,15.8,5.12,7,2,0,5,44.7,27.2,61.1,11.1,43.3,45.3,0.38,0.0
STU_04826,failing,3,0.15,0.63,0.0,0.63,17.1,22.0,43.3,22.8,13.7,5.49,6,5,0,5,17.7,2.0,58.7,20.4,30.4,11.3,0.25,0.0
STU_04827,below_avg,4,1.27,0.0,2.32,-2.32,47.8,35.4,69.1,31.0,0.0,5.18,7,7,0,7,26.0,7.4,38.2,10.5,37.4,21.5,0.38,0.0
STU_04828,average,6,2.51,2.0,2.44,-0.44,71.6,67.9,65.6,38.4,35.2,6.1,4,2,0,3,43.6,32.6,55.0,8.7,47.2,32.6,0.62,1.5
STU_04829,improving,4,3.02,4.91,0.0,4.91,72.5,54.9,72.8,58.1,25.6,6.62,7,1,0,2,51.8,30.8,61.6,9.5,55.6,50.3,0.38,7.22
STU_04830,strong,6,6.98,6.62,7.11,-0.49,79.7,74.5,64.5,58.0,26.5,6.27,4,0,2,1,64.4,45.0,76.5,11.9,70.9,45.0,0.62,7.83
STU_04831,strong,5,8.93,7.44,9.27,-1.83,86.1,64.8,53.1,56.1,43.7,5.77,4,0,2,0,73.1,68.5,79.7,4.6,77.3,68.8,0.5,8.88
STU_04832,average,5,1.23,0.0,3.14,-3.14,78.1,18.1,41.7,14.9,41.5,5.07,4,4,0,4,19.6,9.8,34.4,9.6,17.1,22.1,0.5,0.75
STU_04833,struggling,3,0.79,0.32,0.32,0.0,53.3,32.9,28.5,55.0,63.4,5.42,6,5,0,5,19.2,6.1,53.6,16.2,29.9,13.9,0.25,0.27
STU_04834,above_avg,4,5.67,4.73,6.53,-1.8,89.8,50.1,68.1,38.9,81.4,6.31,7,1,1,3,50.9,31.1,71.2,12.3,57.9,48.1,0.38,3.11
STU_04835,above_avg,3,7.44,5.89,7.74,-1.85,81.5,54.6,53.2,52.1,56.0,5.47,6,0,2,3,55.6,41.5,75.3,12.7,63.3,51.7,0.25,2.59
STU_04836,strong,4,8.56,8.55,8.68,-0.13,90.4,78.5,75.8,77.1,22.2,7.74,7,0,6,0,75.9,55.7,84.8,9.7,84.4,72.4,0.38,9.67
STU_04837,average,3,2.56,1.84,4.21,-2.37,76.3,66.8,58.6,45.6,31.2,6.12,6,3,0,4,43.0,26.5,60.5,11.6,57.5,35.8,0.25,2.55
STU_04838,failing,4,0.0,0.0,0.0,0.0,31.7,15.6,27.9,0.0,0.0,4.93,7,7,0,7,3.5,2.0,12.7,3.7,7.3,2.0,0.38,0.0
STU_04839,strong,4,7.89,7.64,7.74,-0.1,85.1,69.6,77.6,82.6,39.2,5.43,7,0,2,0,69.7,56.4,88.1,11.9,72.2,68.7,0.38,8.33
STU_04840,average,3,1.41,1.16,2.21,-1.05,74.3,77.9,45.0,45.3,11.5,5.74,6,4,1,4,37.1,9.9,72.0,22.0,66.8,22.2,0.25,0.95
STU_04841,topper,4,9.88,10.0,9.79,0.21,95.5,87.5,88.0,68.4,81.4,5.26,7,0,7,0,86.2,82.4,92.8,3.8,87.6,85.7,0.38,10.0
STU_04842,strong,3,9.43,8.11,9.37,-1.26,82.0,95.3,56.8,68.5,63.4,5.69,6,0,5,0,76.7,56.9,98.4,12.5,89.7,70.2,0.25,7.77
STU_04843,struggling,5,0.34,0.0,0.18,-0.18,32.8,4.6,52.1,69.2,55.9,7.64,4,4,0,4,15.1,2.0,26.0,10.2,25.0,5.2,0.5,0.0
STU_04844,average,3,1.42,1.16,2.05,-0.89,66.5,61.4,51.4,55.2,61.8,6.69,6,4,0,5,37.2,18.9,58.6,12.5,48.9,31.4,0.25,2.27
STU_04845,improving,5,3.47,6.0,0.27,5.73,75.8,59.8,45.1,67.3,11.4,6.35,4,0,0,0,55.2,53.4,57.5,1.6,53.8,56.7,0.5,9.75
STU_04846,average,7,4.94,4.33,4.88,-0.55,78.1,58.0,32.8,44.8,38.5,5.42,3,0,0,3,46.3,42.0,48.6,3.0,48.4,42.0,0.75,0.0
STU_04847,below_avg,5,0.81,0.44,1.18,-0.74,71.3,30.0,45.9,49.3,7.9,6.89,4,3,0,4,35.4,32.5,40.0,2.8,37.4,33.4,0.5,0.88
STU_04848,average,3,1.8,1.79,2.0,-0.21,86.8,52.0,36.2,63.1,40.4,6.73,6,3,0,4,33.4,9.7,55.5,18.9,54.5,22.8,0.25,1.95
STU_04849,average,3,2.29,2.84,1.79,1.05,77.1,51.7,41.3,60.0,18.5,5.93,6,2,0,5,41.0,29.8,50.4,7.5,45.8,38.6,0.25,2.05
STU_04850,below_avg,4,0.67,1.27,0.0,1.27,67.1,34.8,50.1,23.1,47.1,5.03,7,5,0,6,31.9,17.8,50.2,10.2,37.5,29.7,0.38,2.33
STU_04851,average,5,1.56,1.11,2.5,-1.39,79.8,44.7,55.0,35.2,52.5,6.23,4,2,0,3,39.3,29.5,51.1,8.1,46.4,32.2,0.5,1.25
STU_04852,above_avg,7,5.18,5.5,5.62,-0.12,94.9,80.3,70.1,68.1,49.9,5.96,3,0,0,1,55.7,49.1,60.1,4.8,59.0,49.1,0.75,7.33
STU_04853,above_avg,3,2.6,3.89,1.58,2.31,68.9,46.9,59.5,80.0,14.3,5.12,6,1,0,4,47.4,39.2,62.4,8.6,50.3,45.9,0.25,3.55
STU_04854,strong,7,7.43,6.5,8.5,-2.0,89.0,67.0,64.3,46.8,51.3,5.7,3,0,1,0,64.3,50.2,73.9,10.2,71.4,50.2,0.75,7.5
STU_04855,average,4,3.73,2.32,5.0,-2.68,73.3,41.3,70.2,51.1,12.2,4.98,7,3,0,5,42.5,24.7,59.1,11.0,50.9,39.2,0.38,4.89
STU_04856,above_avg,7,6.61,6.83,6.25,0.58,87.2,82.5,69.0,64.3,26.3,5.49,3,0,0,0,64.3,56.7,68.9,5.4,62.8,67.3,0.75,6.5
STU_04857,strong,4,7.04,6.86,7.16,-0.3,94.8,77.4,60.5,68.2,65.9,6.69,7,0,3,1,63.0,42.7,76.3,11.3,69.2,60.6,0.38,6.67
STU_04858,topper,5,9.73,10.0,9.59,0.41,93.8,100.0,63.1,71.3,47.3,4.71,4,0,4,0,92.5,87.2,96.2,3.8,91.6,93.3,0.5,10.0
STU_04859,average,3,1.62,0.0,2.79,-2.79,76.6,46.5,28.9,51.7,0.0,6.54,6,6,0,6,24.9,14.9,36.7,8.9,25.8,24.5,0.25,1.18
STU_04860,strong,4,8.71,7.95,8.95,-1.0,79.8,88.2,90.4,62.5,35.1,5.39,7,0,5,0,73.9,57.3,88.4,8.7,82.7,70.4,0.38,9.0
STU_04861,below_avg,5,0.69,0.0,0.55,-0.55,57.0,25.3,48.9,45.4,60.2,7.75,4,4,0,4,23.5,8.6,38.9,14.2,37.6,9.3,0.5,2.0
STU_04862,strong,6,8.83,8.5,9.0,-0.5,90.0,87.3,66.2,60.1,54.4,7.7,4,0,3,0,82.3,66.9,88.6,9.0,87.5,66.9,0.62,8.0
STU_04863,below_avg,5,0.21,0.0,0.0,0.0,65.1,20.2,26.1,32.0,8.4,6.27,4,4,0,4,16.2,2.0,27.8,10.0,25.4,7.0,0.5,0.0
STU_04864,average,5,4.45,2.78,5.18,-2.4,70.3,69.8,47.3,53.1,2.5,6.32,4,1,0,2,50.0,36.3,64.3,11.1,60.5,39.5,0.5,3.0
STU_04865,struggling,4,0.4,0.27,0.0,0.27,34.1,22.8,53.7,39.4,17.3,6.46,7,6,0,6,14.3,2.0,53.4,17.2,30.2,8.0,0.38,0.0
STU_04866,topper,3,9.66,10.0,10.0,0.0,91.5,95.3,86.0,80.6,46.8,5.37,6,0,6,0,92.0,86.5,98.1,3.8,96.8,89.6,0.25,10.0
STU_04867,average,7,2.68,4.5,1.62,2.88,71.7,52.8,61.7,47.7,24.0,7.47,3,1,0,2,50.9,36.5,67.2,12.6,51.9,49.0,0.75,5.67
STU_04868,strong,3,6.98,6.74,7.74,-1.0,82.9,68.1,65.2,52.0,18.3,6.33,6,0,2,0,63.3,56.2,74.4,7.0,65.6,62.2,0.25,7.91
STU_04869,above_avg,7,5.61,6.83,4.75,2.08,71.9,46.1,66.5,61.0,39.4,4.97,3,0,0,0,61.5,53.9,68.8,6.1,61.3,61.9,0.75,7.83
STU_04870,struggling,3,0.39,0.53,0.0,0.53,35.1,16.5,5.7,51.4,8.8,6.59,6,5,0,6,12.6,2.0,46.1,16.0,24.1,6.9,0.25,0.0
STU_04871,struggling,5,0.0,0.0,0.0,0.0,57.5,28.8,22.0,35.1,0.0,5.7,4,4,0,4,11.5,2.0,27.4,10.5,8.3,14.7,0.5,0.0
STU_04872,struggling,4,0.0,0.0,0.0,0.0,45.0,15.6,47.0,20.7,55.8,7.33,7,7,0,7,13.9,2.0,27.3,9.6,26.5,8.9,0.38,0.0
STU_04873,struggling,3,0.0,0.0,0.0,0.0,41.6,20.5,42.4,10.7,32.3,6.56,6,6,0,6,16.0,2.0,29.8,9.3,19.9,14.1,0.25,0.0
STU_04874,strong,4,7.91,6.95,8.47,-1.52,92.4,96.9,69.6,66.7,45.8,5.88,7,0,2,1,67.6,48.8,87.2,10.6,76.5,64.0,0.38,7.0
STU_04875,above_avg,3,6.27,6.37,6.0,0.37,76.9,76.7,40.1,78.4,25.4,6.7,6,0,1,1,60.8,46.7,75.3,9.2,64.2,59.1,0.25,7.36
STU_04876,average,4,4.02,4.64,4.21,0.43,61.3,63.7,40.1,55.9,53.9,7.8,7,1,0,4,49.7,30.0,63.9,11.7,50.5,49.4,0.38,1.44
STU_04877,above_avg,3,5.51,5.79,6.37,-0.58,86.2,58.0,64.5,61.5,28.9,7.11,6,0,0,1,53.9,46.3,59.3,4.7,57.5,52.0,0.25,7.36
STU_04878,above_avg,5,2.22,3.22,1.41,1.81,89.9,81.1,38.3,50.8,21.9,5.89,4,1,0,2,52.8,38.4,62.6,9.9,62.0,43.6,0.5,6.62
STU_04879,average,5,3.17,1.22,4.64,-3.42,73.3,54.0,44.2,55.0,22.0,6.07,4,2,0,3,37.3,24.7,51.3,11.4,48.5,26.1,0.5,2.5
STU_04880,struggling,5,0.0,0.0,0.0,0.0,45.9,26.6,20.3,27.9,0.0,4.81,4,4,0,4,16.1,6.2,26.6,7.3,15.7,16.4,0.5,0.0
STU_04881,below_avg,4,0.0,0.0,0.0,0.0,56.2,24.8,28.9,38.9,21.9,4.86,7,7,0,7,14.0,2.0,35.1,12.0,18.8,12.1,0.38,0.44
STU_04882,inconsistent,3,0.15,0.0,0.26,-0.26,72.8,26.4,38.7,54.4,42.5,7.68,6,6,0,6,26.8,17.7,39.0,6.5,26.6,26.9,0.25,0.0
STU_04883,average,3,1.84,2.0,3.05,-1.05,70.0,41.7,55.0,56.6,9.5,5.22,6,4,0,5,44.4,37.6,67.8,11.0,42.3,45.5,0.25,2.45
STU_04884,average,5,2.83,2.22,3.05,-0.83,70.3,58.4,41.3,42.4,34.9,4.86,4,2,0,4,39.4,22.3,49.7,10.7,44.2,34.5,0.5,3.0
STU_04885,below_avg,5,0.32,0.0,0.0,0.0,53.3,30.0,21.9,78.6,64.7,6.64,4,4,0,4,28.6,9.8,35.9,10.9,22.9,34.3,0.5,0.75
STU_04886,above_avg,4,3.46,2.86,3.58,-0.72,72.6,64.5,62.5,52.1,19.6,6.48,7,3,0,4,45.7,25.2,63.3,13.3,53.0,42.7,0.38,5.33
STU_04887,average,3,2.53,2.26,3.89,-1.63,63.3,69.0,63.0,48.5,54.7,7.28,6,3,0,3,42.3,13.5,66.7,20.3,63.2,31.9,0.25,1.27
STU_04888,below_avg,5,1.02,1.11,0.0,1.11,54.6,55.1,22.4,33.9,17.9,5.85,4,2,0,4,30.9,15.1,46.5,15.0,45.9,15.9,0.5,0.0
STU_04889,topper,7,9.86,10.0,10.0,0.0,89.0,100.0,73.4,71.6,60.5,6.43,3,0,3,0,95.4,89.3,100.0,4.5,98.5,89.3,0.75,10.0
STU_04890,below_avg,4,0.26,0.23,0.53,-0.3,56.8,46.7,68.0,39.2,23.7,6.12,7,6,0,7,23.4,6.3,46.5,13.2,33.2,19.5,0.38,0.0
STU_04891,above_avg,4,6.36,6.09,8.0,-1.91,85.0,81.8,72.9,58.2,42.7,6.57,7,1,3,1,65.6,39.4,96.0,17.7,76.9,61.1,0.38,4.78
STU_04892,below_avg,5,0.0,0.0,0.18,-0.18,45.0,38.1,36.0,22.6,27.0,5.53,4,4,0,4,12.5,2.0,30.1,11.6,23.0,2.0,0.5,0.62
STU_04893,average,7,3.52,5.17,2.38,2.79,70.5,61.4,38.3,32.3,61.3,6.16,3,0,1,1,59.2,42.7,71.2,12.0,67.4,42.7,0.75,2.5
STU_04894,below_avg,3,0.51,0.63,0.21,0.42,55.6,56.1,24.0,67.8,31.0,5.64,6,5,0,5,24.9,2.0,57.0,17.0,40.4,17.2,0.25,0.36
STU_04895,strong,6,7.88,7.88,6.89,0.99,83.9,82.8,52.9,84.6,18.8,6.91,4,0,3,0,73.5,65.7,79.5,5.3,76.2,65.7,0.62,8.67
STU_04896,average,3,2.01,1.79,3.26,-1.47,69.8,60.0,63.3,51.6,34.8,6.8,6,4,0,5,43.4,26.5,68.7,13.1,53.0,38.7,0.25,2.36
STU_04897,strong,7,8.1,6.83,9.5,-2.67,91.4,81.4,62.8,82.2,30.7,5.11,3,0,2,0,69.2,57.9,77.7,8.3,74.9,57.9,0.75,6.67
STU_04898,average,7,2.55,2.0,2.75,-0.75,72.5,61.9,60.0,61.8,37.9,6.55,3,1,1,2,48.4,32.0,70.6,16.3,56.5,32.0,0.75,2.0
STU_04899,average,5,3.31,5.56,1.14,4.42,64.1,39.9,43.8,43.8,35.3,6.99,4,1,0,2,49.5,25.7,69.2,15.6,37.2,61.8,0.5,6.5
STU_04900,below_avg,6,1.31,3.25,0.0,3.25,49.0,63.8,59.2,31.4,59.3,5.31,4,1,1,1,52.3,29.5,72.0,15.1,60.0,29.5,0.62,0.83
STU_04901,below_avg,3,2.62,3.11,2.0,1.11,57.5,46.5,40.8,42.4,39.1,5.48,6,2,0,5,36.6,8.3,55.8,18.4,48.1,30.8,0.25,1.18
STU_04902,failing,6,0.98,1.75,0.0,1.75,9.6,27.6,30.4,26.0,0.0,7.82,4,3,0,3,16.6,2.0,60.1,25.1,21.5,2.0,0.62,0.0
STU_04903,above_avg,5,5.06,6.22,4.36,1.86,77.8,51.4,61.7,70.0,38.9,6.39,4,0,0,1,56.6,48.0,63.9,6.3,57.2,56.0,0.5,6.38
STU_04904,average,4,3.65,2.55,4.74,-2.19,75.6,84.3,60.7,36.4,8.4,6.44,7,3,1,4,41.7,11.7,80.9,22.7,67.1,31.6,0.38,0.44
STU_04905,average,6,2.14,2.0,1.0,1.0,62.1,37.2,42.1,38.1,4.1,5.26,4,2,0,3,40.1,18.0,57.2,14.4,47.4,18.0,0.62,1.17
STU_04906,topper,5,9.69,10.0,8.91,1.09,97.3,79.9,83.9,100.0,74.6,6.18,4,0,4,0,94.2,83.3,100.0,6.8,100.0,88.3,0.5,10.0
STU_04907,average,7,2.63,2.0,2.38,-0.38,79.3,71.6,65.3,49.3,33.1,6.37,3,1,1,2,47.7,24.5,73.7,20.2,59.2,24.5,0.75,5.33
STU_04908,average,3,3.6,1.89,5.37,-3.48,63.0,38.4,47.1,41.5,60.6,6.48,6,4,0,6,31.9,6.3,49.6,14.0,36.4,29.7,0.25,0.0
STU_04909,average,5,0.76,1.22,1.14,0.08,74.8,56.5,50.6,51.0,27.1,5.94,4,2,0,3,40.0,21.1,54.0,12.1,49.9,30.1,0.5,2.62
STU_04910,below_avg,5,1.29,0.56,1.45,-0.89,48.1,26.4,46.9,72.8,0.0,4.7,4,3,0,4,23.4,2.0,49.6,17.2,37.0,9.8,0.5,1.0
STU_04911,strong,3,8.97,8.95,9.16,-0.21,91.9,87.0,79.3,94.6,59.7,7.24,6,0,6,0,79.2,71.6,89.0,6.2,85.6,76.1,0.25,9.27
STU_04912,below_avg,4,0.0,0.0,0.0,0.0,66.7,41.4,28.3,55.2,22.5,6.36,7,7,0,7,32.7,20.6,38.1,5.7,26.9,35.0,0.38,0.56
STU_04913,improving,5,2.21,3.22,0.0,3.22,78.1,19.1,51.5,68.3,46.2,6.13,4,1,0,4,44.6,36.9,49.8,5.3,45.9,43.3,0.5,7.25
STU_04914,above_avg,4,2.49,0.18,5.26,-5.08,75.7,35.4,25.1,59.1,11.6,6.01,7,6,0,7,29.6,15.7,44.4,8.9,34.8,27.5,0.38,5.22
STU_04915,struggling,3,0.96,0.42,0.26,0.16,31.4,34.1,45.8,55.3,12.9,6.25,6,5,0,6,16.8,2.0,44.1,16.3,32.4,9.1,0.25,0.0
STU_04916,struggling,5,0.46,0.0,0.0,0.0,52.1,11.2,20.0,50.0,15.8,6.0,4,4,0,4,5.2,2.0,14.8,5.5,8.4,2.0,0.5,0.75
STU_04917,average,5,1.63,0.44,2.27,-1.83,77.8,57.6,51.2,27.4,49.2,6.65,4,3,0,4,30.6,16.4,43.5,9.7,36.5,24.8,0.5,4.12
STU_04918,average,3,3.41,3.21,2.74,0.47,69.5,50.0,37.3,38.8,29.0,7.24,6,2,0,4,42.8,19.2,56.3,13.4,51.5,38.4,0.25,4.73
STU_04919,above_avg,3,6.48,6.0,6.68,-0.68,85.9,79.0,82.8,96.7,31.3,6.03,6,0,1,1,58.8,45.1,74.9,8.9,68.2,54.1,0.25,6.64
STU_04920,average,3,1.47,1.05,1.63,-0.58,62.9,38.5,52.3,54.1,39.3,5.2,6,5,0,6,34.3,28.2,49.0,6.9,33.2,34.9,0.25,1.68
STU_04921,above_avg,3,6.92,6.47,6.84,-0.37,75.7,82.1,64.3,60.3,54.5,7.02,6,0,1,1,63.0,48.2,87.6,12.5,75.1,56.9,0.25,6.73
STU_04922,average,3,3.33,2.89,2.89,0.0,69.8,73.9,48.9,68.4,25.3,6.95,6,2,0,4,47.9,36.9,67.6,10.4,60.6,41.6,0.25,5.45
STU_04923,topper,7,10.0,9.33,10.0,-0.67,94.0,100.0,85.6,81.1,53.2,5.83,3,0,3,0,89.4,77.5,95.5,8.4,95.3,77.5,0.75,10.0
STU_04924,below_avg,5,0.87,1.11,0.59,0.52,58.5,58.4,34.2,57.0,9.4,7.07,4,2,0,3,33.6,12.3,55.9,17.1,49.8,17.5,0.5,2.0
STU_04925,average,4,2.21,0.64,3.53,-2.89,63.8,69.1,57.5,31.7,62.2,6.0,7,5,1,5,42.7,28.2,70.0,12.9,60.6,35.6,0.38,3.11
STU_04926,failing,4,0.27,0.0,0.0,0.0,13.8,14.7,42.5,29.3,6.5,5.18,7,7,0,7,6.6,2.0,16.8,5.8,15.0,3.2,0.38,0.0
STU_04927,struggling,6,0.4,0.75,0.0,0.75,50.6,44.3,35.7,50.1,0.0,7.02,4,3,0,3,25.2,12.7,52.4,15.9,28.0,16.9,0.62,0.0
STU_04928,below_avg,3,0.71,0.53,0.0,0.53,56.1,55.6,27.2,44.2,49.0,5.55,6,5,0,6,22.9,2.0,46.7,14.7,39.3,14.7,0.25,0.0
STU_04929,above_avg,3,5.89,5.05,6.68,-1.63,87.1,48.7,52.9,31.6,24.6,5.91,6,1,0,2,54.4,39.0,65.8,8.5,52.1,55.5,0.25,5.41
STU_04930,above_avg,3,4.75,4.89,4.63,0.26,86.4,66.3,49.7,40.2,27.1,4.97,6,1,0,2,51.7,27.1,65.2,12.7,57.0,49.1,0.25,1.68
STU_04931,below_avg,5,0.88,0.0,1.14,-1.14,59.8,41.6,57.2,43.0,0.0,6.65,4,4,0,4,21.1,2.2,39.9,13.8,33.0,9.2,0.5,1.88
STU_04932,strong,4,6.4,6.05,7.05,-1.0,98.1,67.9,79.6,21.2,5.9,5.16,7,0,0,1,57.3,45.0,66.4,6.4,62.8,55.1,0.38,5.33
STU_04933,average,7,2.4,1.67,3.38,-1.71,62.0,53.5,51.5,47.8,25.1,6.71,3,1,0,2,46.2,36.4,57.8,8.8,51.1,36.4,0.75,4.33
STU_04934,above_avg,3,6.51,6.74,5.95,0.79,78.9,83.9,55.6,59.8,58.6,6.3,6,0,2,1,64.9,44.4,80.4,11.1,76.6,59.0,0.25,7.77
STU_04935,failing,3,0.25,0.0,0.0,0.0,33.5,38.8,14.1,6.6,12.4,6.81,6,6,0,6,7.4,2.0,20.6,7.7,18.1,2.1,0.25,0.0
STU_04936,average,6,2.87,3.62,3.11,0.51,72.8,49.7,38.6,72.1,12.2,5.68,4,1,0,4,43.5,36.5,48.8,4.4,43.3,44.1,0.62,0.67
STU_04937,failing,3,0.49,0.0,0.0,0.0,26.9,5.3,4.5,36.7,42.8,7.01,6,6,0,6,12.9,2.0,20.5,7.6,11.6,13.6,0.25,0.0
STU_04938,below_avg,4,0.04,0.0,0.0,0.0,65.3,20.2,42.8,35.4,51.1,5.94,7,7,0,7,14.3,2.0,26.6,10.2,14.3,14.3,0.38,0.0
STU_04939,above_avg,5,4.82,5.0,4.64,0.36,72.2,44.6,61.3,73.3,5.7,6.08,4,0,0,2,50.5,42.4,59.8,6.5,53.5,47.6,0.5,2.62
STU_04940,strong,4,7.01,7.5,6.42,1.08,92.2,97.7,80.7,82.9,22.6,6.22,7,0,4,0,71.1,63.9,79.2,4.4,75.1,69.5,0.38,9.0
STU_04941,struggling,3,0.0,0.0,0.0,0.0,36.6,44.1,53.7,44.5,0.8,6.79,6,6,0,6,8.5,2.0,33.8,11.6,21.4,2.0,0.25,0.0
STU_04942,below_avg,4,0.0,0.0,0.32,-0.32,50.3,24.4,25.6,27.6,48.2,6.07,7,7,0,7,18.0,2.0,32.0,11.5,15.2,19.1,0.38,0.0
STU_04943,topper,3,8.9,8.53,10.0,-1.47,95.0,82.1,80.2,94.0,0.0,5.98,6,0,4,0,77.5,64.9,92.4,9.2,87.5,72.5,0.25,10.0
STU_04944,topper,3,9.28,8.95,8.74,0.21,92.7,99.1,71.3,54.2,22.9,6.06,6,0,5,0,79.0,66.6,86.9,7.2,85.7,75.7,0.25,10.0
STU_04945,strong,3,7.56,7.68,7.26,0.42,85.3,81.6,88.0,68.4,11.7,6.34,6,0,3,0,73.5,61.7,87.7,8.8,85.2,67.7,0.25,9.09
STU_04946,average,3,1.75,1.26,2.0,-0.74,73.5,49.6,34.1,50.8,28.4,4.6,6,5,0,5,32.2,6.6,54.1,14.8,39.7,28.4,0.25,0.18
STU_04947,average,3,3.0,3.89,2.11,1.78,77.8,57.9,37.6,64.9,19.2,6.36,6,1,0,4,47.4,38.4,58.0,6.3,54.4,43.9,0.25,2.45
STU_04948,above_avg,5,8.2,8.0,7.91,0.09,84.9,49.6,66.5,76.3,22.1,6.9,4,0,1,0,69.9,64.0,85.2,8.8,65.3,74.6,0.5,6.75
STU_04949,strong,4,6.54,7.09,6.11,0.98,95.5,70.1,61.9,74.7,34.8,6.65,7,0,2,0,65.7,51.1,85.9,10.2,72.9,62.8,0.38,7.11
STU_04950,struggling,6,0.69,1.12,0.0,1.12,40.2,32.7,26.6,22.2,14.2,6.81,4,2,0,4,31.4,2.0,47.1,17.9,41.1,2.0,0.62,0.0
STU_04951,above_avg,6,6.73,6.75,6.22,0.53,71.1,62.8,69.6,37.7,26.7,6.51,4,1,2,1,59.5,30.5,70.8,16.8,55.7,70.8,0.62,6.5
STU_04952,below_avg,5,1.24,0.67,1.14,-0.47,59.5,67.9,45.5,39.8,36.5,6.83,4,3,0,3,24.2,2.0,55.0,21.8,44.8,3.7,0.5,0.88
STU_04953,topper,6,8.46,9.0,9.56,-0.56,96.2,73.1,65.7,62.6,51.3,8.13,4,0,4,0,87.8,70.7,97.5,10.2,93.5,70.7,0.62,8.0
STU_04954,struggling,4,0.45,0.0,0.0,0.0,44.9,16.4,41.5,28.9,38.2,6.76,7,7,0,7,9.5,2.0,26.8,8.6,13.9,7.8,0.38,0.0
STU_04955,below_avg,5,0.0,0.0,0.0,0.0,56.0,12.9,39.3,68.2,21.7,4.83,4,4,0,4,10.4,2.0,22.6,8.3,18.0,2.7,0.5,0.0
STU_04956,average,5,5.31,4.33,5.27,-0.94,62.7,43.8,43.0,61.7,0.0,7.11,4,1,0,3,43.9,32.0,50.1,7.2,40.5,47.2,0.5,3.5
STU_04957,average,4,1.9,2.73,0.26,2.47,64.4,17.7,73.3,52.2,61.3,6.09,7,4,0,6,37.3,17.2,51.0,10.8,31.9,39.4,0.38,4.67
STU_04958,strong,5,8.93,8.33,9.36,-1.03,80.8,86.1,64.8,84.0,56.7,5.91,4,0,4,0,75.5,70.9,80.1,3.7,79.1,72.0,0.5,10.0
STU_04959,average,3,1.63,3.32,0.0,3.32,63.7,70.6,77.6,23.8,44.6,6.48,6,2,1,4,47.8,27.2,73.9,16.9,68.2,37.6,0.25,1.0
STU_04960,average,3,0.66,0.89,0.21,0.68,77.4,56.1,46.4,17.0,0.0,7.42,6,4,0,5,34.0,19.5,57.8,14.0,52.7,24.7,0.25,1.0
STU_04961,strong,4,6.75,6.32,7.58,-1.26,84.7,73.6,57.8,44.6,21.6,5.19,7,0,3,1,65.2,42.9,91.7,15.3,84.3,57.5,0.38,5.89
STU_04962,average,4,4.04,2.32,6.32,-4.0,80.7,82.2,38.1,66.5,41.0,4.51,7,3,0,5,39.5,19.7,57.1,13.2,52.2,34.4,0.38,0.56
STU_04963,above_avg,5,5.49,5.78,5.5,0.28,82.5,54.8,65.8,41.8,30.2,6.79,4,0,0,1,50.0,42.2,54.5,4.7,47.2,52.7,0.5,6.0
STU_04964,average,3,2.58,3.0,2.11,0.89,74.2,48.2,35.1,49.5,35.3,6.34,6,2,0,4,46.9,29.5,65.7,13.7,64.2,38.2,0.25,5.41
STU_04965,improving,6,1.58,2.12,0.0,2.12,91.1,74.3,56.8,45.4,20.7,5.33,4,2,0,3,40.0,26.4,50.7,9.6,44.5,26.4,0.62,7.67
STU_04966,strong,3,7.05,6.79,7.32,-0.53,93.5,81.5,86.1,66.3,38.0,6.82,6,0,1,0,64.1,51.8,78.5,8.6,73.2,59.6,0.25,6.23
STU_04967,strong,5,8.53,8.22,8.5,-0.28,82.4,90.6,87.6,85.3,35.3,7.13,4,0,2,0,71.6,63.5,82.4,7.9,69.8,73.5,0.5,9.75
STU_04968,strong,3,7.03,8.42,6.95,1.47,90.1,87.9,78.9,81.9,14.9,4.0,6,0,5,0,75.1,54.6,80.0,9.2,79.5,72.8,0.25,8.91
STU_04969,struggling,4,0.0,0.0,0.32,-0.32,35.7,34.5,37.5,36.6,43.4,6.32,7,7,0,7,13.7,2.0,31.5,11.7,20.1,11.1,0.38,0.44
STU_04970,below_avg,7,1.73,1.5,1.5,0.0,49.2,48.5,29.3,52.4,31.7,7.16,3,2,1,2,39.6,14.7,76.6,26.7,52.0,14.7,0.75,5.0
STU_04971,above_avg,7,4.59,5.67,3.75,1.92,81.8,79.0,79.9,46.0,51.8,5.68,3,0,0,1,58.6,49.4,63.6,6.5,63.2,49.4,0.75,6.67
STU_04972,topper,4,7.44,7.59,7.05,0.54,96.9,99.9,73.9,52.0,37.7,7.11,7,0,4,0,72.3,57.4,91.2,9.9,83.2,68.0,0.38,10.0
STU_04973,below_avg,7,1.5,0.67,1.88,-1.21,52.9,52.6,15.3,45.6,16.2,6.95,3,2,0,3,30.3,7.2,43.7,16.4,41.8,7.2,0.75,0.0
STU_04974,average,7,4.59,5.83,3.12,2.71,62.0,71.4,51.2,31.6,52.6,5.62,3,1,0,1,53.6,32.4,65.2,15.0,47.8,65.2,0.75,5.33
STU_04975,average,4,2.04,2.32,1.68,0.64,77.5,79.5,78.4,11.9,26.7,5.7,7,3,0,5,38.1,17.8,53.5,13.0,50.6,33.1,0.38,1.33
STU_04976,above_avg,3,4.41,3.58,5.63,-2.05,87.4,64.4,52.8,48.7,51.6,6.44,6,1,0,5,45.1,36.6,52.1,5.3,49.8,42.7,0.25,4.27
STU_04977,average,4,3.51,4.09,3.05,1.04,65.8,82.8,56.1,55.8,53.0,6.07,7,1,0,5,48.5,28.0,68.7,12.2,64.8,42.0,0.38,3.44
STU_04978,below_avg,7,0.31,0.0,0.75,-0.75,70.6,13.1,33.1,26.4,22.8,6.01,3,3,0,3,22.4,12.7,34.1,8.8,16.6,34.1,0.75,0.83
STU_04979,topper,5,8.55,9.56,8.0,1.56,90.2,100.0,54.6,74.6,24.9,7.13,4,0,4,0,89.7,76.1,95.0,7.9,93.8,85.5,0.5,10.0
STU_04980,average,4,0.39,1.09,0.89,0.2,73.4,44.7,38.2,27.0,60.8,6.3,7,6,0,6,34.3,21.2,52.7,9.4,37.0,33.2,0.38,1.11
STU_04981,average,4,2.86,3.36,3.05,0.31,70.3,45.8,38.5,44.5,57.0,6.89,7,2,0,5,45.9,30.9,63.8,10.0,49.1,44.6,0.38,2.44
STU_04982,below_avg,4,0.14,0.45,0.0,0.45,60.3,63.3,42.6,18.5,27.6,6.47,7,5,0,7,25.4,6.2,47.2,14.4,46.1,17.1,0.38,0.56
STU_04983,above_avg,3,3.1,2.89,4.58,-1.69,79.0,71.1,40.0,51.9,64.0,7.13,6,2,1,4,51.2,39.4,71.6,13.8,70.6,41.5,0.25,5.05
STU_04984,struggling,4,0.49,0.0,0.0,0.0,49.3,34.2,27.3,46.3,4.7,6.51,7,7,0,7,9.8,2.0,27.1,9.8,24.0,4.2,0.38,0.0
STU_04985,below_avg,3,0.74,1.11,0.74,0.37,67.7,45.4,24.5,31.2,4.5,6.29,6,4,0,6,32.0,19.2,49.7,11.3,40.2,27.9,0.25,2.55
STU_04986,above_avg,4,7.33,6.45,7.26,-0.81,75.7,64.8,80.5,70.8,6.4,6.19,7,0,1,0,59.7,52.6,74.3,7.4,63.8,58.1,0.38,5.78
STU_04987,above_avg,7,7.35,7.0,7.0,0.0,74.5,87.8,57.1,69.5,45.1,7.82,3,0,2,0,70.0,52.0,87.0,14.3,79.0,52.0,0.75,6.83
STU_04988,below_avg,4,0.0,0.0,0.0,0.0,51.1,22.0,30.5,24.3,45.7,5.95,7,7,0,7,15.4,4.2,36.3,10.1,26.7,10.8,0.38,0.0
STU_04989,below_avg,3,0.85,1.58,0.0,1.58,58.0,51.7,42.8,36.3,36.9,6.93,6,3,0,6,36.1,13.3,49.8,12.5,47.0,30.6,0.25,0.0
STU_04990,below_avg,5,0.0,0.44,0.0,0.44,65.5,37.7,22.2,36.0,22.1,7.63,4,3,0,4,23.5,5.6,43.3,14.3,29.4,17.6,0.5,0.0
STU_04991,above_avg,7,6.5,6.83,6.12,0.71,87.0,52.4,57.6,32.4,24.6,5.21,3,0,0,0,62.5,56.4,66.8,4.4,60.3,66.8,0.75,7.5
STU_04992,below_avg,3,0.52,0.42,0.0,0.42,63.1,30.8,35.5,35.2,18.2,6.0,6,5,0,6,19.2,2.0,43.0,14.7,34.8,11.4,0.25,0.23
STU_04993,strong,6,8.32,7.75,9.44,-1.69,83.4,92.3,61.0,66.5,6.6,5.95,4,0,3,0,74.0,64.3,86.7,8.1,77.2,64.3,0.62,8.5
STU_04994,average,6,1.6,0.0,3.33,-3.33,69.3,41.4,43.1,30.8,13.9,5.22,4,4,0,4,27.7,16.3,38.3,10.1,31.6,16.3,0.62,0.0
STU_04995,strong,3,6.78,6.68,6.84,-0.16,93.9,64.8,58.6,81.7,44.6,6.54,6,0,0,0,61.3,54.7,66.3,4.8,60.5,61.8,0.25,6.27
STU_04996,above_avg,5,4.15,6.33,1.82,4.51,76.6,80.2,59.2,78.2,52.1,6.95,4,0,2,1,63.8,47.6,71.7,9.6,70.8,56.8,0.5,7.88
STU_04997,average,4,2.79,4.05,1.95,2.1,76.9,89.4,45.7,51.5,74.2,4.98,7,2,1,3,52.2,25.9,81.0,16.9,70.5,44.9,0.38,5.67
STU_04998,struggling,4,0.2,0.0,0.0,0.0,41.1,29.0,44.7,54.3,33.4,6.3,7,7,0,7,12.1,2.0,34.8,12.4,26.8,6.2,0.38,0.0
STU_04999,failing,4,0.01,0.0,0.0,0.0,12.6,16.6,24.7,34.5,0.0,6.85,7,7,0,7,6.3,2.0,19.6,6.1,10.8,4.5,0.38,0.0
STU_05000,average,5,1.83,2.89,0.27,2.62,75.2,56.7,36.8,73.3,21.5,5.8,4,1,0,3,37.9,5.4,51.6,18.9,49.4,26.5,0.5,4.5
STU_05001,average,6,6.1,6.62,5.44,1.18,65.9,56.2,57.0,46.8,23.9,5.81,4,0,1,0,61.8,52.3,72.3,7.3,62.9,58.7,0.62,4.5
STU_05002,strong,7,8.73,7.5,8.5,-1.0,88.6,90.6,74.0,58.7,48.9,7.03,3,0,2,0,71.2,64.6,77.9,5.4,74.5,64.6,0.75,7.67
STU_05003,above_avg,4,6.01,4.05,7.79,-3.74,85.1,77.8,71.5,61.8,32.3,5.03,7,2,1,2,52.8,16.1,81.4,19.3,71.8,45.2,0.38,5.22
STU_05004,above_avg,7,6.2,6.5,6.5,0.0,83.7,77.5,39.7,86.2,14.5,5.17,3,0,1,0,66.7,58.2,73.3,6.3,71.0,58.2,0.75,5.33
STU_05005,average,7,2.43,2.17,2.12,0.05,68.3,57.7,60.7,38.2,7.8,6.15,3,1,0,1,51.4,35.8,64.7,11.9,59.2,35.8,0.75,5.0
STU_05006,average,5,2.24,1.33,2.91,-1.58,61.7,31.2,56.0,51.2,24.8,6.88,4,2,0,2,42.3,23.0,55.0,12.9,54.0,30.5,0.5,3.25
STU_05007,failing,3,0.05,0.0,0.0,0.0,29.1,20.7,31.5,21.0,1.3,6.03,6,6,0,6,3.7,2.0,12.1,3.8,7.0,2.0,0.25,0.0
STU_05008,below_avg,4,0.82,0.27,0.63,-0.36,58.8,61.9,43.2,50.7,15.2,6.5,7,6,0,6,22.3,2.0,52.0,15.5,38.4,15.9,0.38,0.0
STU_05009,struggling,3,0.09,0.0,0.0,0.0,54.8,27.5,18.2,45.1,29.9,6.02,6,6,0,6,10.5,2.0,26.9,9.4,20.6,5.4,0.25,0.0
STU_05010,below_avg,5,0.52,0.56,0.0,0.56,51.0,60.5,44.6,64.8,29.4,6.34,4,3,0,4,27.8,7.2,48.8,15.5,41.7,13.9,0.5,0.75
STU_05011,average,3,2.81,3.89,1.21,2.68,73.4,58.6,63.4,41.1,70.9,6.53,6,1,0,4,46.1,37.3,58.1,7.1,49.4,44.5,0.25,5.36
STU_05012,strong,3,7.24,7.42,6.89,0.53,85.4,74.0,48.4,67.2,19.6,6.23,6,0,4,1,72.0,49.3,92.6,13.0,85.9,65.0,0.25,6.91
STU_05013,strong,7,7.09,7.67,6.38,1.29,86.6,77.8,62.6,48.4,53.6,7.22,3,0,2,0,71.5,62.1,80.0,7.3,76.2,62.1,0.75,6.83
STU_05014,improving,5,0.85,1.22,0.18,1.04,81.6,68.2,59.2,82.5,71.5,5.09,4,2,0,3,44.5,31.7,65.4,12.6,53.6,35.5,0.5,7.38
STU_05015,above_avg,5,6.96,6.44,6.45,-0.01,74.6,60.9,37.8,68.0,32.9,6.7,4,0,1,1,63.1,47.9,76.7,10.6,68.2,58.0,0.5,6.88
STU_05016,above_avg,7,4.92,6.17,3.25,2.92,82.6,72.0,48.7,70.0,21.5,6.0,3,0,0,0,60.2,55.9,68.3,5.7,62.1,56.5,0.75,8.67
STU_05017,below_avg,3,1.23,1.89,1.53,0.36,58.1,59.1,46.4,50.6,41.1,5.76,6,3,0,5,37.4,19.9,52.7,11.3,46.8,32.8,0.25,0.91
STU_05018,struggling,7,0.0,0.0,0.0,0.0,51.8,10.7,18.4,24.1,0.0,5.61,3,3,0,3,10.3,2.0,26.9,11.7,14.4,2.0,0.75,0.0
STU_05019,above_avg,4,5.66,3.86,7.16,-3.3,71.6,62.0,63.8,72.4,26.4,6.51,7,2,1,3,49.8,25.7,77.4,14.8,60.8,45.5,0.38,6.89
STU_05020,struggling,4,0.26,0.0,0.63,-0.63,31.2,33.4,25.7,39.5,16.3,7.71,7,7,0,7,15.2,2.0,25.3,7.3,18.6,13.9,0.38,0.0
STU_05021,above_avg,5,4.68,5.67,3.41,2.26,74.6,74.2,46.9,47.0,45.4,6.56,4,0,0,1,54.5,45.1,58.7,5.5,57.2,51.7,0.5,5.12
STU_05022,struggling,4,0.7,0.0,0.74,-0.74,44.5,30.7,20.5,38.4,19.8,6.62,7,7,0,7,11.6,2.0,31.8,11.6,19.0,8.7,0.38,0.0
STU_05023,average,3,1.56,1.89,1.26,0.63,59.7,36.6,56.1,78.9,32.5,5.91,6,4,0,4,34.4,15.2,56.1,16.0,47.0,28.1,0.25,1.0
STU_05024,average,5,0.52,1.33,0.45,0.88,79.0,43.8,32.5,45.1,30.4,5.83,4,2,0,3,41.8,29.0,61.2,12.7,53.2,30.5,0.5,6.38
STU_05025,below_avg,5,0.02,0.44,0.27,0.17,53.7,59.3,40.3,48.3,1.1,7.1,4,3,0,4,29.6,2.0,41.4,16.1,40.6,18.6,0.5,1.5
STU_05026,average,5,2.25,0.0,5.14,-5.14,68.0,54.4,21.0,74.9,6.7,6.44,4,4,0,4,35.8,33.0,39.9,2.6,37.2,34.3,0.5,1.0
STU_05027,average,3,3.07,4.89,1.21,3.68,65.0,70.3,55.6,81.2,77.7,7.11,6,0,0,4,49.8,40.5,65.9,10.2,54.9,47.3,0.25,3.95
STU_05028,above_avg,6,6.1,5.62,7.11,-1.49,77.2,47.7,61.7,24.8,57.1,8.1,4,0,0,2,54.0,45.5,66.7,7.9,55.4,49.8,0.62,6.33
STU_05029,average,4,2.12,2.86,1.47,1.39,74.3,69.6,42.4,72.2,1.5,6.39,7,2,0,6,41.2,29.5,50.4,7.6,48.0,38.5,0.38,2.78
STU_05030,strong,3,6.64,7.63,6.42,1.21,85.0,62.5,76.6,90.2,44.8,6.64,6,0,3,0,70.8,60.6,91.1,11.0,83.4,64.5,0.25,9.45
STU_05031,below_avg,6,0.0,0.5,0.0,0.5,54.2,46.9,20.6,56.7,44.7,6.52,4,3,0,4,27.0,14.4,41.9,9.9,31.2,14.4,0.62,1.0
STU_05032,topper,3,10.0,9.37,9.79,-0.42,93.6,100.0,100.0,79.5,38.1,6.59,6,0,6,0,83.8,73.8,91.0,6.6,89.0,81.2,0.25,10.0
STU_05033,struggling,4,0.11,0.0,0.0,0.0,52.9,9.0,24.8,35.6,50.5,7.23,7,7,0,7,13.9,2.0,37.5,11.1,11.4,14.9,0.38,0.0
STU_05034,above_avg,3,5.71,6.74,4.74,2.0,77.4,62.2,62.4,37.2,47.8,6.96,6,0,1,1,61.9,45.4,74.3,8.7,60.4,62.6,0.25,9.09
STU_05035,below_avg,5,0.69,0.0,0.0,0.0,49.7,52.6,45.6,39.8,21.8,5.79,4,4,0,4,20.0,2.0,34.2,12.9,32.2,7.8,0.5,2.0
STU_05036,average,5,0.24,0.0,0.18,-0.18,61.6,39.7,34.5,57.5,42.7,6.03,4,4,0,4,30.5,26.7,36.3,3.5,32.8,28.3,0.5,3.25
STU_05037,average,4,3.59,5.0,3.16,1.84,78.2,63.4,31.6,25.6,22.0,7.64,7,1,0,3,48.5,27.3,65.1,10.5,46.2,49.4,0.38,6.67
STU_05038,below_avg,4,0.64,0.27,0.95,-0.68,54.5,24.8,56.8,19.7,36.2,6.11,7,6,0,6,20.1,2.0,50.4,15.5,30.1,16.1,0.38,0.44
STU_05039,average,6,4.38,5.5,3.44,2.06,70.2,79.0,69.6,33.5,57.8,6.6,4,0,0,1,58.9,41.3,68.1,10.5,64.7,41.3,0.62,6.5
STU_05040,below_avg,7,0.05,0.67,1.38,-0.71,58.3,49.2,40.0,67.9,34.5,6.35,3,2,0,3,23.2,4.5,43.3,15.9,23.9,21.8,0.75,0.0
STU_05041,average,4,1.64,1.59,2.05,-0.46,73.3,52.7,60.5,40.1,28.8,5.85,7,4,0,5,40.6,20.7,55.0,11.0,49.9,36.8,0.38,0.78
STU_05042,above_avg,3,7.32,7.68,6.42,1.26,84.9,87.7,53.8,41.0,20.9,4.43,6,0,3,0,73.2,52.1,90.4,12.2,85.8,66.9,0.25,7.68
STU_05043,average,4,1.0,1.55,1.89,-0.34,72.4,50.3,52.9,62.2,68.5,5.62,7,4,0,6,38.3,21.9,51.1,10.4,47.2,34.7,0.38,0.67
STU_05044,strong,4,7.37,7.32,7.37,-0.05,87.7,88.3,78.5,67.1,52.0,6.5,7,0,3,0,69.6,54.6,95.7,14.2,81.1,65.0,0.38,8.0
STU_05045,below_avg,4,0.0,0.0,0.0,0.0,52.3,57.9,41.9,74.9,6.1,6.52,7,7,0,7,20.0,4.6,37.6,11.4,34.8,14.1,0.38,0.0
STU_05046,topper,4,9.91,9.82,9.79,0.03,93.2,100.0,98.7,54.7,44.6,6.06,7,0,7,0,91.0,78.5,100.0,7.8,96.7,88.8,0.38,10.0
STU_05047,improving,3,2.3,3.63,1.26,2.37,76.7,75.6,37.6,48.5,68.0,6.23,6,1,0,4,51.2,37.1,69.6,12.9,69.0,42.3,0.25,5.91
STU_05048,improving,5,2.67,3.67,1.18,2.49,83.0,69.6,47.0,69.4,14.8,4.83,4,1,1,1,56.6,39.3,75.3,12.8,66.2,47.0,0.5,6.25
STU_05049,above_avg,4,3.82,3.68,3.58,0.1,75.1,75.2,37.2,69.8,62.8,4.31,7,2,0,4,48.5,30.1,63.4,10.9,58.2,44.6,0.38,6.78
STU_05050,average,5,3.5,3.11,4.32,-1.21,76.2,47.1,47.8,39.8,0.0,6.03,4,1,0,2,45.1,36.4,52.8,6.8,46.8,43.5,0.5,5.12
STU_05051,strong,5,8.13,7.78,8.27,-0.49,96.0,82.8,76.0,76.4,2.3,6.41,4,0,2,0,69.8,61.9,77.7,6.0,69.8,69.8,0.5,8.25
STU_05052,below_avg,3,0.88,1.05,0.0,1.05,68.0,47.0,36.9,18.1,8.5,6.6,6,5,0,6,26.2,9.5,48.4,11.7,27.7,25.5,0.25,1.45
STU_05053,below_avg,5,0.36,0.44,0.18,0.26,57.5,43.1,26.5,55.2,37.6,7.22,4,3,0,4,26.9,3.9,44.9,15.6,40.9,12.8,0.5,2.25
STU_05054,below_avg,4,0.0,0.23,0.0,0.23,56.5,42.4,24.3,33.2,48.8,5.69,7,6,0,7,20.5,2.0,47.2,13.5,35.0,14.8,0.38,0.67
STU_05055,struggling,3,0.0,0.0,0.0,0.0,52.9,37.2,25.8,46.5,39.5,5.64,6,6,0,6,17.7,2.0,38.7,13.9,20.4,16.3,0.25,1.09
STU_05056,above_avg,7,4.02,6.0,2.38,3.62,79.6,68.0,76.0,40.4,55.0,7.64,3,0,0,0,55.9,53.5,57.3,1.7,57.1,53.5,0.75,6.67
STU_05057,strong,5,8.21,9.0,7.45,1.55,84.6,100.0,77.9,61.3,48.6,6.09,4,0,4,0,78.4,72.6,83.7,4.3,80.0,76.9,0.5,9.62
STU_05058,failing,5,0.15,0.0,0.23,-0.23,35.8,6.4,31.1,18.2,21.3,5.8,4,4,0,4,2.0,2.0,2.0,0.0,2.0,2.0,0.5,0.0
STU_05059,struggling,6,0.05,0.5,0.0,0.5,37.3,29.0,28.1,32.9,8.2,7.59,4,3,0,4,22.3,2.0,42.3,14.4,23.3,19.1,0.62,0.0
STU_05060,below_avg,4,0.85,1.09,0.84,0.25,54.8,53.4,31.4,48.3,45.6,6.12,7,4,0,7,30.0,18.1,43.9,10.5,42.2,25.1,0.38,0.44
STU_05061,topper,5,9.89,10.0,9.23,0.77,95.1,90.5,98.1,88.5,41.8,6.78,4,0,4,0,98.2,96.2,100.0,1.8,100.0,96.5,0.5,10.0
STU_05062,above_avg,5,4.71,5.0,3.59,1.41,84.4,77.0,53.1,68.2,53.5,6.06,4,0,1,3,56.0,42.3,88.0,18.6,66.5,45.5,0.5,7.38
STU_05063,below_avg,4,0.0,0.0,0.42,-0.42,47.2,29.5,43.9,42.2,35.0,4.46,7,7,0,7,22.5,8.9,35.6,8.6,20.8,23.2,0.38,0.56
STU_05064,average,3,4.81,4.16,4.68,-0.52,71.7,78.1,56.7,27.7,0.0,6.27,6,1,0,3,49.9,39.8,65.3,8.7,59.7,44.9,0.25,1.91
STU_05065,below_avg,3,0.0,0.0,0.0,0.0,65.5,41.8,16.8,27.1,18.8,5.2,6,6,0,6,20.2,2.0,33.4,10.1,25.2,17.6,0.25,0.0
STU_05066,average,5,1.42,1.44,2.36,-0.92,77.1,72.0,32.9,60.5,0.0,8.32,4,2,0,2,46.9,28.7,63.2,14.5,61.0,32.8,0.5,3.12
STU_05067,topper,3,9.89,10.0,10.0,0.0,86.9,93.9,92.2,87.1,39.8,6.27,6,0,6,0,89.2,81.4,100.0,7.0,97.9,84.9,0.25,10.0
STU_05068,below_avg,3,0.0,0.0,0.0,0.0,66.8,21.8,48.7,41.3,16.3,6.82,6,6,0,6,18.9,2.0,39.6,14.9,29.9,13.4,0.25,0.27
STU_05069,average,4,4.38,5.23,3.84,1.39,78.7,63.4,44.7,83.9,22.5,5.22,7,1,0,3,51.4,33.6,66.2,11.0,49.0,52.3,0.38,8.0
STU_05070,above_avg,4,6.84,7.23,6.05,1.18,74.3,79.0,48.5,63.0,9.6,5.2,7,0,2,0,68.0,56.2,79.6,7.0,71.3,66.7,0.38,6.67
STU_05071,topper,5,10.0,10.0,10.0,0.0,93.9,97.5,68.5,89.9,15.2,6.44,4,0,4,0,96.2,88.7,100.0,4.5,99.8,92.8,0.5,10.0
STU_05072,below_avg,3,1.06,1.58,0.0,1.58,59.5,58.0,44.2,24.3,15.9,5.93,6,4,0,6,23.4,2.0,45.7,19.2,40.2,15.0,0.25,2.32
STU_05073,strong,4,8.61,8.36,8.53,-0.17,87.7,75.0,84.0,77.1,21.5,6.57,7,0,5,0,77.8,69.4,88.2,6.9,83.2,75.6,0.38,8.78
STU_05074,above_avg,6,6.38,6.62,6.0,0.62,86.8,69.0,63.0,50.0,79.1,6.13,4,0,1,0,62.8,53.3,71.3,7.9,65.9,53.3,0.62,2.33
STU_05075,average,4,0.97,0.41,0.53,-0.12,83.2,45.6,69.7,35.5,0.0,6.68,7,5,0,7,31.4,9.0,49.7,13.7,47.2,25.1,0.38,0.0
STU_05076,struggling,5,0.0,0.0,0.0,0.0,34.5,25.7,29.9,25.9,24.7,7.51,4,4,0,4,12.6,2.0,26.6,10.9,23.1,2.0,0.5,0.5
STU_05077,failing,3,0.23,0.0,0.0,0.0,15.7,3.8,17.2,21.6,0.0,6.38,6,6,0,6,6.0,2.0,19.2,6.1,11.9,3.0,0.25,0.0
STU_05078,strong,5,7.76,7.0,7.77,-0.77,77.7,77.9,84.7,77.5,29.7,5.26,4,0,2,0,68.6,54.1,87.5,12.4,79.1,58.2,0.5,9.75
STU_05079,topper,3,10.0,9.37,10.0,-0.63,97.8,90.6,70.8,71.2,54.5,6.77,6,0,6,0,85.1,73.2,94.5,7.7,93.5,80.8,0.25,9.95
STU_05080,above_avg,3,4.32,2.79,5.53,-2.74,77.1,46.0,51.4,49.7,12.7,5.34,6,2,0,5,43.0,38.2,51.1,4.7,44.7,42.1,0.25,5.36
STU_05081,average,6,3.19,4.75,1.33,3.42,75.5,50.2,51.8,38.1,3.4,6.55,4,1,0,2,49.5,33.1,59.3,10.2,49.8,48.8,0.62,1.83
STU_05082,strong,7,8.58,8.67,7.5,1.17,91.9,93.8,72.2,75.7,10.0,6.8,3,0,3,0,88.2,73.4,97.3,10.6,95.7,73.4,0.75,10.0
STU_05083,average,5,2.65,3.22,2.5,0.72,76.5,59.3,42.7,66.6,63.3,6.15,4,1,0,2,45.4,22.1,61.2,15.4,59.2,31.5,0.5,5.5
STU_05084,average,3,2.98,2.16,4.42,-2.26,78.5,65.4,49.3,55.9,24.0,5.07,6,3,0,4,39.8,13.9,61.4,16.4,54.7,32.4,0.25,0.95
STU_05085,average,4,4.08,4.55,3.26,1.29,65.3,56.0,70.2,55.0,3.0,5.62,7,1,0,3,49.7,33.8,59.6,8.4,54.6,47.7,0.38,5.56
STU_05086,below_avg,3,0.32,0.84,0.0,0.84,61.6,26.1,36.9,22.6,11.8,7.64,6,5,0,6,16.1,2.0,41.4,15.7,24.7,11.8,0.25,0.18
STU_05087,failing,4,0.0,0.0,0.0,0.0,19.2,4.9,2.2,25.9,23.2,6.28,7,7,0,7,3.9,2.0,14.8,4.5,8.5,2.0,0.38,0.0
STU_05088,above_avg,3,7.24,7.95,6.37,1.58,77.3,83.4,58.0,46.4,32.9,6.33,6,0,3,0,70.1,53.8,80.4,9.8,72.3,68.9,0.25,6.05
STU_05089,improving,4,1.22,2.36,0.0,2.36,80.5,56.4,65.0,68.9,57.7,6.54,7,3,0,5,42.2,13.3,63.6,15.2,54.7,37.2,0.38,5.89
STU_05090,strong,5,5.39,5.33,5.55,-0.22,80.8,69.3,79.0,53.3,74.8,5.71,4,0,1,1,58.3,42.0,73.9,11.3,65.7,50.9,0.5,6.38
STU_05091,struggling,4,0.37,1.09,0.21,0.88,40.9,46.8,12.5,19.4,0.0,6.56,7,6,0,6,19.8,2.0,55.8,19.3,32.3,14.8,0.38,0.67
STU_05092,improving,4,1.73,2.95,0.0,2.95,93.2,22.0,61.6,65.4,14.8,5.44,7,3,0,6,43.7,36.0,58.6,7.5,42.2,44.3,0.38,2.89
STU_05093,failing,4,0.0,0.0,0.0,0.0,13.6,9.5,15.8,38.4,0.0,6.82,7,7,0,7,5.2,2.0,17.7,5.3,9.8,3.4,0.38,0.0
STU_05094,strong,5,6.71,7.0,6.45,0.55,84.0,90.9,74.9,46.8,22.8,5.58,4,0,2,0,69.9,58.6,84.6,9.5,77.7,62.2,0.5,7.5
STU_05095,topper,7,8.39,8.0,9.5,-1.5,90.5,77.4,79.9,64.1,43.9,6.04,3,0,2,0,77.5,62.1,86.4,10.9,85.2,62.1,0.75,9.33
STU_05096,above_avg,4,3.41,2.5,3.16,-0.66,81.1,40.2,28.8,34.8,0.0,6.47,7,3,0,5,44.7,30.7,57.4,9.7,51.1,42.1,0.38,1.44
STU_05097,topper,4,9.95,10.0,9.79,0.21,91.4,100.0,81.5,66.1,27.4,6.02,7,0,7,0,91.2,83.4,100.0,6.3,92.3,90.8,0.38,10.0
STU_05098,below_avg,4,1.15,2.64,0.0,2.64,57.4,42.6,38.4,34.3,31.2,7.04,7,3,0,5,40.1,20.9,53.1,12.1,47.5,37.2,0.38,2.67
STU_05099,topper,4,9.24,10.0,9.11,0.89,86.4,100.0,75.6,96.4,30.9,5.69,7,0,7,0,90.6,83.6,96.2,3.7,94.1,89.2,0.38,10.0
STU_05100,struggling,4,0.07,0.45,0.74,-0.29,28.5,53.5,36.9,34.5,0.0,5.18,7,5,0,7,26.1,14.1,48.2,13.8,47.2,17.6,0.38,0.0
STU_05101,struggling,5,0.09,0.0,0.18,-0.18,38.8,11.1,16.6,34.9,12.1,7.05,4,4,0,4,12.2,2.0,26.5,10.6,22.3,2.0,0.5,0.0
STU_05102,average,3,1.37,3.68,0.0,3.68,61.4,61.5,56.8,61.2,43.6,7.09,6,2,0,4,44.5,28.7,52.4,8.6,44.8,44.4,0.25,4.91
STU_05103,average,4,0.65,1.18,0.0,1.18,65.4,59.4,53.5,59.1,14.5,5.22,7,5,0,6,35.4,17.0,56.1,12.6,46.0,31.2,0.38,3.11
STU_05104,average,4,1.63,1.0,0.84,0.16,70.8,49.7,62.5,53.0,9.5,4.49,7,5,0,6,33.0,15.7,59.5,13.3,40.3,30.1,0.38,1.11
STU_05105,below_avg,7,0.71,0.0,0.62,-0.62,64.9,50.8,32.2,58.3,14.0,6.82,3,3,0,3,33.5,26.5,37.7,5.0,37.0,26.5,0.75,0.83
STU_05106,below_avg,4,1.13,0.0,0.0,0.0,57.2,36.7,28.3,23.2,25.8,6.94,7,7,0,7,27.3,17.8,35.1,6.7,30.9,25.9,0.38,1.33
STU_05107,strong,4,8.19,9.36,7.42,1.94,94.7,77.7,57.8,53.4,77.5,5.84,7,0,7,0,82.6,73.0,99.2,8.3,86.1,81.2,0.38,8.22
STU_05108,struggling,4,0.28,0.0,0.0,0.0,31.8,10.8,30.6,49.1,0.0,4.91,7,7,0,7,11.1,2.0,29.2,11.0,19.8,7.7,0.38,0.0
STU_05109,above_avg,7,6.77,6.67,7.0,-0.33,74.5,81.3,54.0,74.2,18.5,5.48,3,0,1,0,66.1,51.4,90.4,17.3,70.9,56.6,0.75,6.0
STU_05110,struggling,3,0.0,0.21,0.0,0.21,48.9,38.5,36.9,49.7,31.2,5.17,6,5,0,6,21.8,2.0,42.5,15.8,39.0,13.2,0.25,0.0
STU_05111,failing,3,0.83,0.0,0.0,0.0,36.9,18.6,15.9,31.0,0.0,6.17,6,6,0,6,8.3,2.0,29.7,10.3,7.1,8.9,0.25,0.0
STU_05112,average,4,1.38,1.18,0.84,0.34,76.7,49.6,27.4,38.6,20.5,6.51,7,5,0,6,33.1,14.1,55.6,13.4,41.8,29.6,0.38,2.44
STU_05113,average,5,3.55,1.89,4.86,-2.97,63.2,81.9,48.4,49.8,10.2,6.58,4,2,2,2,53.0,25.8,75.7,21.9,74.5,31.5,0.5,2.38
STU_05114,average,7,3.44,5.5,1.75,3.75,76.0,85.6,59.9,32.1,36.2,6.24,3,0,2,1,64.5,43.5,77.3,15.0,75.0,43.5,0.75,4.83
STU_05115,average,5,4.61,4.67,5.14,-0.47,85.4,71.7,41.7,55.2,62.3,7.01,4,1,0,1,55.1,31.3,64.4,13.8,62.4,47.9,0.5,6.38
STU_05116,average,5,1.81,3.67,0.18,3.49,69.2,70.2,49.5,53.1,5.5,5.84,4,1,0,2,51.2,36.7,65.4,10.4,60.1,42.4,0.5,7.0
STU_05117,strong,5,7.85,7.44,8.05,-0.61,92.4,99.8,53.7,51.1,70.4,7.13,4,0,3,1,73.7,46.9,92.6,17.5,88.9,58.5,0.5,7.38
STU_05118,above_avg,3,4.91,2.95,6.37,-3.42,83.8,54.2,50.6,75.9,81.6,6.99,6,3,0,4,45.2,33.2,57.8,10.1,46.0,44.7,0.25,3.09
STU_05119,average,3,3.91,5.68,2.21,3.47,63.5,78.0,51.5,62.7,16.6,6.48,6,0,0,1,54.6,43.7,63.7,6.4,61.5,51.2,0.25,4.36
STU_05120,topper,4,9.62,10.0,10.0,0.0,94.6,100.0,97.0,76.8,11.9,5.41,7,0,7,0,89.5,82.1,98.9,5.7,94.3,87.6,0.38,10.0
STU_05121,above_avg,3,5.57,6.74,3.47,3.27,73.8,58.9,48.8,75.1,49.1,5.94,6,0,2,0,61.9,52.1,78.4,9.9,62.0,61.8,0.25,7.82
STU_05122,strong,7,7.65,8.17,7.5,0.67,85.1,84.1,77.5,64.5,8.3,6.82,3,0,3,0,74.3,73.1,75.8,1.1,74.8,73.1,0.75,9.67
STU_05123,failing,4,0.0,0.0,0.0,0.0,30.1,24.0,21.1,40.4,22.0,5.59,7,7,0,7,5.8,2.0,28.6,9.3,15.3,2.0,0.38,0.0
STU_05124,above_avg,3,5.98,6.11,5.63,0.48,82.8,78.5,77.4,56.6,6.6,4.95,6,0,1,1,59.0,48.3,72.7,9.0,65.0,56.0,0.25,6.95
STU_05125,strong,3,9.86,9.26,9.79,-0.53,89.9,92.8,85.4,62.7,8.6,6.86,6,0,6,0,80.4,75.9,88.7,4.5,83.8,78.7,0.25,8.68
STU_05126,strong,4,7.56,6.64,8.47,-1.83,92.8,78.6,80.8,57.1,42.7,5.96,7,0,2,0,65.4,55.8,84.2,9.1,77.5,60.5,0.38,9.11
STU_05127,failing,3,0.68,0.0,0.84,-0.84,32.6,41.5,40.9,24.5,12.2,6.18,6,6,0,6,18.2,2.0,38.5,16.6,33.2,10.7,0.25,0.0
STU_05128,below_avg,4,0.31,0.55,0.0,0.55,47.1,72.3,44.9,50.3,32.4,7.09,7,5,0,5,25.9,2.0,52.6,18.9,52.4,15.3,0.38,0.0
STU_05129,average,4,3.21,4.09,2.89,1.2,74.0,28.3,52.1,32.7,30.0,6.24,7,3,1,3,49.4,30.9,75.6,15.0,46.8,50.5,0.38,4.67
STU_05130,average,3,2.62,0.74,4.74,-4.0,86.2,49.6,29.1,35.1,48.9,6.13,6,4,0,5,32.8,20.0,53.4,11.8,48.1,25.2,0.25,1.18
STU_05131,above_avg,4,3.8,2.82,5.53,-2.71,88.8,68.9,56.3,66.1,39.3,4.61,7,3,0,4,49.2,33.5,67.1,13.6,64.4,43.2,0.38,3.11
STU_05132,topper,5,7.67,8.33,7.14,1.19,96.1,80.5,77.6,72.1,47.4,5.48,4,0,3,0,83.1,66.7,95.9,11.6,93.8,72.3,0.5,10.0
STU_05133,below_avg,3,1.22,1.84,0.84,1.0,50.0,62.4,69.1,41.2,23.6,6.72,6,3,0,6,34.8,17.7,49.7,13.1,48.7,27.9,0.25,0.0
STU_05134,above_avg,4,6.43,6.77,6.53,0.24,80.8,71.8,77.6,30.9,20.9,7.59,7,0,1,0,62.5,53.6,74.6,7.5,62.4,62.6,0.38,2.89
STU_05135,below_avg,3,0.07,0.0,0.0,0.0,48.5,27.9,62.8,28.7,26.9,6.88,6,6,0,6,20.6,3.3,38.1,11.7,34.4,13.7,0.25,0.0
STU_05136,above_avg,5,4.87,6.0,3.86,2.14,77.8,55.6,75.3,80.9,35.7,6.34,4,0,0,0,54.5,53.8,55.2,0.6,54.3,54.6,0.5,7.12
STU_05137,struggling,5,0.26,0.67,0.23,0.44,51.8,47.1,14.5,27.9,30.0,6.56,4,3,0,3,25.9,9.9,50.2,14.9,35.2,16.6,0.5,1.75
STU_05138,average,4,1.74,2.27,0.53,1.74,68.6,45.2,25.3,48.6,17.1,5.22,7,4,0,5,37.5,17.6,66.8,16.1,44.5,34.8,0.38,1.44
STU_05139,average,7,1.88,1.83,2.5,-0.67,58.6,44.7,52.3,37.7,36.9,5.12,3,1,0,2,38.0,17.1,51.4,15.0,48.5,17.1,0.75,1.0
STU_05140,topper,4,10.0,10.0,10.0,0.0,97.2,86.4,75.1,96.6,55.4,5.98,7,0,7,0,90.6,81.7,96.3,4.9,90.7,90.5,0.38,10.0
STU_05141,topper,3,8.88,9.79,7.79,2.0,89.5,97.5,90.2,46.6,87.4,6.69,6,0,6,0,88.1,76.9,100.0,8.0,96.5,83.9,0.25,10.0
STU_05142,below_avg,4,0.67,0.73,0.84,-0.11,68.0,49.4,33.8,49.1,4.1,5.38,7,6,0,7,27.0,7.3,41.1,9.9,31.6,25.1,0.38,1.22
STU_05143,below_avg,3,0.0,0.0,0.0,0.0,48.2,20.4,52.9,33.9,16.9,5.25,6,6,0,6,21.6,2.0,38.2,14.7,31.2,16.7,0.25,0.18
STU_05144,average,7,1.35,0.83,1.88,-1.05,86.6,45.5,63.1,64.1,16.1,6.67,3,2,0,3,34.7,28.6,45.7,7.8,37.8,28.6,0.75,0.83
STU_05145,failing,3,0.0,0.0,0.0,0.0,20.2,8.1,22.1,40.7,8.2,6.56,6,6,0,6,6.4,2.0,15.5,4.8,6.2,6.5,0.25,0.0
STU_05146,struggling,4,0.26,0.0,1.26,-1.26,46.6,18.6,40.7,54.3,1.3,6.59,7,7,0,7,24.2,4.2,35.8,10.8,24.7,24.0,0.38,0.0
STU_05147,struggling,5,0.0,0.0,0.0,0.0,33.9,15.2,55.4,29.7,16.8,5.89,4,4,0,4,7.4,2.0,23.6,9.4,12.8,2.0,0.5,0.0
STU_05148,average,6,3.87,5.12,3.44,1.68,83.9,65.9,35.9,62.4,19.5,5.95,4,0,0,3,51.0,43.7,63.1,7.3,52.2,47.6,0.62,1.17
STU_05149,above_avg,4,3.86,3.86,3.79,0.07,80.4,63.0,31.8,80.0,44.8,5.68,7,2,0,2,49.6,37.9,61.1,8.2,58.7,46.0,0.38,2.56
STU_05150,struggling,3,0.0,0.26,0.0,0.26,46.7,56.3,14.9,25.5,33.1,6.59,6,5,0,6,26.3,9.2,49.7,14.5,39.3,19.8,0.25,0.0
STU_05151,topper,4,8.0,8.36,7.79,0.57,93.9,92.7,72.5,60.0,1.8,7.16,7,0,6,0,75.9,67.5,80.9,4.6,80.5,74.1,0.38,10.0
STU_05152,above_avg,4,5.97,7.0,4.68,2.32,80.7,65.4,50.0,66.3,41.2,7.43,7,0,2,0,64.6,53.2,72.8,7.5,63.9,64.9,0.38,6.33
STU_05153,struggling,4,0.0,0.0,0.0,0.0,38.1,5.6,26.1,40.9,7.6,5.61,7,7,0,7,15.2,2.0,38.8,13.1,18.1,14.1,0.38,0.0
STU_05154,topper,5,8.96,9.11,8.18,0.93,91.6,100.0,71.4,81.3,25.5,6.64,4,0,4,0,82.2,74.4,87.6,4.9,86.2,78.1,0.5,9.5
STU_05155,topper,4,9.45,8.73,9.79,-1.06,89.0,74.8,67.5,73.8,41.1,6.99,7,0,7,0,78.9,71.2,90.9,6.6,87.3,75.5,0.38,8.44
STU_05156,struggling,3,0.0,0.0,0.0,0.0,59.0,8.6,32.4,4.4,0.0,5.88,6,6,0,6,8.8,2.0,22.0,6.7,14.9,5.8,0.25,0.18
STU_05157,strong,6,8.47,8.62,8.22,0.4,88.2,77.5,62.3,59.6,46.9,5.79,4,0,3,0,79.0,64.8,94.4,11.3,81.2,72.3,0.62,9.17
STU_05158,strong,4,6.62,6.18,6.79,-0.61,77.6,82.0,64.9,50.6,56.0,7.39,7,0,1,1,59.3,40.9,75.7,10.1,70.5,54.9,0.38,7.0
STU_05159,topper,4,8.59,8.09,10.0,-1.91,91.7,81.6,63.5,83.0,14.5,6.03,7,0,5,0,74.1,67.2,79.5,4.7,78.6,72.3,0.38,8.0
STU_05160,average,6,3.03,6.0,0.44,5.56,77.4,54.5,53.8,82.1,21.1,5.59,4,0,0,1,54.9,49.7,66.9,7.0,56.3,50.8,0.62,9.67
STU_05161,below_avg,3,0.0,0.0,0.0,0.0,73.3,8.6,23.4,46.3,33.1,6.87,6,6,0,6,12.0,2.0,26.0,10.2,19.9,8.0,0.25,0.0
STU_05162,average,6,1.39,1.38,1.33,0.05,57.7,45.9,43.6,47.4,61.6,6.59,4,2,0,3,39.3,23.3,54.7,12.2,44.6,23.3,0.62,2.17
STU_05163,below_avg,4,0.56,0.27,0.84,-0.57,68.0,50.2,38.1,32.2,52.8,4.71,7,6,0,6,31.0,19.9,53.2,11.0,43.2,26.1,0.38,0.44
STU_05164,average,3,1.79,1.84,1.95,-0.11,75.6,65.0,61.7,48.5,35.3,6.96,6,3,0,4,40.1,19.7,62.1,15.1,58.2,31.2,0.25,3.23
STU_05165,above_avg,4,5.32,5.36,5.21,0.15,81.7,72.9,71.5,72.1,31.4,6.81,7,1,1,2,57.7,37.8,76.0,12.2,61.4,56.3,0.38,4.78
STU_05166,struggling,6,0.0,0.88,0.0,0.88,42.9,71.1,39.5,25.9,33.6,5.86,4,3,0,3,36.5,13.3,60.7,16.8,44.2,13.3,0.62,1.17
STU_05167,average,4,0.71,1.64,1.0,0.64,70.0,36.9,65.9,47.0,0.0,6.01,7,5,0,7,35.3,25.3,48.2,8.0,32.2,36.5,0.38,3.44
STU_05168,average,7,5.28,6.0,4.12,1.88,66.5,68.7,46.2,54.3,24.0,5.56,3,0,1,1,61.2,46.5,84.8,16.9,68.5,46.5,0.75,5.17
STU_05169,strong,4,6.96,7.36,6.32,1.04,87.0,84.8,57.8,73.8,61.2,6.95,7,0,4,0,69.0,59.1,81.4,7.7,76.5,66.0,0.38,6.78
STU_05170,below_avg,5,2.25,3.11,2.0,1.11,51.4,35.4,44.1,64.6,17.4,7.1,4,2,0,3,37.5,23.0,55.2,13.2,35.9,39.1,0.5,1.88
STU_05171,above_avg,3,5.82,5.21,5.79,-0.58,82.1,81.2,35.1,54.6,61.9,5.88,6,0,1,3,54.1,40.5,72.0,12.9,69.5,46.5,0.25,4.64
STU_05172,average,5,3.59,4.0,4.45,-0.45,64.1,45.8,29.9,66.5,51.1,6.05,4,1,0,1,48.9,28.6,59.1,12.0,57.3,40.5,0.5,3.75
STU_05173,below_avg,4,0.18,0.18,0.32,-0.14,57.8,33.6,45.3,46.5,25.3,6.88,7,6,0,7,24.1,10.3,43.8,10.0,33.2,20.4,0.38,0.0
STU_05174,below_avg,3,0.56,0.95,0.21,0.74,57.6,77.1,29.6,52.5,21.6,7.67,6,4,0,4,34.4,17.6,58.6,16.4,55.5,23.8,0.25,0.0
STU_05175,below_avg,4,1.26,0.45,2.05,-1.6,67.7,57.5,35.0,1.4,11.1,4.97,7,5,0,6,31.7,16.1,55.0,13.1,48.2,25.1,0.38,0.0
STU_05176,above_avg,3,5.91,7.16,4.47,2.69,75.9,73.4,59.2,65.3,41.1,6.05,6,0,1,0,64.2,53.0,72.8,6.0,58.8,66.9,0.25,6.23
STU_05177,strong,7,8.59,8.5,9.0,-0.5,84.2,81.0,84.9,82.1,74.0,5.71,3,0,3,0,78.2,71.3,83.3,5.0,81.6,71.3,0.75,10.0
STU_05178,strong,4,7.28,8.0,6.84,1.16,92.4,100.0,31.9,80.0,69.4,6.71,7,0,5,0,76.4,59.6,89.5,10.0,89.5,71.2,0.38,9.56
STU_05179,strong,3,6.24,6.21,5.37,0.84,88.2,70.9,58.8,94.8,0.0,5.64,6,1,3,1,65.1,31.2,86.7,18.8,68.5,63.3,0.25,9.27
STU_05180,average,3,3.46,3.68,3.0,0.68,68.8,64.5,60.5,55.5,6.5,6.55,6,2,0,3,46.9,33.8,59.1,9.8,47.2,46.8,0.25,2.18
STU_05181,average,4,3.93,3.18,4.21,-1.03,73.3,63.3,78.5,39.3,11.5,5.52,7,2,1,6,45.3,27.1,75.7,14.7,61.7,38.7,0.38,5.33
STU_05182,average,5,0.71,1.33,0.27,1.06,84.4,57.8,48.8,62.0,40.2,6.48,4,3,0,4,35.8,24.6,41.0,6.5,32.0,39.5,0.5,3.0
STU_05183,strong,6,7.86,7.12,8.44,-1.32,91.9,95.3,57.0,62.2,49.9,6.01,4,0,2,0,70.4,53.0,82.7,11.2,76.2,53.0,0.62,8.5
STU_05184,above_avg,5,5.39,4.89,5.5,-0.61,81.0,46.6,61.5,64.0,32.3,6.71,4,1,0,2,52.2,32.7,68.2,14.8,50.5,54.0,0.5,3.38
STU_05185,above_avg,4,3.89,3.41,4.68,-1.27,79.4,74.1,49.2,70.9,24.9,6.6,7,2,0,4,45.9,29.5,55.8,9.1,49.5,44.5,0.38,3.22
STU_05186,above_avg,3,5.65,5.37,5.53,-0.16,73.8,48.3,72.1,63.8,34.8,6.6,6,0,0,2,51.4,42.2,57.4,5.4,54.0,50.2,0.25,4.91
STU_05187,average,4,5.94,5.05,5.53,-0.48,71.7,50.8,36.5,39.4,45.6,7.98,7,2,1,3,52.0,28.9,75.9,17.1,48.8,53.3,0.38,2.78
STU_05188,below_avg,5,1.29,1.22,0.55,0.67,73.3,57.1,38.2,62.0,17.0,6.75,4,2,0,3,34.1,19.8,51.3,14.4,48.3,19.9,0.5,0.0
STU_05189,inconsistent,6,2.83,3.38,2.44,0.94,87.1,80.1,54.1,82.6,20.3,6.24,4,1,0,1,51.3,21.0,68.0,18.0,61.4,21.0,0.62,10.0
STU_05190,strong,3,7.75,7.26,8.42,-1.16,80.5,62.1,71.5,84.0,62.9,6.87,6,0,3,1,70.5,44.3,89.8,16.4,83.8,64.0,0.25,7.91
STU_05191,below_avg,5,0.87,0.78,1.32,-0.54,52.4,58.5,49.2,65.2,5.9,6.33,4,3,0,3,36.2,14.2,65.7,19.0,51.8,20.7,0.5,2.25
STU_05192,strong,5,9.06,9.0,9.64,-0.64,74.5,90.3,92.4,86.0,39.9,7.47,4,0,4,0,78.9,72.5,89.5,6.6,76.8,81.0,0.5,8.75
STU_05193,below_avg,5,0.15,0.0,0.0,0.0,62.5,32.9,41.7,31.5,55.6,6.18,4,4,0,4,19.2,16.2,25.7,3.8,17.5,20.9,0.5,0.62
STU_05194,below_avg,3,0.0,0.63,0.0,0.63,64.2,61.5,45.1,41.0,30.0,6.12,6,4,0,6,29.5,14.7,44.0,10.5,42.6,22.9,0.25,0.0
STU_05195,strong,3,6.85,7.37,7.16,0.21,85.1,75.5,51.1,63.8,37.6,6.2,6,0,2,0,70.3,60.5,88.7,9.1,81.3,64.8,0.25,8.55
STU_05196,struggling,4,0.16,0.0,0.0,0.0,41.8,35.8,55.1,41.4,23.2,6.33,7,7,0,7,15.3,2.0,36.2,11.5,27.5,10.4,0.38,0.0
STU_05197,struggling,7,0.93,0.67,1.75,-1.08,40.9,43.8,61.0,40.1,35.6,5.48,3,2,0,3,24.6,11.0,40.1,12.0,31.5,11.0,0.75,0.83
STU_05198,struggling,5,0.0,0.0,0.0,0.0,40.5,19.8,46.3,53.4,7.1,5.25,4,4,0,4,17.1,2.0,31.0,10.4,25.6,8.6,0.5,0.0
STU_05199,strong,3,6.99,5.68,8.11,-2.43,84.6,82.9,75.3,73.1,12.0,7.27,6,1,3,2,63.1,35.3,80.5,15.7,76.0,56.6,0.25,6.82
STU_05200,average,5,2.62,3.22,1.55,1.67,72.1,63.1,37.3,65.4,35.6,5.99,4,1,0,4,43.0,34.2,48.3,5.3,44.8,41.2,0.5,4.12
STU_05201,above_avg,3,4.83,6.37,4.21,2.16,71.4,74.1,60.6,57.7,34.3,5.41,6,0,1,2,58.7,45.9,75.1,10.1,68.2,53.9,0.25,7.68
STU_05202,average,4,4.86,2.64,7.11,-4.47,74.5,61.9,64.6,61.0,35.6,7.15,7,4,0,4,45.3,33.1,65.6,11.2,47.2,44.6,0.38,1.11
STU_05203,topper,5,9.88,9.67,9.45,0.22,98.7,93.5,88.1,59.7,86.8,6.74,4,0,4,0,88.6,75.4,100.0,9.2,96.8,80.3,0.5,10.0
STU_05204,struggling,3,0.48,0.53,0.0,0.53,47.3,53.9,16.3,14.1,0.0,5.57,6,5,0,6,16.3,2.0,49.6,18.2,40.9,4.1,0.25,0.18
STU_05205,struggling,4,0.35,0.0,1.11,-1.11,43.4,15.6,12.4,52.0,0.0,6.91,7,7,0,7,15.9,2.0,38.2,13.8,12.0,17.4,0.38,0.0
STU_05206,below_avg,7,0.78,1.0,0.0,1.0,55.3,33.0,40.2,37.4,36.1,5.89,3,2,0,2,32.3,7.8,51.0,18.1,29.4,38.0,0.75,0.0
STU_05207,struggling,6,0.49,0.75,0.44,0.31,54.2,27.3,30.9,32.9,30.1,6.19,4,3,0,3,26.0,2.0,50.6,17.3,34.1,2.0,0.62,0.0
STU_05208,below_avg,6,0.66,0.75,0.44,0.31,67.9,43.0,36.2,46.9,49.1,7.18,4,3,0,3,29.7,6.1,51.5,16.1,37.6,6.1,0.62,1.17
STU_05209,average,4,2.95,2.64,3.58,-0.94,65.1,34.3,30.6,41.8,47.4,5.3,7,4,0,4,34.9,8.3,60.5,18.8,40.0,32.9,0.38,1.44
STU_05210,topper,7,10.0,9.83,10.0,-0.17,93.9,93.4,70.1,84.3,22.4,6.53,3,0,3,0,84.6,78.8,89.5,4.4,84.2,85.6,0.75,9.33
STU_05211,struggling,4,1.36,0.0,2.84,-2.84,45.6,39.1,19.5,11.9,26.4,6.98,7,7,0,7,22.6,8.2,34.2,11.4,33.9,18.1,0.38,0.0
STU_05212,struggling,3,0.0,0.0,0.0,0.0,40.4,33.8,28.8,35.4,70.9,5.37,6,6,0,6,11.2,2.0,23.3,9.6,23.2,5.1,0.25,0.27
STU_05213,improving,4,1.4,2.45,0.0,2.45,79.2,85.0,72.0,40.2,7.9,4.97,7,3,0,4,38.6,3.2,66.9,24.3,64.6,28.2,0.38,4.44
STU_05214,below_avg,3,0.29,0.0,0.84,-0.84,55.9,52.4,50.2,35.5,43.5,4.34,6,6,0,6,36.1,30.2,39.4,3.9,34.4,37.0,0.25,0.18
STU_05215,improving,3,2.25,3.21,0.74,2.47,75.0,54.4,49.5,26.3,0.0,5.69,6,2,0,3,49.0,30.9,66.3,13.6,64.5,41.3,0.25,3.45
STU_05216,average,3,0.46,0.63,0.0,0.63,80.9,33.6,53.3,19.2,12.0,5.29,6,4,0,6,32.2,14.8,42.6,10.4,41.8,27.4,0.25,1.23
STU_05217,above_avg,4,4.72,4.09,5.05,-0.96,82.5,66.0,41.5,75.2,28.1,6.25,7,2,1,4,48.6,31.1,78.5,14.7,48.5,48.7,0.38,2.78
STU_05218,failing,5,0.0,0.0,0.0,0.0,21.2,36.5,8.5,50.2,22.4,5.54,4,4,0,4,9.2,2.0,28.8,11.3,16.5,2.0,0.5,0.0
STU_05219,average,4,1.2,2.45,0.63,1.82,59.8,75.4,67.8,64.5,19.2,7.05,7,3,1,5,43.2,8.2,72.9,19.0,65.6,34.3,0.38,3.11
STU_05220,failing,3,0.0,0.0,0.0,0.0,10.7,20.2,7.1,0.0,36.6,5.69,6,6,0,6,11.7,2.0,28.9,10.5,26.1,4.5,0.25,0.0
STU_05221,average,5,4.54,3.0,6.18,-3.18,66.8,58.2,43.1,22.0,40.8,5.14,4,2,1,2,47.7,19.5,76.4,21.5,48.0,47.5,0.5,4.38
STU_05222,strong,4,7.65,8.23,6.74,1.49,87.8,83.4,73.2,92.3,40.6,5.04,7,0,4,0,72.1,60.5,82.0,8.2,76.0,70.5,0.38,8.67
STU_05223,below_avg,7,3.44,2.0,5.25,-3.25,69.9,62.3,61.5,35.0,5.4,5.82,3,1,0,2,41.4,13.4,61.1,20.4,55.5,13.4,0.75,1.0
STU_05224,above_avg,4,5.45,5.68,5.47,0.21,83.3,73.6,63.1,37.9,17.3,5.66,7,1,2,2,61.7,38.2,88.9,17.1,73.8,56.8,0.38,7.44
STU_05225,below_avg,7,0.26,0.0,1.25,-1.25,59.3,19.7,55.4,63.1,10.7,7.33,3,3,0,3,18.9,2.0,32.4,12.6,27.4,2.0,0.75,1.0
STU_05226,below_avg,4,0.0,0.0,0.0,0.0,67.6,10.1,42.6,29.7,3.6,5.78,7,7,0,7,15.0,2.0,33.4,11.2,12.6,16.0,0.38,0.56
STU_05227,average,5,3.17,1.33,4.86,-3.53,75.1,58.3,41.0,48.3,13.9,4.86,4,2,1,3,42.5,15.3,70.7,19.7,57.6,27.4,0.5,1.75
STU_05228,below_avg,3,0.72,0.0,1.89,-1.89,65.6,45.1,43.4,48.4,37.5,6.92,6,6,0,6,25.6,14.7,36.2,7.4,33.2,21.8,0.25,0.73
STU_05229,strong,3,7.59,8.11,7.84,0.27,84.1,86.9,63.2,69.0,32.6,6.55,6,0,4,0,72.9,62.1,81.9,8.4,81.6,68.6,0.25,8.68
STU_05230,average,5,0.1,0.56,0.27,0.29,60.1,31.9,41.5,71.4,12.9,5.98,4,3,0,4,29.2,15.4,48.3,11.9,37.8,20.6,0.5,2.5
STU_05231,average,7,1.42,1.0,2.25,-1.25,70.2,48.5,44.7,58.4,35.7,6.26,3,2,0,2,35.2,10.4,57.5,19.3,47.6,10.4,0.75,1.0
STU_05232,topper,5,10.0,10.0,9.82,0.18,91.7,84.3,68.0,52.3,44.0,7.13,4,0,4,0,92.3,85.6,96.8,4.3,88.7,95.9,0.5,10.0
STU_05233,average,4,4.93,5.0,3.89,1.11,82.7,50.5,61.3,59.9,3.4,5.52,7,1,0,4,49.2,37.5,67.5,9.7,47.2,49.9,0.38,5.44
STU_05234,average,4,4.27,4.23,5.26,-1.03,62.8,60.2,49.7,63.4,12.7,7.22,7,2,0,2,51.9,28.7,66.3,14.1,58.0,49.4,0.38,3.89
STU_05235,below_avg,5,0.52,0.0,1.09,-1.09,51.7,28.0,30.4,53.6,0.7,6.82,4,4,0,4,19.7,5.2,33.5,11.1,30.1,9.2,0.5,1.0
STU_05236,strong,6,6.64,6.62,6.0,0.62,89.7,68.1,49.3,53.4,49.4,7.0,4,0,1,0,63.5,52.8,82.1,11.5,66.4,55.0,0.62,7.17
STU_05237,below_avg,3,0.19,0.32,0.0,0.32,69.3,28.0,35.9,32.9,80.8,6.81,6,5,0,5,26.1,16.8,57.4,14.5,42.9,17.8,0.25,0.0
STU_05238,above_avg,6,4.78,5.75,3.67,2.08,76.7,56.3,41.9,81.0,39.7,6.39,4,0,0,1,55.6,45.4,63.7,6.6,59.0,45.4,0.62,7.67
STU_05239,below_avg,6,0.83,0.0,0.67,-0.67,68.0,32.4,23.5,55.3,0.0,5.34,4,4,0,4,17.9,2.0,39.5,15.7,22.6,3.9,0.62,3.67
STU_05240,strong,5,7.76,6.56,8.18,-1.62,86.3,71.6,79.8,54.7,15.3,6.78,4,0,0,0,62.0,55.0,68.2,4.9,66.4,57.5,0.5,5.25
STU_05241,above_avg,6,1.78,1.5,1.78,-0.28,88.4,49.8,51.7,59.0,59.8,4.89,4,3,0,3,40.2,29.5,54.0,8.8,43.7,29.5,0.62,5.33
STU_05242,struggling,3,0.07,0.0,0.0,0.0,55.3,36.8,53.0,11.8,13.7,6.89,6,6,0,6,13.5,2.0,31.3,12.2,24.6,8.0,0.25,0.5
STU_05243,below_avg,3,0.12,0.26,0.0,0.26,48.3,39.8,58.0,37.9,6.6,6.77,6,5,0,6,26.5,11.4,45.8,10.9,36.9,21.2,0.25,0.0
STU_05244,average,3,4.06,1.84,6.68,-4.84,72.3,70.2,42.3,67.0,38.8,7.46,6,3,0,4,44.0,31.2,64.9,11.3,58.4,36.9,0.25,1.14
STU_05245,average,4,1.6,1.95,0.84,1.11,60.7,64.0,50.5,55.9,49.6,7.44,7,4,0,6,42.0,32.4,61.5,9.8,50.4,38.7,0.38,2.89
STU_05246,above_avg,4,5.94,6.23,6.42,-0.19,73.9,62.3,57.5,51.4,48.6,7.2,7,0,1,1,59.4,49.3,80.9,10.5,74.3,53.4,0.38,4.11
STU_05247,average,5,2.27,3.22,1.86,1.36,72.5,64.7,42.7,50.7,1.1,5.34,4,1,0,2,47.0,19.5,68.9,18.9,64.0,29.9,0.5,1.88
STU_05248,average,6,4.13,5.75,3.78,1.97,68.9,64.6,49.0,68.7,31.6,6.58,4,0,0,1,57.8,48.6,63.5,5.6,60.9,48.6,0.62,8.17
STU_05249,struggling,6,0.37,0.0,0.0,0.0,42.6,60.3,20.1,35.0,27.0,6.04,4,4,0,4,19.4,2.0,31.7,11.0,25.2,2.0,0.62,0.0
STU_05250,average,3,2.24,0.74,2.89,-2.15,75.4,75.4,69.1,56.0,2.9,5.37,6,5,0,5,29.0,2.0,63.6,20.1,50.0,18.6,0.25,2.0
STU_05251,below_avg,3,0.0,0.0,0.0,0.0,47.1,30.0,35.1,43.0,63.9,6.26,6,6,0,6,27.2,11.9,39.5,10.2,25.7,28.0,0.25,0.0
STU_05252,struggling,5,0.0,0.0,0.0,0.0,35.5,25.4,23.0,27.4,11.3,6.23,4,4,0,4,23.2,9.3,35.9,9.9,31.9,14.5,0.5,0.0
STU_05253,struggling,5,0.02,0.0,0.0,0.0,41.3,32.7,23.3,26.4,6.4,5.87,4,4,0,4,16.0,2.0,34.8,12.0,25.5,6.5,0.5,0.0
STU_05254,inconsistent,6,2.63,2.38,2.67,-0.29,74.9,57.2,33.8,52.9,42.2,6.69,4,2,0,3,45.7,34.1,63.2,11.4,49.6,34.1,0.62,1.17
STU_05255,average,4,2.64,2.86,3.05,-0.19,74.0,39.1,57.4,44.0,27.4,6.3,7,3,0,6,44.7,35.3,64.5,9.4,50.6,42.3,0.38,5.44
STU_05256,struggling,4,0.26,0.0,0.0,0.0,26.3,20.3,24.8,28.5,8.5,5.9,7,7,0,7,9.4,2.0,30.5,9.7,16.2,6.7,0.38,0.0
STU_05257,below_avg,3,0.24,0.0,0.74,-0.74,54.8,19.8,49.0,64.5,80.8,4.79,6,6,0,6,12.4,2.0,39.4,14.0,20.7,8.2,0.25,0.32
STU_05258,average,5,0.92,1.33,0.73,0.6,82.4,58.0,27.2,66.3,38.5,5.33,4,2,0,3,41.7,25.2,65.9,15.8,55.6,27.8,0.5,4.75
STU_05259,average,5,2.77,1.11,3.18,-2.07,62.4,79.1,49.8,38.6,34.8,6.62,4,2,0,3,38.5,26.5,54.5,11.1,48.8,28.2,0.5,1.25
STU_05260,strong,4,9.21,8.73,10.0,-1.27,85.3,100.0,78.4,50.6,35.7,5.9,7,0,7,0,79.8,72.1,92.9,7.8,91.1,75.3,0.38,8.56
STU_05261,average,4,2.64,2.64,2.47,0.17,67.8,61.9,50.3,65.4,61.4,6.1,7,3,0,4,41.2,21.4,53.3,11.0,48.6,38.3,0.38,1.0
STU_05262,topper,4,10.0,9.18,10.0,-0.82,94.5,84.5,65.3,80.9,52.2,6.41,7,0,7,0,83.9,72.9,100.0,10.0,81.8,84.8,0.38,10.0
STU_05263,above_avg,4,5.45,6.05,5.53,0.52,85.7,40.6,60.6,52.4,0.0,5.84,7,0,0,1,55.6,49.6,63.8,5.0,56.7,55.1,0.38,4.11
STU_05264,above_avg,5,5.6,6.44,4.0,2.44,73.5,55.3,51.3,72.1,55.9,5.14,4,1,2,2,60.0,33.1,82.5,21.6,57.8,62.1,0.5,8.25
STU_05265,average,3,0.05,0.21,0.0,0.21,68.4,48.5,52.3,38.6,31.9,6.05,6,5,0,6,26.7,15.7,44.5,10.1,39.6,20.2,0.25,2.36
STU_05266,average,4,1.13,1.32,1.11,0.21,71.6,51.6,41.7,68.3,6.6,7.41,7,5,0,6,32.6,2.0,57.2,16.3,34.0,32.1,0.38,1.22
STU_05267,average,4,3.67,2.23,4.68,-2.45,69.4,67.5,28.1,44.0,0.0,6.47,7,3,1,6,45.1,32.6,70.4,11.3,59.4,39.3,0.38,0.56
STU_05268,above_avg,5,5.5,6.0,5.59,0.41,71.3,74.6,68.9,53.0,38.3,6.15,4,0,1,1,57.3,45.3,73.4,10.7,66.7,47.8,0.5,5.38
STU_05269,improving,4,3.47,5.68,0.0,5.68,74.0,68.6,60.4,50.2,16.5,6.06,7,0,0,2,56.2,43.2,69.5,7.9,64.5,52.8,0.38,6.22
STU_05270,strong,3,7.71,7.89,7.42,0.47,79.4,94.7,38.0,78.4,61.4,7.03,6,0,4,0,75.4,60.8,95.6,13.5,93.6,66.3,0.25,8.55
STU_05271,average,3,4.27,3.63,3.58,0.05,64.1,60.8,61.0,47.8,39.6,5.52,6,2,0,2,44.9,6.5,69.2,23.8,67.0,33.9,0.25,6.0
STU_05272,below_avg,7,3.21,0.83,6.0,-5.17,63.1,39.8,26.6,34.2,3.0,5.84,3,2,0,3,38.1,34.2,45.1,4.9,39.7,35.1,0.75,0.83
STU_05273,strong,5,7.88,7.89,7.09,0.8,87.2,100.0,58.0,68.8,19.8,5.06,4,0,3,0,79.2,58.9,92.5,12.8,89.8,68.7,0.5,7.88
STU_05274,above_avg,4,4.34,5.18,3.95,1.23,81.1,81.7,67.3,38.7,15.4,7.21,7,0,0,4,54.8,43.3,69.4,10.6,68.5,49.3,0.38,7.56
STU_05275,average,6,0.68,0.5,0.67,-0.17,69.5,28.7,39.5,50.5,0.0,6.11,4,3,0,4,35.6,29.1,44.0,6.1,34.6,38.7,0.62,2.0
STU_05276,strong,3,6.99,6.79,6.37,0.42,91.6,91.6,57.0,64.3,49.4,5.76,6,0,1,0,62.8,50.2,75.0,7.5,68.5,60.0,0.25,9.64
STU_05277,struggling,4,0.51,0.0,0.53,-0.53,57.0,23.9,27.8,60.8,0.0,5.04,7,7,0,7,20.2,8.6,31.4,8.4,29.7,16.4,0.38,0.0
STU_05278,below_avg,5,0.57,0.67,0.18,0.49,62.7,56.8,50.8,18.4,30.4,6.84,4,3,0,3,30.3,6.4,55.0,17.2,42.9,17.8,0.5,0.75
STU_05279,topper,5,10.0,10.0,10.0,0.0,95.0,100.0,90.3,78.7,56.0,5.87,4,0,4,0,91.1,85.4,93.5,3.3,93.0,89.2,0.5,10.0
STU_05280,above_avg,6,4.55,6.25,3.44,2.81,79.6,68.7,62.8,57.5,21.4,6.36,4,0,0,0,57.0,51.7,69.3,7.2,58.4,52.6,0.62,7.67
STU_05281,strong,3,7.82,7.16,7.89,-0.73,80.9,77.0,72.0,70.1,37.0,5.76,6,0,2,0,71.2,58.4,100.0,13.8,81.1,66.3,0.25,8.36
STU_05282,above_avg,6,5.05,6.0,4.89,1.11,76.9,73.7,64.2,42.3,24.5,4.61,4,0,0,1,55.4,48.1,69.6,8.4,57.0,50.6,0.62,6.67
STU_05283,average,4,1.81,2.59,0.42,2.17,66.1,47.4,78.1,44.4,40.5,5.84,7,3,0,7,41.1,26.4,48.7,7.1,43.5,40.1,0.38,3.56
STU_05284,below_avg,4,0.98,0.23,0.84,-0.61,68.1,45.7,63.6,36.2,39.1,6.59,7,6,0,7,27.8,13.8,47.2,11.7,42.2,22.0,0.38,0.44
STU_05285,topper,3,9.28,9.16,9.37,-0.21,97.4,100.0,62.4,66.9,54.3,4.85,6,0,6,0,83.3,72.9,96.0,8.5,91.7,79.1,0.25,10.0
STU_05286,average,3,0.51,0.0,0.95,-0.95,68.6,20.1,31.8,21.9,15.1,7.34,6,6,0,6,29.1,20.5,36.8,5.4,33.0,27.2,0.25,0.0
STU_05287,struggling,4,0.45,0.0,0.53,-0.53,44.9,26.8,28.7,12.1,11.8,7.16,7,7,0,7,10.9,2.0,29.2,11.3,15.6,9.0,0.38,0.0
STU_05288,average,3,1.6,0.84,1.95,-1.11,69.4,36.2,34.7,65.1,0.0,4.05,6,4,0,5,38.9,23.7,53.3,8.8,48.3,34.1,0.25,0.91
STU_05289,average,3,1.19,2.42,0.26,2.16,79.6,53.6,46.4,33.7,0.3,5.7,6,3,0,4,40.4,19.4,56.6,11.8,46.7,37.3,0.25,0.73
STU_05290,above_avg,5,3.52,4.11,3.0,1.11,80.5,43.4,65.0,76.4,29.6,4.71,4,1,0,1,53.5,39.6,66.3,9.5,59.8,47.2,0.5,6.88
STU_05291,below_avg,4,0.94,0.5,1.58,-1.08,52.3,50.6,40.4,42.7,42.9,7.49,7,5,0,6,26.4,10.6,59.3,18.2,54.6,15.1,0.38,0.56
STU_05292,below_avg,3,0.8,1.26,0.53,0.73,72.8,38.8,40.8,36.7,0.8,5.64,6,4,0,6,29.3,4.3,46.7,14.6,31.9,28.1,0.25,1.14
STU_05293,below_avg,5,0.01,0.0,0.0,0.0,73.9,43.2,60.6,36.0,22.2,6.31,4,4,0,4,16.1,4.1,28.3,9.1,24.2,7.9,0.5,0.0
STU_05294,average,4,1.29,0.55,2.26,-1.71,76.2,53.2,52.6,54.9,70.5,6.2,7,5,1,6,35.2,11.5,73.5,18.3,57.6,26.2,0.38,0.0
STU_05295,above_avg,5,6.77,6.44,7.18,-0.74,83.0,85.9,75.2,75.9,75.4,6.19,4,0,2,1,68.4,47.3,89.9,16.2,83.3,53.6,0.5,7.5
STU_05296,strong,7,7.52,9.0,6.62,2.38,81.9,87.9,55.9,70.3,40.2,8.5,3,0,3,0,82.9,71.6,97.2,10.7,84.4,79.8,0.75,9.17
STU_05297,improving,7,4.94,6.67,1.62,5.05,75.6,82.4,66.9,52.7,23.0,6.05,3,0,1,0,61.8,50.4,75.1,10.2,67.5,50.4,0.75,7.5
STU_05298,struggling,6,0.19,1.0,0.0,1.0,38.9,9.9,15.5,20.5,40.2,6.56,4,3,0,4,14.0,2.0,44.0,17.5,18.0,2.0,0.62,0.0
STU_05299,strong,6,7.95,7.75,7.56,0.19,87.8,100.0,79.9,73.4,38.7,5.55,4,0,3,0,73.7,64.3,78.3,5.6,76.8,64.3,0.62,8.67
STU_05300,strong,5,6.88,5.56,8.36,-2.8,91.1,81.0,50.3,75.9,41.8,7.3,4,0,1,1,58.6,40.6,76.9,13.3,70.1,47.1,0.5,8.0
STU_05301,average,4,3.62,4.55,2.21,2.34,79.9,36.9,57.3,65.6,19.7,5.56,7,2,0,3,48.1,38.2,56.7,7.6,40.0,51.3,0.38,6.89
STU_05302,average,6,1.68,2.0,1.56,0.44,79.3,46.3,55.2,51.0,30.4,7.82,4,2,0,3,43.8,36.4,52.1,6.9,46.2,36.4,0.62,5.5
STU_05303,topper,5,7.77,7.56,8.73,-1.17,91.2,88.3,96.6,81.5,38.3,6.49,4,0,2,0,76.3,64.9,95.0,12.2,87.2,65.4,0.5,9.75
STU_05304,topper,3,9.59,8.95,9.79,-0.84,96.6,89.5,100.0,93.1,50.7,7.12,6,0,6,0,80.8,70.5,91.1,7.0,88.5,77.0,0.25,10.0
STU_05305,average,4,3.34,5.09,1.63,3.46,81.1,59.1,49.8,54.7,41.7,6.82,7,1,0,2,51.7,25.8,63.2,11.5,55.2,50.3,0.38,7.44
STU_05306,strong,4,6.18,6.95,6.0,0.95,94.2,80.4,63.3,73.8,82.8,7.19,7,0,3,1,66.2,46.8,82.4,11.0,74.7,62.8,0.38,7.33
STU_05307,struggling,4,0.39,0.0,0.74,-0.74,57.8,22.8,20.6,35.5,16.1,7.25,7,7,0,7,9.3,2.0,25.0,8.6,11.3,8.5,0.38,3.22
STU_05308,below_avg,3,0.51,0.42,0.32,0.1,47.3,29.6,28.2,35.4,3.6,5.3,6,5,0,6,20.7,2.0,40.2,11.0,30.2,15.9,0.25,1.27
STU_05309,struggling,3,0.05,0.0,0.0,0.0,38.6,19.7,34.9,22.7,24.9,6.59,6,6,0,6,9.7,2.0,37.8,13.0,7.1,10.9,0.25,0.32
STU_05310,topper,3,9.41,9.37,9.58,-0.21,96.5,100.0,73.1,73.6,100.0,6.15,6,0,6,0,87.3,74.2,98.0,8.5,95.1,83.5,0.25,9.82
STU_05311,strong,7,9.19,9.67,9.0,0.67,81.0,88.9,36.4,89.3,50.0,6.02,3,0,3,0,84.6,74.1,90.6,7.4,81.5,90.6,0.75,10.0
STU_05312,struggling,4,0.0,0.0,0.0,0.0,27.4,24.1,26.0,20.0,16.2,6.22,7,7,0,7,9.5,2.0,22.9,8.1,14.3,7.6,0.38,0.0
STU_05313,strong,4,7.71,6.68,7.37,-0.69,85.7,56.9,71.9,61.8,22.2,7.61,7,0,1,0,63.2,52.6,71.9,6.3,67.5,61.6,0.38,7.11
STU_05314,average,6,2.68,2.0,3.0,-1.0,69.3,52.3,42.3,50.6,19.7,7.4,4,2,0,3,43.6,31.6,57.9,10.7,47.6,31.6,0.62,5.0
STU_05315,above_avg,3,6.13,6.47,5.42,1.05,85.0,79.3,49.5,52.9,21.0,5.85,6,0,2,1,61.8,48.0,72.6,9.1,70.4,57.6,0.25,6.86
STU_05316,above_avg,7,6.87,7.5,5.62,1.88,66.7,89.1,81.0,64.6,52.5,4.35,3,0,1,0,69.8,60.5,84.6,10.6,72.5,64.2,0.75,2.0
STU_05317,strong,3,8.21,7.74,7.79,-0.05,78.5,78.1,55.6,48.4,52.8,6.44,6,0,2,0,71.1,58.4,87.3,9.8,77.6,67.8,0.25,8.68
STU_05318,above_avg,4,6.02,5.41,5.84,-0.43,84.0,68.5,47.3,64.8,38.5,7.21,7,1,2,2,56.4,20.0,81.9,19.4,67.8,51.8,0.38,6.0
STU_05319,below_avg,4,1.02,0.0,2.42,-2.42,61.8,55.0,35.0,30.9,28.8,5.45,7,7,0,7,18.6,2.7,33.1,9.5,29.1,14.5,0.38,0.56
STU_05320,above_avg,4,7.23,7.0,6.47,0.53,74.8,73.9,60.3,74.7,27.9,6.35,7,0,3,1,67.1,47.5,82.9,11.7,77.7,62.8,0.38,7.78
STU_05321,below_avg,3,0.44,0.21,0.42,-0.21,73.4,43.8,25.8,16.8,12.3,5.45,6,5,0,6,22.8,2.0,41.5,12.3,36.6,15.9,0.25,1.64
STU_05322,average,7,5.28,6.17,3.75,2.42,82.1,77.7,68.9,65.1,42.1,5.81,3,0,0,0,60.6,56.2,66.4,4.3,61.3,59.1,0.75,2.67
STU_05323,topper,7,9.08,10.0,8.88,1.12,96.5,89.3,75.5,66.2,33.5,6.81,3,0,3,0,92.2,86.6,96.0,4.0,95.0,86.6,0.75,10.0
STU_05324,struggling,5,0.0,0.0,0.0,0.0,48.2,6.7,26.8,36.0,22.3,5.81,4,4,0,4,5.7,2.0,12.5,4.3,7.2,4.1,0.5,0.62
STU_05325,above_avg,4,5.28,4.14,5.79,-1.65,83.5,72.5,76.5,60.4,50.5,6.13,7,1,1,5,50.8,38.4,70.5,11.5,68.3,43.8,0.38,5.44
STU_05326,above_avg,3,4.89,4.89,4.63,0.26,80.7,42.5,62.2,37.1,43.2,4.03,6,1,1,3,51.1,39.4,70.3,10.1,44.5,54.3,0.25,7.32
STU_05327,below_avg,5,0.25,0.67,0.27,0.4,52.6,54.5,40.3,61.1,52.3,6.57,4,3,0,3,25.2,2.0,58.1,22.0,45.0,5.4,0.5,2.62
STU_05328,above_avg,6,7.5,7.38,7.22,0.16,85.8,65.8,51.6,49.8,44.8,6.96,4,0,2,0,68.4,60.9,77.7,6.9,70.9,60.9,0.62,2.33
STU_05329,above_avg,3,4.91,4.89,4.68,0.21,85.4,90.6,61.3,58.5,43.3,8.02,6,1,0,1,51.2,14.1,64.2,17.0,63.1,45.2,0.25,2.73
STU_05330,above_avg,5,5.63,6.11,5.27,0.84,80.8,67.9,61.4,67.2,49.5,7.68,4,0,1,1,59.1,42.2,78.8,13.2,66.5,51.7,0.5,6.75
STU_05331,below_avg,6,1.46,0.0,2.33,-2.33,47.2,26.4,63.1,21.7,10.3,5.54,4,4,0,4,21.4,4.6,33.4,10.5,26.9,4.6,0.62,1.0
STU_05332,struggling,6,0.19,0.0,0.78,-0.78,55.5,32.1,14.3,21.2,12.7,4.71,4,4,0,4,17.3,3.2,32.3,10.4,18.2,14.7,0.62,0.67
STU_05333,improving,4,3.87,5.14,1.74,3.4,72.0,96.6,51.9,85.1,61.2,6.54,7,1,1,2,58.8,39.9,87.5,14.8,78.3,51.0,0.38,4.22
STU_05334,below_avg,3,0.63,0.53,0.0,0.53,56.3,48.9,19.2,55.2,35.4,6.73,6,5,0,6,22.4,2.0,46.0,15.3,39.7,13.8,0.25,0.0
STU_05335,improving,3,3.11,4.05,1.68,2.37,85.2,39.4,52.9,50.1,39.5,5.38,6,2,1,3,48.5,29.9,75.8,15.4,53.6,46.0,0.25,4.23
STU_05336,struggling,5,0.14,0.0,0.0,0.0,43.5,59.8,37.8,39.4,23.1,5.54,4,4,0,4,24.0,2.0,39.0,14.1,36.0,12.1,0.5,0.0
STU_05337,strong,5,7.04,7.44,7.05,0.39,82.8,92.0,74.7,77.2,44.6,6.65,4,0,2,0,72.9,59.5,96.7,14.4,80.2,65.5,0.5,8.5
STU_05338,above_avg,4,6.13,5.91,6.53,-0.62,79.2,71.2,62.1,71.6,17.6,5.86,7,0,1,3,56.6,42.3,85.5,13.6,63.9,53.7,0.38,5.89
STU_05339,topper,6,9.77,10.0,10.0,0.0,93.2,100.0,85.8,85.8,39.7,6.43,4,0,4,0,91.4,82.4,97.7,5.6,94.4,82.4,0.62,10.0
STU_05340,average,5,2.58,3.67,2.18,1.49,74.0,80.6,31.3,42.4,37.9,5.39,4,1,0,2,50.8,31.2,67.6,13.6,62.8,38.8,0.5,5.25
STU_05341,topper,6,8.54,8.75,8.44,0.31,93.4,83.9,71.5,77.3,88.2,5.41,4,0,4,0,78.9,72.1,84.7,4.7,81.2,72.1,0.62,8.67
STU_05342,average,4,2.45,2.77,1.79,0.98,77.9,59.8,63.2,50.6,41.9,7.78,7,3,0,3,43.4,17.0,69.9,17.9,63.6,35.3,0.38,3.22
STU_05343,below_avg,3,0.06,0.0,0.63,-0.63,61.6,40.9,36.4,46.4,4.5,7.36,6,6,0,6,14.6,3.3,35.7,11.0,28.7,7.6,0.25,0.18
STU_05344,strong,3,9.67,9.79,8.74,1.05,81.3,81.1,55.5,82.2,68.4,6.1,6,0,6,0,88.2,73.8,100.0,9.9,76.4,94.1,0.25,9.27
STU_05345,average,5,1.95,2.78,0.91,1.87,66.7,60.1,62.3,19.0,38.1,6.88,4,1,0,2,47.2,32.4,65.6,12.4,57.9,36.5,0.5,1.5
STU_05346,above_avg,3,5.94,6.42,5.68,0.74,74.4,59.4,60.1,54.9,40.4,7.67,6,0,2,1,61.5,46.7,72.0,9.4,69.4,57.5,0.25,5.95
STU_05347,average,3,1.34,1.05,0.53,0.52,75.0,37.2,56.6,46.9,1.0,5.86,6,5,0,6,30.4,22.5,46.2,7.8,29.2,30.9,0.25,3.5
STU_05348,struggling,3,0.0,0.21,0.0,0.21,35.4,20.0,0.0,29.0,5.1,6.47,6,5,0,6,15.8,2.0,44.2,15.1,27.4,10.0,0.25,0.0
STU_05349,above_avg,3,3.69,5.16,2.95,2.21,76.6,55.9,40.5,32.9,29.3,5.62,6,0,1,3,50.7,42.0,70.6,9.6,58.6,46.8,0.25,6.32
STU_05350,average,4,1.8,2.14,2.26,-0.12,63.0,40.7,70.1,53.5,47.8,5.52,7,4,0,5,37.0,17.1,62.5,15.8,50.1,31.7,0.38,2.22
STU_05351,strong,3,7.28,6.63,9.05,-2.42,88.6,94.8,95.7,69.8,62.2,7.34,6,0,2,1,66.0,47.9,84.9,13.2,83.5,57.2,0.25,7.64
STU_05352,above_avg,7,6.61,6.5,6.12,0.38,97.3,73.1,46.3,52.4,59.5,5.81,3,0,1,0,62.4,51.6,74.8,9.5,67.8,51.6,0.75,6.83
STU_05353,below_avg,4,0.14,0.0,1.05,-1.05,50.6,41.2,51.0,34.8,27.3,6.63,7,7,0,7,12.3,2.0,39.0,13.0,20.5,9.0,0.38,0.44
STU_05354,strong,4,6.91,6.45,6.74,-0.29,96.1,80.7,59.6,47.8,23.9,7.46,7,0,0,1,62.1,49.2,69.5,6.3,68.2,59.7,0.38,4.67
STU_05355,failing,6,0.14,0.0,0.0,0.0,41.9,5.9,14.2,27.5,25.5,6.28,4,4,0,4,6.0,2.0,10.5,4.0,7.4,2.0,0.62,0.0
STU_05356,strong,7,9.57,10.0,8.88,1.12,76.0,91.5,60.4,96.2,56.2,7.57,3,0,3,0,87.1,80.4,93.6,5.4,90.5,80.4,0.75,9.33
STU_05357,below_avg,3,0.19,0.0,0.37,-0.37,60.7,15.0,35.1,21.1,49.6,5.41,6,6,0,6,9.5,2.0,19.0,6.3,9.2,9.6,0.25,1.09
STU_05358,average,3,5.48,5.11,6.0,-0.89,80.9,70.8,41.8,65.8,9.8,7.74,6,1,0,1,56.5,37.2,66.5,10.1,65.8,51.8,0.25,5.05
STU_05359,average,6,1.61,3.12,0.0,3.12,69.0,57.3,55.2,50.3,10.5,4.74,4,1,0,2,43.9,7.2,69.9,22.8,56.1,7.2,0.62,6.33
STU_05360,strong,4,8.91,8.41,9.58,-1.17,86.9,65.9,76.1,63.5,42.1,6.21,7,0,5,0,72.0,50.5,82.3,10.9,72.2,71.9,0.38,8.78
STU_05361,failing,6,0.0,0.5,0.0,0.5,28.4,0.0,14.8,23.3,0.0,4.0,4,3,0,4,12.5,2.0,42.1,17.1,15.9,2.0,0.62,0.0
STU_05362,average,3,1.3,2.0,1.68,0.32,81.2,67.8,62.0,62.7,26.0,6.13,6,3,0,4,43.1,24.5,57.6,10.7,55.0,37.2,0.25,4.09
STU_05363,average,4,0.35,0.41,0.42,-0.01,68.3,63.9,38.9,59.4,55.3,7.64,7,5,0,7,30.1,4.9,48.2,12.9,44.5,24.4,0.38,1.22
STU_05364,above_avg,4,5.34,5.05,5.74,-0.69,84.1,56.2,35.0,33.8,55.7,6.28,7,1,0,2,52.0,36.7,64.1,8.1,48.3,53.4,0.38,4.22
STU_05365,topper,5,9.83,9.33,10.0,-0.67,91.3,79.8,69.2,71.6,27.0,6.15,4,0,4,0,84.8,71.9,92.4,7.8,90.8,78.8,0.5,9.25
STU_05366,topper,5,9.17,8.89,9.45,-0.56,90.4,82.7,85.6,75.8,35.2,6.03,4,0,4,0,77.0,71.2,81.7,4.1,77.5,76.5,0.5,8.5
STU_05367,average,4,2.16,3.64,1.16,2.48,80.7,81.4,58.8,63.9,64.7,6.23,7,2,0,3,49.2,30.7,58.8,9.8,58.7,45.4,0.38,6.0
STU_05368,average,4,0.8,0.18,1.58,-1.4,66.7,36.1,39.1,41.4,24.4,6.07,7,6,0,7,31.8,16.7,43.9,8.4,39.5,28.7,0.38,0.67
STU_05369,struggling,3,0.14,0.0,0.0,0.0,61.3,36.8,31.1,21.3,31.1,5.34,6,6,0,6,16.2,2.5,32.5,11.7,30.8,8.9,0.25,0.0
STU_05370,below_avg,3,0.0,0.0,0.0,0.0,54.4,32.0,51.9,61.7,5.9,6.14,6,6,0,6,18.4,8.1,29.1,7.8,28.5,13.3,0.25,0.0
STU_05371,below_avg,6,1.18,0.62,1.11,-0.49,66.3,38.3,53.1,58.3,30.4,5.44,4,3,0,4,30.6,20.1,46.8,10.0,32.5,25.1,0.62,0.0
STU_05372,above_avg,4,5.87,5.32,5.95,-0.63,75.8,71.8,47.4,24.2,37.7,8.04,7,1,1,2,55.5,31.4,73.6,12.2,57.9,54.6,0.38,5.89
STU_05373,struggling,6,0.21,0.0,0.0,0.0,32.0,32.6,36.1,29.8,7.7,5.69,4,4,0,4,19.5,14.8,24.5,3.7,21.1,14.8,0.62,0.0
STU_05374,struggling,3,0.0,0.0,0.21,-0.21,31.7,51.9,37.2,35.8,2.1,6.78,6,6,0,6,21.6,2.0,34.3,12.4,33.3,15.8,0.25,0.0
STU_05375,below_avg,3,0.65,0.89,0.0,0.89,66.3,74.9,42.0,41.8,54.4,4.71,6,4,0,5,35.3,10.1,58.4,15.9,53.7,26.1,0.25,1.09
STU_05376,average,3,2.49,2.74,2.89,-0.15,58.7,70.8,38.4,69.1,60.4,5.45,6,3,0,4,40.4,20.6,56.8,12.5,42.1,39.5,0.25,6.5
STU_05377,average,6,3.61,5.5,0.44,5.06,77.8,45.2,58.9,61.6,38.2,7.3,4,0,0,1,52.1,46.3,56.6,3.8,54.1,46.3,0.62,7.67
STU_05378,above_avg,6,6.1,7.38,5.22,2.16,70.8,79.5,56.4,57.9,17.0,6.56,4,0,2,0,67.4,53.9,80.3,12.0,70.9,57.0,0.62,7.0
STU_05379,inconsistent,5,0.0,0.0,0.23,-0.23,65.3,25.8,27.4,56.0,15.3,5.63,4,4,0,4,18.8,12.0,27.4,5.9,13.4,24.1,0.5,0.0
STU_05380,topper,4,9.45,8.91,9.79,-0.88,88.5,90.5,84.7,66.4,33.7,6.32,7,0,6,0,80.6,64.5,98.6,9.7,89.7,77.0,0.38,9.67
STU_05381,average,3,2.99,3.32,1.84,1.48,80.9,43.7,25.8,30.5,18.9,6.57,6,1,0,5,46.6,37.7,68.6,10.1,56.1,41.8,0.25,2.45
STU_05382,strong,3,7.37,6.79,6.79,0.0,93.5,97.8,48.1,59.8,2.5,6.06,6,0,2,1,67.0,43.6,90.2,14.5,83.7,58.6,0.25,6.68
STU_05383,above_avg,6,5.68,6.12,5.44,0.68,88.9,67.5,60.9,46.8,54.5,6.78,4,0,0,0,59.7,55.5,66.1,4.0,60.4,57.4,0.62,6.83
STU_05384,below_avg,4,1.48,2.36,0.0,2.36,67.6,46.7,52.3,46.1,45.8,6.01,7,3,0,5,39.9,23.3,50.5,10.8,50.4,35.8,0.38,0.44
STU_05385,below_avg,5,0.63,0.0,0.0,0.0,57.0,36.7,49.9,0.0,88.4,6.33,4,4,0,4,25.3,12.1,33.0,8.4,32.6,17.9,0.5,0.0
STU_05386,average,3,0.36,0.53,0.0,0.53,71.1,32.0,47.5,47.5,39.7,6.25,6,5,0,6,22.6,2.8,46.6,15.1,36.0,15.9,0.25,1.0
STU_05387,below_avg,3,0.24,0.53,0.0,0.53,63.0,60.4,51.9,71.9,27.8,5.3,6,5,0,6,33.4,16.0,49.5,10.2,43.9,28.1,0.25,2.18
STU_05388,average,5,2.92,2.78,3.86,-1.08,68.9,50.0,45.8,42.4,15.8,5.83,4,1,0,3,44.3,31.4,55.0,8.5,49.6,39.0,0.5,2.75
STU_05389,average,4,2.89,3.73,2.11,1.62,66.7,55.2,52.7,38.9,17.4,6.25,7,2,0,3,50.9,28.0,67.3,14.3,64.2,45.5,0.38,1.33
STU_05390,average,5,3.25,2.44,4.27,-1.83,71.2,55.6,74.1,39.1,26.1,5.76,4,2,0,3,40.3,26.4,58.9,12.6,42.6,37.9,0.5,5.62
STU_05391,average,5,2.19,2.44,3.45,-1.01,78.9,76.0,48.7,81.5,49.8,6.11,4,1,0,3,43.0,31.4,54.4,8.1,48.5,37.5,0.5,3.0
STU_05392,average,4,3.16,2.09,4.0,-1.91,77.7,56.3,36.7,29.6,36.6,7.31,7,4,0,5,35.5,14.8,57.3,14.0,46.0,31.2,0.38,3.33
STU_05393,average,7,0.64,0.67,1.0,-0.33,72.3,18.0,54.0,51.2,17.8,5.8,3,2,0,3,32.0,15.2,43.4,12.1,29.3,37.5,0.75,4.83
STU_05394,improving,3,3.32,5.11,0.84,4.27,74.2,77.3,70.3,68.6,20.4,6.71,6,1,1,2,58.8,30.7,78.2,16.6,72.9,51.8,0.25,6.45
STU_05395,above_avg,3,4.73,5.63,4.32,1.31,82.7,57.9,51.0,60.1,57.0,5.72,6,0,0,3,52.4,45.1,65.2,7.1,56.9,50.2,0.25,3.5
STU_05396,below_avg,5,1.46,1.89,0.32,1.57,68.0,46.2,37.5,54.7,6.4,7.11,4,2,0,4,28.0,2.0,48.2,19.0,32.9,23.0,0.5,2.0
STU_05397,strong,3,7.99,7.58,8.32,-0.74,86.9,85.9,74.6,65.3,21.3,6.26,6,0,2,0,72.5,59.9,93.9,11.5,73.7,71.8,0.25,8.14
STU_05398,average,6,4.49,2.62,6.0,-3.38,80.7,45.6,54.6,30.1,25.5,6.06,4,1,0,3,47.0,36.0,65.8,11.4,50.7,36.0,0.62,1.67
STU_05399,average,3,3.64,3.95,2.95,1.0,60.9,55.4,63.9,41.8,24.7,5.95,6,2,0,2,54.2,31.9,69.4,13.9,60.1,51.2,0.25,4.77
STU_05400,above_avg,3,5.21,6.21,4.63,1.58,87.9,60.7,60.8,58.9,24.9,5.34,6,0,0,1,56.8,45.3,66.8,7.4,53.3,58.5,0.25,7.68
STU_05401,below_avg,3,0.3,0.0,0.0,0.0,47.1,49.7,40.9,44.6,29.7,5.48,6,6,0,6,26.4,7.0,37.7,12.3,34.8,22.2,0.25,0.0
STU_05402,strong,3,7.14,7.16,8.11,-0.95,80.9,89.2,62.7,71.4,63.1,5.03,6,0,3,0,69.2,52.0,86.7,11.8,82.7,62.5,0.25,8.14
STU_05403,below_avg,7,1.74,0.0,3.0,-3.0,63.6,29.7,44.1,39.5,30.3,7.63,3,3,0,3,23.8,13.0,29.3,7.6,29.2,13.0,0.75,0.0
STU_05404,above_avg,4,5.38,5.95,5.16,0.79,79.2,87.8,56.8,63.5,55.9,6.93,7,0,2,2,58.3,43.3,71.3,10.6,68.8,54.1,0.38,7.22
STU_05405,struggling,5,0.04,0.0,0.0,0.0,34.6,17.0,37.8,31.7,32.4,6.64,4,4,0,4,9.3,2.0,26.2,10.0,16.7,2.0,0.5,0.0
STU_05406,average,3,2.41,3.58,1.58,2.0,85.6,37.4,56.3,49.8,9.0,5.97,6,2,0,4,45.4,35.2,57.6,8.0,47.0,44.5,0.25,1.95
STU_05407,average,3,1.47,0.79,1.68,-0.89,69.9,67.1,43.4,32.2,11.6,5.9,6,4,0,5,39.4,26.5,61.7,11.3,53.1,32.5,0.25,2.55
STU_05408,above_avg,3,6.62,5.68,7.89,-2.21,77.5,75.3,76.9,33.3,17.3,6.21,6,0,0,2,51.9,45.6,61.5,5.5,57.2,49.3,0.25,6.73
STU_05409,above_avg,4,5.54,5.86,4.11,1.75,82.6,71.3,66.4,41.0,36.6,7.15,7,0,0,1,56.6,41.9,69.6,7.9,61.5,54.7,0.38,6.78
STU_05410,topper,5,9.58,10.0,9.64,0.36,85.8,100.0,64.2,82.6,34.1,6.84,4,0,4,0,97.3,93.3,100.0,2.5,98.0,96.7,0.5,10.0
STU_05411,strong,6,5.76,6.38,5.44,0.94,80.2,64.0,59.0,88.9,21.9,7.44,4,0,1,0,62.1,52.0,73.5,7.9,65.4,52.0,0.62,8.5
STU_05412,below_avg,3,0.0,0.0,0.0,0.0,57.6,28.5,35.8,42.4,20.8,6.76,6,6,0,6,17.8,2.0,36.0,11.8,24.5,14.4,0.25,1.0
STU_05413,below_avg,4,0.55,0.27,0.42,-0.15,63.0,63.4,41.7,38.9,60.4,6.05,7,6,0,6,20.8,2.0,50.2,17.3,44.2,11.5,0.38,1.44
STU_05414,strong,3,6.72,7.21,6.26,0.95,76.1,51.8,69.5,76.8,24.2,6.58,6,0,1,0,65.8,62.2,70.7,3.1,65.9,65.7,0.25,7.0
STU_05415,topper,4,10.0,10.0,9.79,0.21,93.9,100.0,82.8,55.5,48.5,6.92,7,0,7,0,90.3,82.2,100.0,5.7,96.2,88.0,0.38,10.0
STU_05416,average,3,1.46,2.0,0.63,1.37,65.1,57.8,24.4,34.4,27.5,6.46,6,3,0,4,31.0,3.9,54.4,20.2,49.1,22.0,0.25,0.27
STU_05417,topper,7,8.51,9.17,7.75,1.42,96.1,80.2,65.6,68.0,37.0,5.83,3,0,3,0,79.5,75.2,87.9,5.9,81.7,75.2,0.75,10.0
STU_05418,average,4,4.51,2.27,6.47,-4.2,64.1,58.4,51.8,36.0,37.6,6.0,7,3,0,6,40.6,26.1,59.9,11.1,47.4,37.8,0.38,3.0
STU_05419,struggling,5,0.96,0.44,0.27,0.17,41.4,34.9,34.7,47.7,11.5,7.16,4,3,0,4,22.3,2.0,43.6,15.1,30.2,14.3,0.5,0.0
STU_05420,above_avg,5,3.88,5.44,3.05,2.39,79.9,76.5,69.2,44.8,37.6,6.53,4,0,0,2,58.3,47.8,69.6,9.8,68.0,48.6,0.5,5.88
STU_05421,topper,4,9.48,9.27,9.58,-0.31,93.8,92.8,65.4,77.4,70.5,7.44,7,0,7,0,83.8,70.9,100.0,10.3,99.2,77.6,0.38,10.0
STU_05422,failing,4,0.0,0.0,0.0,0.0,32.4,0.1,46.6,28.6,6.8,6.0,7,7,0,7,3.2,2.0,6.9,2.0,2.0,3.7,0.38,0.44
STU_05423,strong,5,6.67,7.11,6.14,0.97,87.9,72.8,62.4,81.1,70.6,6.09,4,0,1,0,64.9,56.2,75.5,7.2,65.8,63.9,0.5,10.0
STU_05424,average,3,4.39,5.11,3.47,1.64,77.9,60.6,55.1,46.3,23.5,6.33,6,1,1,2,55.2,29.4,77.4,16.1,64.3,50.7,0.25,1.64
STU_05425,average,5,0.0,0.0,0.18,-0.18,66.9,27.4,53.8,61.0,46.4,6.5,4,4,0,4,22.8,10.7,39.7,11.1,32.6,13.0,0.5,2.25
STU_05426,above_avg,7,3.83,2.67,4.75,-2.08,73.5,65.7,49.7,38.3,25.1,7.07,3,1,2,1,58.6,34.3,71.3,17.2,70.8,34.3,0.75,5.5
STU_05427,below_avg,4,0.06,0.0,0.0,0.0,56.1,56.3,46.8,38.5,24.3,6.68,7,7,0,7,15.5,2.0,34.2,11.3,31.4,9.2,0.38,0.0
STU_05428,above_avg,3,4.62,4.11,5.58,-1.47,76.5,72.7,49.4,56.0,19.9,6.27,6,2,2,2,56.7,34.6,76.7,16.2,73.8,48.1,0.25,6.32
STU_05429,inconsistent,4,3.73,5.82,1.47,4.35,59.0,65.4,58.7,60.1,53.7,8.2,7,1,2,1,58.3,24.3,80.8,16.7,67.3,54.6,0.38,3.22
STU_05430,above_avg,6,6.24,6.0,7.44,-1.44,85.3,55.5,74.0,67.4,24.1,6.01,4,0,0,1,55.3,45.8,64.7,7.2,54.1,59.1,0.62,5.67
STU_05431,below_avg,5,0.72,0.67,1.41,-0.74,43.9,25.1,23.6,54.1,15.1,5.97,4,3,0,3,21.2,2.0,50.1,17.7,26.1,16.3,0.5,1.0
STU_05432,struggling,3,0.72,0.0,0.0,0.0,50.5,14.6,17.9,46.8,0.0,6.84,6,6,0,6,10.2,2.0,29.4,10.2,3.4,13.6,0.25,0.0
STU_05433,average,4,1.75,1.0,3.05,-2.05,77.8,30.4,61.9,61.6,26.0,6.22,7,5,0,6,36.3,19.8,51.3,8.9,45.2,32.7,0.38,2.33
STU_05434,above_avg,3,5.54,4.95,5.95,-1.0,80.6,61.9,66.2,73.5,44.7,5.89,6,1,1,2,56.8,36.7,74.7,11.6,67.8,51.3,0.25,5.91
STU_05435,above_avg,4,6.01,6.0,6.0,0.0,90.8,73.0,65.2,46.8,19.4,6.81,7,0,3,2,59.3,40.8,72.2,12.6,71.2,54.6,0.38,6.89
STU_05436,below_avg,4,0.53,0.0,1.05,-1.05,48.5,38.1,48.3,73.5,30.3,7.22,7,7,0,7,25.2,2.9,38.2,12.5,29.1,23.6,0.38,1.0
STU_05437,improving,6,4.54,7.12,0.44,6.68,90.7,71.2,57.9,62.3,56.6,6.77,4,0,1,0,66.9,60.7,74.2,5.0,67.6,64.6,0.62,7.83
STU_05438,below_avg,3,0.76,1.53,0.63,0.9,60.5,41.5,40.3,20.6,25.6,7.44,6,4,1,5,29.7,11.2,75.2,23.5,44.9,22.2,0.25,1.18
STU_05439,below_avg,3,1.12,1.05,1.84,-0.79,48.3,25.2,10.2,38.8,45.5,6.23,6,5,0,6,31.5,10.6,48.2,12.7,36.0,29.2,0.25,2.68
STU_05440,average,3,1.15,2.74,0.74,2.0,56.0,46.7,36.2,48.9,0.0,6.02,6,2,0,5,41.5,24.4,53.6,8.9,47.8,38.3,0.25,2.0
STU_05441,above_avg,4,7.05,6.68,7.89,-1.21,83.2,70.9,70.5,81.0,36.6,7.45,7,0,1,1,59.3,49.2,74.6,7.6,54.4,61.3,0.38,8.22
STU_05442,below_avg,4,0.0,0.0,0.0,0.0,54.3,34.1,37.4,34.7,20.9,4.53,7,7,0,7,15.7,4.7,26.3,7.1,21.6,13.4,0.38,0.0
STU_05443,below_avg,7,2.06,1.0,2.12,-1.12,73.4,50.8,36.2,50.8,25.4,6.32,3,2,0,2,38.8,21.2,56.2,14.3,47.6,21.2,0.75,0.83
STU_05444,below_avg,7,1.42,0.67,1.75,-1.08,58.0,33.2,41.3,29.9,1.2,5.15,3,2,0,3,22.7,2.0,40.3,15.8,33.0,2.0,0.75,1.0
STU_05445,above_avg,6,6.27,6.88,5.67,1.21,91.8,100.0,67.1,63.2,57.0,6.75,4,0,1,0,68.9,58.5,80.5,7.8,72.3,58.5,0.62,7.33
STU_05446,below_avg,5,1.93,1.22,3.5,-2.28,73.5,54.0,58.3,36.1,39.4,5.27,4,2,0,3,31.2,2.0,60.8,21.8,50.5,11.9,0.5,4.88
STU_05447,inconsistent,5,3.47,2.0,4.73,-2.73,47.4,50.3,72.1,35.3,43.8,6.3,4,2,0,3,42.7,35.4,53.8,6.8,46.7,38.7,0.5,7.0
STU_05448,above_avg,5,5.35,4.0,6.68,-2.68,70.4,71.2,63.3,43.6,30.4,5.02,4,1,0,1,49.0,25.0,59.5,14.1,59.4,38.6,0.5,7.5
STU_05449,average,4,0.0,0.41,0.42,-0.01,65.8,45.3,48.8,67.9,11.4,6.75,7,5,0,7,32.0,22.2,47.7,9.2,46.0,26.4,0.38,2.11
STU_05450,strong,3,6.22,7.16,5.37,1.79,85.8,92.2,58.7,69.0,57.2,5.88,6,0,2,0,72.8,59.4,95.3,11.0,81.8,68.3,0.25,9.27
STU_05451,below_avg,4,0.94,0.32,1.16,-0.84,59.7,60.2,62.0,58.4,7.3,7.35,7,6,0,6,29.2,9.7,65.8,16.5,48.0,21.7,0.38,0.56
STU_05452,struggling,3,1.03,1.47,0.0,1.47,51.5,33.1,36.1,33.9,9.7,5.54,6,5,0,5,17.5,2.0,61.7,21.2,18.7,16.9,0.25,0.0
STU_05453,average,7,2.49,2.5,1.75,0.75,73.0,63.7,23.4,39.9,16.8,4.75,3,1,1,1,53.3,23.9,73.6,21.3,68.0,23.9,0.75,0.0
STU_05454,topper,4,9.72,9.82,10.0,-0.18,86.5,100.0,76.4,90.5,41.6,5.93,7,0,7,0,90.3,77.3,100.0,6.7,98.5,87.0,0.38,9.56
STU_05455,struggling,3,0.0,0.0,0.0,0.0,54.4,48.7,29.9,36.1,51.7,6.57,6,6,0,6,14.0,2.0,31.5,10.9,28.6,6.7,0.25,0.0
STU_05456,strong,3,8.05,7.53,7.53,0.0,93.9,87.8,60.0,68.4,66.1,6.89,6,0,4,0,69.4,51.0,78.2,9.2,77.0,65.6,0.25,8.59
STU_05457,above_avg,3,5.56,5.79,5.47,0.32,86.8,78.2,61.7,62.9,13.3,7.0,6,0,2,3,58.5,43.2,75.1,12.8,73.2,51.1,0.25,7.73
STU_05458,topper,3,8.17,7.95,8.32,-0.37,89.5,81.8,80.8,63.5,60.3,4.58,6,0,4,0,74.8,68.8,79.8,4.3,78.8,72.9,0.25,8.23
STU_05459,average,5,3.21,3.78,2.45,1.33,75.5,84.8,62.5,39.3,39.8,6.18,4,1,1,1,58.4,34.4,94.0,21.9,73.7,43.2,0.5,5.5
STU_05460,strong,3,5.5,4.89,6.11,-1.22,91.5,64.3,71.8,68.8,43.5,4.61,6,1,0,2,55.8,33.7,67.8,13.4,67.4,49.9,0.25,6.32
STU_05461,average,5,2.55,1.33,3.27,-1.94,82.6,69.3,68.4,41.6,55.6,7.73,4,2,0,2,41.7,28.3,51.0,9.4,50.5,32.9,0.5,2.38
STU_05462,average,4,2.39,1.45,3.26,-1.81,77.1,49.7,67.4,28.1,43.1,6.01,7,4,0,6,36.2,6.9,62.1,17.0,55.5,28.4,0.38,2.22
STU_05463,below_avg,4,0.4,0.0,1.05,-1.05,54.3,19.7,44.2,31.8,82.2,6.78,7,7,0,7,19.2,2.5,37.0,10.8,25.9,16.5,0.38,0.44
STU_05464,above_avg,3,4.42,5.32,3.53,1.79,71.3,70.1,56.6,50.0,59.5,5.68,6,0,1,5,52.1,46.1,73.7,9.7,60.7,47.8,0.25,6.32
STU_05465,above_avg,4,6.03,5.64,5.79,-0.15,71.0,63.1,54.1,54.4,14.5,5.33,7,0,1,2,56.9,42.3,75.8,11.6,71.9,51.0,0.38,6.89
STU_05466,improving,3,4.37,5.26,3.0,2.26,87.0,75.1,64.4,59.2,53.1,6.46,6,0,1,3,52.2,40.6,74.2,12.2,57.4,49.5,0.25,6.59
STU_05467,average,5,3.49,3.11,4.18,-1.07,60.4,45.7,59.5,83.6,36.6,6.66,4,1,0,2,47.4,36.7,57.6,7.7,51.1,43.8,0.5,5.75
STU_05468,struggling,7,0.0,0.0,0.0,0.0,43.8,40.4,24.0,45.2,15.7,5.15,3,3,0,3,19.7,10.0,31.7,9.0,20.9,17.5,0.75,0.0
STU_05469,struggling,5,0.21,0.0,0.0,0.0,57.9,14.2,54.2,15.6,28.7,5.3,4,4,0,4,13.6,2.0,19.7,6.9,18.2,9.1,0.5,0.5
STU_05470,above_avg,7,6.49,6.0,6.88,-0.88,89.4,66.2,43.9,59.3,33.6,4.75,3,0,0,0,55.6,55.1,56.5,0.7,55.1,56.5,0.75,6.17
STU_05471,struggling,3,0.01,0.21,0.0,0.21,53.1,33.9,33.7,49.2,5.1,6.33,6,5,0,6,22.6,5.4,40.5,13.6,39.3,14.3,0.25,0.0
STU_05472,average,6,1.82,0.88,1.78,-0.9,77.3,38.1,40.7,51.8,25.0,6.17,4,3,0,3,40.9,26.3,66.0,15.1,45.7,26.3,0.62,0.67
STU_05473,above_avg,3,3.2,3.47,3.11,0.36,79.6,59.0,53.8,43.3,29.1,5.53,6,1,0,5,44.0,30.0,55.4,7.5,50.0,41.0,0.25,4.41
STU_05474,strong,4,8.79,8.0,9.16,-1.16,78.8,92.5,69.7,97.3,25.7,5.43,7,0,4,0,71.1,59.9,88.5,9.1,74.2,69.9,0.38,9.33
STU_05475,average,7,1.88,1.0,1.5,-0.5,67.2,57.3,40.0,46.9,42.3,6.81,3,2,0,2,44.9,39.1,56.1,7.9,47.6,39.5,0.75,0.83
STU_05476,strong,3,6.64,7.47,6.16,1.31,88.5,81.8,77.3,61.4,36.2,7.49,6,0,3,0,69.6,57.9,79.9,7.6,75.6,66.6,0.25,8.36
STU_05477,below_avg,5,0.32,0.0,0.0,0.0,53.7,16.0,27.4,37.2,41.6,5.42,4,4,0,4,15.8,2.0,34.0,12.0,5.5,26.2,0.5,0.0
STU_05478,average,3,4.16,3.42,4.79,-1.37,67.3,64.4,57.3,35.1,42.8,4.93,6,2,0,3,50.0,24.6,68.3,14.9,66.3,41.8,0.25,4.14
STU_05479,struggling,5,0.0,0.0,0.0,0.0,39.1,41.3,33.3,31.4,0.0,5.85,4,4,0,4,17.2,2.0,23.0,8.8,22.9,11.6,0.5,0.0
STU_05480,average,6,5.27,3.62,6.0,-2.38,70.9,29.3,73.7,36.1,48.4,6.11,4,2,0,3,44.1,33.6,54.4,8.4,40.7,54.4,0.62,0.83
STU_05481,above_avg,6,3.56,3.62,2.56,1.06,78.8,80.8,37.4,66.4,50.2,5.62,4,1,1,1,57.7,34.2,80.6,16.9,65.6,34.2,0.62,2.5
STU_05482,inconsistent,4,2.69,2.36,3.47,-1.11,44.9,56.4,50.7,49.9,6.7,5.2,7,4,1,5,40.2,15.9,72.7,18.2,44.3,38.6,0.38,5.44
STU_05483,above_avg,5,4.28,5.11,3.64,1.47,82.8,65.6,63.0,50.3,71.7,5.28,4,0,0,1,52.6,43.2,56.6,5.5,55.5,49.7,0.5,3.62
STU_05484,struggling,7,2.14,0.0,3.0,-3.0,53.9,30.3,38.8,24.3,2.1,7.87,3,3,0,3,29.5,22.9,34.9,5.0,28.9,30.7,0.75,0.67
STU_05485,struggling,4,0.07,0.0,0.0,0.0,53.6,26.3,17.6,61.0,0.0,5.22,7,7,0,7,8.7,2.0,22.4,8.3,15.2,6.1,0.38,0.0
STU_05486,average,4,1.1,1.86,1.05,0.81,72.8,56.3,45.8,59.8,35.9,6.28,7,4,0,4,43.1,26.0,62.6,14.9,58.7,36.9,0.38,5.56
STU_05487,below_avg,3,1.34,1.11,0.63,0.48,63.7,50.7,39.9,64.7,0.0,6.21,6,4,0,6,32.8,2.4,45.6,14.7,41.1,28.7,0.25,0.23
STU_05488,struggling,4,0.0,0.0,0.0,0.0,47.4,41.0,22.8,36.8,16.8,7.01,7,7,0,7,15.5,2.0,36.3,12.1,26.5,11.1,0.38,0.0
STU_05489,improving,5,5.14,6.44,3.09,3.35,86.0,90.3,65.2,63.4,50.9,6.48,4,0,1,1,69.0,47.2,100.0,19.3,81.1,56.8,0.5,7.5
STU_05490,below_avg,4,0.0,1.18,0.0,1.18,67.8,64.0,46.3,50.4,4.6,6.65,7,5,0,6,27.7,2.0,56.5,17.3,42.6,21.7,0.38,0.44
STU_05491,average,7,3.12,4.83,1.25,3.58,65.5,55.9,31.4,50.9,73.1,4.85,3,1,0,2,46.4,35.9,53.6,7.6,42.8,53.6,0.75,2.67
STU_05492,above_avg,3,6.36,6.47,6.21,0.26,75.5,49.4,79.0,65.8,18.7,6.43,6,0,0,1,57.6,45.9,69.5,8.3,53.1,59.9,0.25,6.64
STU_05493,above_avg,3,0.76,0.95,0.95,0.0,88.1,47.6,49.9,68.5,60.4,6.47,6,4,0,4,41.5,29.5,53.9,8.9,53.2,35.6,0.25,3.45
STU_05494,below_avg,5,0.59,0.56,0.27,0.29,48.3,31.6,48.6,75.4,26.0,6.16,4,3,0,4,29.4,8.6,49.4,15.1,29.0,29.8,0.5,1.75
STU_05495,average,4,1.52,0.59,2.58,-1.99,72.7,36.7,57.3,37.3,36.6,6.87,7,5,0,5,34.6,21.4,62.7,14.5,56.5,25.9,0.38,0.0
STU_05496,above_avg,3,5.05,5.16,6.0,-0.84,88.4,73.0,43.5,50.4,37.5,7.24,6,1,1,2,57.6,33.1,73.8,13.7,70.0,51.3,0.25,6.0
STU_05497,strong,5,6.19,6.33,6.55,-0.22,90.6,64.4,54.9,33.3,21.1,8.04,4,0,1,0,62.3,54.9,71.3,7.5,69.8,55.0,0.5,6.88
STU_05498,topper,5,9.69,9.11,9.27,-0.16,88.4,70.8,76.3,71.9,58.8,6.74,4,0,4,0,89.1,72.8,100.0,10.0,96.7,81.4,0.5,10.0
STU_05499,average,5,1.4,1.0,2.32,-1.32,85.1,59.4,50.2,33.5,6.7,6.53,4,2,0,4,31.2,12.6,47.9,14.3,45.0,17.4,0.5,3.12
STU_05500,struggling,4,0.0,0.27,0.0,0.27,35.3,45.9,48.1,26.7,27.8,6.97,7,6,0,6,19.0,2.0,51.5,16.2,41.0,10.1,0.38,0.0
STU_05501,topper,3,9.88,10.0,10.0,0.0,97.2,96.5,64.5,100.0,44.2,5.78,6,0,6,0,89.6,84.3,94.8,3.3,89.5,89.6,0.25,10.0
STU_05502,failing,5,0.0,0.0,0.0,0.0,30.7,4.6,0.0,42.9,25.5,5.95,4,4,0,4,4.8,2.0,13.2,4.8,7.6,2.0,0.5,0.0
STU_05503,above_avg,3,6.58,7.0,6.79,0.21,78.4,63.9,80.2,64.9,42.1,7.46,6,0,2,1,65.4,48.1,72.2,8.2,66.8,64.6,0.25,4.86
STU_05504,strong,3,6.96,6.42,6.53,-0.11,83.4,60.7,67.8,74.0,26.1,5.07,6,0,1,0,58.4,50.4,71.1,7.0,66.2,54.6,0.25,7.45
STU_05505,topper,5,9.95,10.0,9.82,0.18,85.9,100.0,68.6,87.4,71.6,6.67,4,0,4,0,95.8,88.3,100.0,4.7,99.7,91.9,0.5,10.0
STU_05506,above_avg,3,5.4,6.53,4.21,2.32,73.9,71.6,44.9,52.1,64.9,4.33,6,0,1,0,61.5,50.2,83.4,12.1,75.5,54.5,0.25,8.36
STU_05507,topper,6,8.63,9.5,8.56,0.94,97.4,100.0,100.0,57.6,23.4,6.3,4,0,4,0,91.6,76.2,100.0,9.7,96.8,76.2,0.62,10.0
STU_05508,topper,3,9.81,9.58,10.0,-0.42,85.1,100.0,70.6,56.3,68.1,6.56,6,0,6,0,91.9,73.5,100.0,8.5,97.2,89.2,0.25,10.0
STU_05509,strong,6,9.03,8.12,9.56,-1.44,88.4,84.7,62.9,50.4,47.7,5.82,4,0,2,0,74.1,60.7,85.4,10.3,76.3,67.5,0.62,7.5
STU_05510,below_avg,3,1.24,0.84,2.0,-1.16,52.6,52.5,26.8,33.3,36.9,4.58,6,4,0,5,29.9,2.0,50.3,16.1,46.8,21.5,0.25,0.0
STU_05511,above_avg,4,3.25,3.14,3.26,-0.12,86.2,73.3,39.2,34.2,21.0,6.08,7,2,0,5,47.0,33.7,67.6,10.1,59.8,41.8,0.38,6.11
STU_05512,below_avg,3,0.34,0.84,0.0,0.84,51.2,30.0,39.8,28.4,8.5,5.92,6,5,1,5,29.4,4.4,70.8,22.6,54.0,17.1,0.25,1.09
STU_05513,average,7,2.08,1.0,3.5,-2.5,68.4,37.4,48.4,32.5,36.2,6.65,3,2,0,2,40.6,31.1,54.8,10.2,43.0,35.8,0.75,1.83
STU_05514,above_avg,3,6.68,6.89,5.68,1.21,82.1,85.5,97.0,54.0,24.5,4.7,6,0,2,1,65.7,43.9,91.3,15.3,69.9,63.6,0.25,6.95
STU_05515,average,3,0.0,0.0,0.0,0.0,79.9,61.1,49.8,31.7,10.7,6.93,6,6,0,6,26.7,8.8,37.9,10.0,33.5,23.2,0.25,0.91
STU_05516,below_avg,7,0.4,0.0,0.88,-0.88,63.4,22.5,20.1,35.2,3.4,6.07,3,3,0,3,27.9,7.6,39.6,14.4,38.0,7.6,0.75,1.0
STU_05517,average,3,2.62,4.47,1.11,3.36,78.4,83.2,50.2,52.5,39.0,6.34,6,1,1,3,55.0,39.6,76.0,14.3,71.6,46.7,0.25,6.59
STU_05518,inconsistent,6,6.77,8.38,4.89,3.49,75.2,97.4,45.7,43.5,56.1,5.03,4,0,3,0,82.3,60.0,100.0,14.8,89.8,60.0,0.62,6.33
STU_05519,failing,4,0.31,0.0,0.0,0.0,16.6,4.1,25.8,36.1,10.2,7.37,7,7,0,7,4.2,2.0,14.5,4.3,8.2,2.6,0.38,0.0
STU_05520,strong,4,8.05,8.41,7.47,0.94,92.9,60.5,82.6,94.6,52.4,6.51,7,0,5,0,75.0,67.8,84.6,6.1,76.8,74.3,0.38,9.67
STU_05521,below_avg,3,0.28,0.63,0.53,0.1,50.8,47.6,37.9,36.0,7.1,6.16,6,5,0,5,25.9,6.3,55.6,16.1,40.5,18.6,0.25,0.0
STU_05522,topper,3,9.66,9.79,10.0,-0.21,90.2,100.0,87.8,93.9,44.7,6.97,6,0,6,0,86.1,78.9,95.4,5.6,92.0,83.1,0.25,10.0
STU_05523,average,4,3.89,2.23,4.74,-2.51,64.4,54.0,52.3,63.0,51.3,5.72,7,4,0,6,39.2,24.0,60.3,11.8,42.8,37.7,0.38,1.78
STU_05524,strong,5,7.36,7.0,7.18,-0.18,79.8,86.4,74.8,70.4,39.7,5.98,4,0,2,1,64.6,49.5,77.9,10.8,69.0,60.2,0.5,8.0
STU_05525,above_avg,6,4.19,4.88,3.44,1.44,72.3,72.6,61.8,45.1,17.6,4.89,4,0,0,2,50.0,40.1,59.0,6.7,53.3,40.1,0.62,6.33
STU_05526,struggling,5,0.33,0.0,0.0,0.0,41.9,25.2,42.1,15.6,60.9,7.11,4,4,0,4,13.6,2.0,39.1,15.2,25.1,2.0,0.5,0.0
STU_05527,strong,3,6.5,6.79,6.58,0.21,92.0,84.2,69.5,71.5,65.1,5.97,6,0,1,0,63.6,51.0,73.4,7.3,67.8,61.5,0.25,8.36
STU_05528,struggling,4,0.64,0.18,0.42,-0.24,42.0,29.1,51.5,23.1,59.6,7.49,7,6,0,7,12.3,2.0,40.4,13.6,32.4,4.3,0.38,0.0
STU_05529,above_avg,3,4.21,6.37,1.79,4.58,72.5,84.8,54.1,50.3,26.2,5.72,6,0,2,2,63.3,48.1,83.5,13.4,80.4,54.7,0.25,7.36
STU_05530,average,4,3.51,5.27,1.42,3.85,67.2,67.4,66.5,44.5,35.8,7.04,7,0,0,4,51.5,40.2,60.7,6.7,57.4,49.1,0.38,6.11
STU_05531,above_avg,6,5.39,6.12,5.78,0.34,82.2,71.9,64.8,79.9,22.7,5.77,4,0,1,1,57.6,46.6,70.1,8.4,58.1,56.1,0.62,7.5
STU_05532,average,6,1.46,2.5,0.67,1.83,69.8,15.9,47.5,54.9,45.8,8.03,4,3,0,4,34.3,24.8,45.9,7.6,30.4,45.9,0.62,5.0
STU_05533,above_avg,3,5.48,6.79,5.42,1.37,86.9,78.3,61.8,78.6,29.3,7.42,6,0,1,1,60.6,46.3,76.6,10.0,61.2,60.2,0.25,5.05
STU_05534,average,5,4.06,3.78,4.77,-0.99,84.2,92.6,45.2,51.8,44.6,6.75,4,1,1,1,56.5,32.5,78.6,16.8,70.8,42.2,0.5,5.25
STU_05535,average,5,1.79,2.11,1.41,0.7,68.4,44.0,52.6,58.8,35.6,5.25,4,2,0,3,41.6,27.2,63.2,14.1,47.2,36.0,0.5,7.38
STU_05536,average,4,2.02,1.5,3.47,-1.97,60.1,69.9,60.5,46.2,6.3,5.19,7,4,0,5,43.2,24.0,68.4,13.3,61.2,36.1,0.38,4.11
STU_05537,topper,3,9.57,9.37,9.58,-0.21,91.8,92.5,88.8,78.4,31.4,6.01,6,0,6,0,83.0,73.7,90.2,5.6,88.0,80.5,0.25,10.0
STU_05538,struggling,5,1.07,0.56,1.45,-0.89,59.8,35.3,38.8,61.0,44.7,6.96,4,3,0,4,22.7,5.7,48.0,15.8,35.5,9.9,0.5,1.0
STU_05539,below_avg,7,1.47,1.33,1.5,-0.17,53.3,61.8,60.6,50.7,25.1,7.95,3,1,0,3,36.9,26.5,42.4,7.4,42.1,26.5,0.75,1.0
STU_05540,above_avg,6,6.37,5.75,7.11,-1.36,70.9,66.4,59.6,40.3,26.3,4.94,4,0,0,1,58.3,46.8,69.1,8.7,62.2,46.8,0.62,5.0
STU_05541,topper,6,9.77,9.0,10.0,-1.0,91.0,95.8,93.4,61.9,46.2,6.79,4,0,4,0,89.4,73.9,99.1,10.2,94.5,73.9,0.62,9.5
STU_05542,above_avg,5,0.85,0.67,1.45,-0.78,88.1,47.0,48.7,63.7,22.0,5.82,4,3,0,3,38.4,26.8,57.9,12.1,48.2,28.5,0.5,6.75
STU_05543,average,5,5.08,4.78,5.09,-0.31,60.8,68.2,46.7,39.5,0.0,5.19,4,0,0,2,50.8,44.0,58.1,5.1,55.2,46.4,0.5,3.62
STU_05544,strong,3,7.67,7.79,7.42,0.37,80.7,76.2,59.8,79.0,71.8,6.62,6,0,3,0,72.4,52.4,91.9,13.8,81.2,67.9,0.25,9.09
STU_05545,strong,4,7.59,7.36,7.89,-0.53,85.7,100.0,53.5,100.0,79.5,6.28,7,0,4,0,71.5,55.2,95.6,11.4,84.3,66.4,0.38,7.67
STU_05546,below_avg,4,0.0,0.0,0.0,0.0,62.2,44.3,49.0,47.7,28.7,6.76,7,7,0,7,15.3,2.0,36.1,12.5,30.2,9.4,0.38,0.0
STU_05547,strong,3,7.66,7.32,7.58,-0.26,89.1,79.1,93.9,61.5,7.4,7.02,6,0,2,0,68.2,60.3,77.8,6.5,76.8,63.9,0.25,7.59
STU_05548,average,5,4.07,3.33,4.36,-1.03,65.0,49.4,49.2,47.3,54.2,7.0,4,2,0,2,45.4,34.9,55.7,9.6,45.5,45.3,0.5,0.75
STU_05549,below_avg,4,0.27,0.0,0.42,-0.42,55.5,34.9,55.5,44.4,41.4,5.9,7,7,0,7,24.0,15.0,34.2,6.0,32.5,20.6,0.38,1.78
STU_05550,strong,6,6.94,6.5,7.0,-0.5,89.9,75.6,68.4,64.5,9.6,6.49,4,0,2,1,66.0,49.6,92.1,17.2,71.5,49.6,0.62,7.33
STU_05551,struggling,3,0.66,0.63,0.0,0.63,40.0,45.4,17.0,41.7,0.0,6.63,6,5,0,5,11.9,2.0,57.7,20.5,29.9,3.0,0.25,0.0
STU_05552,struggling,3,0.42,0.0,0.42,-0.42,30.2,33.5,35.6,21.5,32.3,5.36,6,6,0,6,8.9,2.0,31.0,10.7,22.1,2.2,0.25,0.0
STU_05553,above_avg,7,5.78,6.0,6.25,-0.25,76.4,66.8,73.5,85.3,21.3,6.06,3,0,0,0,54.5,53.1,56.0,1.2,55.2,53.1,0.75,6.83
STU_05554,above_avg,3,3.35,3.63,3.68,-0.05,80.0,70.1,74.6,76.1,70.5,5.94,6,2,1,2,48.3,19.9,75.7,18.2,65.2,39.8,0.25,1.68
STU_05555,above_avg,4,3.72,3.77,4.79,-1.02,83.7,60.5,52.6,43.9,24.9,7.18,7,1,0,6,43.8,26.0,53.1,8.2,49.0,41.7,0.38,3.56
STU_05556,average,7,1.09,1.67,0.88,0.79,64.0,65.0,52.9,50.8,56.4,6.11,3,1,0,2,40.2,22.6,54.2,13.1,49.0,22.6,0.75,4.67
STU_05557,above_avg,3,4.88,3.89,6.68,-2.79,82.4,77.5,61.9,62.3,57.1,6.54,6,1,1,4,51.1,34.3,74.9,14.5,70.5,41.4,0.25,6.41
STU_05558,average,5,4.86,3.11,5.91,-2.8,75.3,52.0,38.2,72.6,29.8,5.88,4,1,0,2,46.4,37.8,53.4,6.2,48.4,44.3,0.5,0.5
STU_05559,above_avg,3,4.54,2.84,5.74,-2.9,77.4,52.1,63.2,52.9,22.2,5.65,6,2,0,4,45.6,34.0,56.9,8.3,55.7,40.5,0.25,0.55
STU_05560,strong,3,8.12,7.68,8.42,-0.74,94.4,100.0,72.7,60.5,64.8,5.67,6,0,4,0,72.5,59.0,87.2,9.5,79.7,69.0,0.25,7.82
STU_05561,average,4,1.16,0.45,1.79,-1.34,81.0,54.4,56.6,12.2,22.5,5.5,7,5,0,6,35.3,24.3,56.4,9.7,48.2,30.2,0.38,1.33
STU_05562,average,5,4.32,2.56,5.95,-3.39,74.7,71.6,41.2,35.3,31.4,5.6,4,2,0,3,44.2,33.8,64.2,11.9,50.7,37.7,0.5,1.75
STU_05563,struggling,3,0.0,0.0,0.0,0.0,47.7,7.1,51.6,32.9,1.2,5.12,6,6,0,6,8.3,2.0,18.0,6.5,7.9,8.4,0.25,0.0
STU_05564,improving,4,2.8,4.45,0.37,4.08,83.3,64.3,48.6,49.1,46.7,5.36,7,1,1,4,51.3,35.3,72.5,11.6,51.2,51.4,0.38,4.22
STU_05565,below_avg,5,0.64,0.44,1.0,-0.56,54.2,42.1,49.9,49.5,26.4,6.07,4,3,0,4,27.4,2.0,42.6,15.7,34.8,20.1,0.5,0.0
STU_05566,average,4,4.03,2.32,4.89,-2.57,69.7,58.1,52.9,56.5,54.2,7.31,7,4,0,5,40.0,24.4,61.9,14.5,48.3,36.7,0.38,1.22
STU_05567,above_avg,5,2.89,3.11,2.59,0.52,72.3,77.8,67.5,76.2,18.7,5.39,4,1,1,3,51.0,38.1,71.9,12.7,60.5,41.6,0.5,7.12
STU_05568,average,3,3.17,3.79,3.11,0.68,80.1,60.3,44.6,70.7,34.7,6.84,6,2,1,2,50.8,20.3,70.4,18.7,63.3,44.6,0.25,5.05
STU_05569,above_avg,4,4.43,5.86,3.26,2.6,85.1,80.7,37.1,72.2,8.3,6.72,7,1,2,1,59.9,37.1,75.7,11.7,59.6,60.0,0.38,7.78
STU_05570,above_avg,5,5.12,6.11,3.23,2.88,86.0,71.8,52.0,48.4,24.8,5.93,4,0,0,0,55.5,50.6,65.5,5.9,59.7,51.3,0.5,4.62
STU_05571,average,7,2.98,1.17,4.88,-3.71,65.3,64.7,57.1,68.6,26.6,5.31,3,2,0,2,41.0,23.4,63.2,16.6,49.8,23.4,0.75,1.0
STU_05572,average,5,1.71,1.33,2.36,-1.03,62.5,61.6,51.0,44.7,34.9,5.9,4,2,0,2,37.9,13.2,58.2,20.3,57.9,17.8,0.5,5.25
STU_05573,average,3,0.58,1.68,0.63,1.05,75.0,59.7,39.5,44.8,45.4,5.57,6,4,0,5,36.4,21.2,52.1,10.2,40.8,34.3,0.25,1.23
STU_05574,strong,5,5.75,6.11,5.68,0.43,88.9,87.7,67.9,55.1,54.9,4.33,4,0,1,1,62.2,45.6,83.3,14.0,74.1,50.4,0.5,6.88
STU_05575,below_avg,7,1.53,1.0,1.75,-0.75,47.9,26.2,35.1,38.3,41.2,6.36,3,2,0,2,32.8,16.3,53.2,15.3,41.0,16.3,0.75,2.17
STU_05576,above_avg,7,6.01,5.5,7.38,-1.88,81.7,76.9,45.8,46.1,17.2,6.23,3,0,1,1,64.6,44.0,85.1,16.8,74.8,44.0,0.75,4.5
STU_05577,average,3,5.25,6.0,4.63,1.37,66.8,56.1,74.0,59.0,26.6,4.97,6,0,1,2,54.7,42.7,80.3,12.6,54.9,54.6,0.25,5.14
STU_05578,strong,3,7.0,7.32,6.58,0.74,77.1,67.7,72.2,57.7,56.1,5.34,6,0,3,0,67.5,59.4,73.9,6.1,68.4,67.0,0.25,8.36
STU_05579,struggling,3,0.0,0.42,0.0,0.42,31.8,48.2,20.7,15.4,19.0,5.98,6,5,0,6,27.0,7.7,40.5,11.2,37.9,21.6,0.25,0.0
STU_05580,below_avg,4,0.51,0.0,0.0,0.0,64.5,29.9,45.7,15.3,18.5,6.05,7,7,0,7,15.8,2.0,34.0,12.4,30.2,10.0,0.38,0.0
STU_05581,below_avg,3,0.89,1.26,0.84,0.42,50.4,33.4,33.7,50.9,59.9,5.07,6,5,0,5,25.7,2.0,55.1,16.5,27.0,25.1,0.25,0.27
STU_05582,struggling,3,0.35,0.0,0.0,0.0,41.2,18.9,43.5,63.2,36.5,7.3,6,6,0,6,18.6,5.7,34.9,12.2,20.3,17.8,0.25,1.09
STU_05583,failing,7,0.0,0.0,0.0,0.0,22.9,27.9,0.7,0.0,22.4,6.3,3,3,0,3,13.5,2.0,19.3,8.1,10.6,19.3,0.75,0.0
STU_05584,struggling,4,0.0,0.0,0.0,0.0,31.5,28.4,40.0,33.0,55.1,6.84,7,7,0,7,16.4,2.0,26.6,7.6,24.1,13.2,0.38,0.0
STU_05585,above_avg,4,6.3,5.82,6.26,-0.44,76.7,95.4,68.2,51.3,22.1,6.18,7,1,3,2,61.7,36.2,79.9,13.6,72.2,57.4,0.38,6.44
STU_05586,strong,3,8.1,7.53,8.53,-1.0,88.9,63.1,78.9,78.9,25.4,6.28,6,0,3,0,69.5,60.1,77.2,6.9,76.8,65.9,0.25,7.55
STU_05587,above_avg,7,5.71,6.33,5.62,0.71,90.2,68.7,70.5,57.6,20.8,6.21,3,0,0,0,60.6,52.1,67.7,6.5,64.9,52.1,0.75,6.5
STU_05588,improving,4,4.01,6.05,1.05,5.0,81.8,61.3,63.3,47.3,36.4,6.31,7,0,0,1,56.4,48.3,67.7,7.4,62.0,54.1,0.38,7.67
STU_05589,topper,4,7.71,9.05,6.89,2.16,96.3,96.1,62.2,82.3,61.5,5.36,7,0,7,0,79.7,72.7,91.8,6.3,84.7,77.7,0.38,9.56
STU_05590,average,6,3.1,3.25,2.67,0.58,58.7,69.1,66.2,57.7,27.3,5.82,4,1,0,1,57.3,36.9,68.9,12.8,64.1,36.9,0.62,7.33
STU_05591,average,3,2.35,1.95,3.05,-1.1,63.9,74.9,49.8,55.7,4.3,6.89,6,3,1,4,41.8,17.2,79.8,21.0,68.3,28.6,0.25,3.82
STU_05592,above_avg,4,5.56,5.0,6.47,-1.47,80.4,67.4,57.8,73.9,52.4,6.42,7,2,1,2,57.1,28.9,84.3,17.3,63.6,54.5,0.38,7.67
STU_05593,struggling,7,0.57,0.0,0.5,-0.5,54.1,12.6,31.1,24.1,19.2,5.62,3,3,0,3,15.7,2.0,33.4,13.1,22.5,2.0,0.75,0.0
STU_05594,inconsistent,3,0.28,0.79,0.37,0.42,39.8,29.5,41.5,30.6,40.3,6.96,6,4,0,6,25.3,2.0,47.6,16.9,46.4,14.8,0.25,1.32
STU_05595,average,5,1.32,1.0,1.82,-0.82,75.4,44.1,40.7,22.6,14.9,5.83,4,2,0,4,35.6,20.8,45.9,10.3,45.2,26.1,0.5,1.5
STU_05596,average,5,2.53,3.11,1.95,1.16,76.9,73.1,32.9,68.3,6.0,6.12,4,1,0,2,44.5,24.3,57.6,12.8,55.4,33.7,0.5,6.38
STU_05597,strong,4,8.01,7.36,8.84,-1.48,89.9,75.5,44.2,61.8,0.0,5.96,7,0,2,0,66.6,52.8,88.8,10.6,64.8,67.4,0.38,8.22
STU_05598,below_avg,4,0.0,0.18,0.26,-0.08,60.7,49.3,34.8,18.7,2.8,6.55,7,6,0,7,20.2,2.0,42.9,13.4,26.2,17.8,0.38,1.22
STU_05599,strong,3,7.35,6.74,7.05,-0.31,88.7,57.2,48.9,77.8,66.7,6.68,6,0,1,0,64.2,53.9,81.5,8.7,71.2,60.7,0.25,8.18
STU_05600,strong,5,7.77,8.67,6.77,1.9,91.3,86.0,63.4,57.6,36.8,7.04,4,0,3,0,77.9,68.1,91.8,8.7,75.9,79.9,0.5,10.0
STU_05601,struggling,4,0.34,0.18,0.63,-0.45,29.1,32.6,41.5,49.2,7.3,6.12,7,6,0,7,23.6,10.1,42.8,10.6,35.1,19.0,0.38,0.0
STU_05602,topper,4,10.0,10.0,10.0,0.0,90.2,100.0,57.9,64.5,35.2,6.47,7,0,7,0,94.5,82.4,100.0,6.0,99.2,92.7,0.38,10.0
STU_05603,topper,3,10.0,9.79,10.0,-0.21,98.6,76.3,99.7,90.4,40.1,8.12,6,0,6,0,89.0,79.9,100.0,7.2,89.5,88.7,0.25,10.0
STU_05604,average,3,1.67,1.68,1.0,0.68,70.9,52.8,47.0,27.3,64.2,5.76,6,3,0,5,40.4,30.3,57.0,9.2,51.1,35.0,0.25,3.27
STU_05605,strong,7,7.78,7.0,8.75,-1.75,86.0,74.9,73.0,67.6,24.3,6.33,3,0,0,0,65.1,63.0,68.9,2.7,66.1,63.0,0.75,7.33
STU_05606,struggling,4,0.12,0.18,0.0,0.18,42.4,36.6,23.7,17.8,0.0,6.5,7,6,0,7,19.2,2.0,42.3,13.3,35.1,12.8,0.38,0.0
STU_05607,above_avg,4,3.29,4.09,2.32,1.77,84.3,74.5,59.4,77.1,44.5,5.59,7,1,1,5,50.4,35.1,72.7,10.6,63.7,45.2,0.38,6.11
STU_05608,below_avg,4,0.14,0.59,0.0,0.59,65.2,71.0,46.6,37.0,18.1,5.67,7,5,0,5,25.7,2.0,65.2,23.8,61.3,11.4,0.38,0.0
STU_05609,average,5,1.8,2.22,0.59,1.63,76.0,41.3,57.1,35.8,36.8,6.0,4,2,0,4,35.4,19.3,43.3,9.7,39.5,31.3,0.5,1.5
STU_05610,average,7,2.51,2.33,2.12,0.21,56.8,75.7,32.7,92.2,41.9,5.14,3,1,1,1,54.0,34.6,70.9,14.9,63.7,34.6,0.75,0.83
STU_05611,strong,7,8.7,9.17,7.75,1.42,90.6,85.8,73.7,83.3,26.3,4.05,3,0,3,0,80.1,76.5,86.0,4.2,82.0,76.5,0.75,8.5
STU_05612,below_avg,5,1.89,1.33,1.77,-0.44,57.4,33.8,32.5,40.7,40.9,6.67,4,3,0,4,32.4,26.4,44.7,7.3,27.0,37.8,0.5,2.25
STU_05613,above_avg,3,4.81,4.95,5.95,-1.0,74.3,71.7,63.1,39.6,16.6,6.01,6,1,1,2,56.9,38.6,73.1,12.1,68.2,51.3,0.25,4.64
STU_05614,inconsistent,4,1.37,1.36,1.58,-0.22,54.3,80.1,22.0,50.5,32.3,5.56,7,4,1,5,33.5,2.0,70.0,23.3,63.0,21.7,0.38,0.0
STU_05615,below_avg,3,0.74,0.42,1.47,-1.05,71.2,49.5,44.2,32.4,20.5,6.94,6,5,0,6,33.3,22.3,40.1,5.9,39.9,30.0,0.25,0.73
STU_05616,strong,5,7.64,8.0,7.0,1.0,87.3,82.8,56.6,76.9,4.4,6.14,4,0,3,0,74.9,60.3,87.0,10.4,84.5,65.3,0.5,9.25
STU_05617,below_avg,6,1.28,2.38,0.56,1.82,56.2,70.3,49.9,53.9,20.1,7.45,4,2,0,2,43.7,19.9,66.5,18.4,51.7,19.9,0.62,1.83
STU_05618,struggling,3,0.41,0.0,0.84,-0.84,54.3,0.0,11.5,9.2,0.0,4.0,6,6,0,6,15.1,2.0,28.7,11.3,5.3,20.0,0.25,0.0
STU_05619,above_avg,4,7.03,7.0,6.63,0.37,87.0,71.5,77.9,93.2,47.3,5.95,7,0,3,1,65.2,41.3,86.1,14.8,77.2,60.4,0.38,5.78
STU_05620,above_avg,6,3.79,6.38,1.22,5.16,89.4,75.4,73.4,55.3,41.7,7.32,4,0,1,0,59.3,50.7,71.0,8.2,62.2,50.7,0.62,10.0
STU_05621,below_avg,3,2.02,3.05,0.42,2.63,64.8,51.8,35.9,59.8,0.0,7.02,6,2,0,4,38.5,2.0,58.4,18.2,50.4,32.6,0.25,0.5
STU_05622,below_avg,5,0.0,0.0,0.23,-0.23,50.1,27.8,62.4,34.9,0.0,4.74,4,4,0,4,15.8,7.8,33.4,10.3,21.4,10.1,0.5,0.0
STU_05623,improving,3,1.57,2.0,0.53,1.47,81.7,44.5,56.2,63.5,39.0,5.02,6,4,0,4,36.7,12.7,60.0,17.0,48.0,31.0,0.25,4.09
STU_05624,average,6,0.69,0.88,1.11,-0.23,65.7,26.6,42.1,25.8,17.9,6.63,4,3,0,3,32.6,10.9,60.8,18.0,39.9,10.9,0.62,0.83
STU_05625,topper,4,8.39,8.55,8.63,-0.08,93.6,100.0,62.1,78.5,43.8,4.79,7,0,5,0,80.3,62.9,99.2,11.9,92.8,75.3,0.38,10.0
STU_05626,below_avg,4,1.49,0.73,2.47,-1.74,66.7,6.3,48.9,30.0,12.5,6.3,7,6,0,7,21.8,2.0,43.3,14.0,30.6,18.3,0.38,0.44
STU_05627,struggling,3,0.06,0.0,0.0,0.0,29.0,28.0,28.8,18.2,20.0,7.0,6,6,0,6,18.1,2.0,38.8,12.0,23.4,15.5,0.25,0.0
STU_05628,above_avg,5,7.16,6.89,6.91,-0.02,86.0,69.2,61.8,48.9,98.8,5.61,4,0,1,0,62.2,51.4,75.3,8.5,67.8,56.6,0.5,6.75
STU_05629,struggling,5,0.1,0.0,0.73,-0.73,37.6,19.7,26.3,69.6,42.7,6.79,4,4,0,4,4.8,2.0,8.8,3.0,7.7,2.0,0.5,0.0
STU_05630,struggling,7,0.61,0.0,0.75,-0.75,30.3,4.3,39.3,0.0,51.9,6.9,3,3,0,3,4.3,2.0,9.0,3.3,5.5,2.0,0.75,0.0
STU_05631,above_avg,5,4.2,5.33,3.23,2.1,87.4,59.6,53.4,27.3,38.9,4.33,4,0,0,1,58.3,44.7,66.6,8.4,65.0,51.5,0.5,7.88
STU_05632,above_avg,6,3.09,3.12,3.89,-0.77,80.5,39.7,28.9,60.1,35.8,4.38,4,1,0,2,50.9,33.2,67.8,14.2,56.9,33.2,0.62,7.0
STU_05633,average,4,3.31,4.36,0.79,3.57,80.3,70.9,54.7,63.4,11.1,4.81,7,1,0,5,48.5,36.7,64.5,7.7,56.0,45.6,0.38,6.56
STU_05634,struggling,3,0.84,0.42,0.84,-0.42,45.3,34.6,17.2,53.8,10.3,6.62,6,5,0,6,17.7,2.0,42.4,13.0,27.9,12.7,0.25,1.09
STU_05635,above_avg,4,5.86,6.59,5.95,0.64,82.1,82.6,55.6,71.9,27.0,5.68,7,0,2,0,63.1,50.5,77.9,10.0,76.3,57.7,0.38,7.33
STU_05636,below_avg,4,0.43,0.91,0.0,0.91,61.2,30.7,8.1,19.1,56.8,5.54,7,6,0,7,26.4,10.0,46.7,11.5,22.7,27.9,0.38,0.67
STU_05637,strong,4,8.13,8.14,8.53,-0.39,88.2,77.9,64.6,58.9,54.8,5.52,7,0,5,0,72.9,53.0,87.1,12.0,81.5,69.5,0.38,8.11
STU_05638,below_avg,3,0.0,0.0,0.0,0.0,60.6,0.7,43.0,29.1,17.3,7.18,6,6,0,6,25.2,8.9,37.8,10.3,20.1,27.6,0.25,0.0
STU_05639,struggling,4,0.32,0.0,0.0,0.0,35.5,24.6,38.2,55.7,23.7,6.44,7,7,0,7,8.7,2.0,25.3,8.1,3.5,10.8,0.38,0.0
STU_05640,below_avg,5,0.42,0.0,0.0,0.0,51.6,48.6,33.5,43.1,24.3,7.89,4,4,0,4,21.5,2.0,29.9,11.3,28.4,14.7,0.5,1.25
STU_05641,average,6,4.13,2.0,5.89,-3.89,78.8,56.4,58.3,47.5,44.6,6.3,4,2,0,3,36.8,22.9,57.0,13.5,41.5,22.9,0.62,1.0
STU_05642,topper,5,10.0,10.0,10.0,0.0,94.0,100.0,96.6,87.3,45.3,6.73,4,0,4,0,92.2,81.7,100.0,6.8,98.0,86.5,0.5,10.0
STU_05643,average,6,5.49,5.25,6.56,-1.31,70.2,61.6,32.7,38.8,44.7,7.1,4,0,0,1,58.8,41.7,68.5,10.5,64.5,41.7,0.62,1.83
STU_05644,strong,3,7.54,7.37,7.05,0.32,82.9,100.0,80.9,46.0,82.1,5.74,6,0,3,0,68.9,53.2,81.0,8.3,76.6,65.0,0.25,7.86
STU_05645,inconsistent,4,2.9,2.55,2.79,-0.24,46.5,63.3,45.4,44.8,39.9,6.3,7,3,0,4,40.5,8.7,65.5,18.0,53.8,35.2,0.38,3.44
STU_05646,above_avg,3,7.1,7.74,6.47,1.27,87.5,56.2,67.2,85.0,36.5,6.25,6,0,3,0,69.4,59.8,81.6,7.3,72.2,68.0,0.25,8.14
STU_05647,below_avg,3,0.55,0.0,0.74,-0.74,63.3,25.0,45.7,50.2,44.9,7.05,6,6,0,6,13.5,2.0,29.9,10.0,27.1,6.7,0.25,0.91
STU_05648,above_avg,4,6.39,6.64,6.42,0.22,90.6,50.2,53.0,69.4,1.1,6.69,7,0,2,1,60.5,46.6,71.0,8.4,63.3,59.3,0.38,6.89
STU_05649,failing,7,0.22,0.83,0.0,0.83,33.4,44.5,7.3,34.8,0.0,6.13,3,2,0,3,17.0,2.0,47.0,21.2,24.5,2.0,0.75,0.0
STU_05650,above_avg,4,3.55,2.68,4.47,-1.79,69.4,81.3,67.5,43.3,0.0,7.45,7,3,1,4,47.9,32.5,78.9,16.0,65.5,40.9,0.38,4.0
STU_05651,strong,3,5.8,7.89,3.42,4.47,93.1,96.7,65.5,63.2,53.4,7.81,6,0,3,0,74.1,59.5,91.8,12.0,88.0,67.1,0.25,8.09
STU_05652,average,5,0.39,0.0,0.95,-0.95,82.9,40.2,21.9,9.3,63.9,6.67,4,4,0,4,33.8,26.0,38.9,4.8,37.5,30.0,0.5,4.25
STU_05653,strong,5,6.62,7.56,6.32,1.24,88.0,78.5,50.2,53.0,45.8,6.11,4,0,3,0,70.1,61.7,74.6,5.0,73.7,66.6,0.5,6.62
STU_05654,struggling,5,0.64,0.78,0.0,0.78,42.9,62.3,52.7,26.7,49.1,6.0,4,3,0,3,24.9,2.0,66.7,24.8,39.9,9.9,0.5,1.0
STU_05655,above_avg,5,3.6,4.89,2.09,2.8,70.6,71.7,76.4,73.8,3.6,5.54,4,1,0,2,51.0,36.3,62.5,11.7,49.3,52.6,0.5,7.75
STU_05656,struggling,7,0.01,0.0,0.0,0.0,34.8,8.8,19.8,25.0,40.0,6.69,3,3,0,3,9.8,2.0,25.5,11.1,13.8,2.0,0.75,0.0
STU_05657,strong,3,6.96,7.26,6.95,0.31,92.0,77.2,71.2,59.3,24.0,6.27,6,0,2,0,68.3,61.7,78.3,5.7,75.2,64.8,0.25,7.09
STU_05658,above_avg,4,6.42,7.05,6.42,0.63,84.0,86.5,77.9,53.8,47.3,7.13,7,0,3,0,67.7,50.3,88.7,12.0,82.7,61.7,0.38,6.44
STU_05659,strong,3,7.56,7.95,8.21,-0.26,88.5,80.5,67.4,67.5,35.3,5.04,6,0,4,0,73.4,62.3,90.9,8.6,76.6,71.8,0.25,8.36
STU_05660,below_avg,7,1.18,1.0,1.75,-0.75,65.0,58.9,39.0,47.3,10.5,6.15,3,2,0,2,33.4,23.9,52.0,13.2,38.0,24.2,0.75,3.33
STU_05661,struggling,5,0.11,0.56,0.0,0.56,49.9,41.0,19.2,22.9,0.0,5.47,4,3,0,4,25.8,2.0,47.4,16.4,39.5,12.2,0.5,0.0
STU_05662,average,3,3.66,2.0,3.89,-1.89,72.8,48.6,50.7,57.4,6.1,5.56,6,3,0,4,33.8,11.1,58.1,19.4,54.2,23.6,0.25,2.55
STU_05663,below_avg,4,2.23,1.09,3.37,-2.28,48.9,48.8,41.2,23.2,22.5,5.49,7,6,0,6,29.5,4.0,50.6,14.0,38.0,26.1,0.38,0.0
STU_05664,below_avg,4,0.18,0.23,0.0,0.23,61.6,56.1,28.7,47.4,22.4,5.59,7,6,0,7,23.9,8.9,47.7,13.6,41.3,17.0,0.38,0.0
STU_05665,struggling,4,0.36,0.73,0.0,0.73,54.1,32.0,23.5,18.1,4.4,7.05,7,6,0,7,15.6,2.0,41.4,13.7,12.5,16.8,0.38,0.0
STU_05666,above_avg,5,6.76,6.0,6.68,-0.68,81.9,82.9,32.6,58.4,55.7,4.72,4,0,0,1,57.9,46.0,65.1,7.7,60.6,55.1,0.5,5.38
STU_05667,strong,5,6.51,6.67,6.18,0.49,95.6,79.9,77.2,68.1,23.2,4.64,4,0,2,0,67.5,57.7,80.2,9.6,76.8,58.2,0.5,9.25
STU_05668,average,5,6.73,5.67,6.68,-1.01,68.0,55.4,62.5,51.7,14.8,6.81,4,0,0,1,56.7,45.0,63.8,7.1,61.8,51.5,0.5,2.88
STU_05669,above_avg,5,5.17,2.44,9.14,-6.7,76.5,59.8,76.1,75.1,27.6,7.58,4,2,0,3,44.3,36.3,57.7,8.2,48.7,39.9,0.5,6.5
STU_05670,topper,5,9.85,9.67,9.27,0.4,93.5,94.1,94.9,94.9,13.2,5.81,4,0,4,0,89.0,75.6,100.0,8.8,95.9,82.2,0.5,10.0
STU_05671,strong,4,7.76,7.55,7.32,0.23,94.9,96.9,69.4,69.9,40.4,7.52,7,0,3,0,70.7,59.3,83.5,8.9,78.7,67.5,0.38,9.22
STU_05672,improving,7,3.39,4.67,1.5,3.17,84.1,48.1,41.6,49.9,13.3,6.26,3,0,0,1,47.6,42.5,50.3,3.6,50.1,42.5,0.75,6.83
STU_05673,below_avg,4,0.94,0.23,0.74,-0.51,45.7,39.8,52.9,39.6,38.8,7.57,7,6,0,7,28.2,15.2,48.5,11.2,31.9,26.8,0.38,0.0
STU_05674,average,4,4.18,4.09,4.42,-0.33,80.0,32.1,41.7,63.5,35.1,6.58,7,1,0,6,45.6,32.3,58.0,7.1,45.5,45.6,0.38,1.11
STU_05675,average,7,1.22,1.5,0.5,1.0,68.0,54.9,32.6,34.6,11.7,7.0,3,1,0,3,38.1,25.4,47.2,9.2,44.4,25.4,0.75,5.5
STU_05676,above_avg,3,5.37,4.53,5.74,-1.21,79.2,55.9,55.9,70.8,56.7,4.99,6,1,0,5,46.3,37.5,61.6,8.1,49.5,44.6,0.25,4.32
STU_05677,below_avg,5,1.31,2.22,0.73,1.49,58.6,36.3,30.7,45.4,5.8,6.52,4,3,0,4,22.0,2.0,48.5,18.3,18.6,25.2,0.5,1.0
STU_05678,strong,4,8.45,8.82,7.74,1.08,92.5,87.9,86.7,57.8,39.7,5.49,7,0,6,0,79.7,59.1,94.5,11.0,79.5,79.8,0.38,9.33
STU_05679,improving,4,1.52,2.36,0.0,2.36,87.9,45.6,49.9,42.2,43.7,4.88,7,4,1,6,43.4,29.8,72.0,12.6,41.6,44.1,0.38,5.89
STU_05680,above_avg,7,7.61,6.33,8.25,-1.92,74.1,73.4,63.4,67.2,66.0,5.68,3,0,0,0,63.9,57.2,67.5,4.8,67.3,57.2,0.75,7.5
STU_05681,struggling,5,0.01,0.0,0.0,0.0,54.6,22.4,33.3,22.8,0.0,6.0,4,4,0,4,14.6,2.0,27.8,12.6,27.2,2.0,0.5,0.62
STU_05682,below_avg,3,1.44,0.84,1.95,-1.11,54.7,19.3,56.9,39.7,21.3,6.72,6,5,0,6,29.7,19.3,41.1,6.4,29.4,29.8,0.25,1.45
STU_05683,above_avg,6,6.69,5.62,7.44,-1.82,69.4,55.2,66.2,61.6,8.6,7.52,4,0,0,2,52.5,47.4,63.4,6.3,54.3,47.4,0.62,6.5
STU_05684,strong,5,5.94,6.0,6.05,-0.05,91.0,72.3,62.2,56.4,51.9,6.69,4,0,0,1,60.2,44.6,68.1,9.3,64.1,56.3,0.5,8.5
STU_05685,above_avg,4,4.89,5.36,4.63,0.73,84.7,82.9,63.2,44.9,37.4,5.92,7,1,1,2,59.1,37.6,71.1,11.6,65.5,56.5,0.38,6.56
STU_05686,average,5,1.07,0.56,0.23,0.33,73.1,38.2,48.0,18.5,31.3,6.02,4,3,0,4,27.2,4.0,47.5,17.2,43.4,11.1,0.5,1.25
STU_05687,strong,4,7.99,8.14,7.37,0.77,81.4,79.5,100.0,51.9,39.7,7.67,7,0,5,0,74.0,63.5,82.4,6.5,79.2,71.9,0.38,9.22
STU_05688,below_avg,4,1.36,0.41,2.0,-1.59,56.2,57.8,33.5,14.7,36.1,5.89,7,5,0,7,32.2,9.6,45.8,11.2,44.3,27.3,0.38,0.0
STU_05689,strong,4,9.19,8.5,9.84,-1.34,80.7,72.5,70.9,58.0,41.5,6.89,7,0,6,0,74.9,61.6,83.1,6.7,79.4,73.1,0.38,6.78
STU_05690,above_avg,7,6.16,6.0,6.38,-0.38,79.9,63.1,62.4,56.9,40.0,5.36,3,0,0,0,54.7,52.3,57.1,2.0,53.5,57.1,0.75,5.67
STU_05691,below_avg,3,0.05,0.0,0.21,-0.21,63.0,35.1,47.8,14.1,43.0,6.06,6,6,0,6,14.3,2.0,34.2,11.3,28.7,7.1,0.25,0.0
STU_05692,strong,5,6.28,6.22,7.05,-0.83,78.3,94.6,46.5,59.4,34.7,5.56,4,0,1,1,60.6,40.3,80.6,14.3,69.5,51.6,0.5,5.75
STU_05693,average,5,1.21,2.33,0.0,2.33,70.5,50.6,36.7,39.9,31.2,6.32,4,2,0,3,43.7,33.9,54.0,8.4,44.0,43.5,0.5,2.88
STU_05694,inconsistent,3,0.24,0.84,0.0,0.84,59.2,37.1,29.9,37.0,29.3,6.48,6,5,0,6,22.0,3.6,41.0,12.1,26.9,19.5,0.25,2.82
STU_05695,above_avg,3,5.97,5.58,6.0,-0.42,86.0,65.7,53.9,41.4,41.0,5.36,6,0,0,2,51.8,46.5,58.3,4.1,56.5,49.4,0.25,7.36
STU_05696,average,7,1.94,1.0,3.0,-2.0,64.7,36.0,61.5,43.8,27.9,6.54,3,2,0,2,40.7,34.8,50.5,7.0,42.6,36.8,0.75,4.67
STU_05697,below_avg,5,0.0,0.44,0.0,0.44,51.6,44.0,36.6,33.4,44.3,6.88,4,3,0,4,16.8,4.0,40.2,14.4,28.7,5.0,0.5,0.0
STU_05698,strong,3,8.54,8.26,7.79,0.47,95.7,65.1,79.8,77.2,23.3,6.72,6,0,4,0,73.9,53.9,89.4,11.8,83.8,68.9,0.25,7.45
STU_05699,struggling,5,0.0,0.0,0.18,-0.18,34.1,5.5,11.5,26.1,16.5,5.13,4,4,0,4,3.0,2.0,6.0,1.7,4.0,2.0,0.5,0.0
STU_05700,average,5,2.43,2.56,2.73,-0.17,68.1,64.2,56.8,33.0,7.4,5.88,4,1,0,3,38.8,12.9,60.5,17.0,50.7,26.8,0.5,0.88
STU_05701,strong,6,8.46,8.88,8.33,0.55,81.7,100.0,73.4,46.7,59.8,6.56,4,0,4,0,80.5,70.7,92.6,8.1,83.7,70.7,0.62,9.33
STU_05702,below_avg,4,1.21,1.14,0.74,0.4,52.9,59.5,24.5,55.2,59.8,5.66,7,5,0,7,32.3,14.8,48.9,12.8,38.8,29.7,0.38,0.0
STU_05703,failing,3,0.29,0.0,0.0,0.0,23.6,38.8,36.7,17.9,14.0,6.0,6,6,0,6,9.0,2.0,27.4,10.2,22.9,2.0,0.25,0.0
STU_05704,below_avg,3,1.4,0.95,1.05,-0.1,64.3,58.1,35.6,63.2,31.3,6.49,6,4,0,5,35.3,17.2,64.3,15.3,54.2,25.8,0.25,1.91
STU_05705,strong,4,8.28,8.14,8.0,0.14,83.0,95.6,97.0,62.0,12.1,5.49,7,0,4,0,74.2,58.6,88.7,10.5,83.0,70.8,0.38,9.11
STU_05706,failing,6,0.0,0.0,0.0,0.0,28.0,5.5,27.4,0.0,37.5,6.27,4,4,0,4,9.7,2.0,32.6,13.3,12.2,2.0,0.62,0.0
STU_05707,average,7,6.19,6.5,5.5,1.0,65.7,57.7,44.4,48.6,0.0,6.29,3,0,0,1,57.4,48.0,69.1,8.8,51.6,69.1,0.75,6.5
STU_05708,average,5,1.35,1.22,2.14,-0.92,70.7,70.4,54.4,42.6,1.0,7.51,4,2,0,3,42.0,25.2,54.2,11.0,51.5,32.5,0.5,3.0
STU_05709,above_avg,6,7.22,6.88,6.56,0.32,72.1,73.3,66.3,69.3,40.3,5.55,4,0,2,1,67.7,47.1,85.5,14.5,74.5,47.1,0.62,6.33
STU_05710,above_avg,6,5.9,6.0,5.44,0.56,69.9,69.9,79.8,47.7,14.1,5.5,4,0,0,1,59.2,45.7,66.8,8.0,63.6,45.7,0.62,2.0
STU_05711,below_avg,4,0.38,0.27,1.05,-0.78,50.7,64.2,37.1,42.5,10.2,6.2,7,6,0,6,25.5,3.3,54.3,15.0,43.5,18.4,0.38,0.44
STU_05712,strong,3,8.12,8.68,8.05,0.63,90.7,85.7,80.5,68.9,66.0,5.94,6,0,5,0,78.1,65.2,88.1,7.5,82.8,75.7,0.25,9.64
STU_05713,topper,3,9.81,9.58,9.58,0.0,91.1,100.0,86.1,74.2,24.0,7.52,6,0,6,0,88.5,75.3,100.0,10.1,100.0,82.7,0.25,10.0
STU_05714,average,5,1.33,0.67,2.5,-1.83,87.2,37.9,47.6,38.9,28.2,6.13,4,3,0,3,37.8,19.5,53.6,12.1,45.9,29.6,0.5,3.25
STU_05715,failing,3,0.26,0.0,0.0,0.0,38.6,6.4,33.7,19.6,0.0,6.0,6,6,0,6,2.0,2.0,2.1,0.0,2.0,2.0,0.25,0.0
STU_05716,average,3,3.84,4.42,1.89,2.53,69.6,85.3,50.8,65.7,19.7,6.33,6,1,0,3,48.7,20.5,64.8,14.0,59.1,43.5,0.25,5.14
STU_05717,above_avg,4,5.22,5.45,5.79,-0.34,76.4,80.3,66.7,57.4,42.8,7.41,7,0,1,3,53.8,41.8,73.9,10.7,57.9,52.1,0.38,4.22
STU_05718,strong,4,8.48,7.0,9.16,-2.16,89.9,67.8,67.4,66.6,87.8,6.39,7,0,2,0,67.3,53.1,82.1,8.2,77.0,63.4,0.38,7.0
STU_05719,average,6,5.31,6.38,4.44,1.94,59.4,57.2,60.0,37.3,8.5,7.84,4,0,1,1,58.0,45.2,71.4,10.4,60.3,50.8,0.62,7.33
STU_05720,strong,5,7.41,8.11,6.55,1.56,94.9,100.0,80.5,69.3,90.0,6.31,4,0,3,0,79.4,68.1,88.9,8.8,88.1,70.8,0.5,8.88
STU_05721,above_avg,3,6.6,5.79,7.42,-1.63,74.7,71.6,71.7,68.7,8.0,5.76,6,0,0,1,54.2,43.3,65.3,6.9,52.8,54.8,0.25,5.86
STU_05722,strong,6,9.97,8.88,10.0,-1.12,89.1,97.8,66.6,82.6,0.0,5.64,4,0,3,0,76.6,68.1,81.1,5.0,75.8,79.0,0.62,9.33
STU_05723,above_avg,3,3.58,4.16,2.84,1.32,70.3,38.8,73.0,67.0,60.9,4.52,6,1,0,4,46.2,17.7,63.8,15.5,52.2,43.2,0.25,5.05
STU_05724,topper,4,8.84,8.27,8.74,-0.47,90.4,61.4,68.6,89.7,67.4,5.82,7,0,5,0,74.7,55.5,89.3,10.2,78.1,73.4,0.38,9.0
STU_05725,above_avg,4,7.73,6.23,9.05,-2.82,79.3,91.4,82.4,67.3,7.4,6.62,7,0,2,1,61.6,43.6,80.4,11.4,73.1,57.0,0.38,4.78
STU_05726,above_avg,4,4.18,3.18,4.84,-1.66,75.6,48.7,72.5,57.6,39.0,4.92,7,2,0,5,44.8,34.2,57.8,7.6,51.2,42.2,0.38,4.22
STU_05727,strong,3,7.17,7.58,7.37,0.21,79.7,74.9,58.5,66.8,4.3,5.85,6,0,3,0,72.7,58.4,92.4,11.7,85.3,66.4,0.25,7.27
STU_05728,above_avg,4,4.23,6.5,2.21,4.29,76.6,63.1,65.7,55.8,36.8,4.66,7,0,1,2,56.9,42.4,70.8,9.3,53.8,58.1,0.38,8.56
STU_05729,average,5,2.47,4.44,1.36,3.08,70.8,43.8,60.6,78.0,19.4,5.59,4,0,0,3,48.9,43.1,62.4,8.0,54.6,43.1,0.5,5.0
STU_05730,above_avg,4,6.46,6.32,6.74,-0.42,72.2,64.9,67.2,73.0,41.9,6.1,7,1,3,1,63.1,39.7,81.4,13.3,68.3,61.0,0.38,8.22
STU_05731,above_avg,6,3.72,5.25,2.56,2.69,81.1,61.0,71.1,39.7,46.6,6.94,4,0,1,3,52.5,42.3,74.5,12.9,55.8,42.3,0.62,9.33
STU_05732,average,3,1.87,2.21,1.47,0.74,75.9,48.6,49.3,51.6,0.0,7.63,6,3,0,6,39.8,31.9,45.5,5.2,42.4,38.6,0.25,2.05
STU_05733,average,7,0.96,0.83,1.75,-0.92,55.9,39.4,62.5,33.6,0.0,4.65,3,2,0,3,37.6,28.5,46.4,7.3,42.1,28.5,0.75,0.67
STU_05734,average,5,1.31,1.44,1.82,-0.38,70.2,65.6,65.3,39.3,41.0,6.41,4,2,0,2,44.0,24.3,62.6,14.8,57.8,30.3,0.5,4.12
STU_05735,below_avg,6,1.66,2.0,1.11,0.89,58.1,57.1,67.7,63.6,6.3,6.58,4,2,0,3,33.8,18.4,52.2,13.3,39.0,18.4,0.62,2.0
STU_05736,struggling,7,0.22,0.0,0.0,0.0,40.6,39.5,32.6,20.8,13.1,5.99,3,3,0,3,19.3,6.0,37.7,13.4,26.0,6.0,0.75,0.0
STU_05737,average,4,0.18,0.27,0.0,0.27,71.5,49.9,41.9,44.2,52.5,5.8,7,6,0,6,32.2,24.1,51.1,8.8,44.7,27.2,0.38,1.0
STU_05738,average,3,4.34,4.32,3.47,0.85,72.7,37.9,60.5,58.5,0.0,5.83,6,1,0,2,49.0,26.5,57.8,11.1,55.8,45.6,0.25,2.18
STU_05739,struggling,4,0.0,0.0,0.0,0.0,37.1,15.9,61.3,34.4,65.6,6.08,7,7,0,7,7.8,2.0,21.6,7.1,7.8,7.8,0.38,0.0
STU_05740,struggling,4,1.07,0.0,0.0,0.0,46.2,15.7,35.6,36.9,39.6,6.03,7,7,0,7,5.2,2.0,14.3,5.1,7.0,4.5,0.38,0.0
STU_05741,below_avg,3,0.27,0.0,0.63,-0.63,64.1,49.7,44.6,38.7,22.2,7.09,6,6,0,6,21.7,2.0,36.5,13.1,23.4,20.8,0.25,0.0
STU_05742,strong,3,7.69,7.42,7.32,0.1,80.7,86.0,70.3,61.4,26.3,5.28,6,0,3,1,69.4,46.9,83.4,12.0,81.0,63.6,0.25,10.0
STU_05743,average,5,1.96,0.56,4.0,-3.44,73.8,35.4,55.9,34.2,15.9,6.44,4,3,0,4,34.8,28.5,45.2,6.6,37.5,32.0,0.5,1.62
STU_05744,average,4,1.79,0.91,2.42,-1.51,63.5,30.9,47.4,34.0,44.3,4.68,7,5,0,7,29.8,12.0,44.9,11.3,37.2,26.9,0.38,0.67
STU_05745,strong,6,6.94,7.0,7.0,0.0,82.8,61.0,80.7,45.0,47.7,6.09,4,0,3,1,68.7,47.1,82.2,13.1,75.9,47.1,0.62,9.67
STU_05746,above_avg,3,6.03,6.0,5.47,0.53,85.9,43.3,72.7,54.2,35.9,5.6,6,0,1,2,56.3,40.4,72.2,11.5,50.2,59.3,0.25,5.18
STU_05747,below_avg,5,0.32,0.56,0.0,0.56,63.2,39.0,47.9,49.2,9.9,7.07,4,3,0,4,25.8,7.9,45.5,13.3,35.4,16.2,0.5,0.0
STU_05748,above_avg,4,4.06,4.09,4.68,-0.59,83.8,68.7,64.6,35.6,36.4,4.0,7,2,1,4,49.8,33.4,86.0,16.8,59.7,45.8,0.38,1.44
STU_05749,struggling,7,0.0,0.0,0.0,0.0,29.4,17.7,28.8,47.0,14.8,5.77,3,3,0,3,2.0,2.0,2.0,0.0,2.0,2.0,0.75,0.0
STU_05750,below_avg,6,1.67,1.5,0.67,0.83,44.8,41.2,37.9,15.8,0.0,5.88,4,3,0,3,29.0,11.6,51.1,14.6,31.5,21.5,0.62,0.83
STU_05751,above_avg,3,6.61,6.63,6.79,-0.16,77.5,82.8,85.6,60.2,26.3,5.84,6,0,2,1,62.3,48.3,83.8,12.6,71.5,57.7,0.25,5.05
STU_05752,strong,3,6.76,7.26,6.16,1.1,82.0,86.6,43.8,67.9,33.5,5.49,6,0,2,0,70.7,55.5,87.3,11.3,85.3,63.4,0.25,9.14
STU_05753,average,4,3.31,3.64,1.79,1.85,77.4,69.8,38.9,29.6,32.9,5.15,7,2,0,3,47.9,24.8,59.5,11.3,58.4,43.7,0.38,5.56
STU_05754,failing,5,0.0,0.0,0.0,0.0,33.0,0.0,19.6,0.0,0.0,6.3,4,4,0,4,7.8,2.0,17.2,6.3,6.0,9.6,0.5,0.0
STU_05755,topper,7,9.81,10.0,10.0,0.0,90.5,100.0,70.1,66.2,83.2,6.95,3,0,3,0,92.5,88.8,97.5,3.7,94.4,88.8,0.75,10.0
STU_05756,average,3,1.67,2.53,1.21,1.32,62.7,65.1,55.6,54.2,32.7,5.51,6,3,1,4,41.5,19.8,71.5,16.4,53.6,35.5,0.25,0.23
STU_05757,strong,3,7.77,8.37,7.26,1.11,85.8,64.7,48.9,57.5,29.4,7.28,6,0,4,0,74.6,64.9,90.8,8.5,75.3,74.2,0.25,9.27
STU_05758,failing,7,0.0,0.0,0.0,0.0,24.0,24.4,14.0,45.2,3.7,5.72,3,3,0,3,4.6,2.0,9.9,3.7,6.0,2.0,0.75,0.0
STU_05759,strong,4,6.72,7.27,6.47,0.8,81.9,85.4,81.4,92.0,52.7,5.89,7,0,3,0,67.5,58.0,79.0,6.7,72.0,65.7,0.38,8.67
STU_05760,below_avg,6,1.13,2.0,0.56,1.44,64.5,49.1,53.8,16.2,37.8,5.16,4,3,0,4,34.0,29.2,40.0,4.1,32.1,40.0,0.62,0.0
STU_05761,below_avg,6,2.0,1.88,3.11,-1.23,58.5,30.6,52.1,47.1,37.1,5.2,4,2,0,4,35.9,20.8,48.8,11.9,40.9,20.8,0.62,1.33
STU_05762,average,3,2.73,3.16,3.11,0.05,72.8,60.6,50.2,40.7,49.4,6.35,6,3,1,4,43.4,26.0,70.0,15.7,48.0,41.1,0.25,5.14
STU_05763,above_avg,3,4.73,4.58,4.21,0.37,88.0,63.6,59.0,36.2,28.5,7.14,6,1,1,3,52.9,30.1,70.6,14.2,67.0,45.8,0.25,7.0
STU_05764,above_avg,4,4.69,3.86,5.42,-1.56,81.9,78.6,53.5,47.9,31.6,6.76,7,2,0,2,50.8,37.9,64.7,8.9,58.1,47.9,0.38,6.0
STU_05765,average,4,2.03,1.45,2.21,-0.76,76.1,56.8,51.8,61.1,42.2,6.21,7,4,0,5,38.8,16.9,54.9,13.0,53.9,32.7,0.38,3.11
STU_05766,struggling,4,0.83,0.27,0.32,-0.05,36.5,57.8,26.7,57.0,17.8,6.47,7,6,0,6,18.6,2.0,51.2,15.2,34.0,12.4,0.38,0.0
STU_05767,below_avg,3,0.0,0.0,0.0,0.0,73.0,40.6,15.2,78.0,24.9,6.35,6,6,0,6,17.9,2.0,36.9,12.0,32.1,10.8,0.25,0.73
STU_05768,topper,5,9.45,9.56,9.82,-0.26,96.6,87.7,68.4,100.0,23.4,6.42,4,0,4,0,85.3,79.6,98.7,7.8,90.2,80.4,0.5,10.0
STU_05769,strong,3,8.89,8.11,10.0,-1.89,94.7,100.0,81.3,82.5,51.4,6.19,6,0,4,0,74.4,56.8,89.1,11.8,87.2,68.0,0.25,9.23
STU_05770,struggling,4,0.01,0.0,0.0,0.0,49.0,6.1,24.9,32.2,46.9,5.11,7,7,0,7,8.6,2.0,21.9,8.0,19.7,4.2,0.38,0.0
STU_05771,average,7,2.02,1.0,3.0,-2.0,82.5,51.4,48.8,45.4,26.3,7.0,3,2,0,2,39.1,27.9,51.8,9.8,39.8,37.5,0.75,0.0
STU_05772,below_avg,3,1.51,0.74,2.32,-1.58,42.3,46.0,54.1,37.4,54.2,7.4,6,5,0,5,29.5,2.0,60.1,17.5,43.1,22.7,0.25,0.23
STU_05773,average,4,4.44,3.86,5.26,-1.4,66.3,76.0,63.5,40.4,85.8,4.99,7,1,0,5,45.6,26.7,63.0,10.1,57.2,41.0,0.38,3.89
STU_05774,average,4,1.23,1.45,0.21,1.24,67.4,41.3,47.2,46.7,32.9,5.99,7,5,0,7,34.2,19.9,43.8,7.8,38.0,32.7,0.38,2.11
STU_05775,average,5,1.17,0.78,1.45,-0.67,75.5,37.4,47.0,40.0,17.7,6.68,4,3,0,3,41.0,24.8,64.0,14.3,44.4,37.6,0.5,1.0
STU_05776,above_avg,3,3.49,3.63,3.47,0.16,71.7,71.3,29.2,55.5,15.6,6.9,6,2,1,4,48.9,18.1,71.5,18.4,59.6,43.5,0.25,3.73
STU_05777,average,5,0.82,0.0,2.86,-2.86,69.2,44.1,35.3,50.8,23.7,5.28,4,4,0,4,30.5,10.1,39.7,12.1,36.2,24.9,0.5,0.75
STU_05778,strong,3,7.28,6.58,7.26,-0.68,82.8,63.7,62.0,65.7,80.7,6.42,6,0,0,0,61.8,53.4,67.3,5.0,63.7,60.8,0.25,6.68
STU_05779,above_avg,3,4.41,2.89,5.89,-3.0,86.2,60.4,57.2,32.7,42.4,6.74,6,2,0,4,43.3,29.8,60.0,10.9,51.1,39.4,0.25,2.0
STU_05780,average,4,2.8,4.77,0.63,4.14,63.0,59.8,52.4,49.8,19.1,4.99,7,1,0,2,51.2,31.5,68.7,11.3,62.4,46.7,0.38,4.89
STU_05781,below_avg,4,1.02,0.36,1.16,-0.8,56.4,37.6,44.2,51.4,31.1,7.32,7,5,0,7,30.0,16.3,44.7,10.1,43.2,24.7,0.38,0.0
STU_05782,struggling,5,0.0,0.0,0.0,0.0,36.7,7.3,26.1,24.2,8.0,4.37,4,4,0,4,7.3,2.0,13.8,5.4,7.9,6.8,0.5,0.0
STU_05783,struggling,4,1.68,0.0,2.16,-2.16,48.5,25.4,16.8,51.4,41.7,5.89,7,7,0,7,8.4,2.0,22.5,7.0,18.4,4.4,0.38,0.0
STU_05784,strong,4,6.44,7.68,6.58,1.1,95.0,86.5,74.9,79.7,92.9,6.72,7,0,3,0,71.3,58.4,91.8,10.3,79.4,68.1,0.38,9.89
STU_05785,average,6,0.61,1.0,0.0,1.0,64.6,45.0,45.3,66.9,0.0,7.93,4,3,0,4,32.3,22.1,42.1,7.1,32.5,31.6,0.62,4.17
STU_05786,average,3,4.11,2.84,4.21,-1.37,72.1,63.9,35.2,50.9,15.6,6.29,6,2,0,4,43.7,27.0,59.7,12.0,56.9,37.1,0.25,4.68
STU_05787,struggling,3,0.25,0.21,0.0,0.21,35.6,26.8,37.7,41.2,49.9,7.27,6,5,0,6,15.6,2.0,42.5,13.7,27.8,9.5,0.25,0.0
STU_05788,above_avg,6,5.8,6.62,4.56,2.06,89.0,65.5,64.3,75.1,35.2,5.45,4,0,0,0,61.6,59.8,66.7,2.9,62.1,60.2,0.62,7.5
STU_05789,struggling,4,0.46,0.41,0.0,0.41,30.9,58.3,34.3,24.7,0.0,5.53,7,5,0,7,14.3,2.0,46.4,19.4,45.0,2.1,0.38,0.67
STU_05790,above_avg,3,5.34,5.79,4.74,1.05,80.0,71.3,36.4,82.1,15.7,6.87,6,0,1,3,55.4,45.6,70.9,10.8,61.6,52.4,0.25,5.59
STU_05791,topper,7,9.02,9.33,10.0,-0.67,93.1,82.9,81.5,87.5,16.7,4.53,3,0,3,0,86.9,77.5,93.1,6.8,91.7,77.5,0.75,8.0
STU_05792,average,3,2.09,2.74,2.26,0.48,73.4,47.8,22.6,59.4,45.2,6.65,6,4,0,4,36.8,17.6,61.0,16.7,34.0,38.2,0.25,2.64
STU_05793,below_avg,4,0.0,0.5,0.0,0.5,51.4,49.9,35.8,59.4,23.3,5.62,7,5,0,6,26.4,8.4,65.5,19.2,54.1,15.3,0.38,0.0
STU_05794,below_avg,6,0.53,0.5,0.44,0.06,70.5,46.5,40.3,33.8,22.7,5.33,4,3,0,4,32.4,29.2,40.1,4.5,33.1,30.3,0.62,0.0
STU_05795,below_avg,6,0.99,1.62,0.0,1.62,59.4,38.0,37.6,23.5,22.1,5.2,4,2,0,4,32.2,18.3,46.3,13.3,36.5,19.6,0.62,0.0
STU_05796,above_avg,4,5.78,5.77,6.79,-1.02,86.4,81.6,75.0,89.8,44.8,4.78,7,0,1,2,58.4,40.4,70.9,11.7,68.2,54.5,0.38,7.11
STU_05797,average,4,2.93,2.36,2.58,-0.22,75.3,68.2,44.1,61.3,14.8,5.12,7,3,0,5,44.6,30.0,56.8,9.3,55.2,40.3,0.38,4.22
STU_05798,strong,5,6.75,7.11,7.32,-0.21,83.5,66.9,47.3,56.7,1.8,5.67,4,0,2,0,68.2,57.0,77.2,8.4,76.3,60.1,0.5,8.5
STU_05799,struggling,4,0.0,0.0,0.0,0.0,51.5,28.0,31.0,1.0,60.5,7.04,7,7,0,7,9.7,2.0,28.5,10.1,24.6,3.8,0.38,0.0
STU_05800,below_avg,3,0.34,1.79,0.0,1.79,59.2,48.1,36.0,54.0,62.5,6.6,6,4,0,5,32.6,8.5,60.5,17.1,48.8,24.5,0.25,1.09
STU_05801,above_avg,4,4.79,6.09,3.37,2.72,88.1,66.2,43.9,62.1,58.1,4.86,7,0,1,1,58.8,44.7,72.9,9.9,67.8,55.1,0.38,5.89
STU_05802,average,7,2.36,3.67,1.62,2.05,70.3,47.5,63.2,28.6,39.8,5.37,3,1,0,2,38.9,20.1,53.8,14.0,37.0,42.8,0.75,5.83
STU_05803,average,5,1.32,1.78,0.59,1.19,61.4,42.4,49.7,33.8,42.0,5.55,4,3,0,4,37.5,33.5,40.6,2.8,37.9,37.0,0.5,2.25
STU_05804,below_avg,5,2.14,3.11,0.91,2.2,68.9,41.8,43.3,30.9,69.3,6.17,4,2,0,4,36.4,24.9,44.8,7.4,30.3,42.5,0.5,2.75
STU_05805,below_avg,5,0.05,0.0,0.0,0.0,60.2,9.8,28.8,37.5,53.8,7.25,4,4,0,4,16.8,7.7,31.1,8.7,11.4,22.1,0.5,1.0
STU_05806,average,5,1.22,0.0,2.32,-2.32,75.2,37.0,51.7,60.4,12.8,6.5,4,4,0,4,25.9,4.0,38.7,13.4,36.5,15.3,0.5,1.75
STU_05807,below_avg,4,0.0,0.0,0.21,-0.21,58.7,21.0,36.9,15.5,0.0,6.63,7,7,0,7,20.0,8.1,36.3,9.5,14.3,22.3,0.38,0.0
STU_05808,inconsistent,7,2.37,0.0,4.88,-4.88,74.2,31.1,23.0,48.5,47.6,6.06,3,3,0,3,29.9,23.0,35.9,5.3,33.3,23.0,0.75,5.5
STU_05809,average,6,2.78,3.0,2.78,0.22,71.2,74.1,50.4,73.4,17.5,6.95,4,1,0,1,49.0,31.6,59.2,10.4,54.8,31.6,0.62,1.17
STU_05810,above_avg,4,4.98,5.77,5.32,0.45,83.6,71.8,75.6,34.3,0.1,5.44,7,0,1,2,56.6,44.0,77.4,10.1,67.2,52.4,0.38,7.78
STU_05811,strong,4,6.87,6.27,6.58,-0.31,91.9,84.6,56.4,91.8,22.1,5.58,7,0,1,2,59.7,46.2,74.4,8.7,67.1,56.8,0.38,8.56
STU_05812,average,7,6.37,6.33,6.62,-0.29,73.4,69.6,50.7,70.8,5.2,6.36,3,0,0,0,59.2,50.7,66.7,6.6,63.5,50.7,0.75,2.17
STU_05813,average,4,2.62,2.45,2.63,-0.18,70.1,78.7,52.2,55.1,32.6,7.5,7,3,1,4,45.0,24.5,70.4,14.3,63.0,37.8,0.38,3.11
STU_05814,average,4,2.14,1.91,2.89,-0.98,81.5,25.2,51.0,68.6,18.6,5.56,7,4,0,6,38.4,27.4,51.3,8.3,42.8,36.6,0.38,2.89
STU_05815,below_avg,4,0.46,0.27,0.0,0.27,66.8,33.2,35.1,31.7,18.6,6.93,7,6,0,6,20.8,6.6,50.7,15.1,42.1,12.3,0.38,0.0
STU_05816,failing,3,0.0,0.0,0.0,0.0,44.8,0.0,36.5,34.1,48.5,6.64,6,6,0,6,3.6,2.0,8.6,2.5,2.0,4.4,0.25,0.0
STU_05817,strong,4,6.99,7.18,6.47,0.71,88.1,70.7,58.4,44.0,20.6,6.77,7,0,4,0,67.7,53.2,88.7,11.3,79.5,63.1,0.38,8.11
STU_05818,above_avg,5,5.05,4.33,4.73,-0.4,79.8,51.0,70.9,31.1,0.0,6.87,4,0,0,3,46.5,42.1,52.6,3.9,49.7,43.4,0.5,6.88
STU_05819,below_avg,3,1.26,0.53,1.58,-1.05,69.0,57.0,33.1,22.5,14.0,6.15,6,5,0,6,22.5,2.0,47.6,17.1,43.5,11.9,0.25,0.0
STU_05820,below_avg,3,1.31,0.84,1.0,-0.16,57.5,60.3,53.7,49.9,5.1,6.49,6,4,0,5,30.3,9.7,51.6,15.9,50.1,20.5,0.25,1.14
STU_05821,average,6,1.81,2.12,1.33,0.79,80.0,34.2,58.5,56.0,33.0,6.04,4,2,0,3,38.6,26.5,51.2,11.8,42.6,26.5,0.62,1.67
STU_05822,above_avg,4,5.09,5.0,5.21,-0.21,80.3,62.2,62.7,60.5,0.7,6.39,7,1,0,2,54.9,35.1,68.6,11.0,67.8,49.7,0.38,7.44
STU_05823,above_avg,5,6.92,6.44,6.41,0.03,68.6,62.7,55.5,36.5,14.0,6.06,4,0,1,0,64.1,57.2,76.5,7.5,69.7,58.5,0.5,8.12
STU_05824,above_avg,5,4.69,5.56,3.14,2.42,78.9,65.8,54.5,56.0,36.0,5.62,4,0,0,1,53.0,46.6,59.5,5.0,57.5,48.4,0.5,6.62
STU_05825,strong,3,6.57,6.68,6.47,0.21,88.7,81.5,62.7,39.0,35.0,4.0,6,0,1,0,63.9,53.9,76.4,7.1,72.1,59.7,0.25,6.36
STU_05826,above_avg,5,3.23,3.44,4.05,-0.61,68.7,44.4,47.5,99.3,10.4,6.35,4,1,0,1,52.2,39.3,60.8,7.9,57.1,47.4,0.5,6.62
STU_05827,above_avg,4,4.9,5.91,4.74,1.17,76.3,76.0,62.9,78.1,50.7,4.0,7,0,1,2,56.6,43.3,71.7,9.0,61.4,54.7,0.38,8.0
STU_05828,struggling,3,0.03,0.0,0.0,0.0,32.9,20.7,18.2,44.3,31.1,6.64,6,6,0,6,5.5,2.0,20.6,6.8,11.3,2.6,0.25,0.0
STU_05829,struggling,7,0.31,0.0,0.0,0.0,44.8,14.1,28.8,11.1,18.4,7.0,3,3,0,3,10.6,2.0,21.0,7.9,14.8,2.0,0.75,0.0
STU_05830,average,5,1.67,1.33,1.36,-0.03,76.4,46.6,55.5,9.4,0.0,5.02,4,2,0,2,36.2,10.9,53.7,17.3,52.2,20.4,0.5,2.5
STU_05831,failing,4,0.15,0.0,0.0,0.0,19.2,0.0,0.0,18.9,46.8,6.79,7,7,0,7,3.0,2.0,8.7,2.3,5.3,2.0,0.38,0.0
STU_05832,strong,3,6.79,7.26,5.26,2.0,93.9,76.7,72.9,70.8,33.3,5.96,6,0,3,0,68.2,51.8,86.8,11.0,79.2,62.6,0.25,7.5
STU_05833,above_avg,3,6.54,5.37,7.11,-1.74,81.2,70.0,75.9,40.6,15.1,6.88,6,1,2,1,61.9,38.8,79.9,13.7,76.8,54.5,0.25,6.73
STU_05834,strong,5,7.67,6.33,9.77,-3.44,77.3,100.0,77.7,80.4,28.2,5.21,4,0,2,1,67.6,49.0,87.5,15.6,82.6,52.6,0.5,8.75
STU_05835,average,6,6.81,7.25,6.56,0.69,62.9,73.2,61.1,47.8,19.1,5.15,4,0,1,1,61.9,49.9,76.6,9.5,62.3,60.9,0.62,1.67
STU_05836,failing,3,0.0,0.0,0.0,0.0,23.0,31.7,31.0,28.2,57.6,5.57,6,6,0,6,14.9,2.0,38.6,14.2,28.6,8.1,0.25,0.0
STU_05837,above_avg,4,5.6,5.73,6.0,-0.27,84.3,65.3,55.1,55.9,59.5,6.67,7,0,0,2,55.2,48.6,64.4,5.7,63.2,52.0,0.38,5.89
STU_05838,above_avg,3,5.4,6.47,4.53,1.94,76.1,77.0,58.0,38.7,28.3,5.36,6,0,1,0,62.2,50.7,72.2,8.3,70.5,58.1,0.25,7.86
STU_05839,above_avg,5,6.09,4.78,6.32,-1.54,72.0,71.5,74.9,69.6,55.1,7.66,4,1,0,2,49.0,33.0,67.7,12.6,50.4,47.5,0.5,3.0
STU_05840,strong,5,8.91,7.89,9.45,-1.56,86.7,78.4,85.6,82.0,50.7,5.8,4,0,3,0,74.0,67.4,79.3,4.9,78.7,69.3,0.5,10.0
STU_05841,below_avg,3,1.03,0.89,0.26,0.63,66.9,54.7,45.6,46.1,2.0,4.08,6,4,0,5,31.6,9.2,59.7,17.3,54.2,20.2,0.25,0.91
STU_05842,above_avg,4,2.9,3.55,2.16,1.39,78.2,41.5,37.4,24.2,36.9,5.75,7,2,0,4,45.5,31.7,55.8,8.6,49.1,44.0,0.38,5.11
STU_05843,failing,4,0.83,0.0,0.0,0.0,16.9,26.0,16.1,18.7,36.8,6.51,7,7,0,7,6.1,2.0,23.4,7.5,12.7,3.5,0.38,0.0
STU_05844,strong,3,8.26,7.68,8.74,-1.06,85.1,100.0,71.1,61.4,5.7,6.36,6,0,3,0,73.5,65.0,88.7,9.1,85.8,67.3,0.25,8.86
STU_05845,above_avg,3,5.58,6.11,3.84,2.27,82.0,85.7,53.3,77.3,32.6,6.85,6,0,1,0,59.1,52.3,74.1,6.9,65.2,56.1,0.25,7.45
STU_05846,below_avg,5,0.96,1.89,0.0,1.89,51.7,52.3,49.2,25.0,27.8,6.19,4,2,0,4,35.5,22.7,46.9,9.8,38.1,32.8,0.5,1.75
STU_05847,below_avg,6,0.99,0.0,0.44,-0.44,61.1,33.8,11.3,27.1,34.5,6.87,4,4,0,4,26.5,7.0,37.5,11.6,22.9,37.5,0.62,0.0
STU_05848,topper,3,9.87,9.58,10.0,-0.42,89.9,91.2,76.5,70.9,46.1,5.92,6,0,6,0,85.3,74.9,100.0,7.6,93.6,81.1,0.25,9.82
STU_05849,strong,5,7.12,6.78,7.68,-0.9,92.3,98.1,60.5,86.2,47.9,6.63,4,0,1,0,65.2,56.9,72.9,5.7,68.9,61.5,0.5,7.75
STU_05850,above_avg,6,6.67,7.12,6.11,1.01,86.0,76.5,53.6,72.8,45.9,5.57,4,0,2,0,66.5,50.3,75.4,9.7,71.9,50.3,0.62,2.17
STU_05851,average,3,3.63,2.21,5.84,-3.63,78.5,71.2,62.6,48.5,32.3,5.77,6,3,0,3,43.3,22.4,58.0,14.0,57.0,36.4,0.25,2.68
STU_05852,inconsistent,5,2.75,2.78,3.18,-0.4,71.9,26.9,39.6,28.2,11.7,5.71,4,2,0,3,32.5,2.0,65.6,24.2,31.2,33.8,0.5,0.75
STU_05853,strong,5,8.28,8.78,7.91,0.87,90.2,85.3,78.0,47.4,13.0,7.06,4,0,4,0,79.9,73.6,91.8,7.0,84.6,75.2,0.5,10.0
STU_05854,average,7,4.78,2.67,7.12,-4.45,60.8,71.6,75.6,23.2,8.4,5.91,3,1,1,1,65.9,38.6,100.0,25.5,79.5,38.6,0.75,1.0
STU_05855,average,3,1.84,2.89,0.53,2.36,66.1,48.6,48.3,46.9,33.4,4.98,6,2,0,5,40.6,22.9,55.9,10.7,45.8,38.0,0.25,3.73
STU_05856,below_avg,3,0.26,1.47,0.0,1.47,65.7,56.8,43.5,37.9,45.2,6.13,6,3,0,6,30.2,2.0,41.4,13.9,40.7,24.9,0.25,0.95
STU_05857,strong,6,7.96,8.5,7.0,1.5,91.8,93.0,63.8,64.6,64.3,8.5,4,0,3,0,75.9,66.7,87.3,7.5,77.0,72.8,0.62,8.5
STU_05858,above_avg,6,2.15,3.38,0.44,2.94,88.1,68.7,43.0,49.0,28.9,5.86,4,1,0,1,49.3,22.4,62.4,16.2,58.3,22.4,0.62,6.83
STU_05859,average,3,2.79,2.53,3.26,-0.73,76.0,33.8,23.4,37.3,52.0,4.27,6,3,0,6,35.1,14.6,44.2,9.9,34.3,35.4,0.25,3.95
STU_05860,strong,5,6.4,7.0,6.05,0.95,94.2,78.8,43.6,52.1,9.8,7.86,4,0,1,0,69.4,59.0,92.4,13.4,77.8,61.0,0.5,8.5
STU_05861,average,4,3.9,2.77,4.74,-1.97,60.8,61.8,48.1,50.6,2.7,6.78,7,3,0,3,45.8,28.3,61.1,12.7,59.4,40.4,0.38,5.78
STU_05862,below_avg,3,0.08,0.0,0.0,0.0,60.4,26.7,41.9,44.1,35.7,8.11,6,6,0,6,18.0,2.0,26.7,8.2,20.1,17.0,0.25,0.95
STU_05863,above_avg,3,3.47,5.53,2.21,3.32,76.6,72.3,78.3,58.4,25.8,6.52,6,0,0,3,54.8,44.0,64.2,8.2,62.3,51.0,0.25,8.36
STU_05864,above_avg,7,7.31,5.17,9.38,-4.21,95.9,82.6,74.6,60.4,67.6,5.87,3,0,1,1,59.9,43.2,73.6,12.6,68.2,43.2,0.75,4.5
STU_05865,struggling,6,0.45,0.75,0.0,0.75,51.0,47.2,38.1,62.3,18.8,6.65,4,3,0,3,28.1,16.8,52.1,14.4,31.8,17.0,0.62,0.83
STU_05866,below_avg,4,1.22,1.82,1.26,0.56,55.9,32.4,46.6,7.6,24.7,5.2,7,4,0,7,35.3,24.3,48.7,9.0,37.8,34.3,0.38,1.44
STU_05867,above_avg,4,4.03,5.5,1.58,3.92,83.1,92.6,68.6,28.0,66.1,4.95,7,0,0,3,54.0,47.7,63.3,5.1,59.5,51.8,0.38,5.44
STU_05868,average,5,1.55,2.89,0.45,2.44,77.8,58.8,48.1,50.8,36.8,8.1,4,1,0,4,42.3,33.3,48.0,6.0,47.8,36.8,0.5,6.25
STU_05869,below_avg,3,1.11,0.53,1.68,-1.15,61.9,33.4,28.0,52.2,53.3,7.28,6,5,0,6,25.7,4.7,45.3,14.0,33.1,22.0,0.25,1.14
STU_05870,below_avg,3,0.0,0.0,0.21,-0.21,59.6,44.6,31.6,28.1,26.5,4.97,6,6,0,6,23.3,14.3,34.1,6.1,30.0,19.9,0.25,1.68
STU_05871,strong,3,7.99,6.74,9.11,-2.37,78.1,79.0,84.6,73.2,67.9,6.24,6,0,2,1,64.8,49.5,71.9,7.3,71.1,61.7,0.25,6.5
STU_05872,below_avg,6,1.25,2.12,1.67,0.45,57.8,34.5,68.1,69.1,26.9,5.47,4,1,0,4,41.5,34.4,47.6,4.7,43.9,34.4,0.62,2.17
STU_05873,topper,7,10.0,10.0,9.5,0.5,95.6,100.0,81.6,75.6,63.3,6.6,3,0,3,0,98.5,95.4,100.0,2.2,100.0,95.4,0.75,10.0
STU_05874,above_avg,5,5.35,5.67,6.14,-0.47,80.9,62.4,59.7,91.6,63.7,7.57,4,0,2,1,62.1,41.4,78.9,14.3,75.0,49.3,0.5,5.62
STU_05875,struggling,3,0.2,0.0,0.26,-0.26,32.7,13.9,28.4,16.5,16.1,8.0,6,6,0,6,7.5,2.0,17.6,6.1,13.4,4.6,0.25,0.0
STU_05876,struggling,7,0.3,0.0,0.0,0.0,38.2,37.8,27.4,41.4,0.0,7.0,3,3,0,3,21.3,2.0,32.3,13.7,30.9,2.0,0.75,0.0
STU_05877,average,3,1.61,1.05,2.32,-1.27,74.4,43.4,52.0,52.5,51.4,5.4,6,5,0,6,30.0,11.5,48.6,12.8,38.2,25.9,0.25,0.23
STU_05878,average,3,4.92,3.32,6.16,-2.84,72.0,76.4,58.1,39.7,33.4,6.04,6,2,0,4,43.5,25.6,60.8,12.9,53.1,38.6,0.25,3.55
STU_05879,below_avg,6,0.71,0.75,1.33,-0.58,48.8,33.6,20.4,20.6,19.3,4.74,4,3,0,3,34.0,27.0,52.3,10.6,36.3,27.2,0.62,0.0
STU_05880,average,7,4.97,5.5,4.38,1.12,65.4,78.4,56.4,45.6,4.0,7.18,3,0,0,1,52.9,46.1,61.3,6.3,56.3,46.1,0.75,4.33
STU_05881,below_avg,5,1.08,1.33,0.91,0.42,47.2,41.7,41.2,76.4,45.9,6.79,4,3,0,4,32.1,21.8,41.5,7.0,32.5,31.6,0.5,5.5
STU_05882,below_avg,5,2.9,2.67,2.95,-0.28,43.7,46.3,34.9,27.4,57.1,6.77,4,3,0,3,39.1,30.4,51.5,7.7,37.2,41.0,0.5,0.0
STU_05883,strong,6,9.58,9.75,9.56,0.19,78.4,80.7,73.9,62.4,55.5,5.2,4,0,4,0,86.9,76.2,96.2,7.6,87.9,83.9,0.62,10.0
STU_05884,above_avg,3,4.53,3.05,5.89,-2.84,85.3,56.7,60.2,40.4,34.7,6.01,6,2,0,3,46.4,28.6,56.4,10.0,54.7,42.2,0.25,2.82
STU_05885,failing,3,0.18,0.0,0.0,0.0,38.2,27.1,35.0,37.0,26.1,5.53,6,6,0,6,5.9,2.0,19.7,6.5,13.6,2.0,0.25,0.0
STU_05886,strong,7,6.98,7.33,7.38,-0.05,87.3,89.2,75.6,65.6,5.0,7.62,3,0,2,0,75.2,59.4,85.1,11.3,83.0,59.4,0.75,8.17
STU_05887,below_avg,3,2.34,0.0,4.11,-4.11,62.3,17.0,45.2,44.6,0.0,6.11,6,6,0,6,20.8,3.3,35.2,10.7,19.5,21.5,0.25,0.27
STU_05888,average,7,2.64,2.0,3.62,-1.62,65.8,69.9,58.3,76.8,7.1,5.49,3,1,0,1,48.6,31.0,59.7,12.6,57.4,31.0,0.75,4.33
STU_05889,below_avg,5,0.0,0.56,0.0,0.56,48.9,39.3,33.2,18.1,23.7,6.51,4,3,0,4,26.9,2.0,46.8,16.1,38.9,14.9,0.5,1.25
STU_05890,topper,3,9.96,10.0,9.79,0.21,96.9,77.1,81.1,68.6,45.0,5.96,6,0,6,0,89.4,80.1,99.0,6.3,93.2,87.5,0.25,10.0
STU_05891,below_avg,7,1.71,0.83,3.5,-2.67,53.5,34.6,45.1,30.5,42.2,6.23,3,2,0,3,25.4,2.0,46.8,18.3,37.0,2.0,0.75,0.0
STU_05892,strong,5,9.73,9.0,9.64,-0.64,82.1,100.0,78.1,78.2,22.4,7.68,4,0,3,0,82.8,69.3,95.1,9.3,90.4,75.2,0.5,9.0
STU_05893,strong,3,7.94,7.53,7.21,0.32,88.4,60.7,64.7,60.5,40.6,5.98,6,0,3,0,65.7,50.4,74.8,8.6,56.5,70.3,0.25,7.73
STU_05894,strong,7,8.24,7.67,7.75,-0.08,90.5,92.1,54.9,100.0,76.4,6.7,3,0,2,0,74.0,64.6,79.2,6.6,78.7,64.6,0.75,9.17
STU_05895,topper,7,9.31,9.33,10.0,-0.67,88.6,100.0,54.4,41.6,47.5,6.69,3,0,3,0,86.7,76.2,96.3,8.2,91.9,76.2,0.75,9.33
STU_05896,average,3,2.11,1.68,1.79,-0.11,77.9,50.9,29.1,71.3,44.8,5.41,6,4,1,4,38.6,10.9,74.5,20.9,51.0,32.4,0.25,4.45
STU_05897,strong,4,9.02,7.27,9.95,-2.68,83.2,100.0,56.0,82.0,26.2,7.02,7,0,2,0,72.3,61.1,89.7,10.8,89.0,65.6,0.38,7.56
STU_05898,average,4,1.97,2.27,1.37,0.9,67.9,39.4,52.7,69.5,28.0,5.36,7,4,0,5,36.2,10.0,63.4,18.4,47.1,31.8,0.38,3.67
STU_05899,improving,7,0.61,1.0,0.0,1.0,83.0,32.0,52.4,39.3,17.6,6.64,3,2,0,2,38.2,24.3,50.7,10.8,37.5,39.6,0.75,6.0
STU_05900,failing,4,0.11,0.0,0.0,0.0,14.1,6.5,13.5,0.0,37.8,6.87,7,7,0,7,3.9,2.0,15.1,4.6,2.0,4.6,0.38,0.0
STU_05901,above_avg,4,5.95,5.82,5.74,0.08,87.5,57.6,41.0,76.5,22.4,7.26,7,0,0,2,55.0,47.8,66.2,6.2,56.8,54.2,0.38,7.67
STU_05902,above_avg,4,5.54,4.32,6.74,-2.42,81.0,72.5,48.6,35.9,27.7,6.59,7,1,1,4,51.0,39.0,75.0,11.4,66.2,44.9,0.38,4.56
STU_05903,topper,4,9.08,10.0,8.53,1.47,89.0,100.0,72.0,77.6,69.3,8.25,7,0,7,0,91.7,81.7,97.7,5.3,96.6,89.7,0.38,10.0
STU_05904,struggling,7,0.0,0.0,0.0,0.0,38.3,11.4,11.2,6.2,0.0,6.5,3,3,0,3,13.3,2.0,35.8,15.9,18.9,2.0,0.75,0.0
STU_05905,average,4,4.16,2.82,5.63,-2.81,78.3,82.5,60.7,72.4,31.8,6.57,7,3,1,3,47.0,27.6,71.4,14.4,61.4,41.2,0.38,2.33
STU_05906,strong,5,7.87,7.56,8.55,-0.99,90.8,82.2,56.3,64.8,36.4,6.91,4,0,3,0,72.3,57.5,84.2,9.6,79.5,65.0,0.5,9.5
STU_05907,strong,3,8.23,9.26,8.21,1.05,88.9,92.0,54.3,72.8,65.0,5.51,6,0,6,0,79.5,73.5,89.2,5.2,77.2,80.8,0.25,9.0
STU_05908,above_avg,5,5.41,5.67,6.23,-0.56,80.0,68.0,66.8,75.0,55.8,5.43,4,0,2,1,60.2,40.8,75.2,14.3,73.8,46.5,0.5,6.25
STU_05909,below_avg,5,0.0,0.0,0.27,-0.27,64.5,17.6,53.9,43.0,42.6,7.61,4,4,0,4,14.3,8.0,20.4,4.4,14.4,14.2,0.5,0.62
STU_05910,average,4,1.21,2.14,0.0,2.14,65.3,52.9,51.3,51.0,23.2,6.73,7,4,0,5,40.4,25.3,69.3,15.0,49.5,36.8,0.38,1.22
STU_05911,topper,5,9.94,10.0,9.64,0.36,90.8,89.6,90.7,90.6,76.7,5.92,4,0,4,0,95.7,93.3,97.6,1.9,95.4,96.0,0.5,10.0
STU_05912,below_avg,5,0.42,0.0,0.27,-0.27,62.5,9.2,52.6,26.7,49.9,4.31,4,4,0,4,15.1,2.0,37.1,13.9,20.7,9.4,0.5,0.0
STU_05913,below_avg,6,0.69,0.0,0.67,-0.67,70.2,34.0,49.7,52.7,18.2,4.22,4,4,0,4,24.9,2.0,38.6,13.8,32.5,2.0,0.62,0.67
STU_05914,above_avg,4,7.03,6.05,7.42,-1.37,79.4,70.7,58.1,64.3,7.0,6.84,7,0,0,1,57.6,45.0,69.8,8.4,60.6,56.5,0.38,6.89
STU_05915,strong,4,7.62,6.91,7.95,-1.04,77.4,89.1,59.7,52.8,37.1,5.39,7,0,3,0,66.3,51.6,84.4,11.4,82.5,59.9,0.38,10.0
STU_05916,struggling,4,0.02,0.0,0.0,0.0,36.6,39.2,22.1,40.2,26.3,5.49,7,7,0,7,16.2,2.0,30.5,9.7,24.5,12.9,0.38,0.0
STU_05917,average,3,3.55,3.63,2.79,0.84,86.7,60.3,61.3,31.1,28.8,5.63,6,1,0,5,46.4,31.2,66.1,10.4,57.2,41.0,0.25,1.23
STU_05918,above_avg,4,6.48,5.95,7.47,-1.52,75.2,80.3,31.5,77.8,27.5,6.42,7,0,2,3,57.5,45.1,76.8,11.8,65.1,54.4,0.38,5.78
STU_05919,above_avg,5,6.48,6.0,7.45,-1.45,84.9,70.9,62.4,82.9,33.4,5.66,4,0,0,1,57.5,48.1,66.2,7.8,57.8,57.2,0.5,6.12
STU_05920,strong,7,6.7,6.5,6.62,-0.12,89.9,70.2,77.5,81.3,55.2,7.04,3,0,1,0,65.3,56.2,73.2,7.0,69.8,56.2,0.75,6.33
STU_05921,above_avg,7,6.14,5.83,7.5,-1.67,69.5,68.0,55.6,63.6,50.6,5.33,3,0,1,1,59.3,49.4,78.1,13.3,64.2,49.4,0.75,5.67
STU_05922,failing,5,0.0,0.0,0.0,0.0,34.4,10.0,23.9,8.9,19.6,6.41,4,4,0,4,6.3,2.0,19.4,7.5,10.7,2.0,0.5,0.0
STU_05923,average,5,5.67,3.67,8.18,-4.51,74.4,84.3,50.4,41.6,1.4,5.59,4,1,0,2,51.8,36.2,61.3,10.2,54.8,48.8,0.5,4.5
STU_05924,topper,3,8.58,8.32,7.89,0.43,92.3,99.0,68.3,59.7,27.6,6.42,6,0,5,0,78.1,67.6,100.0,10.9,91.3,71.5,0.25,9.82
STU_05925,average,5,1.86,1.0,3.0,-2.0,73.0,66.6,39.2,62.7,23.9,5.59,4,2,0,4,37.9,25.5,45.3,7.9,44.8,31.0,0.5,2.25
STU_05926,improving,4,3.0,4.5,0.0,4.5,74.4,54.9,61.6,30.1,0.0,6.15,7,1,0,4,49.8,32.3,65.9,9.7,50.7,49.4,0.38,2.89
STU_05927,above_avg,3,6.61,6.16,6.05,0.11,84.9,66.3,50.0,74.8,30.0,5.35,6,0,0,0,57.2,51.6,69.2,6.3,65.5,53.0,0.25,8.86
STU_05928,strong,5,8.25,7.78,8.91,-1.13,90.4,88.8,64.5,67.1,27.6,6.14,4,0,3,0,74.6,63.9,88.6,9.0,79.8,69.4,0.5,9.5
STU_05929,below_avg,6,0.43,0.0,1.22,-1.22,69.0,35.4,66.5,26.2,24.4,5.45,4,4,0,4,34.2,27.8,38.0,3.8,36.3,27.8,0.62,1.0
STU_05930,topper,5,6.92,7.56,6.18,1.38,86.7,90.4,80.0,55.7,24.9,6.11,4,0,2,0,74.1,61.8,89.2,10.7,84.1,64.2,0.5,9.0
STU_05931,average,7,3.79,6.67,1.38,5.29,76.5,58.1,70.2,44.5,52.4,5.58,3,0,0,1,59.9,49.6,69.1,8.0,59.3,61.1,0.75,2.0
STU_05932,improving,3,1.1,1.63,0.0,1.63,92.4,57.3,60.9,55.3,78.6,6.15,6,3,0,5,39.6,24.9,60.4,11.6,52.0,33.4,0.25,3.68
STU_05933,struggling,4,0.57,0.0,0.37,-0.37,57.8,29.1,13.8,42.5,0.0,6.52,7,7,0,7,15.9,2.0,32.1,11.7,24.9,12.3,0.38,0.0
STU_05934,below_avg,4,1.02,0.95,0.0,0.95,57.9,45.2,39.1,40.6,22.2,7.1,7,5,0,7,25.2,2.4,45.1,16.3,41.3,18.7,0.38,0.44
STU_05935,below_avg,4,0.36,1.45,0.0,1.45,57.5,54.8,52.3,56.4,2.2,8.0,7,4,0,5,36.8,17.1,58.0,16.8,58.0,28.3,0.38,1.22
STU_05936,average,3,4.92,2.74,7.21,-4.47,68.2,64.2,61.5,49.4,72.8,7.06,6,3,1,4,50.4,28.0,92.3,21.3,67.5,41.8,0.25,0.0
STU_05937,above_avg,6,6.44,5.5,7.0,-1.5,88.5,73.0,58.6,50.4,20.0,5.48,4,0,1,1,60.1,40.7,75.3,12.9,66.6,40.7,0.62,2.17
STU_05938,improving,3,2.85,4.37,0.32,4.05,77.4,85.5,37.9,65.0,58.4,5.54,6,2,1,2,58.2,34.4,80.9,16.6,75.1,49.8,0.25,7.05
STU_05939,above_avg,6,5.59,6.75,4.78,1.97,71.6,88.8,53.2,61.2,61.2,6.68,4,0,1,0,66.9,56.7,76.6,7.0,70.3,56.7,0.62,7.5
STU_05940,average,7,2.76,0.83,4.62,-3.79,63.5,45.5,28.1,43.4,43.8,7.22,3,2,0,3,33.7,26.4,45.2,8.2,37.4,26.4,0.75,0.83
STU_05941,above_avg,3,3.8,5.53,2.32,3.21,85.5,51.5,71.8,64.6,54.7,5.04,6,0,0,2,51.7,40.1,59.7,6.3,49.9,52.6,0.25,7.0
STU_05942,above_avg,3,4.47,4.79,4.47,0.32,89.7,61.4,76.3,45.7,37.0,7.22,6,1,0,2,53.9,33.6,65.6,12.2,61.0,50.3,0.25,4.18
STU_05943,strong,5,7.58,7.78,6.68,1.1,74.5,86.8,54.3,55.0,57.9,6.98,4,0,2,0,71.0,65.3,76.8,4.2,68.8,73.3,0.5,8.0
STU_05944,average,3,0.47,0.26,0.63,-0.37,69.2,48.3,49.8,35.6,38.7,6.48,6,5,0,6,33.6,25.7,47.1,6.8,38.6,31.1,0.25,1.45
STU_05945,failing,5,0.29,0.0,0.0,0.0,26.1,27.4,45.1,38.7,0.0,6.58,4,4,0,4,9.8,2.0,25.0,9.4,17.5,2.0,0.5,0.0
STU_05946,struggling,3,0.0,0.26,0.0,0.26,47.2,37.3,28.4,51.8,0.0,7.31,6,5,0,6,20.0,2.0,46.0,15.3,28.0,16.0,0.25,0.18
STU_05947,strong,6,7.57,6.62,8.11,-1.49,81.1,63.2,75.0,79.3,30.3,7.32,4,0,1,0,62.7,53.7,73.8,7.5,64.0,58.8,0.62,7.0
STU_05948,strong,4,6.58,6.05,6.11,-0.06,88.0,76.8,76.7,54.3,61.0,5.67,7,0,0,1,57.8,43.6,67.9,7.7,61.2,56.4,0.38,6.67
STU_05949,strong,4,5.91,6.41,6.74,-0.33,89.0,96.5,69.7,90.3,34.9,5.6,7,0,2,1,62.1,44.0,86.0,13.1,74.0,57.3,0.38,6.56
STU_05950,above_avg,4,6.51,6.86,6.05,0.81,89.6,85.6,51.7,72.0,54.6,5.65,7,0,2,2,63.6,47.7,80.0,11.0,67.2,62.1,0.38,7.78
STU_05951,struggling,6,0.08,0.0,0.44,-0.44,40.9,23.0,39.0,12.4,8.4,5.19,4,4,0,4,19.9,12.1,26.8,5.3,22.6,12.1,0.62,0.0
STU_05952,strong,5,7.2,8.33,6.95,1.38,90.0,91.8,82.2,46.3,50.5,7.59,4,0,3,0,78.9,68.1,87.1,7.5,85.8,72.0,0.5,8.25
STU_05953,below_avg,3,1.19,0.53,0.74,-0.21,51.2,42.0,20.6,30.2,34.4,6.33,6,5,0,6,16.8,2.0,47.8,16.0,27.6,11.3,0.25,0.0
STU_05954,average,3,4.02,5.95,3.37,2.58,73.3,65.2,56.7,92.4,42.0,6.89,6,0,0,2,55.3,47.4,62.9,6.1,60.2,52.8,0.25,5.59
STU_05955,above_avg,5,2.45,1.33,4.64,-3.31,78.9,67.5,71.5,38.2,37.2,6.01,4,2,0,2,46.1,31.0,58.6,11.2,56.9,35.4,0.5,1.5
STU_05956,below_avg,7,0.0,0.0,0.0,0.0,57.0,9.8,20.9,63.2,43.8,6.33,3,3,0,3,15.5,11.2,23.3,5.5,17.7,11.2,0.75,0.0
STU_05957,average,5,1.58,3.22,0.27,2.95,68.2,63.5,50.0,28.2,24.1,6.53,4,1,0,2,47.5,28.7,59.3,11.4,54.3,40.5,0.5,6.5
STU_05958,average,3,1.52,2.11,0.79,1.32,82.2,38.9,56.7,63.3,20.3,6.64,6,3,0,6,32.4,13.7,43.8,11.2,36.0,30.6,0.25,1.27
STU_05959,average,3,1.34,2.58,0.68,1.9,67.4,54.1,27.7,53.1,0.8,6.89,6,2,0,5,38.5,20.5,51.1,10.2,48.0,33.7,0.25,0.91
STU_05960,topper,3,8.79,9.37,8.95,0.42,94.2,82.4,82.7,59.0,35.5,7.15,6,0,6,0,78.8,71.8,81.9,3.7,81.0,77.7,0.25,10.0
STU_05961,average,4,2.29,3.45,0.84,2.61,72.6,47.5,62.4,62.0,39.0,4.27,7,3,0,6,39.6,23.8,51.3,8.6,34.7,41.6,0.38,6.0
STU_05962,strong,3,6.44,6.95,5.84,1.11,90.1,84.3,52.5,67.2,66.8,5.79,6,0,2,0,67.7,59.3,80.0,7.5,77.2,63.0,0.25,7.23
STU_05963,struggling,3,0.32,0.0,1.05,-1.05,33.2,26.1,29.6,26.7,0.0,7.97,6,6,0,6,14.6,2.0,26.6,7.3,12.8,15.5,0.25,0.73
STU_05964,above_avg,4,4.75,6.27,3.63,2.64,79.7,100.0,54.9,50.4,15.7,5.06,7,0,3,2,61.4,45.1,81.5,12.8,77.7,54.9,0.38,6.78
STU_05965,below_avg,4,0.48,0.18,1.42,-1.24,50.3,47.3,51.7,31.8,33.3,6.84,7,6,0,7,30.0,19.3,41.0,7.7,34.9,28.1,0.38,0.44
STU_05966,struggling,5,0.24,0.0,0.0,0.0,34.9,36.6,11.0,12.7,9.0,4.61,4,4,0,4,13.3,2.0,25.2,11.3,24.5,2.0,0.5,0.0
STU_05967,below_avg,3,0.14,0.32,0.21,0.11,63.3,64.8,33.7,35.0,5.6,5.55,6,5,0,5,19.4,2.0,59.2,19.3,38.0,10.1,0.25,0.18
STU_05968,above_avg,5,3.75,2.67,4.23,-1.56,64.2,72.0,48.5,57.9,30.7,6.18,4,1,0,3,48.7,36.7,68.1,12.0,58.3,39.0,0.5,6.38
STU_05969,strong,3,7.58,7.26,8.68,-1.42,82.1,70.4,62.5,65.9,35.7,7.1,6,0,3,0,69.1,56.9,76.9,6.4,75.8,65.8,0.25,7.91
STU_05970,average,3,4.48,3.95,4.42,-0.47,74.8,64.5,63.7,48.2,12.1,5.54,6,1,0,4,47.2,31.1,61.8,10.4,52.2,44.7,0.25,4.05
STU_05971,above_avg,5,4.14,3.44,3.77,-0.33,74.7,58.1,72.0,61.7,47.4,6.05,4,1,0,1,50.7,32.7,65.0,11.6,59.0,42.4,0.5,2.12
STU_05972,average,3,1.65,2.79,0.0,2.79,81.5,65.8,33.1,33.5,26.6,5.46,6,2,0,5,41.0,26.1,55.4,11.1,52.3,35.3,0.25,3.77
STU_05973,improving,5,3.13,5.0,0.18,4.82,87.8,67.7,65.9,70.2,0.0,6.59,4,0,1,3,54.6,41.0,85.7,18.3,63.8,45.4,0.5,6.88
STU_05974,above_avg,3,5.2,3.16,6.47,-3.31,85.6,63.7,52.0,60.3,63.5,6.33,6,2,1,3,50.0,38.0,71.6,11.5,63.2,43.3,0.25,2.45
STU_05975,average,4,2.88,2.91,3.74,-0.83,82.0,75.8,71.9,43.9,0.0,6.47,7,3,0,3,46.2,18.2,60.8,14.9,59.5,40.9,0.38,0.56
STU_05976,failing,5,0.3,0.0,0.0,0.0,31.1,12.3,6.9,11.4,0.0,6.67,4,4,0,4,6.3,2.0,16.5,6.0,10.7,2.0,0.5,0.0
STU_05977,average,3,2.68,1.16,4.0,-2.84,74.7,38.2,31.1,72.8,20.8,5.61,6,4,0,5,42.3,36.7,59.0,7.7,49.2,38.9,0.25,2.77
STU_05978,below_avg,3,1.4,0.0,2.21,-2.21,57.3,34.9,51.2,43.4,0.0,6.4,6,6,0,6,29.2,23.6,35.5,4.7,28.8,29.5,0.25,0.0
STU_05979,above_avg,4,3.98,4.91,3.79,1.12,75.1,86.8,50.3,77.5,25.2,4.39,7,1,1,2,56.8,38.7,80.7,11.8,68.9,52.0,0.38,7.0
STU_05980,above_avg,3,5.97,6.05,5.74,0.31,84.4,76.5,50.1,57.2,37.9,6.68,6,0,1,1,60.2,44.2,79.9,11.1,71.9,54.4,0.25,6.27
STU_05981,below_avg,3,2.76,0.32,5.16,-4.84,61.5,50.1,34.6,35.5,4.3,7.08,6,5,0,5,31.4,18.6,53.0,11.4,45.5,24.4,0.25,0.91
STU_05982,strong,4,7.43,7.27,6.16,1.11,95.3,71.4,68.6,32.7,36.2,6.11,7,0,3,0,71.6,59.4,86.2,9.3,85.2,66.2,0.38,7.78
STU_05983,average,4,4.19,3.18,4.11,-0.93,74.1,63.8,51.6,65.3,16.2,7.32,7,2,1,4,48.4,37.1,71.6,11.5,63.7,42.3,0.38,4.67
STU_05984,below_avg,5,0.34,0.67,0.0,0.67,57.9,44.5,13.9,27.0,13.8,5.89,4,3,0,3,18.6,2.0,51.4,20.2,35.2,2.0,0.5,0.0
STU_05985,struggling,6,0.36,0.0,0.44,-0.44,48.0,27.1,32.4,24.0,21.9,6.96,4,4,0,4,16.7,3.0,34.9,13.9,21.2,3.4,0.62,0.0
STU_05986,above_avg,4,5.64,5.09,6.37,-1.28,77.3,74.3,69.0,47.5,34.3,6.98,7,1,1,1,54.9,38.2,75.6,10.4,67.8,49.7,0.38,6.11
STU_05987,above_avg,3,4.81,5.11,4.89,0.22,66.8,65.6,67.4,30.2,38.8,6.18,6,1,0,1,56.2,28.4,67.9,13.7,67.6,50.5,0.25,7.14
STU_05988,below_avg,4,0.78,0.0,1.26,-1.26,54.1,33.5,41.8,33.6,1.4,5.92,7,7,0,7,9.6,2.0,25.9,8.3,18.9,5.9,0.38,0.0
STU_05989,failing,3,0.0,0.0,0.0,0.0,7.8,0.0,15.0,39.4,0.0,5.55,6,6,0,6,3.8,2.0,12.5,3.9,2.0,4.6,0.25,0.0
STU_05990,below_avg,3,0.17,0.0,0.0,0.0,66.4,20.9,33.7,34.9,33.2,5.51,6,6,0,6,7.9,2.0,16.2,5.0,9.1,7.3,0.25,0.18
STU_05991,below_avg,7,1.51,1.67,2.12,-0.45,57.3,53.3,46.8,45.5,49.1,6.6,3,1,0,2,35.0,12.1,52.4,16.9,46.5,12.1,0.75,0.0
STU_05992,below_avg,3,0.43,1.26,0.21,1.05,54.9,51.7,34.7,38.5,29.3,5.66,6,4,0,6,25.2,2.0,44.4,17.0,40.8,17.4,0.25,0.5
STU_05993,strong,4,7.57,8.0,8.11,-0.11,77.1,86.7,82.7,82.0,46.7,4.75,7,0,5,0,74.8,51.2,100.0,13.8,90.4,68.6,0.38,8.11
STU_05994,below_avg,6,1.25,2.88,0.0,2.88,59.1,52.0,47.7,51.4,50.3,7.16,4,1,0,3,40.7,12.9,60.0,17.5,49.9,12.9,0.62,2.33
STU_05995,topper,5,9.92,10.0,10.0,0.0,97.3,97.8,72.9,80.0,27.5,5.79,4,0,4,0,93.7,90.5,100.0,3.8,95.2,92.2,0.5,10.0
STU_05996,below_avg,7,0.69,0.67,0.0,0.67,61.7,54.4,31.5,21.4,0.8,5.92,3,2,0,3,32.4,18.0,41.8,10.3,39.6,18.0,0.75,0.67
STU_05997,below_avg,5,1.22,2.56,1.18,1.38,65.5,58.0,41.6,33.7,33.0,7.08,4,2,1,3,45.1,22.0,73.5,18.6,47.8,42.5,0.5,1.0
STU_05998,above_avg,6,5.78,5.0,7.22,-2.22,78.2,77.6,67.6,56.1,17.6,4.96,4,0,1,2,56.8,43.2,78.8,14.4,60.8,44.8,0.62,6.67
STU_05999,average,7,4.83,4.67,4.0,0.67,75.4,60.5,59.9,59.2,56.8,5.19,3,0,0,1,54.2,43.8,59.7,7.4,59.5,43.8,0.75,6.0
