label,source,age,n_interests,n_projects,interests,subject_1_name,subject_1_score,subject_2_name,subject_2_score,subject_3_name,subject_3_score,subject_4_name,subject_4_score,subject_5_name,subject_5_score,project_title,project_skills,archetype,base_ability
WT,synthetic,21,2,1,Mobile & IoT Development|Cloud & Distributed Systems,Computer Networks,99.7,Microcontroller & Embedded Systems,93.6,IoT,92.3,C++,82.2,Engineering Mathematics-III,78.6,Health Monitoring Wearable,rfid|zigbee|mqtt|bluetooth|microcontroller|esp32,strong,76.9
DWM,synthetic,22,3,4,Artificial Intelligence & Machine Learning|Data Science & Analytics|Network & Wireless Systems,Engineering Mathematics-IV,100.0,Data Structures and Algorithms,100.0,Database Management Systems,100.0,Digital Logic & Design,100.0,Python,100.0,Business Intelligence Portal,devops|postgresql|tableau|mongodb|power bi|data warehouse|sql|mysql,topper,96.9
ML,synthetic,21,2,2,Data Science & Analytics|Artificial Intelligence & Machine Learning,Artificial Intelligence,89.0,Python,73.8,Engineering Mathematics-III,70.7,Automata Theory,63.8,Design & Analysis of Algorithms,63.5,Fraud Detection System,data science|sklearn|nlp|regression|pytorch|classification|python|numpy,average,54.6
WT,synthetic,22,3,1,Network & Wireless Systems|Mobile & IoT Development|Cloud & Distributed Systems,Microcontroller & Embedded Systems,73.8,C++,73.4,Computer Networks,70.1,Digital Logic & Design,62.0,Design & Analysis of Algorithms,60.6,RFID Attendance System,embedded|sensor|lora|mqtt|gpio|wireless,average,55.0
WT,synthetic,21,3,3,Mobile & IoT Development|Web Development|Network & Wireless Systems,IoT,70.4,Computer Networks,62.6,Microcontroller & Embedded Systems,58.1,Operating Systems,56.0,Data Structures and Algorithms,52.0,BLE Beacon Tracker,devops|ci/cd|iot|freertos|jenkins|i2c|serverless|react,hard_sample,42.5
ML,synthetic,21,2,2,Artificial Intelligence & Machine Learning|Data Science & Analytics,Data Structures and Algorithms,78.8,Artificial Intelligence,78.0,Automata Theory,74.8,Digital Logic & Design,74.4,Python,70.3,Disease Diagnosis Tool,sklearn|neural network|regression|deep learning|opencv|python|numpy|computer vision,hard_sample,64.9
WT,synthetic,18,3,3,Mobile & IoT Development|Network & Wireless Systems|Cloud & Distributed Systems,Data Structures and Algorithms,86.9,Cryptography & Network Security,75.2,C++,72.7,IoT,70.3,Digital Logic & Design,69.7,Remote Water Quality Monitor,devops|rfid|embedded|ci/cd|raspberry pi|sensor|mqtt|bluetooth,hard_sample,61.1
DWM,synthetic,18,4,1,Artificial Intelligence & Machine Learning|Data Science & Analytics|Network & Wireless Systems|Web Development,Database Management Systems,70.0,Engineering Mathematics-IV,69.6,Java,58.2,Data Structures and Algorithms,54.5,Automata Theory,49.2,Healthcare Data Warehouse,postgresql|data warehouse|power bi|mongodb|sql|data visualization|spark|pandas,hard_sample,46.8
CCS,synthetic,20,2,2,Cloud & Distributed Systems|Data Science & Analytics,Software Engineering,47.7,IoT,47.2,Full Stack Development,42.7,Data Structures and Algorithms,39.5,Cryptography & Network Security,38.1,Portfolio Website Builder,devops|ci/cd|docker|node|serverless|kubernetes|react|aws,struggling,28.8
DWM,synthetic,20,3,3,Artificial Intelligence & Machine Learning|Data Science & Analytics|Web Development,Database Management Systems,93.7,Engineering Mathematics-IV,93.0,Automata Theory,90.3,Python,87.9,Data Structures and Algorithms,87.5,Business Intelligence Portal,postgresql|tableau|mongodb|power bi|mysql|sql|data visualization|hadoop,topper,80.2
ML,synthetic,21,2,2,Data Science & Analytics|Cloud & Distributed Systems,Artificial Intelligence,95.1,Engineering Mathematics-III,91.7,Data Structures and Algorithms,84.3,Python,83.0,Database Management Systems,80.7,Sentiment Analysis Tool,sklearn|numpy|nlp|regression|classification|opencv|python|jupyter,strong,75.8
CCS,synthetic,21,3,3,Web Development|Cloud & Distributed Systems|Data Science & Analytics,Full Stack Development,79.1,Automata Theory,74.5,Computer Networks,72.4,Python,71.1,Operating Systems,69.8,Serverless API Gateway,devops|rest api|fullstack|react|serverless|kubernetes|arduino|cloud,above_avg,62.7
DWM,synthetic,19,3,1,Data Science & Analytics|Artificial Intelligence & Machine Learning|Web Development,Database Management Systems,79.3,C++,74.0,Engineering Mathematics-III,73.7,Java,73.3,Automata Theory,72.8,ETL Automation Tool,mysql|sql|data warehouse|analytics,above_avg,64.6
WT,synthetic,18,3,4,Network & Wireless Systems|Mobile & IoT Development|Cloud & Distributed Systems,Computer Networks,74.6,IoT,71.9,Python,64.4,Microcontroller & Embedded Systems,62.8,Digital Logic & Design,62.6,Wireless Sensor Network,embedded|raspberry pi|iot|freertos|arduino|mqtt|bluetooth|zigbee,average,52.2
WT,synthetic,20,2,2,Mobile & IoT Development|Network & Wireless Systems,IoT,72.8,Java,70.3,Digital Logic & Design,65.3,Data Structures and Algorithms,63.9,Cryptography & Network Security,59.9,Wireless Sensor Network,embedded|fullstack|iot|kubernetes|serverless|wireless|rest api|esp32,hard_sample,43.4
DWM,synthetic,22,2,2,Artificial Intelligence & Machine Learning|Data Science & Analytics,Database Management Systems,83.7,Engineering Mathematics-IV,75.9,Data Structures and Algorithms,67.7,Artificial Intelligence,67.4,Software Engineering,67.2,Social Media Analytics,postgresql|data warehouse|power bi|mysql|sql|data visualization|analytics|spark,above_avg,59.7
WT,synthetic,19,3,4,Mobile & IoT Development|Network & Wireless Systems|Cloud & Distributed Systems,IoT,82.3,Operating Systems,77.9,Cryptography & Network Security,70.4,Computer Networks,62.6,Java,62.6,Smart Agriculture,raspberry pi|iot|sensor|freertos|arduino|lora|classification|mqtt,inconsistent,49.5
CCS,synthetic,19,2,2,Cloud & Distributed Systems|Web Development,Full Stack Development,82.8,Computer Networks,74.0,Engineering Mathematics-IV,66.4,C++,65.5,Microcontroller & Embedded Systems,65.4,Real-Time Chat Application,devops|rfid|ci/cd|fullstack|node|react|microservices|nginx,hard_sample,51.6
DWM,synthetic,21,2,2,Artificial Intelligence & Machine Learning|Data Science & Analytics,Artificial Intelligence,70.7,Java,68.2,Engineering Mathematics-IV,68.0,Automata Theory,67.6,Data Structures and Algorithms,65.8,Market Basket Analyzer,postgresql|mongodb|data warehouse|mysql|data visualization|hadoop|spark|pandas,above_avg,55.2
CCS,synthetic,20,2,2,Web Development|Network & Wireless Systems,Database Management Systems,100.0,Operating Systems,100.0,Computer Networks,100.0,Software Engineering,100.0,Full Stack Development,100.0,Service Mesh Dashboard,docker|ci/cd|fullstack|kubernetes|react|cloud|terraform|microservices,topper,95.3
CCS,synthetic,18,3,3,Web Development|Cloud & Distributed Systems|Data Science & Analytics,Full Stack Development,84.4,Operating Systems,72.4,Automata Theory,67.6,Python,66.8,C++,60.1,Task Management System,rest api|ci/cd|docker|fullstack|node|kubernetes|serverless|react,average,52.2
DWM,synthetic,21,3,1,Artificial Intelligence & Machine Learning|Data Science & Analytics|Web Development,Database Management Systems,100.0,Python,88.2,Artificial Intelligence,81.2,Engineering Mathematics-IV,78.5,Software Engineering,76.7,Data Pipeline System,sql|postgresql|mysql,strong,68.9
WT,synthetic,22,3,3,Mobile & IoT Development|Network & Wireless Systems|Cloud & Distributed Systems,Digital Logic & Design,65.8,Computer Networks,64.9,Operating Systems,63.1,Java,56.9,IoT,54.0,Smart Agriculture,embedded|zigbee|raspberry pi|pandas|iot|freertos|arduino|bluetooth,below_avg,40.8
WT,synthetic,18,2,1,Mobile & IoT Development|Network & Wireless Systems,IoT,96.9,Microcontroller & Embedded Systems,91.2,Computer Networks,82.3,C++,81.6,Software Engineering,78.9,Remote Water Quality Monitor,rfid|embedded|sensor|mqtt|zigbee|microcontroller|wireless,strong,74.5
CCS,synthetic,19,2,1,Cloud & Distributed Systems|Web Development,Computer Networks,75.2,Automata Theory,67.8,Java,63.7,Design & Analysis of Algorithms,62.8,Full Stack Development,62.4,Portfolio Website Builder,devops|fullstack|serverless|jenkins|terraform|hadoop|microservices|azure,average,47.4
WT,synthetic,21,3,3,Mobile & IoT Development|Network & Wireless Systems|Cloud & Distributed Systems,Microcontroller & Embedded Systems,68.2,Computer Networks,67.2,Cryptography & Network Security,65.6,Operating Systems,59.2,Software Engineering,56.4,Smart Parking System,embedded|zigbee|raspberry pi|iot|sensor|freertos|lora|mqtt,average,47.8
WT,synthetic,20,3,4,Mobile & IoT Development|Network & Wireless Systems|Cloud & Distributed Systems,Computer Networks,97.3,IoT,91.6,C++,90.8,Cryptography & Network Security,88.0,Microcontroller & Embedded Systems,84.8,RFID Attendance System,embedded|sklearn|raspberry pi|zigbee|iot|sensor|freertos|lora,topper,81.2
WT,synthetic,18,2,1,Mobile & IoT Development|Network & Wireless Systems,Computer Networks,76.5,IoT,69.8,Microcontroller & Embedded Systems,60.7,Cryptography & Network Security,57.9,Operating Systems,55.6,Smart Streetlight System,rfid|arduino|mqtt|i2c|wireless,hard_sample,45.9
CCS,synthetic,21,3,2,Cloud & Distributed Systems|Web Development|Network & Wireless Systems,Full Stack Development,85.3,Python,79.5,Computer Networks,79.1,Design & Analysis of Algorithms,70.5,Java,68.1,Full Stack E-Commerce Site,computer vision|fullstack|react|jenkins|microservices|nginx|azure,hard_sample,62.6
WT,synthetic,19,2,1,Mobile & IoT Development|Artificial Intelligence & Machine Learning,IoT,72.9,Computer Networks,60.1,Design & Analysis of Algorithms,57.4,Microcontroller & Embedded Systems,57.1,Operating Systems,54.0,Health Monitoring Wearable,rfid|sensor|freertos|arduino|mqtt|gpio|wireless,hard_sample,41.9
ML,synthetic,22,3,1,Data Science & Analytics|Artificial Intelligence & Machine Learning|Web Development,Automata Theory,60.3,Artificial Intelligence,58.2,Engineering Mathematics-IV,53.2,Data Structures and Algorithms,51.3,Java,49.7,NLP Pipeline,tensorflow|pytorch|opencv|classification|keras,average,45.2
WT,synthetic,18,2,4,Network & Wireless Systems|Cloud & Distributed Systems,Computer Networks,100.0,IoT,100.0,Digital Logic & Design,98.5,Python,97.6,C++,97.4,Remote Water Quality Monitor,embedded|raspberry pi|iot|sensor|freertos|arduino|mqtt|lora,topper,85.2
WT,synthetic,18,2,1,Mobile & IoT Development|Network & Wireless Systems,IoT,45.2,Microcontroller & Embedded Systems,32.8,Engineering Mathematics-IV,32.1,Digital Logic & Design,28.6,Operating Systems,28.6,Remote Water Quality Monitor,rfid|iot|sensor|freertos|lora|mqtt|bluetooth,struggling,20.7
WT,synthetic,18,2,3,Mobile & IoT Development|Network & Wireless Systems,Computer Networks,88.0,Microcontroller & Embedded Systems,82.8,Digital Logic & Design,66.4,Automata Theory,65.0,IoT,64.8,Smart Parking System,rfid|embedded|zigbee|raspberry pi|iot|sensor|freertos|arduino,average,53.6
DWM,synthetic,21,2,4,Artificial Intelligence & Machine Learning|Data Science & Analytics,Python,43.8,Database Management Systems,40.1,Data Structures and Algorithms,38.6,Engineering Mathematics-III,31.2,Cryptography & Network Security,28.8,Log Analysis System,tableau|mongodb|power bi|data warehouse|mysql|sql|data visualization|hadoop,struggling,24.3
ML,synthetic,21,2,4,Data Science & Analytics|Artificial Intelligence & Machine Learning,Python,43.7,Artificial Intelligence,36.7,Data Structures and Algorithms,34.4,Engineering Mathematics-IV,30.3,Design & Analysis of Algorithms,28.1,Image Classifier,sklearn|data science|tensorflow|neural network|nlp|deep learning|pytorch|opencv,failing,17.4
WT,synthetic,18,3,1,Network & Wireless Systems|Mobile & IoT Development|Cloud & Distributed Systems,Digital Logic & Design,100.0,Microcontroller & Embedded Systems,100.0,C++,100.0,Computer Networks,99.7,IoT,99.4,GPS Tracker,embedded|serverless|zigbee|microcontroller|esp32,topper,90.6
DWM,synthetic,22,3,1,Data Science & Analytics|Artificial Intelligence & Machine Learning|Web Development,Database Management Systems,94.2,Digital Logic & Design,91.4,Python,86.1,Automata Theory,84.8,Data Structures and Algorithms,83.3,Healthcare Data Warehouse,postgresql|data visualization|analytics|data mining|pandas,topper,78.5
CCS,synthetic,22,3,1,Cloud & Distributed Systems|Network & Wireless Systems|Artificial Intelligence & Machine Learning,Full Stack Development,60.6,Software Engineering,57.4,Computer Networks,55.7,Engineering Mathematics-IV,50.0,Design & Analysis of Algorithms,46.4,Cloud Deployment Platform,devops|rest api|docker|terraform,hard_sample,40.7
CCS,synthetic,19,3,2,Data Science & Analytics|Cloud & Distributed Systems|Web Development,Full Stack Development,61.7,Computer Networks,57.1,C++,55.0,Software Engineering,54.8,Operating Systems,52.5,REST API Service,devops|ci/cd|postgresql|tableau|power bi|mysql|cloud|hadoop,hard_sample,43.5
DWM,synthetic,18,1,3,Data Science & Analytics,Python,86.0,Java,85.6,C++,85.2,Data Structures and Algorithms,83.8,Database Management Systems,81.4,Survey Data Analyzer,postgresql|tableau|data warehouse|power bi|analytics|spark|microservices|pandas,strong,69.1
CCS,synthetic,21,2,1,Web Development|Data Science & Analytics,C++,42.3,Data Structures and Algorithms,38.4,Software Engineering,32.8,Microcontroller & Embedded Systems,31.2,Engineering Mathematics-IV,30.0,REST API Service,ci/cd|rest api|terraform|freertos,failing,19.4
ML,synthetic,19,2,1,Artificial Intelligence & Machine Learning|Data Science & Analytics,Python,50.7,Engineering Mathematics-IV,49.9,Digital Logic & Design,42.9,Engineering Mathematics-III,42.5,C++,41.8,Image Classifier,pytorch|classification|pandas|tensorflow,below_avg,30.3
ML,synthetic,19,3,2,Data Science & Analytics|Artificial Intelligence & Machine Learning|Web Development,Engineering Mathematics-III,67.5,Python,64.9,Database Management Systems,64.8,Automata Theory,57.8,Artificial Intelligence,56.4,Language Translator,data science|classification|python|computer vision|pandas,average,47.4
ML,synthetic,18,3,3,Data Science & Analytics|Artificial Intelligence & Machine Learning|Mobile & IoT Development,Engineering Mathematics-IV,96.1,Database Management Systems,89.3,Data Structures and Algorithms,83.9,Artificial Intelligence,81.1,Cryptography & Network Security,80.7,Face Recognition System,sklearn|tensorflow|microservices|regression|kubernetes|deep learning|classification|pytorch,strong,73.6
DWM,synthetic,19,1,3,Data Science & Analytics,Database Management Systems,64.4,Python,62.1,Java,49.7,Data Structures and Algorithms,48.7,Engineering Mathematics-III,47.2,Census Data Visualizer,tableau|mongodb|power bi|data warehouse|mysql|data visualization|analytics|spark,average,43.6
WT,synthetic,22,2,3,Network & Wireless Systems|Mobile & IoT Development,IoT,84.2,Computer Networks,68.2,Java,67.4,Software Engineering,62.2,Microcontroller & Embedded Systems,60.9,BLE Beacon Tracker,rfid|embedded|zigbee|raspberry pi|iot|sensor|freertos|lora,average,54.2
DWM,synthetic,22,2,1,Artificial Intelligence & Machine Learning|Data Science & Analytics,Python,78.0,Digital Logic & Design,62.6,Microcontroller & Embedded Systems,61.5,Design & Analysis of Algorithms,57.3,Engineering Mathematics-IV,54.9,Log Analysis System,spark|data warehouse|mongodb|sql|hadoop|data mining|analytics|etl,hard_sample,49.6
WT,synthetic,20,1,2,Mobile & IoT Development,Python,79.8,Operating Systems,76.6,Cryptography & Network Security,75.6,IoT,72.7,Microcontroller & Embedded Systems,71.7,LoRa Communication System,zigbee|raspberry pi|iot|sensor|freertos|lora|matplotlib|bluetooth,hard_sample,57.8
ML,synthetic,22,1,4,Artificial Intelligence & Machine Learning,Engineering Mathematics-III,100.0,Data Structures and Algorithms,100.0,Software Engineering,100.0,Automata Theory,100.0,Design & Analysis of Algorithms,100.0,Customer Churn Predictor,computer vision|data science|sklearn|nlp|neural network|iot|regression|pytorch,topper,96.3
CCS,synthetic,19,1,1,Web Development,Full Stack Development,69.3,Java,64.3,Data Structures and Algorithms,58.0,Design & Analysis of Algorithms,57.5,Computer Networks,55.8,Full Stack E-Commerce Site,docker|fullstack|node|kubernetes|jenkins|azure|cloud,average,50.2
DWM,synthetic,19,3,3,Artificial Intelligence & Machine Learning|Data Science & Analytics|Network & Wireless Systems,Python,100.0,Engineering Mathematics-IV,89.3,Database Management Systems,83.3,Software Engineering,82.3,Design & Analysis of Algorithms,79.3,Business Intelligence Portal,analytics|numpy|postgresql|sklearn|mongodb|power bi|kubernetes|hadoop,hard_sample,69.4
WT,synthetic,20,3,3,Network & Wireless Systems|Mobile & IoT Development|Cloud & Distributed Systems,IoT,80.5,Microcontroller & Embedded Systems,79.1,Data Structures and Algorithms,75.0,Design & Analysis of Algorithms,69.0,Operating Systems,64.6,Remote Water Quality Monitor,rfid|embedded|zigbee|iot|sensor|arduino|mqtt|lora,above_avg,56.7
WT,synthetic,22,4,3,Mobile & IoT Development|Network & Wireless Systems|Cloud & Distributed Systems|Data Science & Analytics,Computer Networks,69.2,Digital Logic & Design,60.2,IoT,59.7,Microcontroller & Embedded Systems,58.9,Software Engineering,56.9,Remote Water Quality Monitor,rfid|embedded|zigbee|raspberry pi|sensor|lora|arduino|bluetooth,average,48.0
CCS,synthetic,22,3,4,Cloud & Distributed Systems|Web Development|Network & Wireless Systems,Full Stack Development,72.7,Operating Systems,65.2,Python,65.1,Software Engineering,61.4,Data Structures and Algorithms,59.7,Full Stack E-Commerce Site,devops|rest api|docker|ci/cd|node|react|serverless|lora,average,52.6
CCS,synthetic,22,1,1,Web Development,Database Management Systems,100.0,Computer Networks,100.0,Automata Theory,100.0,Full Stack Development,100.0,Design & Analysis of Algorithms,98.7,Full Stack E-Commerce Site,devops|docker|react|serverless|jenkins|nginx|aws,topper,89.8
CCS,synthetic,22,1,1,Cloud & Distributed Systems,Full Stack Development,76.3,Computer Networks,60.6,Operating Systems,55.5,Engineering Mathematics-III,50.1,Artificial Intelligence,48.8,Blog Platform with CMS,react|ci/cd|kubernetes|cloud,average,43.2
ML,synthetic,22,2,3,Artificial Intelligence & Machine Learning|Web Development,Python,100.0,Artificial Intelligence,100.0,Engineering Mathematics-IV,88.2,Database Management Systems,88.2,Data Structures and Algorithms,86.0,Music Genre Classifier,embedded|keras|data science|numpy|regression|pytorch|opencv|jupyter,strong,78.7
CCS,synthetic,20,3,1,Cloud & Distributed Systems|Web Development|Data Science & Analytics,Python,85.4,Automata Theory,81.8,Computer Networks,78.4,Software Engineering,78.3,Full Stack Development,77.6,CI/CD Pipeline Builder,docker|fullstack|react|microservices|aws,strong,66.4
WT,synthetic,19,3,1,Network & Wireless Systems|Mobile & IoT Development|Cloud & Distributed Systems,Computer Networks,74.8,C++,73.6,Digital Logic & Design,70.6,Engineering Mathematics-IV,64.8,Operating Systems,64.8,BLE Beacon Tracker,iot|freertos|lora|bluetooth|zigbee,above_avg,55.4
ML,synthetic,18,2,3,Data Science & Analytics|Cloud & Distributed Systems,Python,62.1,Engineering Mathematics-IV,55.6,Artificial Intelligence,53.4,IoT,46.3,Engineering Mathematics-III,41.8,Price Predictor,keras|data science|tensorflow|nlp|neural network|sklearn|classification|jupyter,below_avg,40.3
CCS,synthetic,19,3,2,Cloud & Distributed Systems|Web Development|Data Science & Analytics,Full Stack Development,78.2,Digital Logic & Design,61.2,Engineering Mathematics-III,60.8,Cryptography & Network Security,60.6,Computer Networks,60.3,Cloud File Storage,ci/cd|docker|fullstack|serverless|cloud|jenkins|hadoop|microservices,average,55.4
ML,synthetic,21,2,2,Artificial Intelligence & Machine Learning|Data Science & Analytics,Design & Analysis of Algorithms,80.4,Engineering Mathematics-IV,64.5,Engineering Mathematics-III,59.0,Data Structures and Algorithms,58.3,Artificial Intelligence,54.7,Music Genre Classifier,keras|data science|tensorflow|nlp|sklearn|pytorch|machine learning|opencv,inconsistent,37.8
WT,synthetic,18,2,4,Mobile & IoT Development|Cloud & Distributed Systems,Engineering Mathematics-IV,100.0,Digital Logic & Design,100.0,Computer Networks,100.0,IoT,100.0,Microcontroller & Embedded Systems,99.5,Industrial IoT Gateway,rfid|embedded|raspberry pi|sensor|freertos|classification|mqtt|lora,topper,92.7
WT,synthetic,21,2,3,Mobile & IoT Development|Network & Wireless Systems,Computer Networks,72.5,Microcontroller & Embedded Systems,71.9,Data Structures and Algorithms,64.9,C++,61.8,Full Stack Development,61.0,Smart Streetlight System,rfid|embedded|zigbee|raspberry pi|iot|freertos|lora|arduino,average,52.4
ML,synthetic,19,2,2,Data Science & Analytics|Web Development,Cryptography & Network Security,54.8,Data Structures and Algorithms,54.5,Artificial Intelligence,49.8,Engineering Mathematics-IV,47.5,Python,46.5,Price Predictor,sklearn|data science|nlp|neural network|opencv|numpy|deep learning|matplotlib,below_avg,36.8
CCS,synthetic,18,2,1,Web Development|Cloud & Distributed Systems,Full Stack Development,97.0,Computer Networks,95.1,Software Engineering,93.4,Automata Theory,89.0,Data Structures and Algorithms,86.1,Kubernetes Cluster Monitor,devops|node|serverless|fullstack,strong,74.6
ML,synthetic,19,3,1,Artificial Intelligence & Machine Learning|Data Science & Analytics|Cloud & Distributed Systems,Data Structures and Algorithms,79.4,Engineering Mathematics-III,78.8,Design & Analysis of Algorithms,74.7,Artificial Intelligence,74.2,Python,72.1,Music Genre Classifier,keras|regression|opencv|python|terraform|computer vision|deep learning,average,54.1
CCS,synthetic,22,2,1,Cloud & Distributed Systems|Web Development,Java,92.0,Full Stack Development,86.0,Python,77.1,Digital Logic & Design,74.5,Computer Networks,72.7,Cloud File Storage,devops|fullstack|node|microservices|nginx|aws,hard_sample,63.7
DWM,synthetic,18,3,3,Artificial Intelligence & Machine Learning|Data Science & Analytics|Web Development,Engineering Mathematics-IV,84.3,Data Structures and Algorithms,83.2,Java,83.0,Database Management Systems,81.3,Cryptography & Network Security,77.6,ETL Automation Tool,postgresql|mongodb|data warehouse|sql|mysql|data visualization|hadoop|analytics,strong,73.3
CCS,synthetic,21,1,2,Cloud & Distributed Systems,Operating Systems,80.6,Python,75.3,Software Engineering,70.6,Full Stack Development,66.2,Engineering Mathematics-IV,65.7,Kubernetes Cluster Monitor,devops|docker|raspberry pi|fullstack|nginx|node|kubernetes|serverless,above_avg,60.0
CCS,synthetic,18,2,3,Cloud & Distributed Systems|Web Development,Design & Analysis of Algorithms,30.2,Java,29.0,Engineering Mathematics-IV,26.2,Cryptography & Network Security,22.9,Microcontroller & Embedded Systems,19.7,Containerized Microservices App,nginx|fullstack|node|react|kubernetes|serverless|jenkins|jupyter,failing,15.6
DWM,synthetic,19,1,3,Data Science & Analytics,Artificial Intelligence,61.3,Cryptography & Network Security,60.4,Automata Theory,60.2,Database Management Systems,58.8,C++,53.0,Healthcare Data Warehouse,keras|postgresql|tableau|mongodb|data warehouse|power bi|mysql|sql,improving,46.4
CCS,synthetic,18,3,2,Web Development|Cloud & Distributed Systems|Data Science & Analytics,Operating Systems,61.7,Full Stack Development,56.4,Engineering Mathematics-IV,55.8,Software Engineering,48.5,Microcontroller & Embedded Systems,47.7,Cloud Deployment Platform,devops|nginx|kubernetes|jenkins|terraform|bluetooth|rest api|azure,below_avg,35.3
CCS,synthetic,21,2,1,Cloud & Distributed Systems|Data Science & Analytics,Automata Theory,91.3,Cryptography & Network Security,78.8,Design & Analysis of Algorithms,64.7,Full Stack Development,61.6,Data Structures and Algorithms,61.0,Blog Platform with CMS,rest api|ci/cd|postgresql|kubernetes|microservices|nginx|cloud,hard_sample,51.1
DWM,synthetic,21,3,1,Artificial Intelligence & Machine Learning|Data Science & Analytics|Web Development,Database Management Systems,85.9,Artificial Intelligence,63.7,Data Structures and Algorithms,62.4,Digital Logic & Design,59.0,Python,57.0,ETL Automation Tool,tableau|data warehouse|data mining|spark|machine learning,improving,50.5
ML,synthetic,18,2,1,Artificial Intelligence & Machine Learning|Data Science & Analytics,Artificial Intelligence,95.9,Engineering Mathematics-III,76.8,Python,75.0,Data Structures and Algorithms,70.2,Cryptography & Network Security,70.1,Sentiment Analysis Tool,data science|tensorflow|neural network|classification|python|numpy|machine learning|pandas,above_avg,62.0
CCS,synthetic,18,2,2,Cloud & Distributed Systems|Web Development,Full Stack Development,76.6,Database Management Systems,76.5,Operating Systems,76.5,Microcontroller & Embedded Systems,67.0,Design & Analysis of Algorithms,64.8,Portfolio Website Builder,devops|fullstack|data warehouse|azure|data visualization|analytics|etl|pandas,hard_sample,51.2
DWM,synthetic,18,2,1,Artificial Intelligence & Machine Learning|Web Development,Engineering Mathematics-III,100.0,Data Structures and Algorithms,100.0,Database Management Systems,100.0,Python,100.0,Automata Theory,100.0,Crime Data Analysis,docker|postgresql|data warehouse|power bi|mysql|data visualization|spark|pandas,topper,93.2
DWM,synthetic,18,3,4,Artificial Intelligence & Machine Learning|Data Science & Analytics|Web Development,Database Management Systems,100.0,Cryptography & Network Security,93.0,Python,91.4,Engineering Mathematics-III,90.6,Engineering Mathematics-IV,89.4,Business Intelligence Portal,postgresql|tableau|mongodb|power bi|data warehouse|sql|mysql|data visualization,topper,79.2
DWM,synthetic,21,2,4,Data Science & Analytics|Artificial Intelligence & Machine Learning,Java,67.5,Database Management Systems,64.4,Data Structures and Algorithms,60.7,Engineering Mathematics-III,59.8,Computer Networks,54.9,Data Pipeline System,postgresql|tableau|data warehouse|power bi|mysql|sql|data visualization|hadoop,average,48.1
CCS,synthetic,18,3,4,Cloud & Distributed Systems|Web Development|Network & Wireless Systems,Database Management Systems,75.8,Full Stack Development,71.6,Operating Systems,70.9,Software Engineering,66.1,Engineering Mathematics-IV,63.9,REST API Service,ci/cd|docker|fullstack|node|react|serverless|kubernetes|cloud,above_avg,59.1
WT,synthetic,18,3,2,Network & Wireless Systems|Mobile & IoT Development|Cloud & Distributed Systems,Digital Logic & Design,79.5,IoT,79.1,Computer Networks,74.8,Operating Systems,71.5,Data Structures and Algorithms,71.1,Smart Agriculture,rfid|embedded|iot|bluetooth|microcontroller|wireless,above_avg,62.1
DWM,synthetic,20,2,1,Data Science & Analytics|Artificial Intelligence & Machine Learning,Artificial Intelligence,84.9,Python,83.4,Computer Networks,81.8,Java,79.3,Database Management Systems,79.1,Survey Data Analyzer,microservices|mongodb|hadoop|power bi,strong,72.8
CCS,synthetic,22,2,2,Web Development|Cloud & Distributed Systems,Full Stack Development,100.0,Operating Systems,96.2,Automata Theory,93.6,Computer Networks,93.3,Software Engineering,93.1,Blog Platform with CMS,devops|rest api|docker|node|kubernetes|regression|microservices|nginx,topper,81.0
WT,synthetic,21,3,3,Mobile & IoT Development|Network & Wireless Systems|Cloud & Distributed Systems,Operating Systems,100.0,Computer Networks,100.0,Microcontroller & Embedded Systems,100.0,C++,100.0,IoT,100.0,Weather Station,rfid|zigbee|iot|serverless|sensor|freertos|lora|mqtt,topper,94.0
ML,synthetic,22,2,2,Artificial Intelligence & Machine Learning|Data Science & Analytics,Engineering Mathematics-IV,93.0,Python,76.8,Java,74.7,Data Structures and Algorithms,74.4,Design & Analysis of Algorithms,71.1,Price Predictor,docker|postgresql|tableau|regression|data warehouse|mongodb|deep learning|data visualization,hard_sample,64.7
ML,synthetic,21,1,2,Artificial Intelligence & Machine Learning,Data Structures and Algorithms,74.1,Artificial Intelligence,74.0,Python,65.4,Digital Logic & Design,64.1,Software Engineering,58.6,Object Detection App,sklearn|tensorflow|nlp|data science|neural network|pytorch|opencv|classification,average,48.0
WT,synthetic,18,3,2,Mobile & IoT Development|Network & Wireless Systems|Cloud & Distributed Systems,Engineering Mathematics-IV,100.0,Digital Logic & Design,100.0,Computer Networks,100.0,Microcontroller & Embedded Systems,100.0,Software Engineering,100.0,Smart Agriculture,rfid|sklearn|raspberry pi|sensor|freertos|mqtt|wireless|i2c,topper,96.7
ML,synthetic,20,1,1,Artificial Intelligence & Machine Learning,Artificial Intelligence,90.4,Database Management Systems,82.4,Engineering Mathematics-IV,77.8,Engineering Mathematics-III,77.3,Microcontroller & Embedded Systems,75.9,Object Detection App,rest api|keras|tensorflow|regression|python|computer vision|deep learning,hard_sample,66.0
CCS,synthetic,21,3,2,Cloud & Distributed Systems|Web Development|Network & Wireless Systems,Full Stack Development,93.3,Automata Theory,90.6,Engineering Mathematics-IV,87.7,Operating Systems,87.3,Software Engineering,86.6,Multi-tenant SaaS App,docker|fullstack|serverless|react|sql|opencv|terraform|nginx,strong,73.4
DWM,synthetic,21,3,2,Artificial Intelligence & Machine Learning|Data Science & Analytics|Web Development,Database Management Systems,93.3,Engineering Mathematics-IV,93.2,Data Structures and Algorithms,88.2,Digital Logic & Design,86.3,Java,86.0,Business Intelligence Portal,postgresql|tableau|mongodb|data warehouse|power bi|sql|kubernetes|data visualization,topper,80.0
CCS,synthetic,19,3,3,Web Development|Cloud & Distributed Systems|Network & Wireless Systems,Design & Analysis of Algorithms,45.8,Cryptography & Network Security,43.1,Full Stack Development,33.3,Java,32.3,Data Structures and Algorithms,27.4,Task Management System,devops|ci/cd|fullstack|nginx|node|kubernetes|serverless|terraform,failing,15.8
ML,synthetic,22,2,2,Data Science & Analytics|Artificial Intelligence & Machine Learning,Artificial Intelligence,64.0,Data Structures and Algorithms,54.3,Python,53.8,Engineering Mathematics-III,47.3,Java,47.1,Face Recognition System,sklearn|tensorflow|data science|nlp|neural network|regression|pytorch|jupyter,below_avg,38.5
WT,synthetic,19,1,1,Mobile & IoT Development,IoT,97.3,Microcontroller & Embedded Systems,84.4,Operating Systems,84.3,Computer Networks,82.3,Digital Logic & Design,81.9,Health Monitoring Wearable,raspberry pi|iot|sensor|freertos|lora|bluetooth|microcontroller|wireless,strong,70.7
DWM,synthetic,19,3,2,Data Science & Analytics|Artificial Intelligence & Machine Learning|Web Development,Artificial Intelligence,69.7,Automata Theory,66.9,Python,65.9,Software Engineering,64.0,Java,63.6,Crime Data Analysis,spark|data warehouse|power bi|mongodb|sql|data mining|analytics|data pipeline,above_avg,59.5
DWM,synthetic,20,2,3,Data Science & Analytics|Artificial Intelligence & Machine Learning,Database Management Systems,85.6,Java,76.7,Engineering Mathematics-IV,68.3,Python,64.9,Digital Logic & Design,64.8,Data Pipeline System,postgresql|tableau|data warehouse|power bi|sql|mysql|data visualization|data mining,above_avg,60.3
WT,synthetic,20,2,1,Network & Wireless Systems|Mobile & IoT Development,IoT,76.3,Design & Analysis of Algorithms,75.5,Computer Networks,70.5,Full Stack Development,68.9,Operating Systems,67.3,Gesture Controlled Robot,rfid|freertos|arduino|mqtt|bluetooth|analytics|zigbee|esp32,average,55.2
WT,synthetic,22,2,2,Network & Wireless Systems|Mobile & IoT Development,IoT,66.8,Computer Networks,58.8,C++,56.4,Automata Theory,53.7,Engineering Mathematics-III,50.7,Smart Agriculture,rfid|embedded|zigbee|iot|sensor|freertos|mqtt|bluetooth,below_avg,39.0
CCS,synthetic,19,3,3,Cloud & Distributed Systems|Web Development|Data Science & Analytics,Full Stack Development,57.3,Computer Networks,53.1,Microcontroller & Embedded Systems,47.8,Cryptography & Network Security,41.5,IoT,41.3,Cloud File Storage,devops|ci/cd|docker|nginx|fullstack|node|react|kubernetes,struggling,31.4
ML,synthetic,22,2,1,Artificial Intelligence & Machine Learning|Web Development,Python,97.5,Engineering Mathematics-III,91.3,Artificial Intelligence,85.5,Engineering Mathematics-IV,85.0,Data Structures and Algorithms,84.6,Sentiment Analysis Tool,classification|jupyter|opencv|sklearn,strong,77.4
ML,synthetic,21,1,3,Data Science & Analytics,Data Structures and Algorithms,85.1,Artificial Intelligence,84.7,Engineering Mathematics-III,76.0,Engineering Mathematics-IV,73.5,Software Engineering,73.4,Chatbot System,computer vision|sklearn|tensorflow|nlp|neural network|data science|regression|pytorch,strong,67.3
DWM,synthetic,19,1,2,Artificial Intelligence & Machine Learning,Java,80.5,Software Engineering,74.5,Database Management Systems,65.9,Engineering Mathematics-IV,64.9,IoT,63.2,Financial Data Mining Tool,ci/cd|postgresql|tableau|mongodb|mysql|sql|data visualization|hadoop,average,55.4
DWM,synthetic,20,2,2,Artificial Intelligence & Machine Learning|Data Science & Analytics,Software Engineering,68.1,Engineering Mathematics-IV,48.0,C++,45.9,Data Structures and Algorithms,41.2,Operating Systems,41.2,Data Pipeline System,tableau|mongodb|power bi|data warehouse|data mining|spark|data pipeline,inconsistent,35.7
CCS,synthetic,18,2,2,Mobile & IoT Development|Web Development,Computer Networks,91.1,Python,81.6,Software Engineering,78.8,Cryptography & Network Security,76.1,Operating Systems,75.9,Cloud Deployment Platform,docker|raspberry pi|fullstack|nginx|iot|react|kubernetes|lora,hard_sample,63.0
WT,synthetic,21,3,3,Network & Wireless Systems|Mobile & IoT Development|Cloud & Distributed Systems,Computer Networks,85.5,C++,85.3,Microcontroller & Embedded Systems,83.9,IoT,83.9,Java,83.7,LoRa Communication System,rfid|embedded|ci/cd|raspberry pi|iot|freertos|lora|mqtt,strong,73.6
CCS,synthetic,21,2,3,Cloud & Distributed Systems|Web Development,Full Stack Development,63.6,Design & Analysis of Algorithms,55.8,Computer Networks,54.8,Automata Theory,48.0,Python,46.1,Kubernetes Cluster Monitor,devops|docker|ci/cd|fullstack|kubernetes|pytorch|aws|jenkins,inconsistent,37.5
ML,synthetic,21,3,2,Artificial Intelligence & Machine Learning|Data Science & Analytics|Web Development,Artificial Intelligence,100.0,Engineering Mathematics-III,93.2,Data Structures and Algorithms,89.7,C++,88.9,Python,87.1,Stock Predictor,data science|numpy|nlp|tensorflow|sklearn|regression|pytorch|opencv,topper,81.3
DWM,synthetic,18,2,1,Data Science & Analytics|Artificial Intelligence & Machine Learning,Data Structures and Algorithms,86.5,Computer Networks,86.3,Database Management Systems,85.4,Design & Analysis of Algorithms,84.0,Engineering Mathematics-IV,82.1,Healthcare Data Warehouse,tableau|mongodb|pandas,strong,70.7
WT,synthetic,22,2,3,Mobile & IoT Development|Network & Wireless Systems,Operating Systems,100.0,Microcontroller & Embedded Systems,100.0,IoT,100.0,Computer Networks,96.8,Software Engineering,90.5,Smart Streetlight System,zigbee|raspberry pi|iot|react|sensor|freertos|lora|mqtt,topper,84.2
CCS,synthetic,22,1,2,Web Development,Full Stack Development,71.7,Cryptography & Network Security,69.5,Operating Systems,65.2,Computer Networks,62.2,Java,60.4,Portfolio Website Builder,devops|rest api|ci/cd|pandas|node|serverless|kubernetes|aws,above_avg,57.7
WT,synthetic,19,2,2,Mobile & IoT Development|Network & Wireless Systems,Computer Networks,89.3,Digital Logic & Design,67.8,IoT,66.0,Engineering Mathematics-IV,62.4,Microcontroller & Embedded Systems,54.4,Wireless Sensor Network,rfid|embedded|raspberry pi|freertos|arduino|mqtt|i2c|microcontroller,average,46.7
CCS,synthetic,18,3,3,Cloud & Distributed Systems|Web Development|Network & Wireless Systems,Computer Networks,100.0,Full Stack Development,100.0,Database Management Systems,82.5,Engineering Mathematics-IV,81.4,Operating Systems,80.9,Real-Time Chat Application,devops|ci/cd|docker|fullstack|node|react|sensor|aws,topper,79.1
WT,synthetic,18,3,1,Mobile & IoT Development|Network & Wireless Systems|Cloud & Distributed Systems,Computer Networks,61.7,C++,45.9,Engineering Mathematics-IV,40.7,Digital Logic & Design,33.5,IoT,32.9,Smart Home System,raspberry pi|iot|react|freertos|arduino|bluetooth|i2c,struggling,21.0
ML,synthetic,20,1,3,Data Science & Analytics,Python,58.5,Engineering Mathematics-III,53.0,Java,52.4,Software Engineering,48.7,Cryptography & Network Security,46.8,Spam Filter,computer vision|data science|tensorflow|nlp|neural network|deep learning|classification|pytorch,below_avg,42.1
WT,synthetic,19,1,2,Mobile & IoT Development,Microcontroller & Embedded Systems,99.7,Computer Networks,96.0,Digital Logic & Design,93.4,IoT,91.8,Java,85.3,GPS Tracker,iot|sensor|freertos|data visualization|arduino|lora|bluetooth|zigbee,strong,79.0
ML,synthetic,18,1,3,Data Science & Analytics,Engineering Mathematics-III,76.5,Artificial Intelligence,74.9,Engineering Mathematics-IV,74.4,Design & Analysis of Algorithms,73.3,Software Engineering,72.5,Handwriting Recognizer,computer vision|sklearn|tensorflow|zigbee|neural network|data science|regression|classification,improving,62.8
DWM,synthetic,20,4,2,Artificial Intelligence & Machine Learning|Data Science & Analytics|Cloud & Distributed Systems|Web Development,Engineering Mathematics-IV,84.8,Software Engineering,76.5,Java,76.4,Engineering Mathematics-III,72.3,Data Structures and Algorithms,71.4,ETL Automation Tool,postgresql|mongodb|data warehouse|power bi|mysql|hadoop|data mining|analytics,hard_sample,60.8
ML,synthetic,18,3,1,Artificial Intelligence & Machine Learning|Data Science & Analytics|Cloud & Distributed Systems,Artificial Intelligence,77.4,Engineering Mathematics-IV,75.1,Software Engineering,73.1,Computer Networks,69.5,Full Stack Development,68.6,Fraud Detection System,sklearn|tensorflow|classification|numpy|deep learning|pandas,above_avg,65.0
DWM,synthetic,22,3,2,Data Science & Analytics|Artificial Intelligence & Machine Learning|Web Development,Engineering Mathematics-III,94.8,Database Management Systems,84.6,Java,81.6,Data Structures and Algorithms,80.1,Automata Theory,79.9,Data Pipeline System,embedded|postgresql|data warehouse|power bi|mongodb|sql|data visualization|hadoop,strong,73.7
ML,synthetic,22,1,1,Artificial Intelligence & Machine Learning,Python,89.3,Artificial Intelligence,79.9,Cryptography & Network Security,79.6,Design & Analysis of Algorithms,78.5,Engineering Mathematics-III,77.6,Price Predictor,sklearn|tensorflow|regression|pytorch|numpy|keras,strong,71.7
CCS,synthetic,18,2,2,Cloud & Distributed Systems|Data Science & Analytics,C++,60.8,Database Management Systems,43.4,Software Engineering,38.7,Artificial Intelligence,37.9,Design & Analysis of Algorithms,37.3,Cloud File Storage,devops|kubernetes|serverless|mysql|react|aws|jenkins|terraform,struggling,31.9
CCS,synthetic,20,3,4,Web Development|Cloud & Distributed Systems|Data Science & Analytics,Database Management Systems,63.2,Engineering Mathematics-IV,57.4,Computer Networks,57.3,Design & Analysis of Algorithms,57.1,C++,53.3,Task Management System,ci/cd|docker|fullstack|nginx|node|react|serverless|kubernetes,average,44.6
ML,synthetic,22,3,4,Data Science & Analytics|Artificial Intelligence & Machine Learning|Web Development,Artificial Intelligence,85.9,Engineering Mathematics-IV,84.7,Python,83.0,Engineering Mathematics-III,80.9,C++,78.9,Stock Predictor,keras|sklearn|data science|postgresql|neural network|freertos|opencv|numpy,strong,69.0
CCS,synthetic,21,3,2,Web Development|Cloud & Distributed Systems|Network & Wireless Systems,Computer Networks,41.6,Python,37.2,Full Stack Development,33.5,Engineering Mathematics-IV,30.3,Data Structures and Algorithms,29.1,Kubernetes Cluster Monitor,ci/cd|fullstack|node|serverless|kubernetes|react|jenkins|rest api,struggling,19.5
WT,synthetic,21,2,3,Mobile & IoT Development|Network & Wireless Systems,Microcontroller & Embedded Systems,100.0,Computer Networks,95.0,IoT,93.2,Automata Theory,91.1,Operating Systems,90.4,Smart Parking System,rfid|embedded|zigbee|tableau|freertos|arduino|mqtt|wireless,topper,81.1
CCS,synthetic,21,3,2,Cloud & Distributed Systems|Network & Wireless Systems|Mobile & IoT Development,Python,54.5,C++,51.1,Operating Systems,49.6,Data Structures and Algorithms,48.1,Computer Networks,47.3,Containerized Microservices App,docker|nginx|kubernetes|serverless|rest api|cloud,average,43.2
ML,synthetic,20,3,3,Data Science & Analytics|Artificial Intelligence & Machine Learning|Cloud & Distributed Systems,Cryptography & Network Security,63.2,C++,61.1,Artificial Intelligence,58.6,Python,56.4,Design & Analysis of Algorithms,56.1,Chatbot System,embedded|data science|tensorflow|deep learning|classification|opencv|pytorch|python,average,42.2
DWM,synthetic,21,2,1,Data Science & Analytics|Artificial Intelligence & Machine Learning,Database Management Systems,95.6,Data Structures and Algorithms,90.1,Cryptography & Network Security,86.4,Python,86.0,Software Engineering,81.9,Social Media Analytics,data visualization|etl|mongodb|data mining,strong,77.4
WT,synthetic,22,3,1,Network & Wireless Systems|Mobile & IoT Development|Cloud & Distributed Systems,Engineering Mathematics-IV,97.8,IoT,96.1,Computer Networks,91.5,Digital Logic & Design,90.5,Design & Analysis of Algorithms,86.9,Weather Station,raspberry pi|sensor|lora|mqtt|wireless|zigbee|esp32,strong,79.2
WT,synthetic,20,3,2,Mobile & IoT Development|Network & Wireless Systems|Cloud & Distributed Systems,Computer Networks,87.6,Digital Logic & Design,85.0,IoT,82.6,Operating Systems,73.9,Microcontroller & Embedded Systems,73.9,Smart Streetlight System,rfid|embedded|zigbee|iot|node|sensor|lora|i2c,strong,65.7
WT,synthetic,20,1,1,Mobile & IoT Development,Computer Networks,86.2,IoT,73.6,Design & Analysis of Algorithms,71.0,Microcontroller & Embedded Systems,70.5,Engineering Mathematics-IV,67.6,GPS Tracker,embedded|iot|freertos|esp32|zigbee|wireless|i2c,above_avg,59.2
DWM,synthetic,18,2,2,Data Science & Analytics|Web Development,Cryptography & Network Security,79.1,Database Management Systems,77.0,Software Engineering,72.6,Java,68.9,Engineering Mathematics-IV,66.2,Financial Data Mining Tool,postgresql|sklearn|tableau|mongodb|power bi|data warehouse|sql|mysql,hard_sample,57.4
ML,synthetic,21,2,1,Artificial Intelligence & Machine Learning|Data Science & Analytics,Design & Analysis of Algorithms,83.4,Engineering Mathematics-IV,80.4,Data Structures and Algorithms,80.1,Python,80.0,Database Management Systems,78.6,Handwriting Recognizer,neural network|sklearn|nlp,strong,68.7
DWM,synthetic,21,2,1,Data Science & Analytics|Artificial Intelligence & Machine Learning,Software Engineering,92.7,Database Management Systems,81.4,Design & Analysis of Algorithms,76.2,Automata Theory,75.4,Cryptography & Network Security,74.8,Healthcare Data Warehouse,data warehouse|hadoop|data mining|python,strong,70.2
CCS,synthetic,18,3,4,Cloud & Distributed Systems|Web Development|Data Science & Analytics,Operating Systems,56.3,Full Stack Development,53.3,Design & Analysis of Algorithms,48.5,Software Engineering,44.3,Database Management Systems,40.9,Online Learning Platform,docker|ci/cd|nginx|node|kubernetes|react|serverless|azure,below_avg,35.0
WT,synthetic,18,2,2,Network & Wireless Systems|Mobile & IoT Development,Digital Logic & Design,100.0,Computer Networks,100.0,Python,100.0,C++,100.0,Automata Theory,100.0,Industrial IoT Gateway,embedded|zigbee|iot|lora|arduino|bluetooth|i2c|gpio,topper,95.3
DWM,synthetic,21,2,1,Artificial Intelligence & Machine Learning|Data Science & Analytics,Database Management Systems,39.2,Data Structures and Algorithms,25.6,Engineering Mathematics-III,17.7,Design & Analysis of Algorithms,16.0,C++,14.9,ETL Automation Tool,postgresql|power bi|sql|lora|spark,failing,6.9
ML,synthetic,22,3,4,Data Science & Analytics|Artificial Intelligence & Machine Learning|Cloud & Distributed Systems,Engineering Mathematics-III,96.0,Artificial Intelligence,94.3,Automata Theory,87.9,Python,84.9,Data Structures and Algorithms,84.7,Chatbot System,keras|sklearn|tensorflow|nlp|neural network|regression|deep learning|classification,topper,78.6
DWM,synthetic,21,3,3,Artificial Intelligence & Machine Learning|Data Science & Analytics|Web Development,Database Management Systems,68.3,Engineering Mathematics-IV,68.0,Data Structures and Algorithms,66.7,Cryptography & Network Security,63.9,Engineering Mathematics-III,61.5,Business Intelligence Portal,postgresql|tableau|mongodb|mysql|data visualization|hadoop|analytics|spark,average,52.5
CCS,synthetic,21,2,2,Web Development|Cloud & Distributed Systems,Database Management Systems,100.0,Full Stack Development,96.4,Python,95.8,Computer Networks,95.6,Operating Systems,93.6,Real-Time Chat Application,docker|ci/cd|fullstack|nginx|node|kubernetes|serverless|jenkins,topper,84.4
WT,synthetic,22,3,1,Mobile & IoT Development|Network & Wireless Systems|Cloud & Distributed Systems,IoT,67.4,Computer Networks,65.0,C++,63.9,Microcontroller & Embedded Systems,56.7,Digital Logic & Design,52.0,Health Monitoring Wearable,arduino|iot|microcontroller|bluetooth,average,45.9
CCS,synthetic,19,3,2,Cloud & Distributed Systems|Web Development|Network & Wireless Systems,Full Stack Development,100.0,Computer Networks,98.9,Python,88.0,Data Structures and Algorithms,84.9,Cryptography & Network Security,84.4,Full Stack E-Commerce Site,ci/cd|node|serverless|react|terraform|microservices|rest api|azure,strong,77.1
ML,synthetic,19,3,2,Artificial Intelligence & Machine Learning|Data Science & Analytics|Web Development,Python,66.7,Design & Analysis of Algorithms,49.4,Operating Systems,46.1,Artificial Intelligence,45.8,Software Engineering,45.1,Customer Churn Predictor,computer vision|sklearn|raspberry pi|nlp|regression|classification|opencv|keras,below_avg,40.4
DWM,synthetic,18,1,4,Artificial Intelligence & Machine Learning,Cryptography & Network Security,81.8,IoT,72.5,Engineering Mathematics-III,71.0,C++,68.6,Engineering Mathematics-IV,66.7,Financial Data Mining Tool,postgresql|mongodb|data warehouse|power bi|sql|mysql|data visualization|data mining,above_avg,56.6
DWM,synthetic,21,3,3,Artificial Intelligence & Machine Learning|Data Science & Analytics|Web Development,Engineering Mathematics-IV,53.9,Python,53.7,Java,50.7,Engineering Mathematics-III,49.5,Database Management Systems,48.7,Survey Data Analyzer,postgresql|data science|tableau|data warehouse|mongodb|power bi|sql|mysql,average,42.0
DWM,synthetic,18,3,1,Artificial Intelligence & Machine Learning|Data Science & Analytics|Network & Wireless Systems,Full Stack Development,83.6,Java,77.1,Data Structures and Algorithms,74.3,Database Management Systems,73.7,Design & Analysis of Algorithms,68.2,Log Analysis System,postgresql|tableau|mongodb|data warehouse|data visualization|analytics|spark|data pipeline,hard_sample,64.8
DWM,synthetic,19,3,2,Artificial Intelligence & Machine Learning|Data Science & Analytics|Web Development,Java,65.1,Data Structures and Algorithms,64.9,Engineering Mathematics-IV,62.8,Digital Logic & Design,52.9,Python,51.6,ETL Automation Tool,postgresql|data warehouse|mongodb|mysql|data visualization|analytics|spark|data mining,average,48.3
DWM,synthetic,20,2,1,Artificial Intelligence & Machine Learning|Data Science & Analytics,Java,65.9,Data Structures and Algorithms,56.2,Full Stack Development,52.6,Database Management Systems,45.3,Engineering Mathematics-IV,43.1,Sales Dashboard,mongodb|power bi|sql|data visualization|mqtt|spark|data pipeline|etl,below_avg,31.8
CCS,synthetic,20,3,1,Cloud & Distributed Systems|Web Development|Network & Wireless Systems,C++,71.9,Engineering Mathematics-IV,71.5,Operating Systems,71.3,Digital Logic & Design,68.4,Engineering Mathematics-III,66.4,CI/CD Pipeline Builder,serverless|terraform|microservices|rest api|aws,above_avg,58.5
WT,synthetic,21,2,2,Mobile & IoT Development|Network & Wireless Systems,IoT,100.0,Computer Networks,96.4,C++,94.2,Microcontroller & Embedded Systems,93.8,Operating Systems,87.8,Wireless Sensor Network,embedded|raspberry pi|pandas|iot|sensor|freertos|arduino|mqtt,topper,79.3
DWM,synthetic,22,2,2,Artificial Intelligence & Machine Learning|Data Science & Analytics,Database Management Systems,81.2,Design & Analysis of Algorithms,76.2,Engineering Mathematics-IV,76.1,Computer Networks,72.0,Data Structures and Algorithms,71.6,Market Basket Analyzer,tableau|mongodb|power bi|sql|data visualization|hadoop|data mining|data pipeline,above_avg,63.0
ML,synthetic,18,2,2,Data Science & Analytics|Artificial Intelligence & Machine Learning,Engineering Mathematics-III,100.0,Engineering Mathematics-IV,100.0,Data Structures and Algorithms,100.0,Python,100.0,Cryptography & Network Security,100.0,Language Translator,tensorflow|neural network|regression|deep learning|classification|arduino|python|machine learning,topper,95.2
ML,synthetic,20,3,2,Artificial Intelligence & Machine Learning|Web Development|Network & Wireless Systems,Engineering Mathematics-IV,95.1,Python,94.6,Java,94.1,Engineering Mathematics-III,92.6,Artificial Intelligence,87.9,Speech Recognition,sklearn|tensorflow|data science|regression|pytorch|opencv|classification|python,strong,77.0
WT,synthetic,18,4,3,Mobile & IoT Development|Network & Wireless Systems|Cloud & Distributed Systems|Artificial Intelligence & Machine Learning,Automata Theory,74.4,Java,66.1,Digital Logic & Design,65.6,Cryptography & Network Security,65.1,Operating Systems,63.8,Smart Streetlight System,rfid|sensor|lora|mqtt|bluetooth|microcontroller|esp32,inconsistent,36.0
ML,synthetic,21,2,4,Data Science & Analytics|Artificial Intelligence & Machine Learning,Engineering Mathematics-III,58.3,Python,57.1,C++,55.3,Design & Analysis of Algorithms,54.0,Artificial Intelligence,52.9,NLP Pipeline,data science|tensorflow|sklearn|regression|deep learning|classification|opencv|pytorch,inconsistent,41.6
ML,synthetic,20,1,3,Data Science & Analytics,Python,63.3,Design & Analysis of Algorithms,62.1,C++,55.8,Software Engineering,54.9,Data Structures and Algorithms,54.8,Spam Filter,sklearn|data science|nlp|raspberry pi|sensor|deep learning|classification|opencv,hard_sample,45.9
WT,synthetic,19,2,1,Mobile & IoT Development|Network & Wireless Systems,IoT,100.0,Microcontroller & Embedded Systems,93.0,Computer Networks,87.2,Data Structures and Algorithms,86.5,Operating Systems,86.1,Gesture Controlled Robot,zigbee|raspberry pi|sensor|arduino|mqtt|bluetooth|esp32,topper,78.2
DWM,synthetic,19,1,2,Data Science & Analytics,Engineering Mathematics-III,48.2,Engineering Mathematics-IV,44.2,Python,42.5,Data Structures and Algorithms,42.3,C++,40.6,Crime Data Analysis,postgresql|tableau|data warehouse|power bi|mongodb|mysql|analytics|numpy,below_avg,30.9
WT,synthetic,21,2,1,Mobile & IoT Development|Network & Wireless Systems,Data Structures and Algorithms,100.0,Digital Logic & Design,100.0,Computer Networks,100.0,Microcontroller & Embedded Systems,100.0,Automata Theory,100.0,Health Monitoring Wearable,embedded|data science|mqtt|esp32|bluetooth|microcontroller|wireless,topper,95.5
CCS,synthetic,22,4,2,Web Development|Cloud & Distributed Systems|Network & Wireless Systems|Artificial Intelligence & Machine Learning,Java,76.9,Full Stack Development,71.3,Cryptography & Network Security,69.8,Python,68.8,Computer Networks,68.0,REST API Service,node|react|kubernetes|aws|terraform|microservices|rest api|azure,average,54.2
WT,synthetic,21,3,3,Mobile & IoT Development|Network & Wireless Systems|Cloud & Distributed Systems,Microcontroller & Embedded Systems,82.9,IoT,81.4,Computer Networks,73.3,Digital Logic & Design,70.4,Operating Systems,67.0,LoRa Communication System,rfid|raspberry pi|iot|freertos|arduino|bluetooth|wireless|zigbee,above_avg,56.3
CCS,synthetic,21,3,3,Web Development|Cloud & Distributed Systems|Network & Wireless Systems,Database Management Systems,57.2,Operating Systems,53.4,Software Engineering,52.2,Cryptography & Network Security,51.2,Full Stack Development,46.7,Serverless API Gateway,ci/cd|docker|fullstack|node|serverless|react|kubernetes|terraform,below_avg,34.5
ML,synthetic,19,3,1,Artificial Intelligence & Machine Learning|Data Science & Analytics|Web Development,C++,62.2,Data Structures and Algorithms,56.1,Software Engineering,55.9,Automata Theory,54.5,Engineering Mathematics-IV,51.7,Disease Diagnosis Tool,postgresql|nlp|neural network|deep learning|pytorch|opencv|numpy|computer vision,below_avg,40.5
WT,synthetic,18,2,2,Mobile & IoT Development|Artificial Intelligence & Machine Learning,Microcontroller & Embedded Systems,82.8,IoT,82.6,Full Stack Development,75.2,Design & Analysis of Algorithms,75.1,Digital Logic & Design,71.0,BLE Beacon Tracker,rfid|embedded|raspberry pi|node|sensor|freertos|arduino|mqtt,hard_sample,58.5
ML,synthetic,21,3,2,Artificial Intelligence & Machine Learning|Data Science & Analytics|Web Development,Engineering Mathematics-III,100.0,Artificial Intelligence,92.6,Engineering Mathematics-IV,86.1,Python,84.1,Design & Analysis of Algorithms,82.0,Price Predictor,sklearn|data science|regression|sensor|classification|opencv|python|keras,strong,77.7
CCS,synthetic,21,3,1,Cloud & Distributed Systems|Web Development|Network & Wireless Systems,Operating Systems,67.1,Software Engineering,65.7,Cryptography & Network Security,63.6,Python,63.3,C++,60.6,Service Mesh Dashboard,docker|fullstack|node|kubernetes|aws,average,51.4
ML,synthetic,20,1,4,Artificial Intelligence & Machine Learning,Engineering Mathematics-III,82.8,Python,77.3,Cryptography & Network Security,70.5,Artificial Intelligence,70.3,Software Engineering,69.2,Language Translator,computer vision|data science|tensorflow|nlp|neural network|numpy|regression|deep learning,strong,65.2
CCS,synthetic,22,2,4,Cloud & Distributed Systems|Web Development,Software Engineering,52.6,Database Management Systems,46.6,Design & Analysis of Algorithms,45.4,Java,43.3,C++,40.6,CI/CD Pipeline Builder,devops|docker|fullstack|kubernetes|serverless|jenkins|terraform|esp32,below_avg,32.9
CCS,synthetic,21,2,2,Cloud & Distributed Systems|Web Development,Operating Systems,85.1,Automata Theory,73.3,Design & Analysis of Algorithms,70.5,Data Structures and Algorithms,69.5,Computer Networks,68.1,REST API Service,embedded|ci/cd|fullstack|node|react|serverless|kubernetes|cloud,hard_sample,55.5
WT,synthetic,19,2,2,Mobile & IoT Development|Network & Wireless Systems,Computer Networks,86.1,Microcontroller & Embedded Systems,81.1,Digital Logic & Design,80.1,IoT,74.4,Python,69.3,Wireless Sensor Network,docker|zigbee|iot|arduino|mqtt|esp32|bluetooth|gpio,above_avg,62.9
WT,synthetic,20,3,2,Mobile & IoT Development|Network & Wireless Systems|Artificial Intelligence & Machine Learning,Operating Systems,36.8,Digital Logic & Design,32.1,Computer Networks,30.6,IoT,28.9,Cryptography & Network Security,19.8,Gesture Controlled Robot,rfid|embedded|zigbee|iot|freertos|arduino|lora|bluetooth,failing,5.3
DWM,synthetic,18,3,3,Artificial Intelligence & Machine Learning|Data Science & Analytics|Web Development,Engineering Mathematics-IV,67.9,Digital Logic & Design,67.3,Automata Theory,66.0,Cryptography & Network Security,63.5,Data Structures and Algorithms,63.2,Crime Data Analysis,postgresql|tableau|data warehouse|power bi|sql|mysql|data visualization|hadoop,average,48.0
DWM,synthetic,22,3,4,Artificial Intelligence & Machine Learning|Data Science & Analytics|Web Development,Engineering Mathematics-III,49.4,Python,46.2,Software Engineering,40.3,Automata Theory,40.1,Database Management Systems,39.2,Social Media Analytics,postgresql|tableau|data warehouse|power bi|mongodb|mysql|sql|data visualization,below_avg,32.1
DWM,synthetic,21,2,2,Data Science & Analytics|Artificial Intelligence & Machine Learning,Database Management Systems,99.6,Java,81.5,Artificial Intelligence,79.4,Software Engineering,77.4,Python,76.5,ETL Automation Tool,nlp|mysql|sql|hadoop|analytics|spark|data pipeline|pandas,strong,71.2
DWM,synthetic,21,2,1,Artificial Intelligence & Machine Learning|Data Science & Analytics,Automata Theory,88.6,Cryptography & Network Security,73.8,Engineering Mathematics-IV,71.0,Artificial Intelligence,70.3,Digital Logic & Design,70.0,Business Intelligence Portal,tableau|power bi|mysql|data visualization|hadoop|data mining|spark|etl,above_avg,64.8
WT,synthetic,18,2,3,Network & Wireless Systems|Cloud & Distributed Systems,IoT,94.1,Digital Logic & Design,87.2,Operating Systems,78.4,Engineering Mathematics-IV,77.6,C++,75.8,BLE Beacon Tracker,rfid|embedded|raspberry pi|iot|sensor|freertos|lora|mqtt,strong,71.3
ML,synthetic,20,3,4,Data Science & Analytics|Artificial Intelligence & Machine Learning|Web Development,Engineering Mathematics-IV,84.7,Artificial Intelligence,73.4,Design & Analysis of Algorithms,73.0,Engineering Mathematics-III,71.1,C++,70.8,Music Genre Classifier,keras|docker|data science|sklearn|nlp|neural network|tensorflow|numpy,above_avg,59.3
DWM,synthetic,19,2,2,Artificial Intelligence & Machine Learning|Web Development,Design & Analysis of Algorithms,48.1,Automata Theory,40.1,Python,37.6,Digital Logic & Design,34.7,Data Structures and Algorithms,34.3,Crime Data Analysis,mongodb|data warehouse|mysql|sql|data visualization|hadoop|analytics|bluetooth,failing,19.2
WT,synthetic,22,2,3,Network & Wireless Systems|Mobile & IoT Development,Computer Networks,69.4,IoT,62.9,C++,61.9,Microcontroller & Embedded Systems,58.5,Operating Systems,54.7,GPS Tracker,embedded|zigbee|raspberry pi|sensor|freertos|lora|arduino|mqtt,average,51.2
CCS,synthetic,18,3,1,Web Development|Cloud & Distributed Systems|Data Science & Analytics,Full Stack Development,65.8,Software Engineering,64.2,Computer Networks,62.8,Python,50.8,Design & Analysis of Algorithms,47.0,Serverless API Gateway,esp32|jenkins|azure|cloud,below_avg,36.8
DWM,synthetic,19,2,1,Artificial Intelligence & Machine Learning|Mobile & IoT Development,Data Structures and Algorithms,91.0,Database Management Systems,87.0,Python,85.2,Java,84.0,Engineering Mathematics-IV,83.8,Customer Analytics Platform,tableau|data warehouse|data visualization|analytics|spark|pandas,strong,72.6
CCS,synthetic,21,3,2,Cloud & Distributed Systems|Web Development|Network & Wireless Systems,Software Engineering,89.0,Full Stack Development,85.4,Operating Systems,84.6,Computer Networks,82.4,Database Management Systems,81.1,Cloud Deployment Platform,devops|docker|ci/cd|fullstack|nlp|node|kubernetes|serverless,hard_sample,69.4
DWM,synthetic,22,2,3,Data Science & Analytics|Artificial Intelligence & Machine Learning,Database Management Systems,94.7,Engineering Mathematics-IV,91.3,C++,89.7,Python,88.6,Java,85.6,Census Data Visualizer,postgresql|tableau|data warehouse|power bi|sql|data visualization|hadoop|analytics,topper,82.8
ML,synthetic,22,1,4,Artificial Intelligence & Machine Learning,Artificial Intelligence,64.9,Engineering Mathematics-IV,52.6,Software Engineering,45.9,Engineering Mathematics-III,45.8,Automata Theory,44.8,Music Genre Classifier,computer vision|data science|tensorflow|nlp|neural network|postgresql|deep learning|classification,below_avg,38.2
CCS,synthetic,21,1,3,Cloud & Distributed Systems,Full Stack Development,99.4,Computer Networks,98.2,Python,92.2,Software Engineering,90.4,Database Management Systems,88.3,CI/CD Pipeline Builder,devops|node|react|terraform|microservices|rest api|azure|aws,topper,82.7
WT,synthetic,19,2,3,Network & Wireless Systems|Cloud & Distributed Systems,Operating Systems,38.1,Computer Networks,28.7,Software Engineering,25.7,IoT,24.2,Microcontroller & Embedded Systems,24.0,IoT Security Monitor,rfid|embedded|raspberry pi|freertos|arduino|lora|mqtt|esp32,failing,6.4
ML,synthetic,21,3,3,Artificial Intelligence & Machine Learning|Data Science & Analytics|Cloud & Distributed Systems,C++,63.3,Data Structures and Algorithms,63.0,Artificial Intelligence,56.3,Engineering Mathematics-IV,54.5,Database Management Systems,50.6,Handwriting Recognizer,keras|ci/cd|sklearn|data science|tensorflow|nlp|nginx|classification,hard_sample,41.8
CCS,synthetic,19,3,2,Cloud & Distributed Systems|Web Development|Network & Wireless Systems,Design & Analysis of Algorithms,74.4,Operating Systems,69.1,Full Stack Development,64.9,Database Management Systems,63.9,C++,58.0,Task Management System,devops|ci/cd|kubernetes|azure|aws|esp32|cloud,average,51.5
WT,synthetic,20,3,1,Mobile & IoT Development|Network & Wireless Systems|Cloud & Distributed Systems,Computer Networks,63.3,IoT,62.5,Digital Logic & Design,59.8,Design & Analysis of Algorithms,56.8,C++,55.6,RFID Attendance System,raspberry pi|iot|data warehouse|freertos|mqtt|zigbee|esp32,average,44.6
WT,synthetic,22,3,3,Mobile & IoT Development|Network & Wireless Systems|Cloud & Distributed Systems,Computer Networks,90.0,Microcontroller & Embedded Systems,80.2,Software Engineering,79.9,IoT,79.8,C++,79.7,Industrial IoT Gateway,rfid|embedded|zigbee|raspberry pi|sensor|freertos|arduino|mqtt,strong,67.9
ML,synthetic,18,2,3,Artificial Intelligence & Machine Learning|Web Development,Python,93.2,Engineering Mathematics-III,92.5,C++,91.5,Engineering Mathematics-IV,89.9,Artificial Intelligence,87.3,Recommendation Engine,computer vision|keras|sklearn|tensorflow|data science|neural network|regression|pytorch,strong,77.3
ML,synthetic,19,2,4,Artificial Intelligence & Machine Learning|Web Development,Engineering Mathematics-III,88.8,Artificial Intelligence,86.8,Python,83.2,Java,82.2,Engineering Mathematics-IV,80.1,Language Translator,data science|tensorflow|nlp|neural network|sklearn|classification|opencv|python,strong,72.5
CCS,synthetic,19,2,2,Cloud & Distributed Systems|Web Development,Full Stack Development,48.3,Computer Networks,46.5,Data Structures and Algorithms,44.9,Design & Analysis of Algorithms,40.4,Microcontroller & Embedded Systems,36.1,Blog Platform with CMS,devops|ci/cd|fullstack|node|serverless|kubernetes|cloud|jenkins,struggling,26.8
WT,synthetic,18,3,3,Mobile & IoT Development|Network & Wireless Systems|Cloud & Distributed Systems,Computer Networks,90.5,IoT,69.5,Digital Logic & Design,69.3,Microcontroller & Embedded Systems,66.3,Operating Systems,64.7,Wireless Sensor Network,rfid|embedded|zigbee|raspberry pi|iot|sensor|arduino|mqtt,above_avg,57.8
CCS,synthetic,22,1,2,Web Development,Software Engineering,64.5,Computer Networks,63.0,Python,51.6,Full Stack Development,51.3,Operating Systems,44.0,Task Management System,devops|ci/cd|docker|react|serverless|sql|jenkins|terraform,below_avg,33.8
CCS,synthetic,21,2,3,Web Development|Cloud & Distributed Systems,Computer Networks,100.0,Software Engineering,100.0,Full Stack Development,100.0,Data Structures and Algorithms,99.1,Operating Systems,98.5,REST API Service,devops|rest api|ci/cd|docker|fullstack|node|kubernetes|react,topper,86.6
ML,synthetic,22,3,1,Artificial Intelligence & Machine Learning|Data Science & Analytics|Web Development,Engineering Mathematics-III,80.0,Artificial Intelligence,77.1,Design & Analysis of Algorithms,73.3,Automata Theory,72.3,Python,71.0,Speech Recognition,computer vision|python|data science,above_avg,63.2
ML,synthetic,19,3,2,Artificial Intelligence & Machine Learning|Data Science & Analytics|Network & Wireless Systems,Cryptography & Network Security,65.8,Automata Theory,62.4,Java,62.2,Engineering Mathematics-IV,61.1,Full Stack Development,51.7,Handwriting Recognizer,nlp|neural network|opencv|keras|matplotlib,hard_sample,48.8
WT,synthetic,22,2,3,Network & Wireless Systems|Cloud & Distributed Systems,Computer Networks,91.1,Microcontroller & Embedded Systems,65.4,Operating Systems,60.4,Software Engineering,60.0,Engineering Mathematics-IV,58.2,Health Monitoring Wearable,rfid|raspberry pi|iot|freertos|lora|data visualization|arduino|mqtt,inconsistent,42.9
CCS,synthetic,21,4,3,Data Science & Analytics|Cloud & Distributed Systems|Web Development|Network & Wireless Systems,Database Management Systems,86.7,Software Engineering,73.5,Python,72.9,Automata Theory,65.0,Operating Systems,64.4,REST API Service,devops|node|react|kubernetes|serverless|power bi|data visualization|mongodb,hard_sample,49.9
ML,synthetic,22,3,3,Artificial Intelligence & Machine Learning|Data Science & Analytics|Cloud & Distributed Systems,Engineering Mathematics-III,100.0,Python,100.0,Artificial Intelligence,100.0,Data Structures and Algorithms,99.6,Cryptography & Network Security,98.8,Spam Filter,keras|data science|tensorflow|sklearn|neural network|regression|power bi|classification,topper,92.7
CCS,synthetic,20,2,2,Web Development|Cloud & Distributed Systems,Full Stack Development,66.2,C++,45.1,Software Engineering,41.8,Database Management Systems,40.5,Data Structures and Algorithms,33.8,REST API Service,ci/cd|docker|fullstack|data warehouse|react|serverless|numpy|nginx,struggling,31.0
CCS,synthetic,20,3,4,Web Development|Cloud & Distributed Systems|Data Science & Analytics,Full Stack Development,63.9,Software Engineering,49.5,Operating Systems,38.3,C++,37.8,Computer Networks,37.3,Online Learning Platform,devops|docker|ci/cd|nginx|fullstack|tableau|node|serverless,below_avg,33.9
WT,synthetic,19,2,3,Mobile & IoT Development|Network & Wireless Systems,Computer Networks,53.5,Microcontroller & Embedded Systems,46.8,IoT,36.8,Database Management Systems,24.6,Cryptography & Network Security,24.5,Smart Agriculture,embedded|raspberry pi|sensor|freertos|arduino|mqtt|deep learning|lora,struggling,19.4
ML,synthetic,21,2,2,Artificial Intelligence & Machine Learning|Cloud & Distributed Systems,Engineering Mathematics-III,58.4,Artificial Intelligence,57.1,Python,49.6,Database Management Systems,49.1,Microcontroller & Embedded Systems,45.1,Recommendation Engine,tensorflow|nlp|pytorch|opencv|numpy|keras|esp32,below_avg,34.0
ML,synthetic,22,2,4,Artificial Intelligence & Machine Learning|Data Science & Analytics,Engineering Mathematics-III,100.0,Engineering Mathematics-IV,100.0,Data Structures and Algorithms,100.0,Python,100.0,Java,100.0,Fraud Detection System,keras|sklearn|tensorflow|data science|neural network|zigbee|regression|pytorch,topper,96.6
WT,synthetic,21,3,3,Mobile & IoT Development|Network & Wireless Systems|Cloud & Distributed Systems,Operating Systems,82.7,Data Structures and Algorithms,79.9,Software Engineering,78.6,Microcontroller & Embedded Systems,75.2,C++,74.1,LoRa Communication System,embedded|raspberry pi|node|freertos|lora|mqtt|azure|esp32,hard_sample,67.8
DWM,synthetic,22,2,1,Data Science & Analytics|Artificial Intelligence & Machine Learning,Database Management Systems,55.8,Digital Logic & Design,54.8,Python,53.6,Data Structures and Algorithms,49.2,Engineering Mathematics-III,48.3,Academic Performance Dashboard,mongodb|mysql|mqtt|hadoop|spark|pandas,average,43.0
DWM,synthetic,20,2,3,Data Science & Analytics|Artificial Intelligence & Machine Learning,Database Management Systems,60.2,Data Structures and Algorithms,58.1,C++,55.3,Cryptography & Network Security,48.6,Operating Systems,46.7,Census Data Visualizer,postgresql|tableau|power bi|sql|mysql|data visualization|data mining|analytics,average,42.9
CCS,synthetic,22,1,2,Cloud & Distributed Systems,Full Stack Development,95.9,Java,94.1,Python,88.4,Operating Systems,84.5,Computer Networks,81.9,Portfolio Website Builder,devops|ci/cd|fullstack|node|react|serverless|kubernetes|rest api,strong,74.8
CCS,synthetic,20,4,1,Cloud & Distributed Systems|Web Development|Network & Wireless Systems|Artificial Intelligence & Machine Learning,Full Stack Development,95.8,Java,85.1,Python,78.4,Database Management Systems,75.1,Operating Systems,73.2,Portfolio Website Builder,devops|microservices|jenkins|deep learning,hard_sample,63.6
WT,synthetic,22,2,3,Network & Wireless Systems|Mobile & IoT Development,Computer Networks,70.2,IoT,58.3,Operating Systems,55.8,Cryptography & Network Security,48.5,Engineering Mathematics-IV,47.1,Weather Station,embedded|raspberry pi|iot|sensor|freertos|lora|esp32|bluetooth,below_avg,35.3
WT,synthetic,19,2,3,Mobile & IoT Development|Network & Wireless Systems,Computer Networks,100.0,C++,96.9,Java,93.2,Digital Logic & Design,92.2,Microcontroller & Embedded Systems,91.4,Smart Streetlight System,rfid|raspberry pi|iot|sensor|lora|mqtt|arduino|gpio,topper,81.0
DWM,synthetic,20,2,4,Artificial Intelligence & Machine Learning|Data Science & Analytics,Data Structures and Algorithms,85.6,C++,73.6,Artificial Intelligence,64.8,Engineering Mathematics-III,63.6,Database Management Systems,61.5,Sales Dashboard,postgresql|tableau|data warehouse|power bi|mongodb|sql|mysql|data visualization,average,52.3
ML,synthetic,20,2,4,Data Science & Analytics|Cloud & Distributed Systems,Design & Analysis of Algorithms,65.6,Data Structures and Algorithms,63.9,Artificial Intelligence,62.9,Python,62.8,Java,61.2,Sentiment Analysis Tool,sklearn|tensorflow|nlp|regression|pytorch|machine learning|classification|python,average,48.0
ML,synthetic,21,2,2,Data Science & Analytics|Cloud & Distributed Systems,Engineering Mathematics-IV,87.3,Python,85.4,Database Management Systems,82.0,Artificial Intelligence,81.9,Automata Theory,81.1,Object Detection App,keras|sklearn|tensorflow|nlp|power bi|classification|pytorch|opencv,strong,73.1
DWM,synthetic,19,3,3,Data Science & Analytics|Artificial Intelligence & Machine Learning|Web Development,Data Structures and Algorithms,98.0,Database Management Systems,96.0,Python,91.1,Design & Analysis of Algorithms,82.9,Automata Theory,81.4,Crime Data Analysis,tableau|data warehouse|power bi|mongodb|sql|data visualization|terraform|jenkins,strong,74.6
DWM,synthetic,18,1,1,Artificial Intelligence & Machine Learning,Data Structures and Algorithms,100.0,Database Management Systems,100.0,Python,96.4,Java,93.2,Artificial Intelligence,93.1,Sales Dashboard,data warehouse|sql|hadoop|analytics|etl|pandas,topper,82.6
DWM,synthetic,18,4,2,Data Science & Analytics|Artificial Intelligence & Machine Learning|Web Development|Cloud & Distributed Systems,Database Management Systems,81.6,Data Structures and Algorithms,79.3,Cryptography & Network Security,75.8,Full Stack Development,73.0,Engineering Mathematics-III,72.0,Survey Data Analyzer,tableau|power bi|mysql|data mining|spark|etl,strong,70.1
DWM,synthetic,21,3,1,Artificial Intelligence & Machine Learning|Data Science & Analytics|Web Development,Python,75.9,Engineering Mathematics-IV,71.5,Database Management Systems,69.6,Artificial Intelligence,67.8,Java,65.4,Sales Dashboard,tableau|mongodb|power bi|data visualization|analytics|spark|pandas,above_avg,56.3
CCS,synthetic,22,3,2,Web Development|Cloud & Distributed Systems|Network & Wireless Systems,Full Stack Development,81.5,Data Structures and Algorithms,79.1,Python,75.6,Operating Systems,75.3,Software Engineering,73.3,Kubernetes Cluster Monitor,devops|docker|ci/cd|node|react|kubernetes|serverless|aws,strong,66.0
DWM,synthetic,19,2,3,Data Science & Analytics|Artificial Intelligence & Machine Learning,Engineering Mathematics-III,18.1,Artificial Intelligence,16.5,Data Structures and Algorithms,13.4,Database Management Systems,13.3,Digital Logic & Design,7.0,Customer Analytics Platform,postgresql|tableau|data warehouse|mongodb|power bi|sql|sensor|data visualization,failing,5.2
DWM,synthetic,21,1,3,Data Science & Analytics,Database Management Systems,79.5,Digital Logic & Design,67.0,Python,64.5,C++,62.8,Cryptography & Network Security,62.8,Crime Data Analysis,tableau|mongodb|power bi|sql|analytics|data pipeline|etl|pandas,improving,52.1
CCS,synthetic,18,1,1,Cloud & Distributed Systems,Computer Networks,85.6,Full Stack Development,84.3,Design & Analysis of Algorithms,79.5,Software Engineering,79.4,Digital Logic & Design,78.8,Serverless API Gateway,ci/cd|nginx|node|kubernetes|jenkins|data pipeline|rest api,above_avg,66.1
CCS,synthetic,20,3,2,Web Development|Cloud & Distributed Systems|Data Science & Analytics,Computer Networks,100.0,Full Stack Development,100.0,Python,98.5,Software Engineering,95.4,Data Structures and Algorithms,92.7,REST API Service,ci/cd|react|terraform|jenkins|microservices|deep learning|cloud,topper,88.3
WT,synthetic,18,3,1,Mobile & IoT Development|Network & Wireless Systems|Cloud & Distributed Systems,Microcontroller & Embedded Systems,76.4,Automata Theory,67.9,C++,65.5,Software Engineering,64.7,Design & Analysis of Algorithms,64.4,Industrial IoT Gateway,raspberry pi|arduino|wireless|i2c|gpio|microcontroller|esp32,average,54.7
DWM,synthetic,22,2,3,Data Science & Analytics|Web Development,Database Management Systems,80.6,Java,78.1,Design & Analysis of Algorithms,76.6,Computer Networks,74.9,Automata Theory,66.8,Academic Performance Dashboard,postgresql|data science|fullstack|tableau|sql|mysql|data visualization|hadoop,above_avg,61.8
DWM,synthetic,22,3,2,Data Science & Analytics|Artificial Intelligence & Machine Learning|Web Development,Database Management Systems,98.5,Engineering Mathematics-III,96.1,Data Structures and Algorithms,90.9,Engineering Mathematics-IV,90.3,Java,88.2,Sales Dashboard,tableau|data warehouse|power bi|python|hadoop|analytics|data pipeline|etl,strong,78.1
CCS,synthetic,18,3,3,Web Development|Cloud & Distributed Systems|Data Science & Analytics,Full Stack Development,62.3,Java,53.3,Python,48.4,Software Engineering,46.3,Database Management Systems,41.2,Containerized Microservices App,rest api|docker|fullstack|pandas|react|kubernetes|microservices|nginx,below_avg,31.8
WT,synthetic,21,3,4,Mobile & IoT Development|Network & Wireless Systems|Cloud & Distributed Systems,Microcontroller & Embedded Systems,76.3,Automata Theory,62.1,Operating Systems,61.6,IoT,60.9,Java,57.8,Industrial IoT Gateway,rfid|embedded|raspberry pi|iot|sensor|freertos|arduino|lora,average,50.5
WT,synthetic,19,3,2,Mobile & IoT Development|Web Development|Network & Wireless Systems,Engineering Mathematics-III,76.2,IoT,70.3,Digital Logic & Design,58.1,Java,56.8,Data Structures and Algorithms,55.8,Industrial IoT Gateway,embedded|zigbee|iot|freertos|arduino|bluetooth|esp32,hard_sample,47.3
ML,synthetic,20,2,1,Data Science & Analytics|Artificial Intelligence & Machine Learning,Engineering Mathematics-III,100.0,Engineering Mathematics-IV,94.1,Python,90.8,Database Management Systems,86.8,Artificial Intelligence,86.8,Text Summarizer,docker|tensorflow|keras|deep learning|pandas,strong,78.2
CCS,synthetic,22,3,2,Cloud & Distributed Systems|Web Development|Data Science & Analytics,C++,32.0,Full Stack Development,26.6,Engineering Mathematics-IV,17.8,Python,17.1,Automata Theory,16.6,Online Learning Platform,devops|ci/cd|fullstack|aws|jenkins|microservices|rest api|azure,failing,10.5
WT,synthetic,18,2,3,Data Science & Analytics|Network & Wireless Systems,Digital Logic & Design,85.3,Operating Systems,78.1,IoT,67.0,Python,58.5,Microcontroller & Embedded Systems,56.1,Smart Home System,iot|analytics|i2c|gpio|wireless|sklearn|nlp|regression,hard_sample,47.9
ML,synthetic,20,2,2,Artificial Intelligence & Machine Learning|Cloud & Distributed Systems,Engineering Mathematics-III,87.0,Artificial Intelligence,76.9,Automata Theory,60.9,Data Structures and Algorithms,54.1,Software Engineering,49.1,Handwriting Recognizer,devops|keras|sklearn|nlp|regression|classification|opencv|jupyter,hard_sample,48.6
DWM,synthetic,20,3,2,Data Science & Analytics|Artificial Intelligence & Machine Learning|Web Development,Engineering Mathematics-III,57.7,Java,55.2,Database Management Systems,52.0,Design & Analysis of Algorithms,46.3,Software Engineering,40.5,Clickstream Analyzer,postgresql|data warehouse|sql|hadoop|analytics|spark|data pipeline|pandas,below_avg,39.7
ML,synthetic,21,3,1,Artificial Intelligence & Machine Learning|Data Science & Analytics|Cloud & Distributed Systems,Database Management Systems,49.7,C++,48.8,Engineering Mathematics-III,47.9,Digital Logic & Design,43.4,Engineering Mathematics-IV,41.9,Fraud Detection System,machine learning|matplotlib|tensorflow,below_avg,36.0
WT,synthetic,18,3,1,Mobile & IoT Development|Network & Wireless Systems|Artificial Intelligence & Machine Learning,Digital Logic & Design,67.5,Automata Theory,63.9,C++,62.6,Computer Networks,61.5,Cryptography & Network Security,58.4,Health Monitoring Wearable,freertos|arduino|zigbee|gpio|microcontroller|esp32,hard_sample,49.1
DWM,synthetic,20,3,2,Artificial Intelligence & Machine Learning|Data Science & Analytics|Web Development,Data Structures and Algorithms,98.3,Database Management Systems,89.6,Engineering Mathematics-IV,85.5,Software Engineering,83.1,Engineering Mathematics-III,81.2,Log Analysis System,postgresql|tableau|data warehouse|mongodb|power bi|data visualization|hadoop|analytics,strong,78.1
ML,synthetic,19,3,3,Artificial Intelligence & Machine Learning|Data Science & Analytics|Mobile & IoT Development,Engineering Mathematics-III,70.4,Engineering Mathematics-IV,68.2,Data Structures and Algorithms,65.2,Artificial Intelligence,64.2,Design & Analysis of Algorithms,61.4,Music Genre Classifier,computer vision|sklearn|tensorflow|numpy|data science|neural network|lora|machine learning,above_avg,55.2
CCS,synthetic,22,1,3,Cloud & Distributed Systems,Computer Networks,46.5,Software Engineering,45.2,Python,38.0,Design & Analysis of Algorithms,27.1,Full Stack Development,26.3,CI/CD Pipeline Builder,devops|rest api|docker|ci/cd|fullstack|node|react|serverless,failing,19.7
WT,synthetic,18,2,1,Mobile & IoT Development|Network & Wireless Systems,IoT,77.4,Java,76.8,Computer Networks,74.7,Engineering Mathematics-IV,73.9,Microcontroller & Embedded Systems,67.5,Smart Home System,rfid|raspberry pi|sensor|freertos|mqtt|zigbee,above_avg,60.5
CCS,synthetic,19,3,1,Cloud & Distributed Systems|Web Development|Data Science & Analytics,Python,98.8,Operating Systems,97.3,Full Stack Development,96.3,Software Engineering,92.8,Database Management Systems,89.9,Kubernetes Cluster Monitor,devops|react|kubernetes|classification|azure|aws,topper,81.7
CCS,synthetic,19,1,3,Web Development,Digital Logic & Design,32.3,Data Structures and Algorithms,29.8,Full Stack Development,26.5,Operating Systems,25.9,Java,25.5,Full Stack E-Commerce Site,devops|ci/cd|nginx|fullstack|data warehouse|serverless|node|cloud,struggling,20.5
WT,synthetic,21,2,2,Mobile & IoT Development|Network & Wireless Systems,Java,41.6,Design & Analysis of Algorithms,38.4,IoT,37.4,Digital Logic & Design,37.0,Engineering Mathematics-III,35.9,GPS Tracker,rfid|embedded|sql|freertos|lora|i2c|microcontroller|esp32,struggling,19.7
ML,synthetic,20,3,2,Artificial Intelligence & Machine Learning|Data Science & Analytics|Cloud & Distributed Systems,Cryptography & Network Security,45.4,Engineering Mathematics-III,34.1,C++,29.5,Artificial Intelligence,25.9,Database Management Systems,25.4,Customer Churn Predictor,nlp|neural network|tableau|react|classification|opencv|python|jupyter,failing,8.5
CCS,synthetic,20,3,2,Mobile & IoT Development|Web Development|Network & Wireless Systems,Software Engineering,67.7,Database Management Systems,66.4,Full Stack Development,62.3,Computer Networks,59.3,Cryptography & Network Security,57.9,Task Management System,devops|docker|fullstack|node|react|serverless|rest api|cloud,hard_sample,44.4
CCS,synthetic,19,3,1,Cloud & Distributed Systems|Web Development|Mobile & IoT Development,Full Stack Development,69.6,Software Engineering,65.6,Python,63.6,C++,59.1,Engineering Mathematics-IV,58.9,REST API Service,fullstack|node|kubernetes|serverless|classification|microservices|azure,average,52.0
CCS,synthetic,22,2,3,Web Development|Cloud & Distributed Systems,Full Stack Development,99.1,Software Engineering,89.9,Python,87.6,Computer Networks,86.1,Engineering Mathematics-IV,83.4,Cloud File Storage,devops|rest api|ci/cd|docker|iot|node|react|serverless,strong,77.0
ML,synthetic,19,2,3,Artificial Intelligence & Machine Learning|Data Science & Analytics,Artificial Intelligence,59.0,Engineering Mathematics-IV,52.6,Engineering Mathematics-III,51.8,Python,42.5,Software Engineering,42.4,Chatbot System,computer vision|ci/cd|embedded|sklearn|tensorflow|regression|power bi|deep learning,below_avg,32.4
WT,synthetic,19,2,1,Mobile & IoT Development|Network & Wireless Systems,IoT,85.1,Microcontroller & Embedded Systems,71.1,Engineering Mathematics-IV,67.7,Operating Systems,66.9,Digital Logic & Design,65.9,Smart Streetlight System,iot|mqtt|zigbee|gpio|microcontroller|i2c,hard_sample,54.0
WT,synthetic,19,4,1,Mobile & IoT Development|Web Development|Network & Wireless Systems|Cloud & Distributed Systems,Engineering Mathematics-IV,76.3,Computer Networks,73.9,Digital Logic & Design,66.6,Microcontroller & Embedded Systems,57.9,Full Stack Development,56.4,Health Monitoring Wearable,rfid|gpio|wireless,hard_sample,48.4
CCS,synthetic,22,2,3,Web Development|Cloud & Distributed Systems,Operating Systems,100.0,Computer Networks,100.0,Software Engineering,100.0,Python,100.0,Design & Analysis of Algorithms,100.0,Task Management System,ci/cd|docker|tensorflow|fullstack|node|react|kubernetes|aws,topper,93.9
DWM,synthetic,20,4,1,Data Science & Analytics|Artificial Intelligence & Machine Learning|Web Development|Cloud & Distributed Systems,Engineering Mathematics-IV,99.8,Python,94.1,Data Structures and Algorithms,92.5,Database Management Systems,88.4,Automata Theory,88.0,Census Data Visualizer,rfid|spark|data pipeline|etl|pandas,strong,80.0
CCS,synthetic,18,3,1,Web Development|Cloud & Distributed Systems|Data Science & Analytics,Full Stack Development,73.8,Database Management Systems,72.9,Software Engineering,72.2,Computer Networks,70.1,Data Structures and Algorithms,68.8,Serverless API Gateway,devops|docker|node|serverless|analytics|microservices|rest api,average,53.3
CCS,synthetic,21,3,2,Web Development|Cloud & Distributed Systems|Network & Wireless Systems,Computer Networks,87.3,Engineering Mathematics-IV,83.4,Full Stack Development,82.6,Database Management Systems,76.7,Automata Theory,76.0,Serverless API Gateway,devops|docker|node|react|serverless|kubernetes|aws|terraform,strong,67.7
DWM,synthetic,19,4,2,Artificial Intelligence & Machine Learning|Data Science & Analytics|Network & Wireless Systems|Web Development,Database Management Systems,88.9,Cryptography & Network Security,76.9,Engineering Mathematics-III,74.7,Full Stack Development,74.0,Python,72.7,Financial Data Mining Tool,postgresql|tableau|mongodb|data warehouse|sql|data visualization|hadoop|analytics,hard_sample,67.2
WT,synthetic,18,3,4,Network & Wireless Systems|Mobile & IoT Development|Cloud & Distributed Systems,IoT,77.7,Microcontroller & Embedded Systems,76.1,Design & Analysis of Algorithms,72.0,Operating Systems,69.6,Computer Networks,69.4,Remote Water Quality Monitor,rfid|embedded|zigbee|raspberry pi|sensor|bluetooth|wireless|i2c,average,54.7
ML,synthetic,18,2,1,Data Science & Analytics|Artificial Intelligence & Machine Learning,Python,66.4,Design & Analysis of Algorithms,61.4,Engineering Mathematics-III,60.3,Engineering Mathematics-IV,60.2,Software Engineering,55.4,Object Detection App,sklearn|nlp|neural network|regression|classification|numpy|deep learning|matplotlib,average,44.2
CCS,synthetic,22,2,4,Cloud & Distributed Systems|Web Development,Full Stack Development,66.8,Operating Systems,57.4,C++,55.9,Automata Theory,49.9,Java,48.7,Cloud File Storage,devops|ci/cd|fullstack|node|serverless|react|cloud|jenkins,below_avg,36.1
CCS,synthetic,22,2,1,Cloud & Distributed Systems|Web Development,Full Stack Development,99.2,Operating Systems,90.5,Software Engineering,90.0,Computer Networks,89.6,Data Structures and Algorithms,85.9,Blog Platform with CMS,devops|node|serverless|jenkins|terraform|microservices|azure|aws,topper,81.2
CCS,synthetic,19,3,2,Web Development|Cloud & Distributed Systems|Data Science & Analytics,Software Engineering,69.2,Python,64.5,C++,62.3,Computer Networks,60.6,Operating Systems,57.9,REST API Service,nginx|fullstack|serverless|kubernetes|cloud|microservices|rest api|azure,average,51.2
CCS,synthetic,19,2,2,Cloud & Distributed Systems|Web Development,Full Stack Development,84.5,Python,70.1,Engineering Mathematics-IV,69.6,Software Engineering,69.4,Database Management Systems,69.1,Kubernetes Cluster Monitor,docker|ci/cd|fullstack|node|kubernetes|cloud|terraform|rest api,above_avg,58.9
ML,synthetic,22,2,3,Artificial Intelligence & Machine Learning|Data Science & Analytics,Engineering Mathematics-III,87.7,Artificial Intelligence,85.1,Java,83.2,Software Engineering,78.3,Database Management Systems,77.7,Music Genre Classifier,data science|numpy|sklearn|neural network|regression|pytorch|classification|opencv,strong,73.6
DWM,synthetic,19,2,2,Data Science & Analytics|Artificial Intelligence & Machine Learning,Database Management Systems,75.7,Cryptography & Network Security,66.7,Python,65.5,Digital Logic & Design,59.7,Engineering Mathematics-IV,56.8,Crime Data Analysis,postgresql|tableau|power bi|mysql|data mining|analytics|etl|pandas,average,48.9
CCS,synthetic,21,1,3,Cloud & Distributed Systems,Data Structures and Algorithms,48.7,Full Stack Development,48.0,Engineering Mathematics-IV,46.0,Database Management Systems,42.7,Java,40.6,Service Mesh Dashboard,devops|ci/cd|fullstack|node|react|data warehouse|serverless|terraform,below_avg,32.4
WT,synthetic,19,3,3,Mobile & IoT Development|Cloud & Distributed Systems|Web Development,Computer Networks,100.0,IoT,100.0,Microcontroller & Embedded Systems,97.0,Operating Systems,94.6,Engineering Mathematics-IV,88.6,Wireless Sensor Network,rfid|embedded|zigbee|raspberry pi|iot|sensor|freertos|arduino,strong,77.6
ML,synthetic,20,1,3,Artificial Intelligence & Machine Learning,Artificial Intelligence,93.4,Operating Systems,83.7,Python,83.3,Engineering Mathematics-III,81.7,C++,79.1,Customer Churn Predictor,keras|sklearn|nlp|neural network|regression|pytorch|jupyter|numpy,strong,70.7
ML,synthetic,20,1,2,Artificial Intelligence & Machine Learning,Artificial Intelligence,43.1,Design & Analysis of Algorithms,39.2,Database Management Systems,38.9,Python,35.3,Software Engineering,32.4,Chatbot System,sklearn|tensorflow|data science|neural network|regression|pytorch|numpy|etl,struggling,21.7
DWM,synthetic,18,3,2,Data Science & Analytics|Artificial Intelligence & Machine Learning|Web Development,Software Engineering,49.5,Database Management Systems,35.8,C++,34.2,Operating Systems,33.0,Engineering Mathematics-IV,31.9,Clickstream Analyzer,docker|nlp|data warehouse|mongodb|power bi|mysql|data visualization|hadoop,struggling,22.6
CCS,synthetic,22,2,1,Cloud & Distributed Systems|Web Development,Operating Systems,72.5,Design & Analysis of Algorithms,68.0,Software Engineering,66.2,Computer Networks,66.1,Data Structures and Algorithms,56.0,Task Management System,terraform|kubernetes|docker,average,50.5
ML,synthetic,18,2,3,Data Science & Analytics|Cloud & Distributed Systems,Artificial Intelligence,98.9,Engineering Mathematics-IV,92.2,Python,91.8,Software Engineering,90.2,Automata Theory,89.3,Text Summarizer,computer vision|data science|sklearn|nlp|neural network|regression|classification|pytorch,strong,79.0
CCS,synthetic,21,1,2,Web Development,Computer Networks,60.4,Full Stack Development,48.9,Data Structures and Algorithms,46.9,Digital Logic & Design,44.3,Engineering Mathematics-IV,43.0,Multi-tenant SaaS App,devops|rest api|ci/cd|docker|serverless|microservices|nginx|matplotlib,struggling,31.8
DWM,synthetic,18,3,2,Artificial Intelligence & Machine Learning|Data Science & Analytics|Web Development,Database Management Systems,75.5,Python,74.4,Java,71.4,Engineering Mathematics-IV,71.1,Data Structures and Algorithms,68.8,Data Pipeline System,mongodb|power bi|mysql|data visualization|hadoop|analytics|data pipeline|etl,above_avg,62.6
CCS,synthetic,21,3,4,Web Development|Cloud & Distributed Systems|Network & Wireless Systems,Full Stack Development,88.7,Software Engineering,84.7,Engineering Mathematics-IV,83.1,Operating Systems,83.1,Data Structures and Algorithms,81.8,Online Learning Platform,devops|rest api|ci/cd|docker|fullstack|node|react|serverless,strong,73.1
WT,synthetic,18,2,3,Mobile & IoT Development|Network & Wireless Systems,Microcontroller & Embedded Systems,90.4,C++,84.4,IoT,81.8,Cryptography & Network Security,81.7,Automata Theory,79.9,RFID Attendance System,embedded|nlp|iot|sensor|freertos|arduino|mqtt|lora,strong,66.8
WT,synthetic,20,2,2,Network & Wireless Systems|Cloud & Distributed Systems,Design & Analysis of Algorithms,71.8,Computer Networks,63.5,Microcontroller & Embedded Systems,60.7,IoT,60.4,C++,59.7,Smart Streetlight System,rfid|iot|kubernetes|arduino|wireless|i2c|gpio|microcontroller,average,46.6
WT,synthetic,21,2,1,Network & Wireless Systems|Cloud & Distributed Systems,Digital Logic & Design,66.8,Operating Systems,66.4,Computer Networks,65.9,Microcontroller & Embedded Systems,59.6,C++,52.6,Smart Parking System,embedded|zigbee|raspberry pi|iot|lora|arduino|bluetooth|esp32,average,42.4
WT,synthetic,19,3,3,Mobile & IoT Development|Network & Wireless Systems|Cloud & Distributed Systems,IoT,71.9,Automata Theory,70.0,C++,65.2,Computer Networks,64.3,Cryptography & Network Security,61.9,Gesture Controlled Robot,rfid|embedded|zigbee|raspberry pi|sensor|freertos|lora|mqtt,average,46.9
WT,synthetic,19,2,2,Mobile & IoT Development|Cloud & Distributed Systems,IoT,47.6,Computer Networks,40.9,Automata Theory,32.5,Java,26.3,Data Structures and Algorithms,25.5,Smart Streetlight System,rfid|embedded|iot|freertos|arduino|i2c|gpio,failing,10.3
WT,synthetic,21,3,2,Mobile & IoT Development|Network & Wireless Systems|Cloud & Distributed Systems,Computer Networks,87.3,IoT,86.1,C++,77.0,Microcontroller & Embedded Systems,70.1,Software Engineering,69.7,Smart Parking System,postgresql|raspberry pi|sensor|sql|data visualization|python|bluetooth|data pipeline,hard_sample,63.0
CCS,synthetic,20,2,4,Web Development|Cloud & Distributed Systems,Full Stack Development,78.7,Operating Systems,64.2,Python,58.2,C++,56.2,Engineering Mathematics-IV,55.7,Cloud Deployment Platform,devops|rest api|docker|ci/cd|keras|fullstack|node|serverless,average,48.6
DWM,synthetic,21,1,1,Data Science & Analytics,Database Management Systems,71.9,Java,61.9,Automata Theory,61.8,C++,61.3,Digital Logic & Design,52.7,Market Basket Analyzer,postgresql|tableau|mongodb|data visualization|data mining|spark|etl|pandas,hard_sample,46.8
DWM,synthetic,22,3,2,Artificial Intelligence & Machine Learning|Data Science & Analytics|Web Development,Data Structures and Algorithms,100.0,Python,90.1,Digital Logic & Design,77.3,Java,74.7,Design & Analysis of Algorithms,72.6,Social Media Analytics,spark|mysql|hadoop|analytics|data mining|pandas,hard_sample,66.7
ML,synthetic,22,2,1,Artificial Intelligence & Machine Learning|Cloud & Distributed Systems,Artificial Intelligence,75.9,Engineering Mathematics-IV,66.6,Data Structures and Algorithms,65.1,Automata Theory,63.5,Engineering Mathematics-III,61.5,Recommendation Engine,sklearn|nlp|regression|data visualization|opencv|numpy|computer vision|machine learning,above_avg,55.4
CCS,synthetic,20,3,2,Cloud & Distributed Systems|Web Development|Network & Wireless Systems,Operating Systems,74.0,Software Engineering,72.4,Cryptography & Network Security,72.4,Full Stack Development,70.4,Design & Analysis of Algorithms,64.7,Task Management System,devops|fullstack|node|serverless|rest api|azure|aws,hard_sample,61.9
WT,synthetic,19,2,1,Network & Wireless Systems|Mobile & IoT Development,Computer Networks,84.2,Java,77.0,Microcontroller & Embedded Systems,76.8,Design & Analysis of Algorithms,72.7,Digital Logic & Design,72.3,IoT Security Monitor,rfid|arduino|lora|bluetooth|gpio|microcontroller,strong,66.7
ML,synthetic,22,2,1,Data Science & Analytics|Artificial Intelligence & Machine Learning,Engineering Mathematics-III,100.0,Database Management Systems,100.0,Python,100.0,Java,100.0,Artificial Intelligence,100.0,Disease Diagnosis Tool,pytorch|classification|opencv|jupyter|deep learning,topper,95.5
WT,synthetic,20,3,2,Network & Wireless Systems|Mobile & IoT Development|Cloud & Distributed Systems,IoT,85.1,Computer Networks,81.5,Digital Logic & Design,72.6,Microcontroller & Embedded Systems,68.8,Cryptography & Network Security,60.5,Wireless Sensor Network,embedded|iot|freertos|lora|arduino|esp32|gpio|wireless,average,51.6
DWM,synthetic,22,3,2,Artificial Intelligence & Machine Learning|Data Science & Analytics|Web Development,Digital Logic & Design,83.5,Artificial Intelligence,75.4,Database Management Systems,73.3,Software Engineering,71.7,Cryptography & Network Security,67.8,Clickstream Analyzer,tableau|mongodb|power bi|data warehouse|hadoop|etl,hard_sample,64.9
WT,synthetic,22,3,2,Network & Wireless Systems|Mobile & IoT Development|Cloud & Distributed Systems,Operating Systems,63.6,Computer Networks,62.9,IoT,61.4,C++,60.3,Data Structures and Algorithms,53.8,IoT Security Monitor,embedded|zigbee|raspberry pi|sensor|freertos|arduino|lora|bluetooth,average,50.4
DWM,synthetic,20,2,1,Artificial Intelligence & Machine Learning|Web Development,Engineering Mathematics-IV,84.6,Java,69.8,Data Structures and Algorithms,65.6,Design & Analysis of Algorithms,63.9,Automata Theory,62.6,ETL Automation Tool,spark|mysql|analytics|data mining|etl,average,54.2
ML,synthetic,22,3,2,Data Science & Analytics|Artificial Intelligence & Machine Learning|Cloud & Distributed Systems,Artificial Intelligence,83.3,Engineering Mathematics-III,83.0,Python,79.7,Digital Logic & Design,79.1,Software Engineering,73.0,Face Recognition System,tensorflow|numpy|neural network|regression|classification|opencv|python|jupyter,above_avg,62.9
WT,synthetic,18,2,3,Network & Wireless Systems|Mobile & IoT Development,IoT,85.5,Digital Logic & Design,78.4,C++,73.9,Microcontroller & Embedded Systems,72.1,Computer Networks,70.6,Smart Home System,iot|sensor|power bi|freertos|lora|mqtt|arduino|esp32,above_avg,60.6
ML,synthetic,20,2,1,Data Science & Analytics|Artificial Intelligence & Machine Learning,Python,52.8,Engineering Mathematics-IV,46.1,Artificial Intelligence,34.2,Cryptography & Network Security,32.6,Engineering Mathematics-III,25.8,Language Translator,opencv|keras|nlp,struggling,21.9
CCS,synthetic,21,1,1,Cloud & Distributed Systems,Full Stack Development,100.0,Software Engineering,90.8,Automata Theory,83.9,Operating Systems,82.5,Computer Networks,82.5,Serverless API Gateway,fullstack|node|kubernetes|aws|azure|cloud,strong,74.4
DWM,synthetic,20,2,2,Data Science & Analytics|Artificial Intelligence & Machine Learning,Database Management Systems,100.0,Python,100.0,Software Engineering,98.1,Engineering Mathematics-IV,97.9,Design & Analysis of Algorithms,97.5,Clickstream Analyzer,postgresql|mongodb|mysql|sql|data visualization|hadoop|data mining|analytics,topper,90.5
WT,synthetic,19,3,3,Network & Wireless Systems|Mobile & IoT Development|Cloud & Distributed Systems,Computer Networks,64.1,Design & Analysis of Algorithms,53.1,Operating Systems,48.3,IoT,46.8,Microcontroller & Embedded Systems,40.8,Health Monitoring Wearable,rfid|embedded|raspberry pi|iot|sensor|freertos|arduino|wireless,struggling,23.8
DWM,synthetic,19,3,2,Artificial Intelligence & Machine Learning|Data Science & Analytics|Web Development,Data Structures and Algorithms,57.3,Engineering Mathematics-IV,47.0,Engineering Mathematics-III,42.5,Java,41.8,Database Management Systems,41.3,ETL Automation Tool,tableau|power bi|mysql|azure|data visualization|hadoop|analytics|spark,struggling,27.6
WT,synthetic,21,3,1,Mobile & IoT Development|Web Development|Cloud & Distributed Systems,Microcontroller & Embedded Systems,78.9,Operating Systems,70.9,IoT,68.8,C++,62.7,Computer Networks,59.6,IoT Security Monitor,arduino|i2c|iot,hard_sample,46.4
CCS,synthetic,19,3,1,Cloud & Distributed Systems|Web Development|Network & Wireless Systems,Database Management Systems,25.0,Operating Systems,24.0,Python,23.8,C++,23.8,Artificial Intelligence,22.4,REST API Service,serverless|kubernetes|microservices|azure|cloud,failing,15.2
DWM,synthetic,20,3,2,Artificial Intelligence & Machine Learning|Data Science & Analytics|Web Development,Cryptography & Network Security,63.2,Computer Networks,59.3,Java,58.6,Engineering Mathematics-III,56.7,Database Management Systems,51.6,ETL Automation Tool,embedded|sklearn|neural network|sql|data visualization|classification|python|spark,hard_sample,45.3
CCS,synthetic,22,2,1,Cloud & Distributed Systems|Web Development,Software Engineering,88.7,Full Stack Development,79.8,Database Management Systems,77.2,C++,71.2,Python,70.7,Real-Time Chat Application,devops|ci/cd|nginx,strong,66.2
WT,synthetic,20,1,2,Network & Wireless Systems,Computer Networks,100.0,IoT,100.0,Engineering Mathematics-III,81.4,C++,80.0,Software Engineering,77.1,BLE Beacon Tracker,embedded|raspberry pi|iot|sensor|freertos|mqtt|bluetooth|zigbee,hard_sample,69.7
WT,synthetic,22,1,3,Network & Wireless Systems,Microcontroller & Embedded Systems,73.1,Digital Logic & Design,72.5,IoT,69.7,Engineering Mathematics-IV,67.5,Engineering Mathematics-III,66.1,Smart Streetlight System,rfid|embedded|ci/cd|raspberry pi|iot|freertos|lora|mqtt,average,53.3
CCS,synthetic,19,2,3,Cloud & Distributed Systems|Web Development,Java,65.6,Automata Theory,53.1,Python,52.1,Design & Analysis of Algorithms,50.4,Full Stack Development,45.9,Multi-tenant SaaS App,devops|docker|ci/cd|node|serverless|kubernetes|react|azure,below_avg,39.4
CCS,synthetic,19,2,2,Cloud & Distributed Systems|Web Development,Full Stack Development,89.1,Computer Networks,70.7,Software Engineering,69.8,Data Structures and Algorithms,64.6,Python,64.1,Task Management System,devops|rest api|docker|node|kubernetes|serverless|jenkins|terraform,average,56.2
DWM,synthetic,20,2,2,Data Science & Analytics|Web Development,Database Management Systems,100.0,Automata Theory,100.0,Engineering Mathematics-IV,92.4,Design & Analysis of Algorithms,89.9,Java,88.0,Data Pipeline System,tableau|mongodb|mysql|sql|data visualization|hadoop|data mining|spark,topper,84.2
DWM,synthetic,18,2,2,Artificial Intelligence & Machine Learning|Data Science & Analytics,Database Management Systems,56.9,Data Structures and Algorithms,53.5,Engineering Mathematics-IV,51.3,Engineering Mathematics-III,48.1,Automata Theory,45.1,Census Data Visualizer,postgresql|tableau|data warehouse|analytics|spark|data pipeline|pandas,below_avg,36.5
DWM,synthetic,18,3,3,Artificial Intelligence & Machine Learning|Data Science & Analytics|Web Development,Engineering Mathematics-IV,61.9,Database Management Systems,61.2,Design & Analysis of Algorithms,59.6,C++,52.4,Python,50.6,Data Pipeline System,devops|rest api|ci/cd|tableau|mongodb|power bi|data warehouse|mysql,hard_sample,40.8
ML,synthetic,18,4,1,Artificial Intelligence & Machine Learning|Data Science & Analytics|Web Development|Cloud & Distributed Systems,Automata Theory,87.8,Artificial Intelligence,86.8,Digital Logic & Design,81.0,Python,79.7,Data Structures and Algorithms,77.7,Sentiment Analysis Tool,classification|jupyter|deep learning,hard_sample,64.6
DWM,synthetic,18,3,2,Artificial Intelligence & Machine Learning|Web Development|Mobile & IoT Development,Database Management Systems,79.3,Python,74.6,C++,69.7,Design & Analysis of Algorithms,69.3,Data Structures and Algorithms,67.0,Market Basket Analyzer,data warehouse|sql|mysql|data visualization|hadoop|data mining|spark|data pipeline,above_avg,65.3
CCS,synthetic,19,3,2,Web Development|Cloud & Distributed Systems|Data Science & Analytics,Operating Systems,100.0,Design & Analysis of Algorithms,100.0,Cryptography & Network Security,100.0,Full Stack Development,100.0,Computer Networks,99.9,Real-Time Chat Application,devops|fullstack|node|react|kubernetes|serverless|azure|cloud,topper,95.5
ML,synthetic,22,2,3,Data Science & Analytics|Web Development,Artificial Intelligence,67.7,Data Structures and Algorithms,55.6,Java,47.9,Design & Analysis of Algorithms,47.6,Python,46.7,Sentiment Analysis Tool,data science|sklearn|nlp|neural network|regression|deep learning|classification|opencv,below_avg,39.1
DWM,synthetic,18,2,1,Artificial Intelligence & Machine Learning|Data Science & Analytics,Database Management Systems,56.7,Engineering Mathematics-IV,42.9,Full Stack Development,41.9,Data Structures and Algorithms,39.5,Operating Systems,36.9,Financial Data Mining Tool,tableau|sql|mysql|data visualization|data mining|spark|data pipeline,struggling,26.6
WT,synthetic,22,2,3,Mobile & IoT Development|Cloud & Distributed Systems,Microcontroller & Embedded Systems,79.0,Java,71.8,Cryptography & Network Security,71.7,Software Engineering,69.6,Operating Systems,64.3,BLE Beacon Tracker,rfid|embedded|raspberry pi|pandas|sensor|lora|mqtt|arduino,inconsistent,48.7
DWM,synthetic,18,2,2,Data Science & Analytics|Artificial Intelligence & Machine Learning,Database Management Systems,75.7,Data Structures and Algorithms,69.5,Cryptography & Network Security,64.9,Engineering Mathematics-III,63.1,Java,59.8,Clickstream Analyzer,docker|postgresql|tableau|data warehouse|mongodb|power bi|mysql|data visualization,average,53.0
DWM,synthetic,21,3,2,Artificial Intelligence & Machine Learning|Data Science & Analytics|Web Development,Engineering Mathematics-IV,61.8,Engineering Mathematics-III,55.8,Artificial Intelligence,54.3,Data Structures and Algorithms,46.5,Computer Networks,45.7,Data Pipeline System,postgresql|power bi|mysql|hadoop|data mining|analytics|etl|pandas,below_avg,39.3
ML,synthetic,21,1,2,Artificial Intelligence & Machine Learning,Engineering Mathematics-III,81.9,Python,76.0,Artificial Intelligence,66.3,Software Engineering,63.5,Database Management Systems,59.8,Disease Diagnosis Tool,keras|sklearn|tensorflow|nlp|neural network|pytorch|numpy|computer vision,hard_sample,50.1
DWM,synthetic,21,2,2,Artificial Intelligence & Machine Learning|Mobile & IoT Development,Database Management Systems,83.7,Java,82.3,Data Structures and Algorithms,70.3,Full Stack Development,63.5,Computer Networks,62.9,Data Pipeline System,tableau|mongodb|data warehouse|mysql|sql|data visualization|data mining|spark,above_avg,56.2
CCS,synthetic,21,3,3,Web Development|Cloud & Distributed Systems|Data Science & Analytics,Full Stack Development,80.8,Operating Systems,73.4,Python,63.8,Software Engineering,62.5,Cryptography & Network Security,60.8,Cloud Deployment Platform,devops|ci/cd|docker|node|serverless|kubernetes|react|aws,average,48.8
DWM,synthetic,20,2,1,Data Science & Analytics|Web Development,Database Management Systems,94.9,Python,91.5,Engineering Mathematics-IV,88.6,Data Structures and Algorithms,88.1,Cryptography & Network Security,86.4,Academic Performance Dashboard,tableau|mongodb|power bi|mysql|sql|hadoop|analytics|pandas,strong,76.3
DWM,synthetic,22,3,4,Data Science & Analytics|Artificial Intelligence & Machine Learning|Web Development,Java,73.5,Database Management Systems,71.3,Data Structures and Algorithms,68.6,Artificial Intelligence,65.5,Digital Logic & Design,63.6,Academic Performance Dashboard,postgresql|sklearn|tableau|data warehouse|power bi|mongodb|mysql|data visualization,above_avg,55.3
WT,synthetic,20,2,2,Mobile & IoT Development|Cloud & Distributed Systems,Computer Networks,85.3,C++,82.6,Cryptography & Network Security,73.4,Digital Logic & Design,69.1,Data Structures and Algorithms,60.8,GPS Tracker,embedded|raspberry pi|sensor|freertos|arduino|mqtt|bluetooth|esp32,average,56.7
CCS,synthetic,19,1,3,Cloud & Distributed Systems,Full Stack Development,93.2,Software Engineering,79.6,Operating Systems,78.9,Database Management Systems,71.4,Design & Analysis of Algorithms,70.3,Full Stack E-Commerce Site,devops|rest api|docker|ci/cd|fullstack|node|serverless|kubernetes,above_avg,63.7
DWM,synthetic,21,2,1,Artificial Intelligence & Machine Learning|Web Development,Engineering Mathematics-IV,78.8,Database Management Systems,68.4,Engineering Mathematics-III,61.3,Digital Logic & Design,56.8,Data Structures and Algorithms,56.2,Log Analysis System,postgresql|spark|data warehouse|mongodb|analytics|data mining|pandas,average,50.9
DWM,synthetic,19,1,1,Artificial Intelligence & Machine Learning,Engineering Mathematics-IV,100.0,Data Structures and Algorithms,100.0,Database Management Systems,100.0,Engineering Mathematics-III,94.3,Python,85.5,Customer Analytics Platform,tableau|power bi|jenkins|analytics|spark|data pipeline|pandas,topper,86.9
CCS,synthetic,19,2,1,Cloud & Distributed Systems|Web Development,Data Structures and Algorithms,76.1,Automata Theory,69.1,Full Stack Development,66.8,Computer Networks,66.2,Artificial Intelligence,65.4,Containerized Microservices App,devops|rfid|ci/cd|node|microservices|azure,hard_sample,57.2
ML,synthetic,22,2,3,Data Science & Analytics|Artificial Intelligence & Machine Learning,Artificial Intelligence,67.4,Automata Theory,64.2,Design & Analysis of Algorithms,64.2,C++,61.5,Python,58.9,Fraud Detection System,sklearn|tensorflow|nlp|regression|classification|opencv|python|jupyter,average,47.8
WT,synthetic,22,1,3,Network & Wireless Systems,Engineering Mathematics-IV,100.0,IoT,100.0,Computer Networks,99.6,Microcontroller & Embedded Systems,99.6,Software Engineering,99.3,LoRa Communication System,rfid|raspberry pi|sensor|lora|mqtt|arduino|esp32|gpio,topper,85.5
CCS,synthetic,19,2,3,Web Development|Data Science & Analytics,Computer Networks,85.6,Data Structures and Algorithms,70.7,Database Management Systems,67.7,C++,64.5,Operating Systems,63.5,Task Management System,devops|docker|ci/cd|pandas|node|serverless|data warehouse|aws,inconsistent,48.9
DWM,synthetic,20,2,1,Artificial Intelligence & Machine Learning|Web Development,Engineering Mathematics-IV,79.3,Cryptography & Network Security,58.3,Automata Theory,55.4,Python,52.8,Engineering Mathematics-III,51.9,Customer Analytics Platform,tableau|data warehouse|power bi|mysql|python|data mining|spark|etl,inconsistent,37.8
CCS,synthetic,22,2,2,Cloud & Distributed Systems|Web Development,Automata Theory,86.6,Operating Systems,81.9,Full Stack Development,79.5,Cryptography & Network Security,74.6,Java,71.8,Blog Platform with CMS,ci/cd|docker|fullstack|mongodb|react|serverless|kubernetes|sql,hard_sample,66.0
ML,synthetic,22,2,2,Data Science & Analytics|Artificial Intelligence & Machine Learning,Engineering Mathematics-III,88.5,Software Engineering,83.2,Python,79.0,Data Structures and Algorithms,76.8,Artificial Intelligence,76.2,Customer Churn Predictor,sklearn|tensorflow|regression|pytorch|opencv|classification|python|numpy,above_avg,67.0
ML,synthetic,19,3,2,Data Science & Analytics|Artificial Intelligence & Machine Learning|Cloud & Distributed Systems,Python,57.7,Data Structures and Algorithms,48.8,Engineering Mathematics-IV,43.9,Database Management Systems,43.2,Engineering Mathematics-III,39.8,Customer Churn Predictor,embedded|nlp|neural network|classification|opencv|pytorch|python|numpy,below_avg,33.7
CCS,synthetic,22,2,1,Cloud & Distributed Systems|Data Science & Analytics,Computer Networks,43.0,Full Stack Development,40.9,Database Management Systems,32.2,Software Engineering,28.9,Python,27.7,Multi-tenant SaaS App,ci/cd|kubernetes|rest api|azure|cloud,failing,15.6
DWM,synthetic,21,2,2,Data Science & Analytics|Artificial Intelligence & Machine Learning,Data Structures and Algorithms,55.3,Python,47.8,Engineering Mathematics-IV,45.0,Digital Logic & Design,45.0,Database Management Systems,44.8,Sales Dashboard,tableau|mongodb|data warehouse|mysql|data visualization|hadoop|data mining|analytics,below_avg,32.5
CCS,synthetic,18,2,2,Cloud & Distributed Systems|Data Science & Analytics,Software Engineering,89.3,Data Structures and Algorithms,87.9,Full Stack Development,84.4,Operating Systems,84.2,Design & Analysis of Algorithms,83.6,REST API Service,devops|ci/cd|docker|node|kubernetes|serverless|terraform|data pipeline,strong,76.8
ML,synthetic,20,2,1,Data Science & Analytics|Artificial Intelligence & Machine Learning,Engineering Mathematics-III,75.2,Python,70.7,Artificial Intelligence,62.9,Computer Networks,48.6,Database Management Systems,48.1,NLP Pipeline,neural network|regression|opencv|python|jupyter|pandas|matplotlib,average,44.5
ML,synthetic,20,2,4,Data Science & Analytics|Web Development,Engineering Mathematics-III,95.3,Data Structures and Algorithms,90.1,Engineering Mathematics-IV,88.9,Artificial Intelligence,88.8,Design & Analysis of Algorithms,87.3,Handwriting Recognizer,rfid|data science|tensorflow|nlp|pytorch|opencv|classification|python,strong,73.5
CCS,synthetic,22,1,3,Cloud & Distributed Systems,Computer Networks,100.0,Python,91.1,Full Stack Development,91.0,Software Engineering,90.3,Data Structures and Algorithms,90.0,Online Learning Platform,devops|ci/cd|docker|nginx|react|serverless|terraform|jenkins,strong,78.8
WT,synthetic,22,2,3,Mobile & IoT Development|Network & Wireless Systems,IoT,98.9,C++,93.7,Computer Networks,89.6,Microcontroller & Embedded Systems,85.2,Operating Systems,84.4,Smart Home System,rfid|embedded|data science|raspberry pi|pandas|iot|sensor|freertos,strong,77.1
WT,synthetic,19,1,2,Mobile & IoT Development,Computer Networks,92.1,IoT,89.8,Digital Logic & Design,81.9,C++,79.5,Microcontroller & Embedded Systems,79.0,GPS Tracker,rfid|microservices|raspberry pi|zigbee|freertos|lora|i2c|wireless,strong,66.4
ML,synthetic,20,2,4,Data Science & Analytics|Artificial Intelligence & Machine Learning,Python,65.6,Engineering Mathematics-IV,64.6,Artificial Intelligence,62.2,Design & Analysis of Algorithms,56.7,Data Structures and Algorithms,56.1,Text Summarizer,devops|embedded|data science|sklearn|neural network|iot|regression|deep learning,average,47.8
DWM,synthetic,21,3,2,Artificial Intelligence & Machine Learning|Data Science & Analytics|Web Development,Database Management Systems,100.0,Data Structures and Algorithms,86.1,C++,82.9,Digital Logic & Design,82.3,Cryptography & Network Security,81.6,Business Intelligence Portal,data warehouse|mysql|sql|hadoop|data mining|spark|data pipeline|aws,strong,70.3
ML,synthetic,19,1,4,Artificial Intelligence & Machine Learning,Software Engineering,100.0,Artificial Intelligence,100.0,Python,99.6,Engineering Mathematics-III,97.6,Java,95.3,Speech Recognition,data science|tensorflow|nlp|neural network|sklearn|regression|kubernetes|classification,topper,89.2
DWM,synthetic,21,4,1,Data Science & Analytics|Artificial Intelligence & Machine Learning|Web Development|Mobile & IoT Development,Database Management Systems,92.4,Data Structures and Algorithms,81.8,Engineering Mathematics-IV,74.9,Computer Networks,74.7,Automata Theory,72.7,Social Media Analytics,data visualization|tableau|power bi|deep learning,strong,70.2
CCS,synthetic,22,3,2,Web Development|Cloud & Distributed Systems|Data Science & Analytics,Python,72.6,Automata Theory,72.6,Computer Networks,69.5,Operating Systems,66.3,Design & Analysis of Algorithms,66.3,CI/CD Pipeline Builder,devops|rest api|ci/cd|data science|node|kubernetes|react|serverless,above_avg,56.6
ML,synthetic,22,3,2,Data Science & Analytics|Artificial Intelligence & Machine Learning|Cloud & Distributed Systems,Engineering Mathematics-III,100.0,Data Structures and Algorithms,100.0,Python,100.0,Automata Theory,100.0,Artificial Intelligence,100.0,Disease Diagnosis Tool,computer vision|nlp|pytorch|opencv|python|keras|machine learning,topper,93.3
CCS,synthetic,20,1,3,Web Development,Full Stack Development,92.8,Computer Networks,86.8,Software Engineering,82.5,Data Structures and Algorithms,75.7,Operating Systems,73.3,Portfolio Website Builder,devops|ci/cd|docker|fullstack|node|kubernetes|jenkins|terraform,strong,69.7
WT,synthetic,22,1,2,Network & Wireless Systems,Digital Logic & Design,67.2,Java,63.1,C++,58.3,Cryptography & Network Security,57.3,Microcontroller & Embedded Systems,56.6,Remote Water Quality Monitor,embedded|raspberry pi|iot|sensor|lora|mqtt|zigbee|gpio,hard_sample,49.9
DWM,synthetic,22,3,4,Artificial Intelligence & Machine Learning|Data Science & Analytics|Web Development,Data Structures and Algorithms,79.7,Python,75.8,Artificial Intelligence,75.0,Database Management Systems,73.9,Software Engineering,73.3,Academic Performance Dashboard,postgresql|data warehouse|power bi|mongodb|sql|mysql|hadoop|analytics,above_avg,61.3
WT,synthetic,18,2,4,Network & Wireless Systems|Mobile & IoT Development,Digital Logic & Design,50.1,Software Engineering,36.7,Artificial Intelligence,34.7,IoT,32.0,Full Stack Development,31.5,Weather Station,embedded|zigbee|raspberry pi|sensor|freertos|arduino|mqtt|lora,struggling,25.5
ML,synthetic,22,2,4,Data Science & Analytics|Artificial Intelligence & Machine Learning,Python,96.2,Artificial Intelligence,81.5,Cryptography & Network Security,77.1,Data Structures and Algorithms,76.8,Engineering Mathematics-IV,73.1,Music Genre Classifier,docker|data science|tensorflow|nlp|regression|classification|opencv|pytorch,strong,69.8
WT,synthetic,19,3,3,Mobile & IoT Development|Network & Wireless Systems|Cloud & Distributed Systems,Microcontroller & Embedded Systems,94.4,IoT,94.4,Computer Networks,94.3,C++,86.6,Digital Logic & Design,86.5,Health Monitoring Wearable,rfid|zigbee|raspberry pi|freertos|lora|mqtt|bluetooth|i2c,topper,78.0
ML,synthetic,19,2,1,Artificial Intelligence & Machine Learning|Data Science & Analytics,Data Structures and Algorithms,92.4,Artificial Intelligence,91.6,Design & Analysis of Algorithms,90.7,Python,89.9,Engineering Mathematics-IV,86.3,Sentiment Analysis Tool,tensorflow|neural network|regression|classification|jupyter|rest api|machine learning|pandas,strong,75.6
DWM,synthetic,18,2,3,Artificial Intelligence & Machine Learning|Data Science & Analytics,Database Management Systems,54.3,Computer Networks,46.9,Software Engineering,46.3,Python,45.0,Automata Theory,44.0,Census Data Visualizer,postgresql|tableau|data warehouse|power bi|mysql|sql|data visualization|hadoop,below_avg,37.0
CCS,synthetic,21,2,1,Cloud & Distributed Systems|Network & Wireless Systems,Operating Systems,74.8,Database Management Systems,70.2,Software Engineering,69.4,Java,68.6,Design & Analysis of Algorithms,68.4,Online Learning Platform,docker|fullstack|node|kubernetes|hadoop,above_avg,64.5
DWM,synthetic,22,2,2,Artificial Intelligence & Machine Learning|Web Development,Engineering Mathematics-IV,58.0,Data Structures and Algorithms,44.7,Python,43.3,Software Engineering,40.1,Java,39.2,Customer Analytics Platform,gpio|postgresql|tableau|sql|data mining|spark|data pipeline|etl,below_avg,30.5
WT,synthetic,18,3,3,Network & Wireless Systems|Mobile & IoT Development|Cloud & Distributed Systems,Microcontroller & Embedded Systems,97.1,IoT,90.2,Computer Networks,89.9,Digital Logic & Design,80.5,C++,79.6,LoRa Communication System,rfid|embedded|raspberry pi|data warehouse|sensor|lora|mqtt|bluetooth,strong,73.7
DWM,synthetic,22,3,3,Data Science & Analytics|Artificial Intelligence & Machine Learning|Web Development,Database Management Systems,87.3,Data Structures and Algorithms,81.2,Digital Logic & Design,80.7,Artificial Intelligence,73.8,Python,72.4,Financial Data Mining Tool,postgresql|spark|iot|tableau|data warehouse|power bi|sql|mysql,above_avg,66.1
WT,synthetic,20,4,2,Mobile & IoT Development|Network & Wireless Systems|Artificial Intelligence & Machine Learning|Cloud & Distributed Systems,Microcontroller & Embedded Systems,85.2,Computer Networks,83.4,IoT,82.3,Digital Logic & Design,78.9,Design & Analysis of Algorithms,76.9,Smart Streetlight System,rfid|embedded|raspberry pi|neural network|iot|sensor|freertos|mqtt,hard_sample,64.3
WT,synthetic,22,2,3,Mobile & IoT Development|Network & Wireless Systems,IoT,56.4,Microcontroller & Embedded Systems,51.9,Computer Networks,50.3,Cryptography & Network Security,50.0,Java,47.3,Weather Station,rfid|embedded|postgresql|iot|lora|mqtt|data mining|zigbee,below_avg,33.2
WT,synthetic,20,3,2,Network & Wireless Systems|Mobile & IoT Development|Cloud & Distributed Systems,Computer Networks,95.8,Microcontroller & Embedded Systems,92.3,Software Engineering,88.6,IoT,87.5,Engineering Mathematics-IV,85.7,Gesture Controlled Robot,embedded|zigbee|iot|sensor|freertos|arduino|mqtt|bluetooth,topper,79.0
WT,synthetic,20,1,1,Network & Wireless Systems,IoT,70.3,Computer Networks,57.4,Data Structures and Algorithms,55.5,Cryptography & Network Security,50.5,Microcontroller & Embedded Systems,49.8,Industrial IoT Gateway,iot|freertos|arduino|mqtt|bluetooth|gpio|microcontroller|i2c,below_avg,39.1
DWM,synthetic,21,2,3,Data Science & Analytics|Web Development,Database Management Systems,73.1,Data Structures and Algorithms,64.7,Artificial Intelligence,64.2,Engineering Mathematics-III,63.9,Full Stack Development,63.4,Survey Data Analyzer,postgresql|microservices|tableau|data warehouse|power bi|mongodb|mysql|data visualization,average,51.9
CCS,synthetic,19,2,2,Web Development|Cloud & Distributed Systems,Java,59.1,Full Stack Development,56.0,Automata Theory,46.3,Design & Analysis of Algorithms,45.4,C++,42.7,Service Mesh Dashboard,fullstack|node|react|serverless|cloud|jenkins|terraform|microservices,below_avg,41.0
DWM,synthetic,20,3,3,Artificial Intelligence & Machine Learning|Data Science & Analytics|Web Development,Database Management Systems,70.2,Data Structures and Algorithms,67.9,C++,61.3,Artificial Intelligence,61.2,Software Engineering,58.2,Financial Data Mining Tool,tableau|data warehouse|mongodb|mysql|sql|python|hadoop|data mining,average,52.0
CCS,synthetic,18,3,1,Cloud & Distributed Systems|Web Development|Data Science & Analytics,Operating Systems,82.4,Full Stack Development,81.6,Automata Theory,79.3,Computer Networks,77.6,Python,73.0,CI/CD Pipeline Builder,microservices|node|nginx,strong,67.6
CCS,synthetic,21,3,2,Web Development|Cloud & Distributed Systems|Network & Wireless Systems,Full Stack Development,77.3,Computer Networks,73.9,Database Management Systems,63.2,Software Engineering,60.4,Operating Systems,58.8,Real-Time Chat Application,docker|fullstack|node|serverless|react|terraform|microservices|rest api,average,45.3
DWM,synthetic,22,2,2,Data Science & Analytics|Artificial Intelligence & Machine Learning,Database Management Systems,67.2,Software Engineering,57.4,Python,53.1,Engineering Mathematics-IV,50.9,Cryptography & Network Security,50.8,Survey Data Analyzer,postgresql|mongodb|data warehouse|power bi|mysql|sql|data visualization|data mining,average,42.1
WT,synthetic,18,2,3,Mobile & IoT Development|Web Development,Computer Networks,58.4,IoT,53.8,Microcontroller & Embedded Systems,45.0,Operating Systems,43.1,Design & Analysis of Algorithms,42.5,Smart Parking System,rfid|embedded|zigbee|raspberry pi|arduino|microcontroller|bluetooth|machine learning,below_avg,31.6
WT,synthetic,18,3,3,Mobile & IoT Development|Network & Wireless Systems|Cloud & Distributed Systems,IoT,65.1,Microcontroller & Embedded Systems,62.2,Computer Networks,52.0,Operating Systems,49.3,Cryptography & Network Security,47.7,Remote Water Quality Monitor,rfid|embedded|raspberry pi|sensor|freertos|lora|mqtt|bluetooth,below_avg,40.1
CCS,synthetic,18,3,3,Web Development|Cloud & Distributed Systems|Network & Wireless Systems,Python,68.0,Full Stack Development,65.8,Operating Systems,56.7,Cryptography & Network Security,52.4,Java,51.0,Service Mesh Dashboard,rfid|ci/cd|nginx|node|serverless|react|aws|jenkins,average,42.4
DWM,synthetic,21,3,3,Artificial Intelligence & Machine Learning|Web Development|Mobile & IoT Development,Engineering Mathematics-IV,78.0,Python,73.1,Database Management Systems,68.8,Computer Networks,59.9,Engineering Mathematics-III,58.4,Sales Dashboard,gpio|tableau|mongodb|data warehouse|sql|data visualization|classification|hadoop,hard_sample,51.2
ML,synthetic,18,1,2,Data Science & Analytics,Java,72.9,Artificial Intelligence,69.8,Software Engineering,65.3,Automata Theory,65.3,Engineering Mathematics-III,62.1,Music Genre Classifier,rfid|tensorflow|numpy|nlp|fullstack|iot|regression|sensor,hard_sample,45.6
CCS,synthetic,20,1,2,Web Development,Full Stack Development,79.4,Software Engineering,69.4,Design & Analysis of Algorithms,63.2,Computer Networks,63.1,Database Management Systems,62.3,Containerized Microservices App,docker|serverless|kubernetes|cloud|jenkins|rest api|aws,average,46.7
ML,synthetic,19,3,3,Artificial Intelligence & Machine Learning|Data Science & Analytics|Web Development,Cryptography & Network Security,74.8,Artificial Intelligence,73.3,C++,71.8,Python,71.5,Database Management Systems,69.6,Disease Diagnosis Tool,tensorflow|neural network|mongodb|classification|pytorch|opencv|python|computer vision,above_avg,62.0
DWM,synthetic,18,2,1,Artificial Intelligence & Machine Learning|Web Development,IoT,38.7,Database Management Systems,33.0,Software Engineering,31.6,Artificial Intelligence,31.3,Python,30.6,Clickstream Analyzer,mysql|tableau|power bi|sql,struggling,27.0
WT,synthetic,20,2,4,Network & Wireless Systems|Mobile & IoT Development,IoT,84.7,Microcontroller & Embedded Systems,83.3,Data Structures and Algorithms,81.3,Digital Logic & Design,68.8,Automata Theory,67.1,Smart Home System,rfid|raspberry pi|freertos|lora|mqtt|arduino|esp32|bluetooth,above_avg,60.2
ML,synthetic,19,3,2,Data Science & Analytics|Artificial Intelligence & Machine Learning|Cloud & Distributed Systems,Artificial Intelligence,81.6,Engineering Mathematics-IV,69.8,C++,66.6,Data Structures and Algorithms,66.5,Cryptography & Network Security,63.5,Price Predictor,tensorflow|neural network|jenkins|computer vision|deep learning|matplotlib,average,52.7
CCS,synthetic,18,2,1,Cloud & Distributed Systems|Data Science & Analytics,Software Engineering,93.8,Full Stack Development,91.8,Data Structures and Algorithms,88.2,Python,84.6,Automata Theory,82.3,REST API Service,ci/cd|docker|fullstack|serverless|jenkins|microservices|aws,strong,73.8
DWM,synthetic,20,4,2,Artificial Intelligence & Machine Learning|Data Science & Analytics|Web Development|Cloud & Distributed Systems,Engineering Mathematics-IV,63.9,Software Engineering,59.7,Full Stack Development,55.3,Cryptography & Network Security,52.3,Artificial Intelligence,50.2,Customer Analytics Platform,postgresql|tableau|mongodb|power bi|mysql|sql|analytics|spark,below_avg,39.2
WT,synthetic,20,1,3,Network & Wireless Systems,Computer Networks,100.0,IoT,98.8,C++,97.8,Microcontroller & Embedded Systems,95.9,Operating Systems,95.7,Industrial IoT Gateway,rfid|embedded|zigbee|raspberry pi|iot|sensor|freertos|lora,topper,85.3
CCS,synthetic,19,2,3,Cloud & Distributed Systems|Web Development,Computer Networks,100.0,Java,100.0,Full Stack Development,100.0,Operating Systems,99.2,Automata Theory,94.9,Containerized Microservices App,devops|rest api|docker|ci/cd|fullstack|node|react|serverless,topper,89.3
ML,synthetic,20,2,2,Artificial Intelligence & Machine Learning|Data Science & Analytics,Engineering Mathematics-IV,73.7,Python,70.6,Data Structures and Algorithms,64.4,Artificial Intelligence,62.7,Software Engineering,61.9,Customer Churn Predictor,keras|data science|neural network|tableau|regression|classification|opencv|python,hard_sample,57.2
ML,synthetic,21,2,2,Data Science & Analytics|Web Development,Engineering Mathematics-IV,100.0,Engineering Mathematics-III,95.1,Design & Analysis of Algorithms,95.0,Python,93.4,Artificial Intelligence,91.9,Fraud Detection System,tensorflow|nlp|classification|pytorch|opencv|deep learning|matplotlib,topper,84.8
DWM,synthetic,20,4,3,Data Science & Analytics|Artificial Intelligence & Machine Learning|Web Development|Network & Wireless Systems,Database Management Systems,85.6,Cryptography & Network Security,79.2,Automata Theory,77.7,Digital Logic & Design,76.3,Software Engineering,70.6,Clickstream Analyzer,postgresql|iot|tableau|data warehouse|power bi|mongodb|mysql|data visualization,above_avg,65.9
WT,synthetic,21,3,3,Mobile & IoT Development|Network & Wireless Systems|Cloud & Distributed Systems,IoT,87.5,Microcontroller & Embedded Systems,85.1,Digital Logic & Design,74.7,Engineering Mathematics-III,74.3,Computer Networks,72.4,Smart Parking System,embedded|raspberry pi|iot|sensor|bluetooth|wireless|zigbee|gpio,above_avg,63.7
CCS,synthetic,19,3,4,Web Development|Cloud & Distributed Systems|Data Science & Analytics,Computer Networks,94.0,Operating Systems,90.5,Database Management Systems,87.6,Full Stack Development,87.5,Java,87.0,Online Learning Platform,devops|rest api|ci/cd|docker|fullstack|data warehouse|serverless|react,strong,79.0
WT,synthetic,20,2,2,Mobile & IoT Development|Network & Wireless Systems,Microcontroller & Embedded Systems,88.3,Operating Systems,84.3,Digital Logic & Design,83.8,Software Engineering,83.0,C++,79.5,LoRa Communication System,rfid|iot|arduino|esp32|bluetooth|gpio|wireless|i2c,strong,72.5
CCS,synthetic,18,1,2,Web Development,Computer Networks,100.0,Full Stack Development,100.0,Software Engineering,88.9,Design & Analysis of Algorithms,87.1,Database Management Systems,87.0,Multi-tenant SaaS App,devops|node|react|serverless|cloud|terraform|jenkins|microservices,strong,79.8
WT,synthetic,20,3,1,Mobile & IoT Development|Network & Wireless Systems|Cloud & Distributed Systems,IoT,100.0,Computer Networks,97.8,C++,87.9,Automata Theory,85.4,Engineering Mathematics-IV,81.8,Smart Home System,bluetooth|gpio|microcontroller|esp32|i2c,strong,79.4
DWM,synthetic,19,3,1,Artificial Intelligence & Machine Learning|Data Science & Analytics|Web Development,Automata Theory,44.2,Data Structures and Algorithms,42.9,Cryptography & Network Security,40.5,Software Engineering,34.0,Full Stack Development,33.2,Sales Dashboard,power bi|analytics|spark|data pipeline|pandas,struggling,24.9
ML,synthetic,21,2,4,Data Science & Analytics|Web Development,Engineering Mathematics-III,100.0,Engineering Mathematics-IV,100.0,Database Management Systems,100.0,Artificial Intelligence,100.0,Data Structures and Algorithms,99.3,Object Detection App,sklearn|tensorflow|nlp|numpy|neural network|data science|data warehouse|regression,topper,93.1
ML,synthetic,22,2,2,Data Science & Analytics|Artificial Intelligence & Machine Learning,C++,66.6,Artificial Intelligence,55.6,Data Structures and Algorithms,53.1,Automata Theory,52.9,Python,51.3,Spam Filter,data science|tensorflow|nlp|neural network|regression|classification|opencv|python,average,43.4
ML,synthetic,19,2,1,Artificial Intelligence & Machine Learning|Web Development,Python,77.0,Artificial Intelligence,71.2,Engineering Mathematics-IV,68.8,Design & Analysis of Algorithms,68.8,Engineering Mathematics-III,68.3,Stock Predictor,classification|neural network|keras|pytorch,average,56.0
CCS,synthetic,19,3,1,Cloud & Distributed Systems|Web Development|Data Science & Analytics,Full Stack Development,93.0,Computer Networks,85.1,Database Management Systems,81.5,Software Engineering,77.0,Design & Analysis of Algorithms,76.7,Blog Platform with CMS,devops|docker|node|react|terraform|nginx,strong,72.0
ML,synthetic,18,2,3,Data Science & Analytics|Web Development,Engineering Mathematics-III,100.0,Python,100.0,Artificial Intelligence,100.0,Data Structures and Algorithms,92.4,Engineering Mathematics-IV,90.7,Recommendation Engine,devops|sklearn|data science|fullstack|neural network|nlp|deep learning|pytorch,topper,85.5
ML,synthetic,20,2,2,Artificial Intelligence & Machine Learning|Data Science & Analytics,Data Structures and Algorithms,59.7,Artificial Intelligence,57.2,Cryptography & Network Security,54.1,Design & Analysis of Algorithms,49.8,Engineering Mathematics-IV,47.1,Recommendation Engine,sklearn|tensorflow|data science|kubernetes|deep learning|opencv|python|numpy,below_avg,33.8
ML,synthetic,20,2,3,Artificial Intelligence & Machine Learning|Cloud & Distributed Systems,Cryptography & Network Security,80.5,Engineering Mathematics-III,78.4,Artificial Intelligence,77.9,Python,77.4,Engineering Mathematics-IV,73.5,Language Translator,data science|nlp|neural network|tableau|serverless|deep learning|pytorch|opencv,above_avg,62.5
DWM,synthetic,22,2,2,Data Science & Analytics|Artificial Intelligence & Machine Learning,Python,43.5,Software Engineering,37.8,Computer Networks,22.0,Java,18.8,Engineering Mathematics-IV,16.2,Social Media Analytics,postgresql|data warehouse|power bi|sql|data visualization|analytics|spark|data mining,failing,10.5
CCS,synthetic,21,2,4,Web Development|Network & Wireless Systems,Computer Networks,100.0,Full Stack Development,100.0,Operating Systems,99.8,Python,98.1,C++,93.9,Serverless API Gateway,devops|rest api|ci/cd|fullstack|node|react|kubernetes|lora,topper,88.1
DWM,synthetic,22,3,2,Data Science & Analytics|Artificial Intelligence & Machine Learning|Web Development,Database Management Systems,83.9,Digital Logic & Design,82.1,Engineering Mathematics-IV,78.9,Design & Analysis of Algorithms,76.7,Java,71.4,Social Media Analytics,postgresql|spark|tableau|mongodb|data warehouse|mysql|sql|data visualization,strong,65.2
DWM,synthetic,18,3,4,Artificial Intelligence & Machine Learning|Data Science & Analytics|Web Development,Database Management Systems,59.2,Design & Analysis of Algorithms,57.5,C++,54.9,Software Engineering,54.1,Data Structures and Algorithms,53.6,Data Pipeline System,postgresql|spark|tableau|mongodb|data warehouse|power bi|mysql|sql,average,47.3
DWM,synthetic,18,1,1,Artificial Intelligence & Machine Learning,Database Management Systems,52.3,Java,50.9,Engineering Mathematics-IV,46.2,Data Structures and Algorithms,42.1,Automata Theory,40.9,Customer Analytics Platform,postgresql|mongodb|sql|data visualization|data mining|etl|pandas,below_avg,32.4
ML,synthetic,22,2,3,Artificial Intelligence & Machine Learning|Web Development,Artificial Intelligence,43.5,Automata Theory,39.0,Data Structures and Algorithms,38.4,Engineering Mathematics-III,35.8,Engineering Mathematics-IV,31.6,Spam Filter,sklearn|tensorflow|data science|neural network|nlp|regression|classification|opencv,failing,12.7
ML,synthetic,18,3,2,Data Science & Analytics|Artificial Intelligence & Machine Learning|Network & Wireless Systems,Python,41.2,Artificial Intelligence,40.9,Engineering Mathematics-III,40.2,Data Structures and Algorithms,37.3,Java,34.1,NLP Pipeline,data science|numpy|neural network|regression|deep learning|python|jupyter|computer vision,below_avg,30.2
CCS,synthetic,20,2,4,Web Development|Cloud & Distributed Systems,Full Stack Development,75.6,Computer Networks,74.3,Design & Analysis of Algorithms,69.4,C++,68.1,Cryptography & Network Security,67.6,Serverless API Gateway,devops|nginx|fullstack|neural network|node|serverless|kubernetes|react,above_avg,58.3
CCS,synthetic,21,1,1,Web Development,Operating Systems,72.0,Full Stack Development,66.8,Database Management Systems,63.5,Design & Analysis of Algorithms,63.5,Data Structures and Algorithms,63.4,Multi-tenant SaaS App,devops|nginx|kubernetes|serverless|bluetooth|microservices|rest api|aws,hard_sample,48.1
WT,synthetic,20,3,4,Network & Wireless Systems|Mobile & IoT Development|Cloud & Distributed Systems,Digital Logic & Design,100.0,Operating Systems,100.0,Computer Networks,100.0,Microcontroller & Embedded Systems,100.0,C++,100.0,Wireless Sensor Network,rfid|embedded|zigbee|iot|sensor|freertos|arduino|mqtt,topper,94.0
ML,synthetic,19,2,3,Artificial Intelligence & Machine Learning|Data Science & Analytics,Artificial Intelligence,98.5,Engineering Mathematics-IV,97.6,Software Engineering,94.5,Engineering Mathematics-III,92.6,Cryptography & Network Security,91.5,Disease Diagnosis Tool,keras|sklearn|tensorflow|nlp|neural network|regression|classification|opencv,topper,82.4
CCS,synthetic,20,2,3,Web Development|Data Science & Analytics,Full Stack Development,81.0,Software Engineering,77.4,Design & Analysis of Algorithms,71.9,Computer Networks,62.6,Java,61.5,Multi-tenant SaaS App,devops|docker|fullstack|serverless|kubernetes|lora|cloud|terraform,average,56.3
WT,synthetic,18,2,3,Mobile & IoT Development|Network & Wireless Systems,Microcontroller & Embedded Systems,58.2,Engineering Mathematics-IV,48.1,C++,46.2,Operating Systems,45.8,Engineering Mathematics-III,41.6,Industrial IoT Gateway,rfid|embedded|docker|ci/cd|raspberry pi|iot|sensor|freertos,below_avg,31.0
WT,synthetic,18,2,1,Mobile & IoT Development|Network & Wireless Systems,IoT,66.7,C++,63.2,Design & Analysis of Algorithms,59.1,Digital Logic & Design,53.8,Engineering Mathematics-IV,52.7,Gesture Controlled Robot,esp32|zigbee|wireless,average,42.2
WT,synthetic,22,2,1,Mobile & IoT Development|Network & Wireless Systems,IoT,81.4,Software Engineering,67.6,Java,65.1,Microcontroller & Embedded Systems,62.4,Data Structures and Algorithms,60.5,Smart Streetlight System,rfid|numpy|sensor|lora|bluetooth|zigbee|wireless,average,55.3
ML,synthetic,18,1,2,Artificial Intelligence & Machine Learning,Engineering Mathematics-IV,33.3,Data Structures and Algorithms,25.8,Automata Theory,18.0,Java,17.8,Engineering Mathematics-III,16.9,Recommendation Engine,sklearn|numpy|neural network|data warehouse|classification|pytorch|opencv|jupyter,failing,9.0
WT,synthetic,18,3,1,Network & Wireless Systems|Mobile & IoT Development|Cloud & Distributed Systems,Computer Networks,56.0,Digital Logic & Design,42.8,IoT,42.2,Microcontroller & Embedded Systems,41.3,Automata Theory,37.5,Smart Streetlight System,rfid|embedded|microcontroller,struggling,25.4
CCS,synthetic,20,2,4,Cloud & Distributed Systems|Web Development,Full Stack Development,56.5,Python,55.7,Cryptography & Network Security,53.2,Operating Systems,50.9,Software Engineering,50.9,Cloud Deployment Platform,devops|docker|fullstack|node|react|kubernetes|serverless|aws,average,44.5
WT,synthetic,20,1,2,Mobile & IoT Development,Microcontroller & Embedded Systems,100.0,C++,89.4,Java,87.4,Computer Networks,85.6,IoT,84.9,Health Monitoring Wearable,devops|rfid|embedded|zigbee|raspberry pi|iot|react|mqtt,strong,77.7
WT,synthetic,22,3,4,Network & Wireless Systems|Mobile & IoT Development|Cloud & Distributed Systems,Microcontroller & Embedded Systems,95.4,Computer Networks,84.5,Operating Systems,75.6,Automata Theory,75.5,C++,75.4,Smart Home System,devops|rfid|embedded|raspberry pi|iot|freertos|lora|arduino,above_avg,65.7
DWM,synthetic,21,1,2,Artificial Intelligence & Machine Learning,Digital Logic & Design,68.6,Microcontroller & Embedded Systems,66.0,Software Engineering,64.2,Data Structures and Algorithms,64.0,Engineering Mathematics-III,62.8,Academic Performance Dashboard,postgresql|data warehouse|power bi|mysql|data visualization|analytics|data mining|data pipeline,above_avg,56.3
WT,synthetic,18,3,3,Network & Wireless Systems|Mobile & IoT Development|Cloud & Distributed Systems,Computer Networks,63.3,Digital Logic & Design,63.2,Software Engineering,61.1,Operating Systems,58.0,Microcontroller & Embedded Systems,55.0,Smart Home System,rfid|embedded|zigbee|raspberry pi|iot|sensor|freertos|lora,average,46.7
CCS,synthetic,19,2,2,Web Development|Cloud & Distributed Systems,Full Stack Development,75.6,Operating Systems,75.1,Software Engineering,74.4,Database Management Systems,67.8,Automata Theory,67.3,REST API Service,ci/cd|docker|regression|react|kubernetes|terraform|nginx,average,56.7
DWM,synthetic,20,2,2,Data Science & Analytics|Artificial Intelligence & Machine Learning,Engineering Mathematics-IV,77.2,Java,73.6,Software Engineering,73.3,Database Management Systems,72.2,Engineering Mathematics-III,72.1,Data Pipeline System,postgresql|tableau|mongodb|data warehouse|mysql|sql|opencv|data mining,above_avg,63.8
DWM,synthetic,18,2,1,Data Science & Analytics|Web Development,Java,78.7,Data Structures and Algorithms,78.5,Python,77.1,Database Management Systems,76.8,Artificial Intelligence,76.5,Census Data Visualizer,postgresql|mongodb|data warehouse|mysql|hadoop|data pipeline|etl|pandas,strong,65.7
CCS,synthetic,19,3,3,Web Development|Cloud & Distributed Systems|Data Science & Analytics,Engineering Mathematics-IV,100.0,Operating Systems,100.0,Computer Networks,100.0,Software Engineering,100.0,Python,100.0,Multi-tenant SaaS App,ci/cd|fullstack|pandas|node|serverless|react|sql|cloud,topper,96.5
WT,synthetic,18,3,2,Mobile & IoT Development|Network & Wireless Systems|Cloud & Distributed Systems,Software Engineering,62.8,Microcontroller & Embedded Systems,59.2,Data Structures and Algorithms,58.3,Digital Logic & Design,56.6,Engineering Mathematics-IV,55.0,LoRa Communication System,iot|sensor|freertos|lora|mqtt|python|bluetooth|gpio,hard_sample,44.6
CCS,synthetic,22,2,3,Cloud & Distributed Systems|Mobile & IoT Development,Full Stack Development,100.0,Computer Networks,99.5,Database Management Systems,94.2,Software Engineering,93.6,Python,91.7,Online Learning Platform,devops|fullstack|node|react|data warehouse|jenkins|terraform|microservices,topper,86.3
WT,synthetic,20,2,2,Network & Wireless Systems|Mobile & IoT Development,Computer Networks,89.5,IoT,84.0,Operating Systems,78.9,Microcontroller & Embedded Systems,78.1,C++,72.9,Smart Home System,embedded|postgresql|raspberry pi|iot|sensor|freertos|lora|bluetooth,strong,66.6
ML,synthetic,18,2,2,Data Science & Analytics|Artificial Intelligence & Machine Learning,Artificial Intelligence,86.8,Python,81.8,Data Structures and Algorithms,79.3,C++,78.4,Software Engineering,74.3,Sentiment Analysis Tool,tensorflow|classification|machine learning|opencv|jupyter|numpy|keras|deep learning,strong,68.6
WT,synthetic,18,2,2,Mobile & IoT Development|Network & Wireless Systems,Microcontroller & Embedded Systems,72.5,Data Structures and Algorithms,68.3,Computer Networks,67.9,Operating Systems,63.3,IoT,59.0,Health Monitoring Wearable,rfid|raspberry pi|arduino|lora|esp32|bluetooth|wireless|i2c,average,47.4
CCS,synthetic,19,1,4,Web Development,Operating Systems,98.5,Full Stack Development,96.6,Software Engineering,92.3,Computer Networks,91.4,Python,88.5,Blog Platform with CMS,devops|docker|ci/cd|fullstack|node|react|kubernetes|serverless,strong,76.8
CCS,synthetic,22,1,2,Web Development,Operating Systems,72.1,Computer Networks,69.6,Cryptography & Network Security,66.2,Full Stack Development,63.9,Database Management Systems,63.3,Containerized Microservices App,devops|rest api|ci/cd|fullstack|node|serverless|kubernetes|pytorch,hard_sample,57.6
ML,synthetic,20,2,1,Data Science & Analytics|Artificial Intelligence & Machine Learning,Data Structures and Algorithms,61.9,Python,59.6,Java,57.7,Artificial Intelligence,56.1,Engineering Mathematics-III,50.8,Customer Churn Predictor,sklearn|regression|power bi|opencv|python|machine learning|matplotlib,average,42.2
ML,synthetic,20,3,2,Data Science & Analytics|Artificial Intelligence & Machine Learning|Web Development,Engineering Mathematics-III,100.0,Database Management Systems,100.0,Python,100.0,Artificial Intelligence,100.0,Java,99.7,Language Translator,keras|nlp|neural network|classification|opencv|numpy|gpio|computer vision,topper,90.9
ML,synthetic,20,3,3,Data Science & Analytics|Artificial Intelligence & Machine Learning|Web Development,Java,55.6,Database Management Systems,52.8,Artificial Intelligence,50.2,Digital Logic & Design,42.5,Engineering Mathematics-III,38.3,Object Detection App,rest api|data science|microservices|nlp|regression|pytorch|opencv|jupyter,struggling,29.0
CCS,synthetic,18,2,4,Cloud & Distributed Systems|Mobile & IoT Development,Full Stack Development,58.3,Software Engineering,58.1,Cryptography & Network Security,52.5,C++,51.9,Database Management Systems,51.4,Full Stack E-Commerce Site,devops|rest api|docker|ci/cd|postgresql|tensorflow|fullstack|node,below_avg,36.9
CCS,synthetic,18,2,1,Web Development|Cloud & Distributed Systems,Full Stack Development,80.9,Software Engineering,74.3,Automata Theory,65.6,Computer Networks,65.0,Design & Analysis of Algorithms,63.9,Cloud File Storage,devops|docker|fullstack|react|terraform|azure|aws,average,55.1
WT,synthetic,21,3,2,Network & Wireless Systems|Mobile & IoT Development|Cloud & Distributed Systems,IoT,58.4,Microcontroller & Embedded Systems,49.9,Cryptography & Network Security,44.8,Digital Logic & Design,37.5,Automata Theory,35.9,Wireless Sensor Network,zigbee|iot|arduino|mqtt|lora|analytics|bluetooth,below_avg,32.9
WT,synthetic,22,2,2,Mobile & IoT Development|Network & Wireless Systems,IoT,80.4,Microcontroller & Embedded Systems,71.1,Computer Networks,68.8,C++,64.6,Digital Logic & Design,63.1,LoRa Communication System,rfid|embedded|zigbee|raspberry pi|lora|arduino|bluetooth|gpio,average,52.4
ML,synthetic,19,3,1,Artificial Intelligence & Machine Learning|Data Science & Analytics|Cloud & Distributed Systems,Engineering Mathematics-IV,72.9,Artificial Intelligence,62.5,Data Structures and Algorithms,49.8,Java,49.7,C++,47.7,Sentiment Analysis Tool,jupyter|keras|sklearn|matplotlib,below_avg,41.1
ML,synthetic,19,2,1,Artificial Intelligence & Machine Learning|Cloud & Distributed Systems,Python,54.9,Artificial Intelligence,50.9,Design & Analysis of Algorithms,49.1,Cryptography & Network Security,47.1,Automata Theory,46.1,Sentiment Analysis Tool,embedded|neural network|classification|jupyter|keras|deep learning|pandas,below_avg,38.2
DWM,synthetic,20,2,4,Data Science & Analytics|Web Development,Data Structures and Algorithms,100.0,Python,100.0,Engineering Mathematics-IV,99.4,Java,96.3,Cryptography & Network Security,93.4,Census Data Visualizer,postgresql|tableau|data warehouse|power bi|mysql|sql|data visualization|opencv,topper,86.7
ML,synthetic,22,2,1,Data Science & Analytics|Artificial Intelligence & Machine Learning,Engineering Mathematics-III,53.6,Python,48.6,Automata Theory,47.4,Engineering Mathematics-IV,47.2,Microcontroller & Embedded Systems,46.3,Object Detection App,pytorch|opencv|jupyter|keras|azure,below_avg,32.2
WT,synthetic,19,2,3,Mobile & IoT Development|Network & Wireless Systems,Computer Networks,83.3,IoT,76.7,Digital Logic & Design,72.4,Operating Systems,71.9,Design & Analysis of Algorithms,68.7,Smart Agriculture,rfid|embedded|iot|sensor|freertos|lora|arduino|python,above_avg,63.2
WT,synthetic,19,2,3,Mobile & IoT Development|Cloud & Distributed Systems,Operating Systems,70.8,Computer Networks,53.7,Automata Theory,51.1,Engineering Mathematics-IV,50.5,IoT,44.3,Smart Agriculture,rfid|embedded|raspberry pi|arduino|mqtt|lora|bluetooth|zigbee,below_avg,34.5
DWM,synthetic,18,2,2,Data Science & Analytics|Artificial Intelligence & Machine Learning,Java,73.5,Python,67.5,Digital Logic & Design,61.0,Software Engineering,55.2,Engineering Mathematics-IV,54.8,Data Pipeline System,postgresql|spark|tableau|mongodb|sql|mysql|data visualization|analytics,inconsistent,38.9
ML,synthetic,22,2,2,Artificial Intelligence & Machine Learning|Data Science & Analytics,Data Structures and Algorithms,81.3,Cryptography & Network Security,77.4,Java,76.1,Artificial Intelligence,75.8,Engineering Mathematics-III,73.7,Stock Predictor,sklearn|nlp|pytorch|classification|opencv|computer vision|machine learning|pandas,strong,69.7
CCS,synthetic,19,1,2,Web Development,Computer Networks,100.0,Full Stack Development,100.0,Software Engineering,94.2,Python,92.5,Java,92.5,Cloud File Storage,devops|docker|nginx|node|kubernetes|react|jenkins|microservices,topper,84.9
DWM,synthetic,21,2,2,Data Science & Analytics|Web Development,Database Management Systems,92.9,Engineering Mathematics-IV,84.9,Java,78.7,Data Structures and Algorithms,75.9,Engineering Mathematics-III,72.3,Log Analysis System,spark|tableau|mongodb|power bi|mysql|data visualization|classification|hadoop,strong,68.0
DWM,synthetic,21,2,3,Data Science & Analytics|Artificial Intelligence & Machine Learning,Digital Logic & Design,72.7,Automata Theory,71.7,Python,71.1,C++,63.2,Database Management Systems,60.0,Customer Analytics Platform,tableau|mongodb|power bi|data warehouse|sql|mysql|data visualization|hadoop,above_avg,57.4
CCS,synthetic,19,3,1,Web Development|Cloud & Distributed Systems|Data Science & Analytics,Operating Systems,81.7,Full Stack Development,73.4,Computer Networks,73.2,Artificial Intelligence,68.5,Digital Logic & Design,65.8,Containerized Microservices App,fullstack|node|react|jenkins|nginx|azure,average,50.6
ML,synthetic,19,2,3,Artificial Intelligence & Machine Learning|Cloud & Distributed Systems,Cryptography & Network Security,81.2,Artificial Intelligence,80.4,Engineering Mathematics-IV,78.6,Data Structures and Algorithms,76.2,Database Management Systems,75.5,Customer Churn Predictor,keras|data science|tensorflow|nlp|regression|deep learning|pytorch|classification,strong,65.9
CCS,synthetic,20,3,1,Web Development|Cloud & Distributed Systems|Data Science & Analytics,Operating Systems,93.1,Software Engineering,82.8,Data Structures and Algorithms,81.4,Full Stack Development,79.5,Java,78.3,Service Mesh Dashboard,docker|fullstack|node|serverless|react|terraform|rest api,strong,71.6
WT,synthetic,22,3,4,Network & Wireless Systems|Mobile & IoT Development|Cloud & Distributed Systems,Operating Systems,63.2,Computer Networks,61.3,IoT,61.2,Java,56.6,Microcontroller & Embedded Systems,54.5,BLE Beacon Tracker,rfid|embedded|zigbee|raspberry pi|sensor|freertos|lora|arduino,below_avg,39.0
WT,synthetic,21,1,1,Mobile & IoT Development,Microcontroller & Embedded Systems,73.7,IoT,65.8,Computer Networks,61.9,Engineering Mathematics-IV,55.2,Automata Theory,53.1,BLE Beacon Tracker,rfid|embedded|zigbee|mqtt|bluetooth|computer vision|wireless,hard_sample,43.7
ML,synthetic,19,3,1,Data Science & Analytics|Artificial Intelligence & Machine Learning|Cloud & Distributed Systems,Python,44.6,Engineering Mathematics-III,43.5,Automata Theory,40.3,Full Stack Development,33.0,Data Structures and Algorithms,30.9,Stock Predictor,numpy|python|sklearn|matplotlib,struggling,22.2
CCS,synthetic,22,2,3,Cloud & Distributed Systems|Web Development,Full Stack Development,87.3,Software Engineering,79.8,Computer Networks,78.3,Engineering Mathematics-IV,74.8,Automata Theory,74.4,REST API Service,devops|rfid|ci/cd|docker|fullstack|node|serverless|react,above_avg,65.1
WT,synthetic,22,3,2,Network & Wireless Systems|Mobile & IoT Development|Cloud & Distributed Systems,Computer Networks,62.7,Operating Systems,58.5,C++,57.8,IoT,55.7,Java,55.0,Smart Home System,iot|arduino|lora|terraform|bluetooth|gpio|computer vision|microcontroller,below_avg,34.7
WT,synthetic,19,3,2,Mobile & IoT Development|Network & Wireless Systems|Cloud & Distributed Systems,Computer Networks,64.0,Design & Analysis of Algorithms,61.6,Cryptography & Network Security,60.6,C++,59.0,Microcontroller & Embedded Systems,54.7,Weather Station,embedded|raspberry pi|sensor|sql|freertos|arduino|mqtt|lora,average,47.4
DWM,synthetic,20,1,2,Data Science & Analytics,Cryptography & Network Security,26.9,Database Management Systems,23.6,Data Structures and Algorithms,22.3,Operating Systems,17.4,Full Stack Development,16.2,Market Basket Analyzer,tableau|data warehouse|power bi|mysql|sql|hadoop|analytics|spark,failing,6.9
ML,synthetic,19,2,1,Artificial Intelligence & Machine Learning|Data Science & Analytics,Design & Analysis of Algorithms,90.3,Cryptography & Network Security,84.5,Artificial Intelligence,83.3,Python,81.7,C++,74.1,Object Detection App,data science|sklearn|neural network|pytorch|numpy|keras|deep learning,hard_sample,67.9
ML,synthetic,20,3,2,Data Science & Analytics|Artificial Intelligence & Machine Learning|Web Development,C++,86.3,Python,84.4,Artificial Intelligence,82.9,Data Structures and Algorithms,80.5,Cryptography & Network Security,77.8,Price Predictor,sklearn|neural network|deep learning|opencv|python|numpy|keras|machine learning,strong,70.4
CCS,synthetic,20,1,3,Web Development,Database Management Systems,100.0,C++,100.0,Full Stack Development,100.0,Python,98.1,Operating Systems,97.3,CI/CD Pipeline Builder,devops|ci/cd|docker|fullstack|node|serverless|cloud|jenkins,topper,90.3
WT,synthetic,19,1,2,Mobile & IoT Development,Computer Networks,92.7,Microcontroller & Embedded Systems,86.8,Digital Logic & Design,86.0,Data Structures and Algorithms,82.5,IoT,82.2,IoT Security Monitor,rfid|embedded|docker|raspberry pi|iot|data warehouse|sensor|arduino,strong,71.2
CCS,synthetic,19,3,3,Web Development|Cloud & Distributed Systems|Network & Wireless Systems,Database Management Systems,87.8,Full Stack Development,81.9,Operating Systems,80.4,Python,79.5,Automata Theory,79.0,Service Mesh Dashboard,devops|ci/cd|docker|fullstack|kubernetes|serverless|react|jenkins,above_avg,67.0
DWM,synthetic,18,2,1,Artificial Intelligence & Machine Learning|Data Science & Analytics,Database Management Systems,95.1,Data Structures and Algorithms,88.8,Engineering Mathematics-IV,87.9,Python,87.0,Software Engineering,86.5,Sales Dashboard,devops|postgresql|mysql|sql|spark|etl,topper,80.1
WT,synthetic,21,1,2,Mobile & IoT Development,Computer Networks,100.0,Microcontroller & Embedded Systems,100.0,Digital Logic & Design,99.0,IoT,94.8,C++,92.9,Health Monitoring Wearable,rfid|docker|raspberry pi|pandas|iot|lora|mqtt|zigbee,topper,87.1
WT,synthetic,22,2,3,Network & Wireless Systems|Cloud & Distributed Systems,Microcontroller & Embedded Systems,71.8,C++,59.9,IoT,59.8,Computer Networks,53.5,Data Structures and Algorithms,52.7,Gesture Controlled Robot,rfid|embedded|zigbee|raspberry pi|iot|sensor|freertos|lora,average,47.0
DWM,synthetic,21,3,2,Artificial Intelligence & Machine Learning|Data Science & Analytics|Web Development,Python,73.5,Engineering Mathematics-IV,72.6,Design & Analysis of Algorithms,71.3,Data Structures and Algorithms,68.7,Java,64.6,Survey Data Analyzer,postgresql|spark|data warehouse|power bi|hadoop|data mining|analytics|etl,above_avg,57.0
DWM,synthetic,18,2,2,Artificial Intelligence & Machine Learning|Data Science & Analytics,Database Management Systems,70.1,Design & Analysis of Algorithms,65.5,Software Engineering,59.8,Data Structures and Algorithms,54.1,Python,53.5,Data Pipeline System,postgresql|data warehouse|power bi|sql|mysql|etl|pandas,average,47.1
DWM,synthetic,19,3,4,Data Science & Analytics|Artificial Intelligence & Machine Learning|Web Development,Cryptography & Network Security,39.6,Java,37.8,C++,37.5,Digital Logic & Design,37.4,Database Management Systems,36.4,ETL Automation Tool,postgresql|tableau|data warehouse|power bi|mongodb|sql|mysql|data visualization,below_avg,30.4
DWM,synthetic,18,2,2,Data Science & Analytics|Web Development,Data Structures and Algorithms,75.4,Software Engineering,73.0,Java,72.6,Design & Analysis of Algorithms,70.3,Database Management Systems,69.9,Sales Dashboard,postgresql|data warehouse|power bi|mysql|data visualization|analytics|pandas,above_avg,59.1
DWM,synthetic,20,3,2,Artificial Intelligence & Machine Learning|Data Science & Analytics|Web Development,Database Management Systems,90.2,Java,87.7,Automata Theory,87.3,Data Structures and Algorithms,86.6,Python,85.2,Academic Performance Dashboard,postgresql|data warehouse|mongodb|kubernetes|sql|data visualization|analytics|spark,strong,77.5
ML,synthetic,18,2,2,Artificial Intelligence & Machine Learning|Data Science & Analytics,Artificial Intelligence,86.8,Engineering Mathematics-III,75.5,Automata Theory,74.3,Cryptography & Network Security,64.5,Engineering Mathematics-IV,64.3,Language Translator,keras|deep learning|classification|opencv|numpy|computer vision|microcontroller,average,56.7
ML,synthetic,20,3,1,Data Science & Analytics|Artificial Intelligence & Machine Learning|Web Development,Engineering Mathematics-III,61.8,Engineering Mathematics-IV,58.1,Data Structures and Algorithms,56.9,Python,50.4,Artificial Intelligence,48.6,Disease Diagnosis Tool,data science|nlp|classification|opencv|jupyter|computer vision|machine learning|matplotlib,below_avg,35.8
DWM,synthetic,18,2,4,Data Science & Analytics|Artificial Intelligence & Machine Learning,Software Engineering,52.5,Data Structures and Algorithms,47.6,Python,45.5,Engineering Mathematics-IV,43.6,Java,42.9,Financial Data Mining Tool,ci/cd|postgresql|tableau|mongodb|power bi|data warehouse|mysql|hadoop,below_avg,33.3
DWM,synthetic,18,2,2,Data Science & Analytics|Artificial Intelligence & Machine Learning,Data Structures and Algorithms,57.4,Java,54.9,Software Engineering,53.8,C++,53.5,Engineering Mathematics-III,51.4,Healthcare Data Warehouse,postgresql|mongodb|power bi|regression|mysql|freertos|data visualization|hadoop,average,44.5
CCS,synthetic,22,3,2,Web Development|Cloud & Distributed Systems|Data Science & Analytics,Engineering Mathematics-IV,47.9,C++,43.0,Software Engineering,42.6,Python,41.7,Data Structures and Algorithms,38.0,Real-Time Chat Application,devops|fullstack|node|serverless|react|terraform|jenkins|microservices,struggling,28.7
DWM,synthetic,22,2,2,Data Science & Analytics|Web Development,Python,71.8,Database Management Systems,68.2,Data Structures and Algorithms,63.3,Automata Theory,61.4,Engineering Mathematics-IV,60.6,Log Analysis System,postgresql|mongodb|power bi|sensor|sql|data warehouse|data visualization|hadoop,above_avg,55.2
DWM,synthetic,21,4,2,Artificial Intelligence & Machine Learning|Data Science & Analytics|Web Development|Network & Wireless Systems,Engineering Mathematics-IV,61.1,Python,56.2,C++,49.9,Engineering Mathematics-III,49.5,Database Management Systems,49.4,Business Intelligence Portal,postgresql|mongodb|power bi|data warehouse|mysql|hadoop|spark|etl,inconsistent,36.4
WT,synthetic,19,1,2,Mobile & IoT Development,Digital Logic & Design,100.0,Operating Systems,100.0,Computer Networks,100.0,Microcontroller & Embedded Systems,100.0,Software Engineering,100.0,LoRa Communication System,rfid|lora|arduino|bluetooth|gpio|microcontroller|esp32|matplotlib,topper,94.5
ML,synthetic,18,1,4,Artificial Intelligence & Machine Learning,Automata Theory,37.0,Engineering Mathematics-III,34.3,Database Management Systems,34.2,Artificial Intelligence,33.2,Python,31.9,Face Recognition System,sklearn|data science|tensorflow|neural network|nlp|regression|classification|opencv,failing,15.0
WT,synthetic,18,2,3,Mobile & IoT Development|Network & Wireless Systems,Engineering Mathematics-IV,56.6,Digital Logic & Design,54.6,Computer Networks,52.9,Java,48.3,Microcontroller & Embedded Systems,48.1,IoT Security Monitor,devops|rfid|zigbee|raspberry pi|iot|sensor|power bi|freertos,below_avg,39.4
CCS,synthetic,18,2,3,Cloud & Distributed Systems|Web Development,Full Stack Development,72.8,Database Management Systems,66.4,Computer Networks,64.3,Java,56.6,Operating Systems,56.4,Kubernetes Cluster Monitor,devops|ci/cd|docker|postgresql|react|kubernetes|cloud|terraform,average,45.8
ML,synthetic,21,2,2,Data Science & Analytics|Cloud & Distributed Systems,Python,97.7,Database Management Systems,90.2,Artificial Intelligence,81.6,Data Structures and Algorithms,73.3,Automata Theory,73.3,Chatbot System,sklearn|numpy|pytorch|jupyter|computer vision|matplotlib,above_avg,66.5
ML,synthetic,20,2,2,Artificial Intelligence & Machine Learning|Data Science & Analytics,Artificial Intelligence,53.5,Automata Theory,51.7,C++,43.7,Design & Analysis of Algorithms,40.2,Database Management Systems,38.8,Text Summarizer,sklearn|tensorflow|neural network|iot|regression|machine learning|jupyter|python,struggling,30.4
WT,synthetic,19,2,3,Mobile & IoT Development|Network & Wireless Systems,Computer Networks,87.6,IoT,85.6,Operating Systems,77.8,Microcontroller & Embedded Systems,76.2,Digital Logic & Design,73.5,BLE Beacon Tracker,rfid|embedded|zigbee|raspberry pi|fullstack|iot|sensor|freertos,above_avg,66.2
WT,synthetic,19,2,1,Mobile & IoT Development|Cloud & Distributed Systems,IoT,75.8,C++,59.1,Microcontroller & Embedded Systems,55.1,Cryptography & Network Security,53.6,Computer Networks,52.5,GPS Tracker,esp32|iot|bluetooth,below_avg,43.0
WT,synthetic,19,2,3,Network & Wireless Systems|Mobile & IoT Development,IoT,73.7,Design & Analysis of Algorithms,69.3,C++,68.4,Operating Systems,65.9,Java,61.4,Smart Parking System,rfid|embedded|zigbee|iot|sensor|freertos|bluetooth|gpio,improving,49.4
ML,synthetic,20,3,1,Artificial Intelligence & Machine Learning|Data Science & Analytics|Cloud & Distributed Systems,Automata Theory,42.8,Engineering Mathematics-III,39.5,Engineering Mathematics-IV,29.1,Python,27.7,Operating Systems,27.6,Disease Diagnosis Tool,computer vision|data science|sklearn|neural network|keras|deep learning,failing,19.7
ML,synthetic,20,2,3,Data Science & Analytics|Cloud & Distributed Systems,Artificial Intelligence,75.6,Engineering Mathematics-III,71.9,Automata Theory,66.6,Database Management Systems,65.1,Python,62.3,Disease Diagnosis Tool,computer vision|tensorflow|nlp|neural network|classification|pytorch|python|numpy,average,49.9
WT,synthetic,21,1,2,Network & Wireless Systems,IoT,52.3,Digital Logic & Design,51.6,C++,38.2,Engineering Mathematics-IV,31.3,Microcontroller & Embedded Systems,29.5,IoT Security Monitor,iot|sensor|sql|freertos|arduino|wireless|bluetooth|gpio,failing,18.7
ML,synthetic,21,2,2,Data Science & Analytics|Artificial Intelligence & Machine Learning,Artificial Intelligence,63.6,Engineering Mathematics-IV,59.1,Engineering Mathematics-III,58.8,Cryptography & Network Security,48.8,Design & Analysis of Algorithms,44.0,NLP Pipeline,computer vision|nlp|neural network|deep learning|pytorch|python|jupyter|keras,below_avg,37.4
WT,synthetic,21,1,3,Network & Wireless Systems,IoT,77.3,Computer Networks,68.4,Microcontroller & Embedded Systems,60.1,Database Management Systems,59.8,C++,58.5,Health Monitoring Wearable,rfid|embedded|zigbee|iot|freertos|lora|mqtt|arduino,average,50.3
ML,synthetic,22,3,2,Data Science & Analytics|Artificial Intelligence & Machine Learning|Network & Wireless Systems,Python,100.0,Engineering Mathematics-IV,89.6,Software Engineering,88.1,Digital Logic & Design,84.9,Artificial Intelligence,79.2,Fraud Detection System,computer vision|sklearn|tensorflow|pytorch|opencv|machine learning|python|classification,strong,75.4
ML,synthetic,18,2,3,Data Science & Analytics|Web Development,Artificial Intelligence,86.9,Python,78.0,Design & Analysis of Algorithms,71.4,Software Engineering,69.8,Full Stack Development,64.7,Fraud Detection System,computer vision|sklearn|regression|pytorch|classification|numpy|keras|machine learning,above_avg,62.0
CCS,synthetic,19,3,2,Web Development|Cloud & Distributed Systems|Network & Wireless Systems,Computer Networks,81.3,Operating Systems,66.3,Database Management Systems,62.5,Full Stack Development,61.8,Automata Theory,57.3,Blog Platform with CMS,docker|ci/cd|node|kubernetes|aws|jenkins|microservices|nginx,average,55.3
ML,synthetic,21,2,4,Data Science & Analytics|Cloud & Distributed Systems,Java,51.2,Engineering Mathematics-III,48.4,Digital Logic & Design,37.0,Data Structures and Algorithms,32.6,C++,32.0,Face Recognition System,data science|sklearn|neural network|regression|deep learning|classification|opencv|pytorch,struggling,27.4
ML,synthetic,20,2,4,Artificial Intelligence & Machine Learning|Data Science & Analytics,Engineering Mathematics-III,76.4,Python,76.4,Artificial Intelligence,68.0,Java,66.8,Data Structures and Algorithms,66.5,Fraud Detection System,devops|sklearn|tensorflow|nlp|neural network|regression|mongodb|pytorch,above_avg,56.6
ML,synthetic,19,2,4,Data Science & Analytics|Artificial Intelligence & Machine Learning,Engineering Mathematics-III,64.8,Data Structures and Algorithms,59.7,Database Management Systems,58.0,Engineering Mathematics-IV,56.8,IoT,56.7,Handwriting Recognizer,sklearn|neural network|mysql|deep learning|classification|pytorch|jupyter|python,average,48.3
WT,synthetic,19,2,4,Mobile & IoT Development|Network & Wireless Systems,IoT,67.9,Computer Networks,63.4,Operating Systems,57.5,Microcontroller & Embedded Systems,54.2,Cryptography & Network Security,54.1,Smart Home System,rfid|embedded|raspberry pi|numpy|iot|sensor|freertos|lora,below_avg,43.7
ML,synthetic,19,2,2,Artificial Intelligence & Machine Learning|Data Science & Analytics,Python,59.3,Engineering Mathematics-III,55.5,Artificial Intelligence,54.6,Database Management Systems,51.4,Full Stack Development,50.9,Music Genre Classifier,docker|data science|microservices|fullstack|serverless|react|kubernetes|pytorch,hard_sample,43.6
ML,synthetic,19,2,3,Artificial Intelligence & Machine Learning|Data Science & Analytics,Artificial Intelligence,55.4,Java,53.6,Engineering Mathematics-III,42.1,Python,41.4,Design & Analysis of Algorithms,36.6,Chatbot System,computer vision|tensorflow|nlp|neural network|numpy|regression|power bi|classification,struggling,27.9
CCS,synthetic,20,3,2,Web Development|Cloud & Distributed Systems|Data Science & Analytics,Full Stack Development,76.0,Engineering Mathematics-IV,74.4,Data Structures and Algorithms,72.3,Java,64.2,Python,61.4,Serverless API Gateway,devops|docker|ci/cd|node|kubernetes|terraform|jenkins|nginx,inconsistent,43.0
DWM,synthetic,19,2,2,Data Science & Analytics|Artificial Intelligence & Machine Learning,Java,45.0,Artificial Intelligence,32.1,Full Stack Development,29.4,Data Structures and Algorithms,28.7,Automata Theory,27.8,Data Pipeline System,postgresql|tableau|mongodb|sql|data visualization|data mining|spark|analytics,struggling,19.0
WT,synthetic,22,1,4,Mobile & IoT Development,C++,30.2,Engineering Mathematics-IV,25.4,Microcontroller & Embedded Systems,25.2,IoT,24.9,Digital Logic & Design,23.4,Weather Station,rfid|embedded|zigbee|raspberry pi|tensorflow|iot|data warehouse|sensor,failing,12.1
WT,synthetic,18,3,1,Network & Wireless Systems|Mobile & IoT Development|Cloud & Distributed Systems,Computer Networks,58.1,Microcontroller & Embedded Systems,54.4,IoT,52.9,Digital Logic & Design,49.6,Engineering Mathematics-IV,48.2,Gesture Controlled Robot,embedded|tableau|sensor|i2c|microcontroller|wireless,below_avg,32.9
DWM,synthetic,20,2,2,Data Science & Analytics|Web Development,Engineering Mathematics-IV,70.0,Data Structures and Algorithms,65.4,Python,62.9,Software Engineering,62.4,Database Management Systems,58.5,Sales Dashboard,ci/cd|tableau|node|power bi|serverless|sql|mysql|cloud,hard_sample,50.0
DWM,synthetic,18,1,3,Artificial Intelligence & Machine Learning,Data Structures and Algorithms,62.0,Artificial Intelligence,58.7,Automata Theory,54.6,Cryptography & Network Security,50.1,Database Management Systems,49.7,Market Basket Analyzer,postgresql|tableau|mongodb|power bi|node|mysql|sql|data visualization,below_avg,35.6
ML,synthetic,19,2,2,Data Science & Analytics|Artificial Intelligence & Machine Learning,Design & Analysis of Algorithms,82.4,Python,79.1,Data Structures and Algorithms,78.4,Cryptography & Network Security,75.1,Engineering Mathematics-III,67.3,Speech Recognition,sklearn|tensorflow|neural network|regression|pytorch|machine learning|lora|python,inconsistent,57.4
CCS,synthetic,18,3,3,Web Development|Cloud & Distributed Systems|Network & Wireless Systems,Full Stack Development,76.1,Cryptography & Network Security,69.4,Operating Systems,68.9,Engineering Mathematics-III,68.5,Database Management Systems,64.3,REST API Service,docker|nginx|node|kubernetes|serverless|aws|microservices|rest api,inconsistent,53.2
WT,synthetic,20,2,2,Network & Wireless Systems|Mobile & IoT Development,C++,84.2,Java,79.9,Computer Networks,78.7,IoT,78.4,Design & Analysis of Algorithms,76.5,Health Monitoring Wearable,rfid|embedded|zigbee|raspberry pi|sensor|freertos|mqtt|wireless,above_avg,64.1
CCS,synthetic,18,2,2,Web Development|Cloud & Distributed Systems,Operating Systems,86.6,Engineering Mathematics-IV,86.0,Computer Networks,85.7,Database Management Systems,82.1,Full Stack Development,81.4,Cloud File Storage,docker|ci/cd|fullstack|react|jenkins|microservices|nginx,strong,68.9
ML,synthetic,22,2,2,Artificial Intelligence & Machine Learning|Data Science & Analytics,Engineering Mathematics-IV,75.6,Data Structures and Algorithms,74.2,Python,69.3,Artificial Intelligence,63.3,Automata Theory,60.8,Image Classifier,sklearn|numpy|nlp|neural network|data science|regression|classification|analytics,hard_sample,51.4
DWM,synthetic,20,3,3,Data Science & Analytics|Artificial Intelligence & Machine Learning|Web Development,Data Structures and Algorithms,97.1,Database Management Systems,93.5,Software Engineering,93.5,Design & Analysis of Algorithms,88.5,Python,88.3,Survey Data Analyzer,spark|data warehouse|mongodb|sql|mysql|data visualization|opencv|data mining,topper,81.8
ML,synthetic,18,1,2,Data Science & Analytics,Artificial Intelligence,45.1,Python,33.5,Engineering Mathematics-IV,26.6,Data Structures and Algorithms,25.6,Engineering Mathematics-III,23.0,Handwriting Recognizer,keras|nlp|neural network|regression|kubernetes|pytorch|opencv|numpy,failing,8.5
WT,synthetic,19,2,3,Network & Wireless Systems|Cloud & Distributed Systems,IoT,88.8,Computer Networks,77.9,Microcontroller & Embedded Systems,70.3,C++,67.9,Java,67.4,BLE Beacon Tracker,rfid|embedded|iot|sensor|freertos|arduino|mqtt|bluetooth,above_avg,56.0
ML,synthetic,20,3,1,Artificial Intelligence & Machine Learning|Data Science & Analytics|Mobile & IoT Development,Engineering Mathematics-IV,91.2,Python,90.3,Software Engineering,87.1,Engineering Mathematics-III,82.4,Automata Theory,82.3,Image Classifier,regression|deep learning|classification|numpy|machine learning,hard_sample,65.2
ML,synthetic,19,3,3,Artificial Intelligence & Machine Learning|Data Science & Analytics|Web Development,Cryptography & Network Security,74.6,Python,73.7,Design & Analysis of Algorithms,63.2,Artificial Intelligence,62.7,Database Management Systems,62.3,Price Predictor,sklearn|nlp|neural network|regression|sql|classification|pytorch|python,improving,56.6
ML,synthetic,22,1,2,Artificial Intelligence & Machine Learning,Python,78.0,Engineering Mathematics-III,77.7,Artificial Intelligence,76.6,Java,76.1,Design & Analysis of Algorithms,69.8,Fraud Detection System,data science|tensorflow|deep learning|classification|opencv|python|keras|machine learning,above_avg,59.7
DWM,synthetic,18,2,3,Artificial Intelligence & Machine Learning|Data Science & Analytics,Database Management Systems,61.0,Cryptography & Network Security,52.7,Artificial Intelligence,47.5,Operating Systems,46.5,C++,40.3,Log Analysis System,postgresql|tableau|mongodb|data warehouse|power bi|mysql|data visualization|lora,below_avg,37.1
WT,synthetic,18,4,1,Mobile & IoT Development|Data Science & Analytics|Network & Wireless Systems|Cloud & Distributed Systems,Computer Networks,75.6,Operating Systems,69.2,IoT,63.2,Cryptography & Network Security,60.2,C++,54.9,Weather Station,embedded|raspberry pi|sensor|freertos|lora|mqtt|gpio|wireless,hard_sample,41.7
ML,synthetic,21,3,1,Artificial Intelligence & Machine Learning|Data Science & Analytics|Web Development,Data Structures and Algorithms,99.8,Database Management Systems,83.1,Artificial Intelligence,79.8,Python,78.7,Java,77.4,Disease Diagnosis Tool,data science|sklearn|neural network|power bi|opencv|python|numpy|machine learning,hard_sample,63.7
DWM,synthetic,22,3,3,Artificial Intelligence & Machine Learning|Data Science & Analytics|Web Development,Database Management Systems,71.8,Engineering Mathematics-IV,60.5,Data Structures and Algorithms,59.0,Python,50.5,Software Engineering,44.1,Clickstream Analyzer,postgresql|tableau|mongodb|power bi|data warehouse|sql|mysql|jenkins,below_avg,33.9
DWM,synthetic,20,2,2,Data Science & Analytics|Web Development,Database Management Systems,85.7,Data Structures and Algorithms,77.1,Python,70.5,C++,69.2,Java,67.8,Financial Data Mining Tool,postgresql|data warehouse|power bi|sql|mysql|data visualization|analytics|data mining,above_avg,61.7
ML,synthetic,19,2,2,Artificial Intelligence & Machine Learning|Data Science & Analytics,Artificial Intelligence,45.2,C++,32.4,Database Management Systems,32.2,Automata Theory,31.7,Operating Systems,29.2,Chatbot System,data science|tensorflow|nlp|neural network|pytorch|classification|jupyter|machine learning,struggling,20.1
DWM,synthetic,22,3,3,Data Science & Analytics|Artificial Intelligence & Machine Learning|Web Development,Data Structures and Algorithms,84.4,Database Management Systems,78.1,Python,75.1,Cryptography & Network Security,72.3,Design & Analysis of Algorithms,67.7,Survey Data Analyzer,postgresql|tableau|data warehouse|power bi|mongodb|sql|mysql|data visualization,above_avg,63.8
DWM,synthetic,20,3,2,Data Science & Analytics|Artificial Intelligence & Machine Learning|Web Development,Design & Analysis of Algorithms,53.8,Database Management Systems,51.3,Engineering Mathematics-IV,50.8,Automata Theory,49.6,Digital Logic & Design,49.2,Business Intelligence Portal,ci/cd|postgresql|mongodb|data warehouse|sql|spark|etl,below_avg,42.7
CCS,synthetic,22,3,4,Cloud & Distributed Systems|Web Development|Data Science & Analytics,Software Engineering,81.7,Full Stack Development,75.8,Operating Systems,72.8,Computer Networks,71.9,Cryptography & Network Security,69.9,CI/CD Pipeline Builder,devops|ci/cd|nginx|fullstack|node|kubernetes|react|serverless,strong,65.8
ML,synthetic,22,2,2,Data Science & Analytics|Artificial Intelligence & Machine Learning,Software Engineering,56.4,Artificial Intelligence,55.4,Engineering Mathematics-III,54.0,Data Structures and Algorithms,53.5,Automata Theory,48.6,Chatbot System,data science|tensorflow|sklearn|nlp|pytorch|opencv|classification|keras,below_avg,34.6
DWM,synthetic,20,2,1,Artificial Intelligence & Machine Learning|Data Science & Analytics,Python,61.1,Data Structures and Algorithms,58.1,Database Management Systems,58.1,Operating Systems,57.7,Digital Logic & Design,53.9,Log Analysis System,tableau|power bi|sql|mysql|data visualization|analytics|pandas,average,45.9
ML,synthetic,18,4,3,Data Science & Analytics|Artificial Intelligence & Machine Learning|Cloud & Distributed Systems|Mobile & IoT Development,Engineering Mathematics-IV,37.8,Artificial Intelligence,29.9,Software Engineering,14.9,Python,14.3,Java,13.3,Text Summarizer,devops|sklearn|tensorflow|nlp|regression|sql|python|machine learning,failing,5.5
WT,synthetic,18,1,3,Network & Wireless Systems,IoT,73.7,Microcontroller & Embedded Systems,60.7,Computer Networks,58.8,Python,54.5,Java,50.8,Health Monitoring Wearable,rfid|embedded|data science|zigbee|iot|freertos|lora|mqtt,below_avg,40.0
DWM,synthetic,21,3,1,Artificial Intelligence & Machine Learning|Data Science & Analytics|Web Development,Engineering Mathematics-IV,75.3,Software Engineering,67.2,Data Structures and Algorithms,66.3,Database Management Systems,65.8,Engineering Mathematics-III,61.6,Census Data Visualizer,postgresql|tableau|data visualization|spark|data pipeline,inconsistent,47.1
DWM,synthetic,22,1,3,Artificial Intelligence & Machine Learning,Database Management Systems,94.6,Java,78.8,Engineering Mathematics-IV,76.8,Digital Logic & Design,74.9,Python,71.5,Healthcare Data Warehouse,postgresql|mongodb|data warehouse|power bi|sql|mysql|data visualization|hadoop,above_avg,66.5
WT,synthetic,19,2,4,Mobile & IoT Development|Network & Wireless Systems,Microcontroller & Embedded Systems,94.3,Computer Networks,84.8,C++,83.2,Digital Logic & Design,80.1,Operating Systems,77.6,RFID Attendance System,iot|sensor|arduino|mqtt|wireless|spark|bluetooth|gpio,strong,72.1
CCS,synthetic,19,4,2,Web Development|Cloud & Distributed Systems|Data Science & Analytics|Mobile & IoT Development,C++,94.9,Software Engineering,94.2,Full Stack Development,90.9,Automata Theory,89.1,Operating Systems,86.9,Cloud Deployment Platform,devops|rest api|embedded|ci/cd|fullstack|node|serverless|kubernetes,strong,74.9
WT,synthetic,21,4,1,Network & Wireless Systems|Mobile & IoT Development|Cloud & Distributed Systems|Artificial Intelligence & Machine Learning,Operating Systems,73.9,Computer Networks,72.2,Engineering Mathematics-IV,70.8,Microcontroller & Embedded Systems,65.6,IoT,65.4,GPS Tracker,rfid|embedded|freertos|arduino|microcontroller|wireless,above_avg,55.5
CCS,synthetic,18,2,2,Web Development|Cloud & Distributed Systems,Full Stack Development,97.6,Computer Networks,90.2,Operating Systems,82.9,Engineering Mathematics-IV,81.2,Software Engineering,78.7,Blog Platform with CMS,devops|docker|ci/cd|node|react|cloud|microservices|nginx,strong,70.4
DWM,synthetic,18,2,2,Data Science & Analytics|Artificial Intelligence & Machine Learning,Engineering Mathematics-IV,42.8,Data Structures and Algorithms,29.6,Python,23.3,Database Management Systems,16.4,IoT,11.4,Business Intelligence Portal,mongodb|power bi|sql|terraform|hadoop|analytics|spark|etl,failing,5.5
CCS,synthetic,19,2,1,Web Development|Network & Wireless Systems,Java,74.1,Data Structures and Algorithms,73.7,Database Management Systems,69.9,Software Engineering,69.6,Engineering Mathematics-IV,68.0,CI/CD Pipeline Builder,ci/cd|react|azure,above_avg,61.9
CCS,synthetic,21,2,2,Web Development|Cloud & Distributed Systems,Full Stack Development,58.4,Automata Theory,57.7,Artificial Intelligence,46.5,Cryptography & Network Security,41.1,C++,38.9,Service Mesh Dashboard,devops|ci/cd|docker|nginx|serverless|react|sensor|kubernetes,below_avg,33.0
ML,synthetic,18,3,2,Artificial Intelligence & Machine Learning|Data Science & Analytics|Cloud & Distributed Systems,Python,65.8,Engineering Mathematics-III,59.5,Engineering Mathematics-IV,50.7,Operating Systems,50.7,Full Stack Development,49.7,Stock Predictor,devops|ci/cd|tensorflow|neural network|regression|kubernetes|power bi|classification,hard_sample,40.9
ML,synthetic,21,3,2,Artificial Intelligence & Machine Learning|Data Science & Analytics|Web Development,Python,60.0,Engineering Mathematics-IV,57.4,Design & Analysis of Algorithms,57.3,Artificial Intelligence,57.3,Engineering Mathematics-III,52.6,Language Translator,rfid|sklearn|numpy|nlp|neural network|python|jupyter|computer vision,average,46.5
WT,synthetic,22,2,2,Network & Wireless Systems|Mobile & IoT Development,Computer Networks,66.1,IoT,59.3,Engineering Mathematics-IV,56.3,Microcontroller & Embedded Systems,54.9,Digital Logic & Design,51.4,Smart Parking System,raspberry pi|mqtt|bluetooth|zigbee|microcontroller|esp32,average,42.5
DWM,synthetic,18,2,2,Data Science & Analytics|Artificial Intelligence & Machine Learning,Java,53.4,Python,50.4,Cryptography & Network Security,47.6,Computer Networks,43.4,Data Structures and Algorithms,42.8,Healthcare Data Warehouse,postgresql|tableau|mongodb|mysql|data mining|spark|data pipeline,struggling,29.5
DWM,synthetic,20,3,1,Data Science & Analytics|Artificial Intelligence & Machine Learning|Web Development,Java,61.2,Design & Analysis of Algorithms,60.1,Automata Theory,50.3,Data Structures and Algorithms,48.1,Artificial Intelligence,43.6,Sales Dashboard,postgresql|tableau|data warehouse|mysql|data visualization|spark|etl|pandas,struggling,29.3
ML,synthetic,22,1,2,Data Science & Analytics,Java,42.3,Database Management Systems,37.4,Python,36.5,Engineering Mathematics-III,31.3,Digital Logic & Design,30.1,Fraud Detection System,numpy|neural network|power bi|classification|machine learning|python|jupyter|computer vision,struggling,20.6
ML,synthetic,19,3,1,Data Science & Analytics|Artificial Intelligence & Machine Learning|Web Development,Artificial Intelligence,66.1,Python,58.4,Engineering Mathematics-IV,56.6,Operating Systems,51.2,Software Engineering,49.9,Customer Churn Predictor,deep learning|pytorch|opencv|mqtt|jupyter|computer vision|machine learning|pandas,below_avg,40.7
DWM,synthetic,18,2,3,Data Science & Analytics|Web Development,C++,52.4,Digital Logic & Design,41.1,Java,38.9,Data Structures and Algorithms,37.0,Operating Systems,36.9,Census Data Visualizer,postgresql|tensorflow|nlp|mongodb|data warehouse|power bi|mysql|sql,below_avg,32.9
CCS,synthetic,19,2,3,Cloud & Distributed Systems|Web Development,Operating Systems,91.5,Computer Networks,88.8,Software Engineering,86.8,Full Stack Development,85.2,Python,82.2,Service Mesh Dashboard,devops|ci/cd|docker|fullstack|kubernetes|serverless|cloud|jenkins,strong,71.8
WT,synthetic,22,3,2,Network & Wireless Systems|Mobile & IoT Development|Cloud & Distributed Systems,Digital Logic & Design,100.0,Operating Systems,100.0,Computer Networks,100.0,Microcontroller & Embedded Systems,100.0,IoT,100.0,Smart Streetlight System,rfid|node|freertos|arduino|mqtt|zigbee|gpio|microcontroller,topper,90.7
ML,synthetic,18,2,2,Data Science & Analytics|Artificial Intelligence & Machine Learning,Artificial Intelligence,97.0,Database Management Systems,86.9,Engineering Mathematics-IV,84.7,Python,83.6,Data Structures and Algorithms,82.5,Stock Predictor,embedded|sklearn|nlp|neural network|regression|classification|jupyter|computer vision,strong,73.9
CCS,synthetic,22,2,1,Web Development|Cloud & Distributed Systems,Operating Systems,47.6,Design & Analysis of Algorithms,47.1,Java,45.0,Data Structures and Algorithms,43.6,Python,43.1,Cloud File Storage,ci/cd|fullstack|kubernetes|rest api|aws,below_avg,35.9
ML,synthetic,20,3,4,Data Science & Analytics|Artificial Intelligence & Machine Learning|Network & Wireless Systems,Java,88.3,Engineering Mathematics-IV,87.9,Digital Logic & Design,85.2,Artificial Intelligence,82.4,Data Structures and Algorithms,81.2,Stock Predictor,computer vision|data science|numpy|tensorflow|neural network|regression|power bi|deep learning,strong,70.9
ML,synthetic,19,1,3,Data Science & Analytics,Python,73.0,Data Structures and Algorithms,68.0,Digital Logic & Design,66.8,Artificial Intelligence,66.6,Engineering Mathematics-III,65.9,Stock Predictor,data science|tensorflow|microservices|neural network|classification|opencv|pytorch|jupyter,average,52.3
ML,synthetic,21,3,2,Artificial Intelligence & Machine Learning|Data Science & Analytics|Web Development,Python,76.0,Artificial Intelligence,67.3,Engineering Mathematics-III,60.6,Automata Theory,59.2,Design & Analysis of Algorithms,52.8,Image Classifier,sklearn|tensorflow|nlp|neural network|pytorch|computer vision,average,49.0
DWM,synthetic,19,1,3,Data Science & Analytics,Engineering Mathematics-IV,83.6,Automata Theory,78.3,Database Management Systems,76.5,C++,75.7,Software Engineering,74.6,Business Intelligence Portal,rfid|postgresql|spark|tableau|power bi|sql|mysql|data visualization,above_avg,58.5
DWM,synthetic,21,3,4,Data Science & Analytics|Artificial Intelligence & Machine Learning|Web Development,Data Structures and Algorithms,70.8,Artificial Intelligence,70.4,Java,62.3,Digital Logic & Design,58.6,Operating Systems,58.3,Customer Analytics Platform,postgresql|spark|tableau|mongodb|power bi|data warehouse|sql|data visualization,average,55.0
WT,synthetic,22,3,1,Mobile & IoT Development|Network & Wireless Systems|Cloud & Distributed Systems,Microcontroller & Embedded Systems,100.0,IoT,100.0,Engineering Mathematics-IV,93.5,Digital Logic & Design,90.8,Design & Analysis of Algorithms,88.2,Smart Home System,rfid|raspberry pi|sensor|lora|wireless|i2c|microcontroller|esp32,topper,80.6
ML,synthetic,18,2,4,Data Science & Analytics|Artificial Intelligence & Machine Learning,Engineering Mathematics-III,62.8,Artificial Intelligence,60.4,Python,47.4,Database Management Systems,46.3,Design & Analysis of Algorithms,43.0,Language Translator,computer vision|sklearn|tensorflow|data science|neural network|classification|opencv|python,average,45.5
WT,synthetic,19,1,4,Mobile & IoT Development,IoT,38.5,Digital Logic & Design,37.5,C++,31.7,Operating Systems,30.7,Java,29.8,Weather Station,rfid|embedded|raspberry pi|sensor|freertos|lora|mqtt|bluetooth,struggling,19.2
DWM,synthetic,22,3,4,Artificial Intelligence & Machine Learning|Data Science & Analytics|Web Development,Java,66.3,Engineering Mathematics-IV,61.3,Database Management Systems,55.4,Data Structures and Algorithms,55.0,Python,51.2,Financial Data Mining Tool,postgresql|fullstack|tableau|data warehouse|power bi|sql|hadoop|data mining,average,42.9
WT,synthetic,19,1,3,Network & Wireless Systems,Computer Networks,79.9,Design & Analysis of Algorithms,73.8,C++,72.2,Engineering Mathematics-III,71.0,Java,67.3,Health Monitoring Wearable,embedded|zigbee|neural network|iot|data warehouse|arduino|mqtt|bluetooth,above_avg,58.2
WT,synthetic,19,4,2,Mobile & IoT Development|Network & Wireless Systems|Cloud & Distributed Systems|Artificial Intelligence & Machine Learning,Computer Networks,70.5,IoT,66.5,Data Structures and Algorithms,65.4,Operating Systems,64.9,Microcontroller & Embedded Systems,64.6,Industrial IoT Gateway,rfid|zigbee|sensor|freertos|lora|bluetooth|i2c|gpio,above_avg,55.1
ML,synthetic,21,2,2,Data Science & Analytics|Web Development,Software Engineering,64.5,Engineering Mathematics-IV,55.2,Data Structures and Algorithms,54.4,C++,46.5,Artificial Intelligence,42.6,Sentiment Analysis Tool,sklearn|numpy|neural network|regression|classification|opencv|pytorch|python,below_avg,39.7
DWM,synthetic,18,3,3,Artificial Intelligence & Machine Learning|Data Science & Analytics|Web Development,Python,74.5,Database Management Systems,70.6,Data Structures and Algorithms,63.8,Digital Logic & Design,56.0,Java,54.5,ETL Automation Tool,postgresql|tableau|mongodb|data warehouse|data visualization|hadoop|data mining|analytics,average,51.5
CCS,synthetic,19,1,1,Web Development,Software Engineering,55.3,Full Stack Development,51.6,Engineering Mathematics-IV,45.1,Automata Theory,42.5,Computer Networks,41.7,Online Learning Platform,ci/cd|docker|fullstack|node|kubernetes|react|jenkins|cloud,below_avg,33.2
ML,synthetic,22,3,4,Artificial Intelligence & Machine Learning|Data Science & Analytics|Cloud & Distributed Systems,C++,85.2,Design & Analysis of Algorithms,73.0,Engineering Mathematics-IV,69.1,Engineering Mathematics-III,69.0,Full Stack Development,66.2,Text Summarizer,computer vision|sklearn|tensorflow|nlp|data science|postgresql|opencv|python,average,54.5
ML,synthetic,21,2,2,Data Science & Analytics|Web Development,Database Management Systems,83.5,Python,76.2,Engineering Mathematics-III,71.7,Artificial Intelligence,71.2,Java,70.3,Recommendation Engine,computer vision|data science|tensorflow|neural network|regression|deep learning|pytorch|opencv,above_avg,61.3
WT,synthetic,21,2,2,Network & Wireless Systems|Mobile & IoT Development,Digital Logic & Design,100.0,Microcontroller & Embedded Systems,100.0,Computer Networks,98.2,IoT,98.1,Java,93.6,GPS Tracker,rfid|raspberry pi|sensor|freertos|mqtt|zigbee|gpio|wireless,topper,87.0
WT,synthetic,22,3,2,Mobile & IoT Development|Network & Wireless Systems|Cloud & Distributed Systems,Computer Networks,100.0,C++,100.0,IoT,100.0,Microcontroller & Embedded Systems,94.5,Engineering Mathematics-IV,89.5,BLE Beacon Tracker,rfid|zigbee|raspberry pi|microservices|sensor|arduino|mqtt|wireless,topper,85.5
DWM,synthetic,18,2,4,Data Science & Analytics|Artificial Intelligence & Machine Learning,Database Management Systems,47.1,Operating Systems,39.7,Java,38.1,Automata Theory,34.3,Cryptography & Network Security,34.3,Log Analysis System,postgresql|spark|tableau|data warehouse|power bi|mongodb|sql|mysql,struggling,26.9
WT,synthetic,18,4,2,Network & Wireless Systems|Mobile & IoT Development|Cloud & Distributed Systems|Artificial Intelligence & Machine Learning,Microcontroller & Embedded Systems,58.1,Digital Logic & Design,42.2,Operating Systems,36.5,Computer Networks,34.9,C++,34.9,Health Monitoring Wearable,rfid|embedded|data science|iot|sensor|lora|mqtt|wireless,struggling,22.6
DWM,synthetic,21,4,2,Artificial Intelligence & Machine Learning|Data Science & Analytics|Web Development|Cloud & Distributed Systems,Database Management Systems,100.0,Python,98.8,Data Structures and Algorithms,92.7,Software Engineering,92.3,C++,91.8,Log Analysis System,postgresql|mongodb|data warehouse|mysql|data visualization|data mining|data pipeline|etl,topper,86.0
DWM,synthetic,21,2,1,Data Science & Analytics|Artificial Intelligence & Machine Learning,Design & Analysis of Algorithms,60.0,Database Management Systems,54.1,Automata Theory,52.9,Engineering Mathematics-IV,52.0,Data Structures and Algorithms,50.7,Market Basket Analyzer,pandas|data visualization|postgresql|spark,average,48.7
ML,synthetic,18,3,1,Artificial Intelligence & Machine Learning|Data Science & Analytics|Web Development,Software Engineering,50.4,Database Management Systems,49.6,Artificial Intelligence,45.9,Engineering Mathematics-IV,44.1,Engineering Mathematics-III,40.7,Customer Churn Predictor,data science|regression|classification|opencv|python|jupyter|deep learning,below_avg,31.7
ML,synthetic,22,2,1,Data Science & Analytics|Artificial Intelligence & Machine Learning,Engineering Mathematics-III,79.6,Engineering Mathematics-IV,63.4,Python,56.8,Full Stack Development,53.6,Java,53.3,Image Classifier,tensorflow|neural network|regression|classification|computer vision|deep learning|pandas|matplotlib,average,49.8
ML,synthetic,21,4,2,Artificial Intelligence & Machine Learning|Data Science & Analytics|Network & Wireless Systems|Cloud & Distributed Systems,Python,89.9,Artificial Intelligence,79.5,C++,78.0,Operating Systems,77.2,Engineering Mathematics-III,76.6,Music Genre Classifier,keras|data science|nlp|deep learning|rest api|machine learning|matplotlib,hard_sample,66.9
CCS,synthetic,18,3,1,Cloud & Distributed Systems|Web Development|Mobile & IoT Development,Full Stack Development,66.0,Python,62.8,Data Structures and Algorithms,60.4,Cryptography & Network Security,60.2,Engineering Mathematics-III,59.1,Cloud File Storage,devops|kubernetes|react|terraform|azure|cloud,hard_sample,49.8
CCS,synthetic,20,2,2,Cloud & Distributed Systems|Web Development,Operating Systems,76.1,Automata Theory,69.9,Computer Networks,66.0,Python,64.2,Engineering Mathematics-IV,59.9,Portfolio Website Builder,docker|nginx|fullstack|react|serverless|terraform|microservices|rest api,average,52.5
DWM,synthetic,18,2,1,Data Science & Analytics|Artificial Intelligence & Machine Learning,Design & Analysis of Algorithms,47.0,Database Management Systems,40.4,Artificial Intelligence,40.1,Microcontroller & Embedded Systems,39.6,Java,39.2,Crime Data Analysis,data visualization|data mining|pandas|analytics,struggling,24.9
DWM,synthetic,22,2,1,Data Science & Analytics|Artificial Intelligence & Machine Learning,Automata Theory,67.0,Digital Logic & Design,65.9,Python,65.6,Software Engineering,64.0,Data Structures and Algorithms,63.1,Academic Performance Dashboard,docker|postgresql|tableau|mongodb|sql|hadoop|data mining|analytics,average,54.8
ML,synthetic,18,3,2,Artificial Intelligence & Machine Learning|Data Science & Analytics|Cloud & Distributed Systems,Engineering Mathematics-IV,53.6,Python,51.3,Artificial Intelligence,48.7,Data Structures and Algorithms,39.2,Engineering Mathematics-III,31.9,Customer Churn Predictor,data science|tensorflow|neural network|regression|pytorch|opencv|python|jupyter,struggling,28.9
CCS,synthetic,20,4,2,Cloud & Distributed Systems|Web Development|Network & Wireless Systems|Artificial Intelligence & Machine Learning,Full Stack Development,77.4,Database Management Systems,66.8,Computer Networks,65.3,Digital Logic & Design,63.6,Data Structures and Algorithms,60.7,Containerized Microservices App,devops|fullstack|node|aws|terraform|rest api|azure|cloud,hard_sample,50.1
DWM,synthetic,20,3,2,Artificial Intelligence & Machine Learning|Data Science & Analytics|Web Development,Database Management Systems,65.9,Cryptography & Network Security,57.7,Software Engineering,57.2,Data Structures and Algorithms,56.7,Design & Analysis of Algorithms,55.7,Academic Performance Dashboard,postgresql|mongodb|power bi|mysql|data visualization|data mining|data pipeline|etl,hard_sample,43.1
ML,synthetic,22,1,3,Artificial Intelligence & Machine Learning,C++,97.4,Automata Theory,94.2,Engineering Mathematics-IV,94.0,Engineering Mathematics-III,93.6,Artificial Intelligence,88.5,NLP Pipeline,computer vision|data science|tensorflow|nlp|regression|deep learning|pytorch|classification,strong,76.9
ML,synthetic,20,2,2,Data Science & Analytics|Artificial Intelligence & Machine Learning,Data Structures and Algorithms,49.2,Artificial Intelligence,35.9,Software Engineering,33.7,Operating Systems,31.8,Engineering Mathematics-IV,31.1,Spam Filter,sklearn|nlp|regression|serverless|pytorch|classification|python|machine learning,failing,17.0
ML,synthetic,21,2,3,Data Science & Analytics|Artificial Intelligence & Machine Learning,Engineering Mathematics-IV,48.7,Artificial Intelligence,42.1,Data Structures and Algorithms,39.2,Python,34.3,C++,31.9,Face Recognition System,sklearn|tensorflow|zigbee|neural network|classification|opencv|pytorch|python,failing,17.9
DWM,synthetic,18,2,2,Data Science & Analytics|Artificial Intelligence & Machine Learning,Engineering Mathematics-IV,93.1,Data Structures and Algorithms,86.7,Engineering Mathematics-III,81.5,Database Management Systems,80.2,Java,76.1,Academic Performance Dashboard,mongodb|data warehouse|power bi|sql|mysql|data visualization|hadoop|data mining,above_avg,64.4
ML,synthetic,21,3,2,Artificial Intelligence & Machine Learning|Data Science & Analytics|Cloud & Distributed Systems,Python,82.9,Artificial Intelligence,73.1,Automata Theory,72.2,Cryptography & Network Security,71.0,Engineering Mathematics-IV,65.8,Speech Recognition,sklearn|nlp|neural network|classification|pytorch|python|jupyter|numpy,hard_sample,60.3
ML,synthetic,22,2,3,Artificial Intelligence & Machine Learning|Web Development,Artificial Intelligence,79.4,C++,78.3,Data Structures and Algorithms,67.1,Python,63.9,Digital Logic & Design,57.5,Face Recognition System,keras|data science|sklearn|tensorflow|neural network|postgresql|tableau|data warehouse,hard_sample,49.8
CCS,synthetic,22,1,3,Web Development,Database Management Systems,91.6,Full Stack Development,79.6,Cryptography & Network Security,75.7,Engineering Mathematics-IV,75.0,Computer Networks,74.1,Task Management System,data science|microservices|nginx|fullstack|serverless|react|cloud|jenkins,above_avg,67.0
WT,synthetic,21,2,1,Mobile & IoT Development|Network & Wireless Systems,Computer Networks,82.3,Microcontroller & Embedded Systems,81.6,Operating Systems,80.7,IoT,73.6,Digital Logic & Design,70.9,BLE Beacon Tracker,embedded|lora|wireless|gpio|esp32,hard_sample,60.2
ML,synthetic,22,1,2,Data Science & Analytics,Artificial Intelligence,41.5,Python,33.7,Data Structures and Algorithms,32.2,Java,28.3,Database Management Systems,23.9,Face Recognition System,data science|tensorflow|neural network|mysql|pytorch|opencv|python|numpy,failing,15.7
WT,synthetic,19,3,2,Network & Wireless Systems|Mobile & IoT Development|Web Development,Python,68.8,IoT,65.1,Microcontroller & Embedded Systems,62.3,C++,61.9,Data Structures and Algorithms,56.8,Smart Home System,rfid|iot|sensor|arduino|wireless|bluetooth|gpio|esp32,average,45.1
CCS,synthetic,19,3,4,Cloud & Distributed Systems|Web Development|Network & Wireless Systems,Operating Systems,47.3,Full Stack Development,46.5,Python,39.0,Cryptography & Network Security,37.1,Computer Networks,35.8,Blog Platform with CMS,devops|rest api|ci/cd|docker|nlp|node|react|serverless,struggling,30.7
WT,synthetic,20,2,2,Mobile & IoT Development|Network & Wireless Systems,Microcontroller & Embedded Systems,75.9,Automata Theory,70.9,Computer Networks,68.2,Operating Systems,64.5,IoT,63.9,Industrial IoT Gateway,rfid|raspberry pi|freertos|lora|terraform|wireless|bluetooth|gpio,average,53.6
ML,synthetic,19,3,1,Artificial Intelligence & Machine Learning|Data Science & Analytics|Web Development,Artificial Intelligence,100.0,Software Engineering,92.9,Data Structures and Algorithms,89.7,Python,89.4,Automata Theory,86.3,Sentiment Analysis Tool,tensorflow|regression|classification|numpy|machine learning,inconsistent,71.1
DWM,synthetic,18,2,1,Artificial Intelligence & Machine Learning|Data Science & Analytics,Engineering Mathematics-IV,76.9,Digital Logic & Design,71.8,Design & Analysis of Algorithms,69.4,Database Management Systems,65.1,Java,65.1,Sales Dashboard,mysql|data pipeline|data mining,hard_sample,54.9
WT,synthetic,22,3,3,Mobile & IoT Development|Network & Wireless Systems|Cloud & Distributed Systems,Operating Systems,85.8,Computer Networks,83.2,IoT,79.8,Microcontroller & Embedded Systems,79.4,Digital Logic & Design,77.1,Weather Station,rfid|zigbee|raspberry pi|iot|sensor|freertos|arduino|lora,strong,66.9
DWM,synthetic,21,2,1,Artificial Intelligence & Machine Learning|Data Science & Analytics,Engineering Mathematics-III,73.0,Java,72.6,Python,71.8,Engineering Mathematics-IV,68.3,Data Structures and Algorithms,66.9,Social Media Analytics,postgresql|mongodb|sql|hadoop|spark|data pipeline|etl,above_avg,55.9
CCS,synthetic,22,2,1,Web Development|Cloud & Distributed Systems,Full Stack Development,64.2,Design & Analysis of Algorithms,50.8,Database Management Systems,47.5,Java,46.3,Computer Networks,43.6,Full Stack E-Commerce Site,docker|raspberry pi|react|terraform|cloud,below_avg,36.0
DWM,synthetic,21,3,1,Artificial Intelligence & Machine Learning|Data Science & Analytics|Web Development,Python,92.4,Engineering Mathematics-IV,85.7,Database Management Systems,84.9,Digital Logic & Design,80.0,Automata Theory,72.4,Census Data Visualizer,data pipeline|power bi|pandas|mysql,hard_sample,66.0
CCS,synthetic,20,3,2,Cloud & Distributed Systems|Web Development|Network & Wireless Systems,Full Stack Development,74.3,Design & Analysis of Algorithms,72.4,Computer Networks,70.3,Software Engineering,70.1,Engineering Mathematics-III,62.6,Online Learning Platform,rest api|docker|ci/cd|node|aws|terraform|nginx|cloud,hard_sample,53.9
DWM,synthetic,18,3,1,Artificial Intelligence & Machine Learning|Data Science & Analytics|Web Development,Database Management Systems,61.8,Data Structures and Algorithms,49.9,Automata Theory,47.9,Engineering Mathematics-III,43.7,Design & Analysis of Algorithms,41.2,Log Analysis System,postgresql|data visualization|hadoop|analytics|spark,below_avg,38.5
CCS,synthetic,19,3,3,Web Development|Cloud & Distributed Systems|Data Science & Analytics,Computer Networks,76.4,Engineering Mathematics-IV,74.6,Database Management Systems,72.9,Operating Systems,72.6,Full Stack Development,70.1,Cloud File Storage,devops|rest api|ci/cd|fullstack|node|react|kubernetes|serverless,above_avg,62.5
ML,synthetic,21,2,4,Artificial Intelligence & Machine Learning|Data Science & Analytics,Artificial Intelligence,96.0,Engineering Mathematics-III,78.7,Cryptography & Network Security,78.0,C++,75.3,Engineering Mathematics-IV,71.7,Disease Diagnosis Tool,data science|sklearn|tensorflow|neural network|nlp|regression|deep learning|lora,above_avg,58.9
ML,synthetic,18,1,3,Data Science & Analytics,Engineering Mathematics-III,100.0,Database Management Systems,100.0,Automata Theory,100.0,Artificial Intelligence,100.0,Python,99.1,Object Detection App,keras|data science|sklearn|nlp|neural network|tensorflow|data warehouse|regression,topper,90.3
CCS,synthetic,18,1,1,Cloud & Distributed Systems,Full Stack Development,86.7,Software Engineering,56.9,Python,56.0,Operating Systems,52.0,Cryptography & Network Security,49.3,Task Management System,numpy|node|kubernetes|react|terraform|microservices|aws,average,42.3
DWM,synthetic,22,3,2,Artificial Intelligence & Machine Learning|Data Science & Analytics|Web Development,Engineering Mathematics-IV,87.7,Java,84.0,Database Management Systems,80.0,Python,77.3,C++,73.9,Market Basket Analyzer,keras|data science|tensorflow|mongodb|data warehouse|regression|sql|lora,hard_sample,62.4
WT,synthetic,20,3,3,Network & Wireless Systems|Mobile & IoT Development|Cloud & Distributed Systems,IoT,92.4,Design & Analysis of Algorithms,70.0,C++,69.7,Cryptography & Network Security,68.3,Computer Networks,67.6,BLE Beacon Tracker,data pipeline|zigbee|lora|arduino|mqtt|bluetooth|i2c|gpio,average,53.3
CCS,synthetic,19,4,3,Cloud & Distributed Systems|Web Development|Network & Wireless Systems|Artificial Intelligence & Machine Learning,Full Stack Development,84.5,Software Engineering,60.2,Computer Networks,54.6,Automata Theory,52.1,Design & Analysis of Algorithms,52.1,CI/CD Pipeline Builder,devops|docker|ci/cd|node|kubernetes|serverless|react|aws,average,43.6
WT,synthetic,19,2,4,Network & Wireless Systems|Mobile & IoT Development,IoT,91.8,Computer Networks,86.7,Design & Analysis of Algorithms,81.6,Microcontroller & Embedded Systems,77.8,Operating Systems,76.4,Wireless Sensor Network,rfid|raspberry pi|iot|sensor|arduino|mqtt|zigbee|gpio,strong,69.8
CCS,synthetic,18,2,1,Web Development|Data Science & Analytics,Engineering Mathematics-IV,100.0,Database Management Systems,100.0,Operating Systems,100.0,Computer Networks,100.0,Software Engineering,100.0,Online Learning Platform,ci/cd|docker|mongodb|terraform|microservices,topper,92.9
WT,synthetic,18,3,4,Network & Wireless Systems|Mobile & IoT Development|Web Development,Computer Networks,83.8,IoT,81.5,Engineering Mathematics-III,67.2,Data Structures and Algorithms,66.1,Digital Logic & Design,64.1,Wireless Sensor Network,rfid|embedded|zigbee|sensor|freertos|lora|mqtt|bluetooth,average,55.8
WT,synthetic,20,1,3,Mobile & IoT Development,Microcontroller & Embedded Systems,69.4,Computer Networks,65.5,Database Management Systems,58.4,Operating Systems,57.4,C++,55.9,Health Monitoring Wearable,rfid|embedded|raspberry pi|sensor|sql|freertos|arduino|bluetooth,average,49.0
CCS,synthetic,18,3,2,Web Development|Cloud & Distributed Systems|Data Science & Analytics,Software Engineering,67.6,Full Stack Development,62.2,Operating Systems,60.9,Python,59.1,Cryptography & Network Security,57.8,Kubernetes Cluster Monitor,ci/cd|fullstack|node|cloud|jenkins|nginx|azure|aws,average,51.4
WT,synthetic,22,3,2,Mobile & IoT Development|Network & Wireless Systems|Cloud & Distributed Systems,Automata Theory,58.6,IoT,50.5,Data Structures and Algorithms,49.3,Microcontroller & Embedded Systems,49.3,Engineering Mathematics-IV,44.7,Smart Home System,embedded|mongodb|arduino|mqtt|lora|jenkins|bluetooth|zigbee,below_avg,37.2
ML,synthetic,22,3,3,Artificial Intelligence & Machine Learning|Data Science & Analytics|Cloud & Distributed Systems,Engineering Mathematics-III,48.6,Artificial Intelligence,42.9,Database Management Systems,39.1,Python,36.1,Engineering Mathematics-IV,34.5,Chatbot System,keras|data science|tensorflow|nlp|neural network|sklearn|classification|pytorch,below_avg,30.9
DWM,synthetic,21,2,1,Artificial Intelligence & Machine Learning|Web Development,Database Management Systems,86.2,Engineering Mathematics-IV,84.6,C++,82.9,Artificial Intelligence,77.0,Data Structures and Algorithms,76.3,Log Analysis System,data mining|pandas|sql,hard_sample,66.3
CCS,synthetic,21,2,2,Web Development|Cloud & Distributed Systems,Full Stack Development,56.6,Operating Systems,47.7,C++,47.4,Computer Networks,45.7,Engineering Mathematics-III,44.7,REST API Service,ci/cd|fullstack|node|kubernetes|serverless|classification|aws|jenkins,struggling,30.2
WT,synthetic,18,3,4,Network & Wireless Systems|Mobile & IoT Development|Cloud & Distributed Systems,C++,76.0,Microcontroller & Embedded Systems,73.8,Computer Networks,71.8,Python,65.2,Cryptography & Network Security,63.4,Gesture Controlled Robot,rfid|embedded|zigbee|raspberry pi|iot|sensor|arduino|mqtt,average,53.3
ML,synthetic,19,3,2,Data Science & Analytics|Artificial Intelligence & Machine Learning|Mobile & IoT Development,Artificial Intelligence,57.5,Software Engineering,46.3,Engineering Mathematics-IV,45.2,Engineering Mathematics-III,42.2,Full Stack Development,42.2,Chatbot System,sklearn|tensorflow|numpy|neural network|regression|classification|pytorch|python,below_avg,33.0
DWM,synthetic,19,2,2,Data Science & Analytics|Web Development,Database Management Systems,74.9,Automata Theory,67.7,Cryptography & Network Security,66.9,IoT,63.0,Engineering Mathematics-IV,61.6,Census Data Visualizer,data warehouse|power bi|mysql|sql|data visualization|hadoop|spark|data pipeline,hard_sample,53.0
DWM,synthetic,18,3,3,Artificial Intelligence & Machine Learning|Data Science & Analytics|Web Development,Engineering Mathematics-IV,100.0,Database Management Systems,100.0,C++,100.0,Java,100.0,Cryptography & Network Security,99.5,Social Media Analytics,postgresql|tableau|mongodb|data warehouse|data visualization|hadoop|data mining|spark,topper,92.8
ML,synthetic,22,3,1,Artificial Intelligence & Machine Learning|Data Science & Analytics|Cloud & Distributed Systems,Engineering Mathematics-III,97.8,Operating Systems,85.7,Python,79.7,C++,79.2,Artificial Intelligence,78.4,Fraud Detection System,postgresql|neural network|regression|classification|numpy,hard_sample,66.9
CCS,synthetic,20,2,2,Web Development|Cloud & Distributed Systems,C++,73.8,Computer Networks,70.9,Full Stack Development,68.3,Java,64.0,Database Management Systems,62.5,Full Stack E-Commerce Site,ci/cd|nginx|node|react|serverless|jenkins|terraform|rest api,above_avg,57.6
CCS,synthetic,20,2,3,Cloud & Distributed Systems|Data Science & Analytics,Full Stack Development,97.7,Computer Networks,91.8,Engineering Mathematics-III,78.4,Design & Analysis of Algorithms,78.1,Automata Theory,77.5,Portfolio Website Builder,devops|docker|ci/cd|fullstack|nginx|node|serverless|react,above_avg,65.9
ML,synthetic,20,2,3,Data Science & Analytics|Artificial Intelligence & Machine Learning,Python,100.0,Artificial Intelligence,100.0,Database Management Systems,94.3,Software Engineering,86.2,Engineering Mathematics-IV,85.5,Sentiment Analysis Tool,keras|data science|neural network|mongodb|classification|opencv|jupyter|terraform,strong,79.6
CCS,synthetic,19,2,2,Web Development|Cloud & Distributed Systems,Engineering Mathematics-IV,40.6,Computer Networks,30.8,Full Stack Development,21.7,Database Management Systems,20.0,Artificial Intelligence,15.9,Blog Platform with CMS,devops|fullstack|react|terraform|rest api|cloud,failing,7.5
DWM,synthetic,22,3,3,Artificial Intelligence & Machine Learning|Data Science & Analytics|Web Development,Python,80.5,Database Management Systems,80.0,Artificial Intelligence,74.9,Automata Theory,70.2,Cryptography & Network Security,68.9,Survey Data Analyzer,postgresql|tableau|mongodb|mysql|data visualization|hadoop|analytics|etl,above_avg,65.9
DWM,synthetic,19,1,1,Artificial Intelligence & Machine Learning,Database Management Systems,73.1,C++,66.9,Software Engineering,65.7,Digital Logic & Design,64.9,Data Structures and Algorithms,62.4,Census Data Visualizer,etl|hadoop|pandas|sql,average,51.8
DWM,synthetic,20,2,4,Artificial Intelligence & Machine Learning|Data Science & Analytics,Data Structures and Algorithms,84.2,Automata Theory,80.0,Database Management Systems,78.7,Software Engineering,73.2,Design & Analysis of Algorithms,71.7,Business Intelligence Portal,rest api|postgresql|raspberry pi|tableau|mongodb|power bi|data warehouse|data visualization,strong,68.6
DWM,synthetic,20,2,4,Data Science & Analytics|Artificial Intelligence & Machine Learning,Engineering Mathematics-IV,93.6,Database Management Systems,90.6,Design & Analysis of Algorithms,88.5,Python,84.3,Cryptography & Network Security,81.3,Academic Performance Dashboard,postgresql|tableau|mongodb|power bi|mysql|sql|data mining|spark,strong,79.9
ML,synthetic,22,2,3,Artificial Intelligence & Machine Learning|Cloud & Distributed Systems,Engineering Mathematics-III,100.0,Artificial Intelligence,100.0,Python,96.6,Engineering Mathematics-IV,89.2,Cryptography & Network Security,85.6,Object Detection App,keras|data science|tensorflow|nlp|sensor|pytorch|classification|opencv,topper,79.4
WT,synthetic,20,2,1,Mobile & IoT Development|Network & Wireless Systems,Microcontroller & Embedded Systems,71.9,IoT,69.4,C++,65.0,Cryptography & Network Security,64.0,Design & Analysis of Algorithms,59.2,Remote Water Quality Monitor,rfid|iot|sensor|microcontroller|wireless,average,46.4
DWM,synthetic,21,2,1,Artificial Intelligence & Machine Learning|Data Science & Analytics,Artificial Intelligence,59.6,Data Structures and Algorithms,59.3,Database Management Systems,54.4,Automata Theory,51.6,Operating Systems,49.1,Crime Data Analysis,data warehouse|power bi|data visualization|data mining|analytics,hard_sample,43.7
WT,synthetic,20,1,1,Network & Wireless Systems,IoT,80.7,Data Structures and Algorithms,73.0,C++,57.8,Software Engineering,56.6,Microcontroller & Embedded Systems,55.7,Smart Parking System,rfid|raspberry pi|iot|freertos|arduino|lora|terraform|gpio,average,50.5
DWM,synthetic,21,3,2,Artificial Intelligence & Machine Learning|Data Science & Analytics|Web Development,Database Management Systems,90.7,Engineering Mathematics-IV,82.8,Java,82.1,Digital Logic & Design,78.1,Data Structures and Algorithms,77.3,Crime Data Analysis,mongodb|power bi|data warehouse|sql|analytics|spark|data pipeline|pandas,strong,71.1
CCS,synthetic,22,1,2,Web Development,Full Stack Development,100.0,Software Engineering,96.5,Database Management Systems,92.1,Computer Networks,89.1,Digital Logic & Design,87.0,Real-Time Chat Application,ci/cd|docker|nginx|react|kubernetes|pytorch|rest api|deep learning,strong,76.0
WT,synthetic,19,3,2,Mobile & IoT Development|Network & Wireless Systems|Cloud & Distributed Systems,IoT,89.0,Digital Logic & Design,73.8,Microcontroller & Embedded Systems,65.6,Design & Analysis of Algorithms,61.7,Cryptography & Network Security,61.2,Gesture Controlled Robot,rfid|embedded|zigbee|raspberry pi|sklearn|mqtt|bluetooth|i2c,average,54.2
ML,synthetic,22,2,1,Data Science & Analytics|Artificial Intelligence & Machine Learning,Engineering Mathematics-III,75.1,Java,69.8,Design & Analysis of Algorithms,65.9,Operating Systems,62.8,Database Management Systems,62.3,Speech Recognition,sklearn|tensorflow|pytorch|wireless|deep learning|pandas,above_avg,56.0
DWM,synthetic,20,2,1,Artificial Intelligence & Machine Learning|Web Development,Database Management Systems,79.8,Engineering Mathematics-IV,69.0,Software Engineering,62.1,Data Structures and Algorithms,61.7,Digital Logic & Design,60.3,Business Intelligence Portal,data visualization|tableau|power bi|spark,average,56.1
WT,synthetic,21,2,2,Mobile & IoT Development|Network & Wireless Systems,Computer Networks,65.7,Digital Logic & Design,64.9,C++,64.4,IoT,64.2,Cryptography & Network Security,61.3,GPS Tracker,rfid|raspberry pi|freertos|arduino|lora|esp32|bluetooth|microcontroller,improving,51.2
CCS,synthetic,20,3,2,Web Development|Cloud & Distributed Systems|Data Science & Analytics,Full Stack Development,100.0,Database Management Systems,91.1,Python,83.9,Computer Networks,80.4,Software Engineering,78.6,Online Learning Platform,ci/cd|nginx|fullstack|react|serverless|data visualization|terraform|rest api,strong,70.1
ML,synthetic,21,1,4,Artificial Intelligence & Machine Learning,Artificial Intelligence,88.0,Python,76.6,Database Management Systems,66.7,Engineering Mathematics-III,64.3,Cryptography & Network Security,61.4,Handwriting Recognizer,rest api|rfid|keras|data science|tensorflow|nlp|regression|pytorch,above_avg,55.7
CCS,synthetic,20,2,4,Web Development|Cloud & Distributed Systems,Software Engineering,78.5,Full Stack Development,78.4,Java,77.5,Cryptography & Network Security,72.6,Engineering Mathematics-IV,70.2,Cloud Deployment Platform,ci/cd|docker|node|react|serverless|kubernetes|azure|cloud,strong,65.5
ML,synthetic,20,2,2,Data Science & Analytics|Artificial Intelligence & Machine Learning,Python,71.2,Software Engineering,57.8,Artificial Intelligence,56.9,Engineering Mathematics-III,53.8,Design & Analysis of Algorithms,48.5,Price Predictor,sklearn|tensorflow|nlp|regression|classification|opencv|pytorch|numpy,below_avg,40.6
CCS,synthetic,18,1,1,Web Development,Full Stack Development,78.4,Software Engineering,68.0,Java,66.9,C++,62.5,Python,60.1,Online Learning Platform,fullstack|cloud|analytics|nginx|aws,average,54.9
CCS,synthetic,20,3,2,Web Development|Cloud & Distributed Systems|Data Science & Analytics,Database Management Systems,93.7,Software Engineering,83.4,Data Structures and Algorithms,83.1,Java,76.5,Cryptography & Network Security,75.2,Real-Time Chat Application,devops|docker|ci/cd|fullstack|react|terraform|computer vision|azure,strong,69.3
DWM,synthetic,18,3,2,Artificial Intelligence & Machine Learning|Data Science & Analytics|Web Development,Artificial Intelligence,67.0,Database Management Systems,58.5,Operating Systems,57.3,Python,54.0,Cryptography & Network Security,53.0,ETL Automation Tool,tableau|mongodb|data warehouse|sql|data visualization|terraform|hadoop|analytics,average,49.9
ML,synthetic,21,3,3,Artificial Intelligence & Machine Learning|Web Development|Network & Wireless Systems,Python,92.4,Artificial Intelligence,88.1,Engineering Mathematics-IV,85.8,Database Management Systems,83.3,Data Structures and Algorithms,82.2,Disease Diagnosis Tool,sklearn|tensorflow|nlp|neural network|pytorch|opencv|data visualization|python,strong,73.4
WT,synthetic,19,2,3,Mobile & IoT Development|Network & Wireless Systems,Operating Systems,59.2,Microcontroller & Embedded Systems,58.5,Computer Networks,57.6,Software Engineering,56.7,C++,56.2,Wireless Sensor Network,rfid|postgresql|tensorflow|zigbee|iot|sensor|arduino|lora,average,47.2
ML,synthetic,22,2,4,Artificial Intelligence & Machine Learning|Data Science & Analytics,Engineering Mathematics-III,89.2,Python,85.0,Artificial Intelligence,78.7,Cryptography & Network Security,78.3,Engineering Mathematics-IV,76.8,Music Genre Classifier,sklearn|nlp|classification|mqtt|pytorch|python|opencv|jupyter,strong,72.7
DWM,synthetic,22,2,3,Artificial Intelligence & Machine Learning|Web Development,Design & Analysis of Algorithms,39.6,Python,37.9,Microcontroller & Embedded Systems,31.4,Database Management Systems,28.1,IoT,28.0,Financial Data Mining Tool,postgresql|tableau|data warehouse|power bi|mongodb|sql|mysql|data visualization,struggling,25.2
CCS,synthetic,18,4,3,Cloud & Distributed Systems|Web Development|Data Science & Analytics|Artificial Intelligence & Machine Learning,C++,96.7,Full Stack Development,91.0,Java,88.9,Software Engineering,87.4,Design & Analysis of Algorithms,87.2,Kubernetes Cluster Monitor,devops|rest api|docker|ci/cd|fullstack|node|serverless|react,topper,80.5
WT,synthetic,19,2,3,Mobile & IoT Development|Cloud & Distributed Systems,Computer Networks,92.6,Microcontroller & Embedded Systems,92.4,Digital Logic & Design,91.6,Design & Analysis of Algorithms,88.0,IoT,87.0,Smart Parking System,rfid|embedded|zigbee|sensor|deep learning|lora|arduino|opencv,strong,78.2
ML,synthetic,21,3,4,Artificial Intelligence & Machine Learning|Data Science & Analytics|Web Development,Automata Theory,85.6,Artificial Intelligence,82.5,Engineering Mathematics-III,78.2,Data Structures and Algorithms,75.3,Python,72.3,Language Translator,sklearn|data science|nlp|postgresql|tensorflow|neural network|regression|serverless,above_avg,63.9
DWM,synthetic,22,2,4,Data Science & Analytics|Artificial Intelligence & Machine Learning,Java,48.8,Cryptography & Network Security,45.7,Digital Logic & Design,44.9,Engineering Mathematics-III,44.5,Operating Systems,40.7,Business Intelligence Portal,postgresql|tableau|data warehouse|mongodb|power bi|sql|mysql|hadoop,struggling,29.6
DWM,synthetic,19,3,3,Data Science & Analytics|Artificial Intelligence & Machine Learning|Web Development,Database Management Systems,74.7,Software Engineering,57.4,Artificial Intelligence,56.6,Design & Analysis of Algorithms,55.6,Engineering Mathematics-IV,50.7,Sales Dashboard,postgresql|data warehouse|power bi|mongodb|mysql|data visualization|hadoop|data mining,below_avg,41.0
CCS,synthetic,21,2,4,Web Development|Cloud & Distributed Systems,Full Stack Development,93.2,Database Management Systems,77.9,Software Engineering,74.8,Engineering Mathematics-IV,72.4,Operating Systems,71.5,Real-Time Chat Application,devops|rest api|ci/cd|docker|fullstack|react|serverless|terraform,improving,63.1
CCS,synthetic,21,3,1,Cloud & Distributed Systems|Web Development|Data Science & Analytics,Software Engineering,88.7,Full Stack Development,84.9,Python,81.2,Database Management Systems,79.9,Computer Networks,77.6,CI/CD Pipeline Builder,ci/cd|fullstack|react|jenkins|rest api,strong,72.2
ML,synthetic,21,1,4,Artificial Intelligence & Machine Learning,Artificial Intelligence,56.2,Digital Logic & Design,53.1,Cryptography & Network Security,49.4,Engineering Mathematics-IV,46.7,Design & Analysis of Algorithms,46.7,Text Summarizer,data science|sklearn|tensorflow|neural network|raspberry pi|regression|pytorch|classification,below_avg,41.4
DWM,synthetic,19,3,2,Artificial Intelligence & Machine Learning|Data Science & Analytics|Mobile & IoT Development,Database Management Systems,89.9,Python,81.3,Java,74.0,Data Structures and Algorithms,73.1,Digital Logic & Design,71.6,Sales Dashboard,postgresql|spark|tableau|mongodb|power bi|sql|mysql|data visualization,strong,65.2
CCS,synthetic,18,2,2,Web Development|Network & Wireless Systems,Computer Networks,80.9,Software Engineering,75.5,Full Stack Development,72.7,Engineering Mathematics-IV,70.4,Design & Analysis of Algorithms,67.2,REST API Service,docker|tableau|serverless|terraform|microservices|nginx|azure|aws,hard_sample,54.9
DWM,synthetic,22,2,3,Artificial Intelligence & Machine Learning|Web Development,Database Management Systems,87.8,Python,83.3,Data Structures and Algorithms,79.8,Cryptography & Network Security,78.7,Engineering Mathematics-IV,78.5,Log Analysis System,postgresql|tableau|data warehouse|mongodb|mysql|sql|data visualization|hadoop,strong,75.4
CCS,synthetic,20,2,1,Cloud & Distributed Systems|Data Science & Analytics,Operating Systems,96.9,Full Stack Development,93.8,Java,85.1,Cryptography & Network Security,80.9,Computer Networks,79.4,Service Mesh Dashboard,devops|fullstack|react|terraform|rest api|cloud,strong,77.1
WT,synthetic,19,2,1,Mobile & IoT Development|Network & Wireless Systems,Operating Systems,75.8,Computer Networks,59.0,Automata Theory,58.0,IoT,54.6,Data Structures and Algorithms,54.2,Weather Station,i2c|sensor|iot,average,48.2
ML,synthetic,20,3,1,Artificial Intelligence & Machine Learning|Data Science & Analytics|Cloud & Distributed Systems,Engineering Mathematics-III,83.5,Artificial Intelligence,79.9,Python,73.7,Data Structures and Algorithms,68.0,Cryptography & Network Security,65.3,Handwriting Recognizer,sklearn|mysql|pytorch|opencv|pandas,above_avg,59.9
CCS,synthetic,21,2,2,Cloud & Distributed Systems|Web Development,Python,80.8,Full Stack Development,78.9,Artificial Intelligence,75.7,Database Management Systems,73.1,Computer Networks,72.4,Online Learning Platform,devops|node|kubernetes|react|serverless|nginx|azure,improving,64.3
ML,synthetic,19,3,2,Artificial Intelligence & Machine Learning|Data Science & Analytics|Cloud & Distributed Systems,Database Management Systems,88.4,Engineering Mathematics-III,80.8,Automata Theory,80.7,Engineering Mathematics-IV,80.6,Data Structures and Algorithms,76.7,NLP Pipeline,rfid|embedded|nlp|neural network|regression|serverless|sensor|pytorch,hard_sample,68.9
WT,synthetic,19,4,1,Network & Wireless Systems|Mobile & IoT Development|Cloud & Distributed Systems|Artificial Intelligence & Machine Learning,IoT,89.9,Cryptography & Network Security,84.3,Digital Logic & Design,81.8,C++,81.1,Operating Systems,78.9,RFID Attendance System,zigbee|sensor|raspberry pi,strong,67.8
CCS,synthetic,22,3,2,Web Development|Cloud & Distributed Systems|Network & Wireless Systems,Computer Networks,50.3,Python,41.9,Engineering Mathematics-IV,38.0,C++,34.2,Full Stack Development,34.0,Task Management System,devops|rest api|ci/cd|docker|tensorflow|node|react|kubernetes,struggling,24.8
WT,synthetic,18,2,1,Mobile & IoT Development|Network & Wireless Systems,Computer Networks,66.2,Microcontroller & Embedded Systems,52.5,Software Engineering,41.5,Digital Logic & Design,34.7,IoT,34.5,Wireless Sensor Network,bluetooth|mqtt|iot,struggling,30.4
ML,synthetic,19,3,3,Artificial Intelligence & Machine Learning|Data Science & Analytics|Mobile & IoT Development,C++,96.3,Software Engineering,90.9,Engineering Mathematics-IV,89.6,Artificial Intelligence,86.8,Automata Theory,80.4,Stock Predictor,keras|sklearn|data science|fullstack|tensorflow|numpy|opencv|esp32,strong,73.0
CCS,synthetic,21,3,1,Web Development|Cloud & Distributed Systems|Data Science & Analytics,Full Stack Development,83.8,Operating Systems,67.4,Digital Logic & Design,62.2,Python,61.3,Data Structures and Algorithms,60.5,Online Learning Platform,react|ci/cd|serverless,average,51.8
ML,synthetic,21,2,3,Data Science & Analytics|Cloud & Distributed Systems,Artificial Intelligence,78.1,Python,65.8,Operating Systems,57.5,Engineering Mathematics-III,56.2,Data Structures and Algorithms,52.8,Sentiment Analysis Tool,computer vision|data science|numpy|keras|machine learning|matplotlib,average,43.6
CCS,synthetic,18,2,2,Cloud & Distributed Systems|Data Science & Analytics,Operating Systems,70.5,Full Stack Development,66.3,Cryptography & Network Security,63.2,Automata Theory,62.6,Engineering Mathematics-IV,59.8,Multi-tenant SaaS App,ci/cd|fullstack|node|react|kubernetes|aws|terraform|microservices,average,52.6
WT,synthetic,20,3,4,Mobile & IoT Development|Network & Wireless Systems|Cloud & Distributed Systems,Automata Theory,43.5,C++,39.9,Operating Systems,39.6,Microcontroller & Embedded Systems,37.2,Computer Networks,35.4,GPS Tracker,rfid|embedded|raspberry pi|iot|freertos|arduino|mqtt|matplotlib,struggling,26.5
ML,synthetic,22,3,1,Data Science & Analytics|Artificial Intelligence & Machine Learning|Cloud & Distributed Systems,Engineering Mathematics-IV,81.8,Engineering Mathematics-III,77.7,Python,77.0,Artificial Intelligence,76.2,Data Structures and Algorithms,71.5,Object Detection App,neural network|regression|classification|opencv|spark|keras|deep learning|matplotlib,strong,65.8
CCS,synthetic,20,1,1,Web Development,Data Structures and Algorithms,57.5,Software Engineering,54.9,Operating Systems,53.2,Database Management Systems,51.1,Cryptography & Network Security,50.0,Cloud Deployment Platform,rest api|ci/cd|azure|aws,average,43.1
CCS,synthetic,18,3,1,Web Development|Cloud & Distributed Systems|Network & Wireless Systems,Full Stack Development,100.0,Software Engineering,98.4,Cryptography & Network Security,87.6,Java,87.5,C++,84.5,Multi-tenant SaaS App,ci/cd|node|jenkins|microservices|nginx|azure|cloud,strong,78.7
DWM,synthetic,18,4,3,Artificial Intelligence & Machine Learning|Data Science & Analytics|Network & Wireless Systems|Web Development,Database Management Systems,71.9,Java,61.1,C++,58.3,Design & Analysis of Algorithms,56.8,Engineering Mathematics-IV,51.9,Academic Performance Dashboard,devops|embedded|postgresql|data warehouse|mongodb|node|sql|azure,hard_sample,42.6
DWM,synthetic,20,2,1,Data Science & Analytics|Web Development,Database Management Systems,64.4,Engineering Mathematics-III,60.4,Java,49.3,Engineering Mathematics-IV,48.9,Automata Theory,48.3,Log Analysis System,postgresql|mysql|analytics|data pipeline|etl|deep learning|pandas,average,45.0
